ISIN,WKN,MarketingName,EDVKuerzel,PRIMARY_RIC,LupoxGruppe,KVNR,ListingXSTU,PROFILNAME,ListingTradeRebel
AN8068571086,853390,Schlumberger Ltd. (SLB),SCL,SLB,AL,6166,1,Z_USA_Liq2_TG,1
ARP125991090,892998,Banco BBVA Argentina S.A.,BDPA,FRA,AL,6166,1,Z_noMM,0
AT000000ETS9,A3EVYK,EuroTeleSites AG,7YF,7YF,AM,6166,1,Z_EU_Liq2_TG,1
AT000000STR1,A0M23V,Strabag SE,XD4,STRV,AM,6166,1,Z_EU_Liq1_DETG,1
AT00000AMAG3,A1JFYU,Amag Austria Metall AG,AM8,AM8,AM,6166,1,Z_EU_Liq3_noDETG,0
AT00000FACC2,A1147K,Facc AG,1FC,1FC,AM,6166,1,Z_EU_Liq2_TG,0
AT00000VIE62,A2AMK9,Flughafen Wien AG,FLW1,FLW1,AM,6166,1,Z_EU_Liq2_TG,0
AT0000606306,A0D9SU,Raiffeisen Bank International AG,RAW,RBIV,AM,6166,1,Z_EU_Liq1_DETG,1
AT0000609607,850185,Porr AG,ABS2,ABGV,AM,6166,1,Z_EU_Liq1_DETG,1
AT0000616701,A0F5L6,Athos Immobilien AG,IJM,ATHO,AM,6166,1,Z_EU_Liq3_noDETG,0
AT0000624705,853022,BKS Bank AG,BK5,KAER,AM,6166,1,Z_noMM,0
AT0000625108,854018,Oberbank AG,OBK,OBER,AM,6166,1,Z_EU_Liq3_noDETG,0
AT0000625504,854019,Bank für Tirol und Vorarlberg AG,ZTY,TIRA,AM,6166,1,Z_EU_Liq3_noDETG,0
AT0000640552,879095,Burgenland Holding AG,BH4,BHAV,AM,6166,1,Z_noMM,0
AT0000641352,876520,CA Immobilien Anlagen AG,BZY,CAIV,AM,6166,1,Z_EU_Liq2_TG,0
AT0000644505,852927,Lenzing AG,LEN,LENV,AM,6166,1,Z_EU_Liq2_TG,1
AT0000652011,909943,Erste Group Bank AG,EBO,ERST,AM,6166,1,Z_EU_Liq1_DETG,1
AT0000720008,588811,Telekom Austria AG,TA1,TELA,AM,6166,1,Z_EU_Liq2_TG,1
AT0000730007,632305,Andritz AG,AZ2,ANDR,AM,6166,1,Z_EU_Liq1_DETG,1
AT0000741053,878279,EVN AG,EVN,EVNV,AM,6166,1,Z_EU_Liq2_TG,1
AT0000743059,874341,OMV AG,OMV,OMVV,AM,6166,1,Z_EU_Liq1_DETG,1
AT0000746409,877738,Verbund AG,OEWA,VERB,AM,6166,1,Z_EU_Liq1_DETG,1
AT0000758305,919964,Palfinger AG,PFI,PALF,AM,6166,1,Z_EU_Liq2_TG,0
AT0000785407,922985,Fabasoft AG,FAA,FAAS,AM,6166,1,Z_EU_Liq1_DETG,1
AT0000785555,870378,Semperit AG Holding,SEW,SMPV,AM,6166,1,Z_EU_Liq2_TG,1
AT0000808209,910497,SW Umwelttechnik Stoiser & Wolschner AG,SWU,SWUT,AM,6166,1,Z_noMM,0
AT0000815402,852735,UBM Development AG,2U2,2U2,AM,6166,1,Z_EU_Liq2_TG,0
AT0000818802,915210,DO & CO AG,DOQ,DOCO,AM,6166,1,Z_EU_Liq2_TG,1
AT0000821103,928900,Uniqa,UN9,UNIQ,AM,6166,1,Z_EU_Liq1_DETG,1
AT0000824206,919214,AB Effectenbeteiligungen AG,JPH,ABEV,AM,6166,1,Z_noMM,0
AT0000831706,852894,Wienerberger AG,WIB,WBSV,AM,6166,1,Z_EU_Liq1_DETG,1
AT0000834007,893975,Wolford AG,WOF,WLFD,AM,6166,1,Z_EU_Liq3_noDETG,0
AT0000837307,A0JLPR,Zumtobel Group AG,T9Z,ZUMV,AM,6166,1,Z_EU_Liq2_TG,1
AT0000908504,A0ET17,Vienna Insurance Group AG,WSV2,VIGR,AM,6166,1,Z_EU_Liq2_TG,1
AT0000922554,892502,Rosenbauer International AG,ROI,RBAV,AM,6166,1,Z_EU_Liq2_TG,1
AT0000937503,897200,voestalpine AG,VAS,VOES,AM,6166,1,Z_EU_Liq1_DETG,1
AT0000938204,890447,Mayr-Melnhof Karton AG,MYM,MMKV,AM,6166,1,Z_EU_Liq2_TG,1
AT0000946652,907391,SBO AG,SLL,SBOE,AM,6166,1,Z_EU_Liq1_DETG,1
AT0000969985,922230,AT & S Austria Technologie & Systemtechnik AG,AUS,ATSV,AM,6166,1,Z_EU_Liq2_TG,1
AT0000A00XX9,A0JL31,Polytec Holding AG,P4N,POLV,AM,6166,1,Z_EU_Liq2_TG,1
AT0000A0E9W5,A0X9EJ,Kontron AG,KTN,SANT1,GD,6183,1,A_TecDAX,1
AT0000A21KS2,A2JN9W,CPI Europe AG,IMO1,IMO1,AM,6166,1,Z_EU_Liq2_TG,1
AT0000A25NJ6,A2PBHR,Wolftank-Adisa Holding AG,WAH,WAH,AM,6166,1,Z_EU_Liq3_noDETG,0
AT0000A325L0,A3D5BK,Austriacard Holdings AG,ACQ0,ACQ0,AM,6166,1,Z_EU_Liq3_noDETG,0
AT0000A34DM3,A3EGG4,EPH Group AG,GEPH,GEPH,AM,6166,1,Z_noMM,0
AT0000A3EPA4,A40QVT,ams-OSRAM AG,DQW,DQW,AM,6166,1,Z_EU_Liq2_TG,1
AT0000A3FW25,A40TC4,Steyr Motors AG,4X0,4X0,AM,6166,1,Z_EU_Liq1_DETG,1
AT0000APOST4,A0JML5,Österreichische Post AG,O3P,POST,AM,6166,1,Z_EU_Liq1_DETG,1
AT0000BAWAG2,A2DYJN,BAWAG Group AG,0B2,0B2,AM,6166,1,Z_EU_Liq1_DETG,1
AT0000KTMI02,A2JKHY,Pierer Mobility AG,PKTM,PKTM,AM,6166,1,Z_EU_Liq2_TG,1
AT000ADDIKO0,A2PMK5,Addiko Bank AG,ZYE1,ZYE1,AM,6166,1,Z_EU_Liq1_DETG,0
AT000AGRANA3,A2NB37,AGRANA Beteiligungs-AG,AGB2,AGB2,AM,6166,1,Z_EU_Liq2_TG,1
AT000KAPSCH9,A0MUZU,Kapsch TrafficCom AG,BZ6,KTCG,AM,6166,1,Z_EU_Liq2_TG,0
ATFREQUENT09,A2PHG5,Frequentis AG,FQT,FQT,AM,6166,1,Z_EU_Liq1_DETG,1
ATMARINOMED6,A2N9MM,Marinomed Biotech AG,93Z,93Z,AM,6166,1,Z_EU_Liq3_noDETG,0
AU0000001661,A2JETG,Raiden Resources Ltd.,YM4,YM4,AF,6166,1,Z_ASIA_Liq2_TG,0
AU0000003816,A2PDU9,Clearvue Technologies Ltd.,CKJ,CKJ,AF,6166,1,Z_ASIA_Liq2_TG,0
AU0000003PL9,A119T1,3P Learning Ltd.,73P,73P,AG,6166,1,Z_ASIA_Liq3_noDETG,0
AU0000005159,A2JJ6E,Jupiter Mines Ltd.,LGU,LGU,AF,6166,1,Z_ASIA_Liq2_TG,0
AU0000006124,A2JHF9,Acrow Ltd.,59Y,59Y,AG,6166,1,Z_ASIA_Liq3_noDETG,0
AU0000007627,A2JH72,Infinity Lithium Corp.,3PM,3PM,AF,6166,1,Z_ASIA_Liq2_TG,0
AU00000088E2,A14PRT,'88 Energy Ltd.,POQ,POQ,AG,6166,1,Z_ASIA_Liq3_noDETG,0
AU000000AAC9,763858,Australian Agricultural Co. Ltd.,AY5,AGRA,AF,6166,1,Z_ASIA_Liq2_TG,0
AU000000ADX9,875366,ADX Energy Ltd.,GHU,ADX,AF,6166,1,Z_ASIA_Liq2_TG,0
AU000000ADY7,A0B9TU,Admiralty Resources N.L.,AHS,ADYA,AG,6166,0,Z_ASIA_Liq3_noDETG,0
AU000000AEE7,A0JMMZ,Aura Energy Ltd.,VU1,VU1,AF,6166,1,Z_ASIA_Liq2_TG,0
AU000000AGL7,A12FQM,AGL Energy Ltd.,N9Z1,N9Z1,AF,6166,1,Z_ASIA_Liq2_TG,1
AU000000AGR4,A1C58J,Aguia Resources Ltd.,5N91,NMN,AG,6166,1,Z_ASIA_Liq3_noDETG,0
AU000000AGY0,215419,Argosy Minerals Ltd.,AM1,AM1G,AF,6166,1,Z_ASIA_Liq2_TG,1
AU000000AJX6,A1CTT8,Alexium International Group Ltd.,E7T,AJX,AG,6166,1,Z_ASIA_Liq3_noDETG,0
AU000000ALK9,863617,Alkane Resources Ltd.,AK7,ALKA,AF,6166,1,Z_ASIA_Liq2_TG,0
AU000000ALL7,901652,Aristocrat Leisure Ltd.,AC8,ALLT,AF,6166,1,Z_ASIA_Liq2_TG,0
AU000000ALQ6,A1J2YC,ALS Ltd.,CP4,CP4,AF,6166,1,Z_ASIA_Liq2_TG,0
AU000000ALY0,A0M162,Alchemy Resources Ltd.,45A,ALYA,AG,6166,1,Z_ASIA_Liq3_noDETG,0
AU000000AMI1,A115FX,Aurelia Metals Ltd.,YTR,YTC,AF,6166,1,Z_ASIA_Liq2_TG,0
AU000000AMP6,914928,AMP Ltd.,AMP,AMP,AF,6166,1,Z_ASIA_Liq2_TG,0
AU000000ANN9,552832,Ansell Ltd.,PD1A,PDPDA,AE,6166,1,Z_ASIA_Liq2_TG,0
AU000000ANZ3,A3D4V6,ANZ Group Holdings Ltd,X5Z1,X5Z1,AE,6166,1,Z_ASIA_Liq2_TG,0
AU000000AON7,A0M5PT,Apollo Minerals Ltd.,4AP,AON,AF,6166,1,Z_ASIA_Liq2_TG,0
AU000000APA1,577578,APA Group,PJZ,PJZ,AF,6166,1,Z_ASIA_Liq2_TG,0
AU000000APX3,A12HVN,Appen Ltd.,433,433,AF,6166,1,Z_ASIA_Liq2_TG,0
AU000000ARU5,787896,Arafura Resources Ltd.,REB,REBG,AF,6166,1,Z_ASIA_Liq2_TG,1
AU000000ARV3,A0MK5T,Artemis Resources Ltd.,ATY,ATY,AF,6166,1,Z_ASIA_Liq2_TG,0
AU000000ASB3,918412,Austal Ltd.,LX6,ASB,AG,6166,1,Z_ASIA_Liq3_noDETG,0
AU000000ASN8,A2AC6W,Anson Resources Ltd.,9MY,9MY,AF,6166,1,Z_ASIA_Liq2_TG,0
AU000000ASP3,A0NGFS,Aspermont Ltd.,00W,00W,AG,6166,1,Z_ASIA_Liq3_noDETG,0
AU000000ASX7,916902,ASX Ltd.,AUX,ASX,AF,6166,1,Z_ASIA_Liq2_TG,0
AU000000ATC9,A12E90,Altech Batteries Ltd.,A3Y,A3Y,AF,6166,1,Z_ASIA_Liq2_TG,0
AU000000AUB9,A0HGQB,AUB GROUP LTD.,A5H,AUB,AG,6166,1,Z_ASIA_Liq3_noDETG,0
AU000000AUC7,A0YE9R,Ausgold Ltd.,AU4,AUC,AF,6166,1,Z_ASIA_Liq2_TG,0
AU000000AVG6,A0ND5K,Australian Vintage Ltd.,MGE,AVGX,AG,6166,1,Z_ASIA_Liq3_noDETG,0
AU000000AVH4,A2P8DT,Avita Therapeutics Inc. (ADRs),51KB,51KB,AZ,6166,1,Z_USA_Liq3_noDETG,0
AU000000AVL6,A2ABRH,Australian Vanadium Ltd.,JT71,JT71,AF,6166,1,Z_ASIA_Liq2_TG,1
AU000000AXE7,A0MWX3,Archer Exploration Ltd.,38A,38A,AF,6166,1,Z_ASIA_Liq2_TG,0
AU000000AZJ1,A1J9LC,Aurizon Holdings Ltd.,QRL,QRL,AF,6166,1,Z_ASIA_Liq2_TG,0
AU000000BCB5,A2DXRL,Bowen Coking Coal Ltd.,6NG,6NG,AG,6166,0,Z_ASIA_Liq3_noDETG,0
AU000000BCI0,A0LE2R,BCI Minerals Ltd.,BC3,BCI,AG,6166,1,Z_ASIA_Liq3_noDETG,0
AU000000BEN6,919400,Bendigo & Adelaide Bank Ltd.,BDJ,BDJ,AF,6166,1,Z_ASIA_Liq2_TG,0
AU000000BGA8,A1JJ7U,Bega Cheese Ltd.,B6G,B6G,AG,6166,1,Z_ASIA_Liq3_noDETG,0
AU000000BHP4,850524,BHP Group Ltd.,BHP1,BHP1,AE,6166,1,Z_ASIA_Liq2_TG,1
AU000000BKY0,911733,Berkeley Energia Ltd.,B5R,BKY,AF,6166,1,Z_ASIA_Liq2_TG,1
AU000000BMN9,A0EAC6,Bannerman Resources Ltd.,BH6,BH6,AF,6166,1,Z_ASIA_Liq2_TG,0
AU000000BNR8,A0YGXR,Bulletin Resources Ltd.,7BR,7BR,AF,6166,1,Z_ASIA_Liq2_TG,1
AU000000BOQ8,338128,Bank of Queensland Ltd.,BXZ,BOQ,AF,6166,1,Z_ASIA_Liq2_TG,0
AU000000BPT9,859699,Beach Energy Ltd.,BPS,BPT,AF,6166,1,Z_ASIA_Liq2_TG,0
AU000000BRG2,A0RC7E,Breville Group Ltd.,HDE,HDE,AF,6166,1,Z_ASIA_Liq2_TG,0
AU000000BRK4,A14VRS,Brookside Energy Ltd.,8F3,8F3,AF,6166,1,Z_ASIA_Liq2_TG,0
AU000000BRN8,A14Z7W,BrainChip Holdings Ltd.,24Y,24Y,AF,6166,1,Z_ASIA_Liq2_TG,1
AU000000BSL0,633434,Bluescope Steel Ltd.,BH5,BSLS,AF,6166,1,Z_ASIA_Liq2_TG,0
AU000000BSX5,A2DGXT,Blackstone Minerals Ltd.,B9S,B9S,AG,6166,1,Z_ASIA_Liq3_noDETG,0
AU000000BTG8,A2JA0M,Beroni Group Ltd.,6B9,6B9,AG,6166,0,Z_noMM,0
AU000000BUX1,A0MYJD,Buxton Resources Ltd.,3B4,BUX,AG,6166,1,Z_ASIA_Liq3_noDETG,0
AU000000BVS9,A2DGXJ,Bravura Solutions Ltd.,BRA,BRAG,AF,6166,1,Z_ASIA_Liq3_noDETG,0
AU000000BXB1,A0LA6D,Brambles Ltd.,R1H,BXB,AE,6166,1,Z_ASIA_Liq2_TG,0
AU000000BXN6,A1JWM6,Bioxyne Ltd.,PR8,PR8,AG,6166,1,Z_ASIA_Liq3_noDETG,0
AU000000CAN2,A2DSUQ,Cann Group Ltd.,CVJ,CVJ,AG,6166,1,Z_ASIA_Liq3_noDETG,0
AU000000CAR3,A14PN8,Carsales.com Ltd.,WN6,WN6,AF,6166,1,Z_ASIA_Liq2_TG,0
AU000000CAV5,A0MJ31,Carnavale Resources Ltd.,YBB,YBB,AT,6166,0,Z_USA_Liq3_noDETG,0
AU000000CBA7,882695,Commonwealth Bank of Australia,CWW,CBAX,AE,6166,1,Z_ASIA_Liq2_TG,1
AU000000CCE7,A2DJFY,Carnegie Clean Energy Ltd.,CNM1,CARMI,AF,6166,1,Z_ASIA_Liq2_TG,0
AU000000CCP3,A0D99X,Credit Corp. Group Ltd.,2RC,2RC,AG,6166,1,Z_ASIA_Liq3_noDETG,0
AU000000CDA3,A0DJ8C,Codan Ltd.,UL4,UL4,AG,6166,1,Z_ASIA_Liq3_noDETG,0
AU000000CDP1,577632,Carindale Property Trust,C3V,C3Vu,AG,6166,1,Z_noMM,0
AU000000CHN7,A0JDKP,Chalice Gold Mines Ltd.,C8U,C8U,AF,6166,1,Z_ASIA_Liq2_TG,0
AU000000CIA2,A111EF,Champion Iron Ltd.,MMPI,MMPI,AF,6166,1,Z_ASIA_Liq2_TG,0
AU000000CKF7,A1JCYL,Collins Foods Ltd.,6CF,6CF,AF,6166,1,Z_ASIA_Liq2_TG,0
AU000000CLA6,A1J56G,Celsius Resources Ltd.,FX8,FX8,AG,6166,1,Z_ASIA_Liq3_noDETG,0
AU000000CLZ3,A0NA2L,Classic Minerals Ltd.,2I7,2I7,AG,6166,0,Z_ASIA_Liq3_noDETG,0
AU000000CMM9,A2AEH7,Capricorn Metals Ltd.,MGM,MGY,AF,6166,1,Z_ASIA_Liq2_TG,1
AU000000CNJ3,A1W2NL,Conico Ltd.,BDD,BDD,AT,6166,0,Z_ASIA_Liq3_noDETG,0
AU000000COB8,A2DG1B,Cobalt Blue Holdings Ltd.,COH,COH1,AF,6166,1,Z_ASIA_Liq2_TG,0
AU000000COH5,898321,Cochlear Ltd.,OC5,COH,AE,6166,1,Z_ASIA_Liq2_TG,0
AU000000CQR9,A1CTRV,Charter Hall Retail REIT,MQV,CQRC,AF,6166,1,Z_ASIA_Liq2_TG,0
AU000000CSL8,890952,CSL Ltd.,CSJ,CSL,AE,6166,1,Z_ASIA_Liq2_TG,0
AU000000CTD3,A0YDGL,Corporate Travel Management Ltd.,1C6,CTD,AG,6166,0,Z_ASIA_Liq3_noDETG,0
AU000000CTO0,892606,Citigold Corporation Ltd.,CHP,CHPA,AG,6166,1,Z_ASIA_Liq3_noDETG,0
AU000000CTP7,A0JJWF,Central Petroleum Ltd.,C9J,CTP,AG,6166,1,Z_ASIA_Liq3_noDETG,0
AU000000CUV3,A0JEGY,Clinuvel Pharmaceuticals Ltd.,UR9,CUV,AF,6166,1,Z_ASIA_Liq2_TG,1
AU000000CWY3,A2AD6E,Cleanaway Waste Management Ltd.,TG9,TG9,AG,6166,1,Z_ASIA_Liq2_TG,0
AU000000CXO2,A0YJ93,Core Exploration Ltd.,7CX,7CX,AF,6166,0,Z_ASIA_Liq2_TG,1
AU000000CXU9,A0RPBW,Cauldron Energy Ltd.,UFX,CXU,AG,6166,0,Z_ASIA_Liq3_noDETG,0
AU000000CYL6,A0J3SR,Catalyst Metals Inc.,G2Y,G2Y,AT,6166,1,Z_EU_Liq3_noDETG,0
AU000000CYP7,A1W8VE,Cynata Therapeutics Ltd.,51S,51S,AG,6166,1,Z_ASIA_Liq3_noDETG,0
AU000000DCC9,A115DQ,DigitalX Ltd.,VSL,VSL,AF,6166,1,Z_ASIA_Liq2_TG,0
AU000000DDR5,A1C89A,Dicker Data Ltd.,D0D,D0D,AG,6166,1,Z_ASIA_Liq3_noDETG,0
AU000000DEM4,A2DNYE,DE.mem Ltd.,DM2,DM2,AF,6166,1,Z_ASIA_Liq2_TG,0
AU000000DMP0,A0EQ2E,Dominos Pizza Enterprises Ltd.,HQX,HQX,AG,6166,1,Z_ASIA_Liq3_noDETG,0
AU000000DNK9,A14UCJ,Danakali Ltd.,SO3,SO3,AT,6166,0,Z_USA_Liq3_noDETG,0
AU000000DOW2,615352,Downer EDI Ltd.,DNE,DNE,AG,6166,1,Z_ASIA_Liq3_noDETG,0
AU000000DRO2,A2DMAA,DroneShield Ltd.,DRH,DRH1,AE,6166,1,Z_ASIA_Liq2_TG,1
AU000000DTL4,A0B84K,Data3 Ltd.,20Y,20Y,AF,6166,1,Z_ASIA_Liq2_TG,0
AU000000DTZ4,A2DGDJ,Dotz Nano Ltd.,57N,57N,AF,6166,1,Z_ASIA_Liq2_TG,0
AU000000DUB3,A12HPG,Dubber Corp. Ltd.,O5A,O5A,AG,6166,1,Z_ASIA_Liq3_noDETG,0
AU000000DYL4,481592,Deep Yellow Ltd.,JMI,DYL,AF,6166,1,Z_ASIA_Liq2_TG,0
AU000000EHL7,A0KDVC,Emeco Holdings Ltd.,E3A,EHL,AG,6166,1,Z_ASIA_Liq3_noDETG,0
AU000000ELD6,A0RM27,Elders Ltd.,FTZ,FUCL,AG,6166,1,Z_ASIA_Liq3_noDETG,0
AU000000ELT2,A0YGFT,Elementos Ltd.,9EM,9EM,AG,6166,1,Z_ASIA_Liq3_noDETG,0
AU000000EMH5,A14XRL,European Metals Holdings Ltd.,E861,E861,AF,6166,1,Z_ASIA_Liq2_TG,0
AU000000EML7,A1J8P1,EML Payments Ltd.,A8Y1,A8Y1,AG,6166,1,Z_ASIA_Liq3_noDETG,0
AU000000EOS8,580850,Electro Optic Syst. Hldgs Ltd.,GP6,GP6,AG,6166,1,Z_ASIA_Liq2_TG,0
AU000000EPM8,A1J02L,Eclipse Metals Ltd.,9EU,9EU,AG,6166,1,Z_ASIA_Liq3_noDETG,0
AU000000EQX3,570325,Equatorial Resources Ltd.,PBU,EQXa,AG,6166,1,Z_ASIA_Liq3_noDETG,0
AU000000ERA9,865906,Energy Resources of Australia Ltd.,EJ7,ERA,AF,6166,1,Z_ASIA_Liq2_TG,0
AU000000ERM4,A0M8BN,Emmerson Resources Ltd.,42E,42E,AG,6166,1,Z_ASIA_Liq3_noDETG,0
AU000000EUR7,A2AR9A,European Lithium Ltd.,PF8,PF8,AF,6166,1,Z_ASIA_Liq2_TG,1
AU000000EVN4,A1JNWA,Evolution Mining Ltd.,WE7,WE7,AF,6166,1,Z_ASIA_Liq2_TG,0
AU000000EVT1,A2ACRX,Event Hospitality & Entertainment Ltd.,AQHE,AQHE,AG,6166,1,Z_ASIA_Liq3_noDETG,0
AU000000EXL4,A2JB8D,Elixinol Global Ltd.,E8M,E8M,AG,6166,1,Z_ASIA_Liq3_noDETG,0
AU000000EZL9,932713,Euroz Ltd.,E7L,E7L,AG,6166,1,Z_ASIA_Liq3_noDETG,0
AU000000FGR3,A2ABY7,First Graphite Ltd.,M11,M11,AF,6166,1,Z_ASIA_Liq2_TG,0
AU000000FLC5,A2DU34,Fluence Corp. Ltd.,4SVE,4SVE,AL,6166,1,Z_USA_Liq3_noDETG,0
AU000000FLT9,928191,Flight Centre Travel Group Ltd.,FLI,FLI,AF,6166,1,Z_ASIA_Liq2_TG,0
AU000000FMG4,121862,Fortescue Metals Group Ltd.,FVJ,FVJ,AE,6166,1,Z_ASIA_Liq2_TG,1
AU000000FML4,A0F610,Focus Minerals Ltd.,FZA,FMLA,AF,6166,1,Z_ASIA_Liq2_TG,0
AU000000FZR3,A1J88H,Fitzroy River Corporation Ltd.,KIO,EPGA,AG,6166,1,Z_ASIA_Liq3_noDETG,0
AU000000GBE0,A0HMWV,Globe Metals & Mining Ltd.,G4U,G4U,AF,6166,1,Z_ASIA_Liq2_TG,0
AU000000GEM7,A1C0D1,G8 Education Ltd.,3EAG,ELYA,AF,6166,1,Z_ASIA_Liq2_TG,0
AU000000GMG2,A0MWRF,Goodman Group,MY4,GMGAu,AF,6166,1,Z_ASIA_Liq2_TG,0
AU000000GNC9,626517,GrainCorp Ltd.,G3C,G3C,AF,6166,1,Z_ASIA_Liq2_TG,0
AU000000GPT8,867152,GPT Group,46T,GPT,AG,6166,1,Z_ASIA_Liq3_noDETG,0
AU000000GRR8,917447,Grange Resources Ltd.,GRR,SBD,AF,6166,1,Z_ASIA_Liq2_TG,1
AU000000GTG7,893882,Genetic Technologies Ltd.,DU8,GTG,AG,6166,0,Z_ASIA_Liq3_noDETG,0
AU000000HAV4,542176,Havilah Resources Ltd.,FWL,HAV,AG,6166,1,Z_ASIA_Liq3_noDETG,0
AU000000HFR1,A1JT2F,Highfield Resources Ltd.,23H,23H,AZ,6166,1,Z_EU_Liq2_TG,0
AU000000HLO6,A1W90D,Helloworld Travel Ltd. - Registered Shares o.N.,ID9,ID9,AF,6166,1,Z_ASIA_Liq2_TG,0
AU000000HMX5,A112GR,Hammer Metals Ltd.,6HM,6HM,AG,6166,1,Z_ASIA_Liq3_noDETG,0
AU000000HOR3,A1C2P9,Horseshoe Metals Ltd.,6HS,HOR,AG,6166,1,Z_ASIA_Liq3_noDETG,0
AU000000HRN5,A2DGTQ,Harizon Gold Ltd.,HO0,HO0,AG,6166,1,Z_ASIA_Liq3_noDETG,0
AU000000HUB4,A1W4H8,HUB24 Custodial Services Ltd.,FSB,FSB,AF,6166,1,Z_ASIA_Liq2_TG,0
AU000000HVN7,915865,Harvey Norman Holdings Ltd.,HNN,HVN,AG,6166,1,Z_ASIA_Liq3_noDETG,0
AU000000HZR9,A2AMF6,Hazer Group Ltd.,2H8,2H8,AF,6166,1,Z_ASIA_Liq2_TG,0
AU000000IAG3,941205,Insurance Australia Group Ltd.,NRM,IAG,AF,6166,1,Z_ASIA_Liq2_TG,0
AU000000ICI5,A14WSM,iCandy Interactive Ltd.,ZP6,ZP6G,AG,6166,0,Z_ASIA_Liq3_noDETG,0
AU000000IFL2,787897,Insignia Financial Ltd.,IOH,IOHG,AG,6166,1,Z_ASIA_Liq3_noDETG,0
AU000000IGO4,765651,Independence Group NL,IDZ,IDZG,AE,6166,1,Z_ASIA_Liq2_TG,1
AU000000ILU1,859133,Iluka Resources Ltd.,ILZ,ILU,AF,6166,1,Z_ASIA_Liq2_TG,0
AU000000IMA1,637106,Image Resources N.L.,I5R,IMAA,AF,6166,1,Z_ASIA_Liq2_TG,0
AU000000IMC7,A0RDPK,Immuron Ltd.,ANW,ANWG,AG,6166,1,Z_ASIA_Liq3_noDETG,0
AU000000IMD5,A0DPU0,Imdex Ltd.,IDG,IMD,AG,6166,1,Z_ASIA_Liq3_noDETG,0
AU000000IMM6,A2H81H,Immutep Ltd.,YP1B,YP1B,AF,6166,1,Z_ASIA_Liq2_TG,0
AU000000IMU9,891460,Imugene Ltd.,ILA,ILA1,AG,6166,1,Z_ASIA_Liq3_noDETG,0
AU000000ING6,A2ATGV,Inghams Group Ltd.,IH1,IH1,AF,6166,1,Z_ASIA_Liq2_TG,0
AU000000IPH9,A12F2H,IPH Ltd - Registered Shares o.N.,1IP,IPOH,AG,6166,1,Z_ASIA_Liq3_noDETG,0
AU000000IRE2,580897,Iress Ltd,BRF,BRFG,AG,6166,1,Z_ASIA_Liq3_noDETG,0
AU000000JBH7,727539,JB Hi-Fi Ltd.,JB3,JFG,AF,6166,1,Z_ASIA_Liq2_TG,0
AU000000JHX1,806951,James Hardie Industries PLC (ADRs),JHA,JHX,AZ,6166,1,Z_EU_Liq2_TG,0
AU000000JIN0,A1C82X,Jumbo Interactive Ltd.,JUB,JUM,AF,6166,1,Z_ASIA_Liq2_TG,0
AU000000JPR6,A0ERKU,Jupiter Energy Ltd.,J2E,JPRA,AG,6166,1,Z_ASIA_Liq3_noDETG,0
AU000000KAI5,A2AJ0B,Kairos Minerals Ltd.,YAJ,YAJ,AG,6166,1,Z_ASIA_Liq3_noDETG,0
AU000000KAR6,A0CAG4,Karoon Energy Ltd.,LBL,LBL,AF,6166,1,Z_ASIA_Liq2_TG,0
AU000000KCN1,905456,Kingsgate Consolidated Ltd.,KCN,KCN,AF,6166,1,Z_ASIA_Liq2_TG,0
AU000000KGL6,A0DQ1G,KGL Resources Ltd.,KN6,KGL,AG,6166,1,Z_ASIA_Liq3_noDETG,0
AU000000KGN2,A2AL96,Kogan.Com Ltd - Registered Shares o.N.,UZQ,UZQ,AF,6166,1,Z_ASIA_Liq2_TG,0
AU000000KP25,A2H63X,Kore Potash PLC,KP1,KP1,AZ,6166,1,Z_EU_Liq2_TG,0
AU000000KPO1,A14WKY,Kalina Power Ltd.,WHS,WHSG,AG,6166,1,Z_ASIA_Liq3_noDETG,0
AU000000KSN7,A1J7JF,Kingston Resources Ltd.,RZZ,RZZ,AF,6166,1,Z_ASIA_Liq2_TG,0
AU000000KZR3,A2PTCL,Kalamazoo Resources Ltd.,KR1,KR1G,AF,6166,0,Z_ASIA_Liq2_TG,0
AU000000LIT3,A14XX2,Lithium Australia NL,3MW,3MW,AF,6166,1,Z_ASIA_Liq2_TG,0
AU000000LKE1,796995,Lake Resources N.L.,LK1,LK1,AF,6166,1,Z_ASIA_Liq2_TG,1
AU000000LLC3,858788,LendLease Group,LLC,LLC,AF,6166,1,Z_ASIA_Liq2_TG,0
AU000000LMG2,872514,Latrobe Magnesium Ltd.,L2Q,LMG,AF,6166,1,Z_ASIA_Liq2_TG,0
AU000000LOV7,A12G1C,LOVISA HLDGS DEF.,LO7,LO7,AG,6166,1,Z_ASIA_Liq3_noDETG,0
AU000000LSA2,A0M95U,Lachlan Star Ltd.,GY6,LSA,AG,6166,0,Z_ASIA_Liq3_noDETG,0
AU000000LTR4,A0LFDX,Liontown Resources Ltd.,LIS,LIS,AF,6166,1,Z_ASIA_Liq2_TG,0
AU000000LYC6,871899,Lynas Rare Earths Ltd.,LYI,LYI,AE,6166,1,Z_ASIA_Liq2_TG,1
AU000000LYL7,A0DNP0,Lycopodium Ltd.,LW1,LW1,AG,6166,1,Z_ASIA_Liq3_noDETG,0
AU000000MAT8,A0RE43,Matsa Resources Ltd.,KB2,KAL,AF,6166,1,Z_ASIA_Liq2_TG,0
AU000000MCM9,A2H9D5,MC Mining Ltd.,G1V,G1V,AG,6166,1,Z_ASIA_Liq3_noDETG,0
AU000000MDI5,A0YGPG,Middle Island Resources Ltd.,M83,M83,AG,6166,1,Z_ASIA_Liq3_noDETG,0
AU000000MEC6,A2DQH7,Morphic Ethical Equities Fund Ltd.,4N0,4N0,AG,6166,1,Z_noMM,0
AU000000MEM5,A2ANGR,Memphasys Ltd.,IG7,IG7,AG,6166,0,Z_ASIA_Liq3_noDETG,0
AU000000MFG4,A0LFMD,Magellan Financial Group Ltd.,NNA,NNAG,AF,6166,1,Z_ASIA_Liq2_TG,0
AU000000MGR9,924371,Mirvac Group Finance Ltd.,MJB,MJB,AF,6166,1,Z_ASIA_Liq2_TG,0
AU000000MGX7,896269,Mount Gibson Iron Ltd.,FWQ,MGX,AF,6166,1,Z_ASIA_Liq2_TG,0
AU000000MIN4,A0J36A,Mineral Resources Ltd.,F5J,MINA,AF,6166,1,Z_ASIA_Liq2_TG,0
AU000000MLX7,A0LG1C,Metals X Ltd.,FG5,FG5,AF,6166,1,Z_ASIA_Liq2_TG,0
AU000000MMI6,A12GBB,Metro Mining Ltd.,6ME,6ME,AF,6166,1,Z_ASIA_Liq2_TG,0
AU000000MMS5,A0B9M1,McMillan Shakespeare Ltd.,NMN,NMNG,AG,6166,1,Z_ASIA_Liq3_noDETG,0
AU000000MND5,577745,Monadelphous Group Ltd.,8MP,8MP,AF,6166,1,Z_ASIA_Liq2_TG,0
AU000000MQG1,A0M6VH,Macquarie Group Ltd.,4M4,MQG,AE,6166,1,Z_ASIA_Liq2_TG,0
AU000000MRC8,864504,Mineral Commodities Ltd.,58M,58M,AG,6166,0,Z_ASIA_Liq3_noDETG,0
AU000000MSB8,A0DNPW,Mesoblast Ltd.,LWB,MESO,AF,6166,1,Z_ASIA_Liq2_TG,0
AU000000MTC4,A2DJM2,MetalsTech Ltd.,MT1,MT1,AF,6166,1,Z_ASIA_Liq2_TG,0
AU000000MTS0,A0D935,Metcash Ltd.,MG9,MG9,AF,6166,1,Z_ASIA_Liq2_TG,0
AU000000MYR2,A0YCZZ,Myer Holdings Ltd.,30M,MYR,AG,6166,1,Z_ASIA_Liq3_noDETG,0
AU000000NAB4,853802,National Australia Bank Ltd.,NAL,NAB,AE,6166,1,Z_ASIA_Liq2_TG,0
AU000000NAG3,A0RDH2,Nagambie Resources Ltd.,P6C,P6C,AG,6166,1,Z_ASIA_Liq3_noDETG,0
AU000000NAN9,A0MQVE,Nanosonics Ltd.,OQS,OQS,AG,6166,1,Z_ASIA_Liq3_noDETG,0
AU000000NEC4,A1W8KA,Nine Entertainment Co. Hldg. Ltd.,NEE,NEE,AG,6166,1,Z_ASIA_Liq3_noDETG,0
AU000000NGI6,A2H7ME,Navigator Global Invts Ltd.,HVH,HVH,AG,6166,1,Z_ASIA_Liq3_noDETG,0
AU000000NGY3,A0MWRG,NuEnergy Gas Ltd.,NUB,NGY,AG,6166,1,Z_ASIA_Liq3_noDETG,0
AU000000NHC7,911204,New Hope Corp. Ltd.,OD8,NHC,AE,6166,1,Z_ASIA_Liq2_TG,0
AU000000NHF0,A0M6WF,NIB Holdings Ltd.,3GU,3GU,AG,6166,1,Z_ASIA_Liq3_noDETG,0
AU000000NMT1,A12G4J,Neometals Ltd.,9R9,9R9,AF,6166,1,Z_ASIA_Liq2_TG,1
AU000000NOR1,A14U1Z,Norwood Systems Ltd.,M2G,M2G,AG,6166,1,Z_ASIA_Liq3_noDETG,0
AU000000NST8,A0BLDY,Northern Star Resources Ltd.,NS7,NS7,AE,6166,1,Z_ASIA_Liq2_TG,1
AU000000NTU4,A0LBN5,Northern Minerals Ltd.,NUN,NTU,AF,6166,1,Z_ASIA_Liq2_TG,0
AU000000NUF3,881339,Nufarm Ltd.,NUF,NUF,AF,6166,1,Z_ASIA_Liq2_TG,0
AU000000NVA2,A2H9WL,Nova Minerals Ltd.,QM3,QM3,AF,6166,1,Z_ASIA_Liq2_TG,0
AU000000NVX4,A2DUU7,Novonix Ltd.,GC3,GC3,AF,6166,1,Z_ASIA_Liq2_TG,1
AU000000NWF9,A1JXTT,Newfield Resources Ltd.,4XK0,4XK0,AG,6166,0,Z_ASIA_Liq3_noDETG,0
AU000000NWH5,A0MYVW,NRW Holdings Ltd.,3NR,NWH,AF,6166,1,Z_ASIA_Liq2_TG,0
AU000000NWS2,A1W4X0,News Corp.,NC0E,NC0Eq,AC,6166,1,Z_USA_Liq2_TG,0
AU000000NXT8,A1C9HQ,Nextdc Ltd.,2NX,2NX,AF,6166,1,Z_ASIA_Liq2_TG,0
AU000000ODY8,A0HG7C,Odyssey Gold Ltd.,ODQ,ODY,AG,6166,1,Z_ASIA_Liq3_noDETG,0
AU000000OEL3,A0HG75,Otto Energy Ltd.,O1E,OEL,AG,6166,1,Z_ASIA_Liq3_noDETG,0
AU000000ORA8,A1W81B,Orora Ltd. - Reg. Shares o.N.,OORD,OORD,AG,6166,1,Z_ASIA_Liq3_noDETG,0
AU000000ORG5,931678,Origin Energy Ltd.,ORL,ORGE,AF,6166,1,Z_ASIA_Liq2_TG,0
AU000000ORI1,854422,Orica Ltd.,ICA,ORI,AE,6166,1,Z_ASIA_Liq2_TG,0
AU000000PAR5,A12FJ4,Paradigm Biopharmaceutic. Ltd.,P86,P86,AG,6166,1,Z_ASIA_Liq3_noDETG,0
AU000000PCL4,A0CAFF,Pancontinental Oil & Gas N.L.,PUB,PCL,AF,6166,1,Z_ASIA_Liq2_TG,0
AU000000PDN8,890889,Paladin Energy Ltd.,PUR,PDN,AE,6166,1,Z_ASIA_Liq2_TG,1
AU000000PEN6,A0CBE5,Peninsula Energy Ltd.,P1M,PENA,AF,6166,1,Z_ASIA_Liq2_TG,0
AU000000PGC4,A0Q4D2,Paragon Care Ltd.,PXS,CITR,AF,6166,1,Z_ASIA_Liq2_TG,0
AU000000PGM3,A0JLZM,Platina Resources Ltd,P4R,PGM,AG,6166,1,Z_ASIA_Liq3_noDETG,0
AU000000PIC0,A12DSG,Perpetual Equity Inv. Co. Ltd.,P82,P82,AG,6166,1,Z_ASIA_Liq3_noDETG,0
AU000000PLS0,A0YGCV,Pilbara Minerals Ltd.,PLR,PLMS,AF,6166,1,Z_ASIA_Liq2_TG,1
AU000000PNR8,A0YFVM,Pantoro Ltd.,RKN,RKN,AF,6166,1,Z_ASIA_Liq2_TG,0
AU000000PNV0,A12F4T,Polynovo Ltd.,MFJ,MFJ,AF,6166,1,Z_ASIA_Liq2_TG,0
AU000000POD6,A2JE7D,Podium Minerals Ltd.,55D,55D,AG,6166,1,Z_ASIA_Liq3_noDETG,0
AU000000PPT9,872071,Perpetual Ltd.,PVQ,PPT,AG,6166,1,Z_ASIA_Liq3_noDETG,0
AU000000PRU3,A0B7MN,Perseus Mining Ltd.,P4Q,P4Q,AF,6166,1,Z_ASIA_Liq2_TG,1
AU000000PSC9,A1JW80,Prospect Resources Ltd.,5E8,5E8,AF,6166,1,Z_ASIA_Liq2_TG,0
AU000000PWN8,A1JH27,Parkway Corporate Ltd.,4IP,4IP,AF,6166,1,Z_ASIA_Liq2_TG,0
AU000000PXX5,A2DX5Z,PolarX Ltd.,PX0,PX0,AG,6166,1,Z_ASIA_Liq3_noDETG,0
AU000000QAN2,896435,Qantas Airways Ltd.,QAN,QAN,AE,6166,1,Z_ASIA_Liq2_TG,1
AU000000QBE9,879189,QBE Insurance Group Ltd.,QBE,QBE,AE,6166,1,Z_ASIA_Liq2_TG,0
AU000000QUB5,A1C0DA,Qube Holdings Ltd.,1K1,QUB,AG,6166,1,Z_ASIA_Liq3_noDETG,0
AU000000RCE5,A2ADQM,Recce Pharmaceuticals Ltd.,R9Q,R9Q,AF,6166,1,Z_ASIA_Liq2_TG,0
AU000000REA9,931148,REA Group Ltd.,R9C,REA,AF,6166,1,Z_ASIA_Liq2_TG,0
AU000000RGL1,A2JM28,Riversgold Ltd.,RGV,RGV,AG,6166,1,Z_ASIA_Liq3_noDETG,0
AU000000RHC8,874338,Ramsay Health Care Ltd.,RMY,RHC,AF,6166,1,Z_ASIA_Liq2_TG,0
AU000000RIC6,888874,Ridley Corp. Ltd.,RI6,RIC,AG,6166,1,Z_ASIA_Liq3_noDETG,0
AU000000RIO1,855018,Rio Tinto Ltd.,CRA1,CRAA,AE,6166,1,Z_ASIA_Liq2_TG,1
AU000000RMD6,935168,RESMED INC.,RMEA,RMEA,AC,6166,1,Z_USA_Liq2_TG,0
AU000000RMS4,808383,Ramelius Resources Ltd.,RRZ,RMS,AF,6166,1,Z_ASIA_Liq2_TG,0
AU000000RND4,A0F6BS,Rand Mining Ltd.,014,014,AG,6166,1,Z_ASIA_Liq3_noDETG,0
AU000000RNU8,A1C9A9,Renascor Resources Ltd.,RU8,RU8,AF,6166,1,Z_ASIA_Liq2_TG,0
AU000000RRL8,A0B8RA,Regis Resources Ltd.,RKQ,RRL,AF,6166,1,Z_ASIA_Liq2_TG,0
AU000000RSG6,794836,RESOLUTE MINING LTD.,RSM,RSGM,AF,6166,1,Z_ASIA_Liq2_TG,0
AU000000RWC7,A2AHE7,Reliance Worldwide Corp. Ltd. - Registered Shares o.N.,0EU,0EU,AG,6166,1,Z_ASIA_Liq3_noDETG,0
AU000000S320,A14QLH,South32 Ltd.,32Z,32Z,AE,6166,1,Z_ASIA_Liq2_TG,1
AU000000SBM8,851747,St. Barbara Ltd.,BM1,SBM,AF,6166,1,Z_ASIA_Liq2_TG,0
AU000000SCG8,A1156H,Scentre Group Ltd.,59S,59Su,AF,6166,1,Z_ASIA_Liq2_TG,0
AU000000SDV5,A2DNJ3,Scidev Ltd.,INFA,INF1,AG,6166,1,Z_ASIA_Liq3_noDETG,0
AU000000SEK6,A0EAC4,Seek Ltd.,SLD,SEK,AF,6166,1,Z_ASIA_Liq2_TG,0
AU000000SER1,A0Q626,Strategic Energy Resources Ltd.,EB8,SERA,AG,6166,1,Z_ASIA_Liq3_noDETG,0
AU000000SFR8,A0ERN6,Sandfire Resources NL,S2Z,S2Z,AF,6166,1,Z_ASIA_Liq2_TG,0
AU000000SGM7,A0F63Y,Sims Metal Management Ltd.,I8M,I8M,AF,6166,1,Z_ASIA_Liq2_TG,0
AU000000SGP0,887471,Stockland,LN1,LN1,AG,6166,1,Z_ASIA_Liq2_TG,0
AU000000SHL7,909081,Sonic Healthcare Ltd.,SAB,SHLT,AE,6166,1,Z_ASIA_Liq2_TG,0
AU000000SHV6,862392,Select Harvests Ltd.,H0I,H0I,AG,6166,1,Z_ASIA_Liq3_noDETG,0
AU000000SLC8,A14S4U,Superloop Ltd.,9SL,9SL,AG,6166,1,Z_ASIA_Liq3_noDETG,0
AU000000SLX4,615018,Silex Systems Ltd.,RW4,SLX,AG,6166,1,Z_ASIA_Liq3_noDETG,0
AU000000SMR4,A0YFE7,Stanmore Resources Ltd. - Registered Shares o.N.,S0D,S0D,AG,6166,1,Z_ASIA_Liq3_noDETG,0
AU000000SNC4,A2PT61,Sandon Capital Investments Ltd.,C46,C46,AG,6166,1,Z_noMM,0
AU000000SOM1,A0B7QA,Somnomed Ltd.,RJV,RJV,AF,6166,1,Z_ASIA_Liq2_TG,0
AU000000SPL0,796461,Starpharma Holdings Ltd.,PQ6,SPL,AG,6166,1,Z_ASIA_Liq3_noDETG,0
AU000000SRN2,A2DH6T,Surfire Resources NL,GBL,GBLG,AG,6166,1,Z_ASIA_Liq3_noDETG,0
AU000000STO6,863403,Santos Ltd.,STS1,STO,AE,6166,1,Z_ASIA_Liq2_TG,0
AU000000STX7,A0B6PK,Strike Energy Ltd.,RJN,RJN,AF,6166,1,Z_ASIA_Liq2_TG,0
AU000000SUH8,A1C3D0,Southern Hemisphere Mining Ltd.,NK4,NK4,AG,6166,1,Z_ASIA_Liq3_noDETG,0
AU000000SUL0,A0B5SL,Super Retail Group Ltd.,RSU,RSU,AG,6166,1,Z_ASIA_Liq3_noDETG,0
AU000000SUN6,886254,Suncorp Group Ltd.,SU4,SU4,AF,6166,1,Z_ASIA_Liq2_TG,0
AU000000SVL8,A0LEFD,Silver MInes Ltd.,SWQ,SWQ,AF,6166,1,Z_ASIA_Liq2_TG,0
AU000000SVM6,A0LEG3,Sovereign Metals Ltd,SVM,SVMA,AF,6166,1,Z_ASIA_Liq2_TG,0
AU000000SXL4,A0PEF6,Southern Cross Media Group Ltd.,6MM,6MM,AF,6166,1,Z_ASIA_Liq2_TG,0
AU000000SYR9,A0MXQX,Syrah Resources Ltd.,3S7,3S7,AF,6166,1,Z_ASIA_Liq2_TG,0
AU000000TAH8,892486,Tabcorp Holdings Ltd.,THL,TAH,AF,6166,1,Z_ASIA_Liq2_TG,0
AU000000TBR5,917561,Tribune Resources Ltd.,TNR,TBR,AF,6166,1,Z_ASIA_Liq2_TG,0
AU000000TCL6,917177,Transurban Group,TU9,TCL,AF,6166,1,Z_ASIA_Liq2_TG,0
AU000000TDO8,A0MSCV,3D Oil Ltd.,MUE,MUEG,AG,6166,0,Z_ASIA_Liq3_noDETG,0
AU000000TER9,A144CW,TerraCom Ltd.,2GF,2GF,AG,6166,1,Z_ASIA_Liq3_noDETG,0
AU000000TLG7,A1C0Q2,Talga Resources Ltd.,TGX,TGXG,AF,6166,1,Z_ASIA_Liq3_noDETG,0
AU000000TLM5,A0CBC3,Talisman Mining Ltd.,RJA,RJA,AG,6166,1,Z_ASIA_Liq3_noDETG,0
AU000000TLS2,A3D1FQ,Telstra Corp. Ltd.,5KBA,5KBA,AF,6166,1,Z_ASIA_Liq3_noDETG,0
AU000000TLX2,A2H7JK,Telix Pharmaceuticals Ltd.,T3X,T3X,AF,6166,1,Z_ASIA_Liq2_TG,0
AU000000TNE8,931047,Technology One Ltd.,RW8,RW8,AF,6166,1,Z_ASIA_Liq2_TG,0
AU000000TOE6,A0JC8C,Toro Energy Ltd.,T4W,T4W,AG,6166,1,Z_ASIA_Liq3_noDETG,0
AU000000TON7,A0NGHD,Triton Minerals Ltd.,1TG,1TG,AG,6166,1,Z_ASIA_Liq3_noDETG,0
AU000000TOP2,A1W9VZ,Thorney Opportunities Ltd.,WWU,WWU,AG,6166,1,Z_ASIA_Liq3_noDETG,0
AU000000TPC7,A0MUF9,TPC Consolidated Ltd.,T7P,TPC,AG,6166,1,Z_ASIA_Liq3_noDETG,0
AU000000TWE9,A1H8S1,Treasury Wine Estates Ltd.,T7W,T7W,AF,6166,1,Z_ASIA_Liq2_TG,0
AU000000TYX5,A14XX4,Tyranna Resources Ltd.,IRN,IRN,AG,6166,1,Z_ASIA_Liq3_noDETG,0
AU000000VML1,A0F5YD,Vital Metals Ltd.,VJF,VMLA,AF,6166,1,Z_ASIA_Liq2_TG,0
AU000000VRC9,A2AGQP,Volt Resources Ltd.,R8L,R8L,AF,6166,1,Z_ASIA_Liq2_TG,0
AU000000WAF6,A1CZBT,West African Resources Ltd.,W25,W25,AF,6166,1,Z_ASIA_Liq2_TG,0
AU000000WBC1,854242,Westpac Banking Corp.,WBC,WBC,AE,6166,1,Z_ASIA_Liq2_TG,0
AU000000WBT5,A2APH0,Weebit Nano Ltd.,6RI,6RI,AF,6166,1,Z_ASIA_Liq2_TG,0
AU000000WEB7,911549,Webjet Ltd.,WBJ,WEB,AF,6166,1,Z_ASIA_Liq2_TG,0
AU000000WEC5,A0J3YN,White Energy Co. Ltd.,XPK,WECA,AG,6166,1,Z_ASIA_Liq3_noDETG,0
AU000000WES1,876755,Wesfarmers Ltd.,WF3,WES,AE,6166,1,Z_ASIA_Liq2_TG,0
AU000000WGN7,A2H9GP,Wagners Holding Company Ltd.,0W7,0W7,AG,6166,1,Z_ASIA_Liq3_noDETG,0
AU000000WGX6,A2DGZ7,Westgold Resources Ltd.,0W2,0W2,AF,6166,1,Z_ASIA_Liq2_TG,0
AU000000WHC8,A0MSK7,Whitehaven Coal Ltd.,WC2,WHC,AE,6166,1,Z_ASIA_Liq2_TG,0
AU000000WOR2,813023,WorleyParsons Ltd.,WF9,WOR,AE,6166,1,Z_ASIA_Liq2_TG,0
AU000000WOW2,886853,Woolworths Group Ltd.,WWR,WOW,AE,6166,1,Z_ASIA_Liq2_TG,0
AU000000WTC3,A2AGET,WiseTech Global Ltd.,17W,17W,AF,6166,1,Z_ASIA_Liq2_TG,0
AU000000YAL0,A1JZHX,Yancoal Australia Ltd.,YA1,YA1,AF,6166,1,Z_ASIA_Liq2_TG,0
AU000000ZLD1,A2AS5H,Zelira Therapeutics Ltd.,G1G,G1G,AG,6166,0,Z_ASIA_Liq3_noDETG,0
AU000000ZNC9,A0MP37,Zenith Minerals Ltd.,ZCB,ZNCA,AG,6166,1,Z_ASIA_Liq3_noDETG,0
AU0000010464,A2JSA7,Wide Open Agriculture Ltd.,2WO,2WO,AG,6166,1,Z_ASIA_Liq3_noDETG,0
AU0000012098,A2JMGQ,Element 25 Ltd.,QFP,MZM,AF,6166,1,Z_ASIA_Liq2_TG,0
AU0000013559,A2JM2A,Atlas Arteria - Stapled Securities o.N.,M82,M82,AG,6166,1,Z_ASIA_Liq3_noDETG,0
AU0000021461,A2N4CD,Galan Lithium Ltd.,9CH,9CH,AF,6166,1,Z_ASIA_Liq2_TG,0
AU0000026122,A2N75P,Coronado Global Resources Inc.,0QE,0QE,AF,6166,1,Z_ASIA_Liq2_TG,0
AU0000028367,A2PQND,HeraMED Ltd.,1I4,1I4,AG,6166,1,Z_ASIA_Liq3_noDETG,0
AU0000030645,A2N9QN,Charter Hall Social Infrastructure REIT,B6Z0,B6Z0u,AG,6166,1,Z_ASIA_Liq3_noDETG,0
AU0000030678,A2N9WN,Coles Group Ltd.,2OF,2OF,AG,6166,1,Z_ASIA_Liq2_TG,0
AU0000031411,A2N94D,Gibb River Diamonds Ltd.,PHO,PHOG,AG,6166,1,Z_ASIA_Liq3_noDETG,0
AU0000033359,A2PAL9,Healius Ltd.,PGZ,PGZG,AG,6166,1,Z_ASIA_Liq3_noDETG,0
AU0000035701,A2PA44,Theta Gold Mines Ltd.,3LM,3LM,AG,6166,1,Z_ASIA_Liq2_TG,0
AU0000036949,A2QKCE,African Gold Ltd.,8XJ,8XJ,AF,6166,1,Z_ASIA_Liq2_TG,0
AU0000040982,A2PKPN,Ricegrowers Ltd.,7H0,7H0,AG,6166,1,Z_ASIA_Liq3_noDETG,0
AU0000043945,A2PHDZ,Alterity Therapeutics Ltd.,PBN,PBN,AG,6166,1,Z_ASIA_Liq3_noDETG,0
AU0000047441,A2PLEV,Avecho Biotechnology Ltd.,OEZ,OEZ,AG,6166,1,Z_ASIA_Liq3_noDETG,0
AU0000049033,A2PL8P,AIC Mines Ltd.,HLS,HLS,AG,6166,1,Z_ASIA_Liq3_noDETG,0
AU0000054587,A2PP4Y,Mandrake Resources Ltd.,CQ4,CQ4,AG,6166,1,Z_ASIA_Liq3_noDETG,0
AU0000061897,A2PUD0,Perenti Global Ltd.,FWG,FWG,AF,6166,1,Z_ASIA_Liq2_TG,0
AU0000062440,A2PXQH,Macarthur Minerals Ltd.,MMLA,MMLA,AG,6166,1,Z_ASIA_Liq3_noDETG,0
AU0000066086,A2PV3A,Vulcan Energy Resources Ltd.,VUL,VULG,AE,6166,1,Z_ASIA_Liq1_DETG,1
AU0000066169,A2PV0S,Austral. Silica Quartz Grp. Ltd.,4B4,4B4,AF,6166,1,Z_ASIA_Liq2_TG,0
AU0000067092,A2PV6D,Great Northern Minerals Ltd.,3GW,3GW,AG,6166,1,Z_ASIA_Liq3_noDETG,0
AU0000067936,A2PWBH,Resolution Minerals Ltd.,NC3,NC3,AG,6166,1,Z_ASIA_Liq3_noDETG,0
AU0000070328,A2PWVP,Prominence Energy N.L.,RSX,RSXG,AG,6166,1,Z_ASIA_Liq3_noDETG,0
AU0000071482,A2PW0M,EcoGraf Ltd.,FMK,FMK,AF,6166,1,Z_ASIA_Liq2_TG,1
AU0000072019,A2PW6W,Paterson Resources Ltd.,U40,U40,AG,6166,1,Z_ASIA_Liq3_noDETG,0
AU0000072506,A2P4AV,Kaiser Reef Ltd.,7YR,7YR,AG,6166,1,Z_ASIA_Liq3_noDETG,0
AU0000074221,A2PXRB,Tali Digital Ltd.,UV7,UV7,AG,6166,1,Z_ASIA_Liq3_noDETG,0
AU0000079212,A2P5M9,AML3D Ltd.,4YP,4YP,AG,6166,1,Z_ASIA_Liq3_noDETG,0
AU0000081341,A2P18Q,Ionic Rare Earths Ltd.,6UH,6UH,AT,6166,0,Z_ASIA_Liq3_noDETG,0
AU0000082489,A2P2UB,Omni Bridgeway Ltd.,MXG1,MXG1,AF,6166,1,Z_ASIA_Liq2_TG,0
AU0000088064,A2P4YU,Waypoint REIT Ltd.,1V2,1V2u,AG,6166,1,Z_ASIA_Liq3_noDETG,0
AU0000088338,A2P41Y,Ampol Ltd.,CLZ,CLZ,AF,6166,1,Z_ASIA_Liq2_TG,0
AU0000090292,A2QAZR,Manuka Resources Ltd.,6M0A,6M0A,AG,6166,1,Z_ASIA_Liq3_noDETG,0
AU0000102154,A2QB8V,Marvel Gold Ltd.,GR2,GR2,AG,6166,1,Z_ASIA_Liq3_noDETG,0
AU0000106643,A2QKQH,Aussie Broadband Ltd.,9JI,9JI,AG,6166,1,Z_ASIA_Liq3_noDETG,0
AU0000109159,A3D4VK,Duratec Ltd.,H2E,H2E,AG,6166,1,Z_ASIA_Liq3_noDETG,0
AU0000115172,A2QG77,Antilles Gold Ltd.,PTJ,PTJ,AG,6166,1,Z_ASIA_Liq3_noDETG,0
AU0000122251,A2QKEZ,Queensland Pacific Metals Ltd.,4EA,4EA,AF,6166,1,Z_ASIA_Liq2_TG,0
AU0000134694,A2QPAR,Firebird Metals Ltd.,7Y2,7Y2,AG,6166,1,Z_ASIA_Liq3_noDETG,0
AU0000137598,A2QQBW,Epsilon Healthcare Ltd.,9TH0,9TH0,AG,6166,1,Z_ASIA_Liq3_noDETG,0
AU0000139990,A3CPEX,Graphene Manufacturing Group Ltd.,0GF,0GF,AF,6166,1,Z_ASIA_Liq2_TG,0
AU0000141533,A2QSAM,QMines Ltd.,81V,81V,AG,6166,1,Z_ASIA_Liq3_noDETG,0
AU0000142945,A3ET0R,Tennant Minerals Limited.,UH7A,UH7A,AF,6166,1,Z_ASIA_Liq2_TG,0
AU0000143729,A3CLTW,Sunrise Energy Metals Ltd.,4CQA,4CQA,AF,6166,1,Z_ASIA_Liq2_TG,0
AU0000145815,A3C7FG,Arcadia Minerals Ltd.,8OH,8OHq,AG,6166,0,Z_ASIA_Liq3_noDETG,0
AU0000146961,A3CNFV,Oakridge International Ltd.,U9O0,U9O0,AG,6166,1,Z_ASIA_Liq3_noDETG,0
AU0000147266,A3EEXL,Torque Metals Limited,L5B,L5B,AG,6166,1,Z_ASIA_Liq3_noDETG,0
AU0000151680,A3CPT9,South Harz Potash Ltd.,D860,D860,AG,6166,1,Z_ASIA_Liq3_noDETG,0
AU0000153256,A3C4K8,Askari Metals Limited,7ZG,7ZG,AG,6166,1,Z_ASIA_Liq3_noDETG,0
AU0000153280,A3CSEV,Clean TeQ Water Ltd.,9NK,9NK,AF,6166,1,Z_ASIA_Liq2_TG,0
AU0000154833,A3CSV6,Endeavour Group Ltd.,6BH,6BH,AG,6166,1,Z_ASIA_Liq2_TG,0
AU0000155228,A3C6E1,Metallium Limited,8JC,8JC,AF,6166,1,Z_ASIA_Liq2_TG,0
AU0000155335,A3CRS0,Critical Resources Ltd.,9S70,9S70,AG,6166,1,Z_ASIA_Liq3_noDETG,0
AU0000156416,A3CRZ8,Elevate Uranium Ltd.,WTT0,WTT0,AF,6166,1,Z_ASIA_Liq2_TG,0
AU0000157455,A3C28E,Balkan Mining and Minerals Limited,7JL,7JL,AG,6166,1,Z_ASIA_Liq3_noDETG,0
AU0000157679,A3CWH9,Almonty Industries Inc.,ALI0,ALI0,AL,6166,1,Z_USA_Liq3_noDETG,0
AU0000158578,A3CUVD,Industrial Minerals Ltd.,9ED,9ED,AG,6166,1,Z_ASIA_Liq3_noDETG,0
AU0000159840,A3CTAL,Kuniko Ltd.,912,912,AG,6166,1,Z_ASIA_Liq3_noDETG,0
AU0000166613,A3CWE4,Greenwing Resources Ltd.,R2FA,R2FA,AG,6166,1,Z_ASIA_Liq3_noDETG,0
AU0000179707,A3C45W,Develop Global Ltd.,IHB1,IHB1,AG,6166,1,Z_ASIA_Liq3_noDETG,0
AU0000180200,A3C6DG,Evolution Energy Minerals Ltd.,P77,P77,AG,6166,1,Z_ASIA_Liq3_noDETG,0
AU0000182263,A3C8RW,Nimy Resources Ltd.,P4G,P4G,AF,6166,1,Z_ASIA_Liq2_TG,0
AU0000182628,A3C6BV,Winsome Resources Limited.,4XJ,4XJ,AF,6166,1,Z_ASIA_Liq2_TG,0
AU0000182784,A3C575,Arovella Therapeutics Ltd.,E4NA,E4NA,AF,6166,1,Z_ASIA_Liq2_TG,0
AU0000183253,A3C8V7,Larvotto Resources Ltd.,K6X,K6X,AF,6166,1,Z_ASIA_Liq2_TG,0
AU0000185993,A3C7R6,Iris Energy Ltd.,F8P,F8P,AE,6166,1,Z_ASIA_Liq2_TG,1
AU0000186678,A3C7BX,Kelsian Group Ltd.,CY4,CY4G,AG,6166,1,Z_ASIA_Liq3_noDETG,0
AU0000187239,A3DE4Y,American West Metals Ltd.,R84,R84,AF,6166,1,Z_ASIA_Liq2_TG,0
AU0000187247,A3DA5F,Haranga Resources Ltd.,65E0,65E0,AG,6166,1,Z_ASIA_Liq3_noDETG,0
AU0000187569,A3C8TV,Falcon Metals Ltd.,E47,E47,AF,6166,1,Z_ASIA_Liq2_TG,0
AU0000189029,A3C8R2,Solis Minerals Ltd.,08WA,08WA,AL,6166,0,Z_USA_Liq3_noDETG,0
AU0000189318,A3D13K,IPD Group Ltd.,IS6,IS6,AG,6166,1,Z_ASIA_Liq3_noDETG,0
AU0000195380,A3C8S5,Alma Metals Ltd. (ADRs),BP60,BP60q,AG,6166,1,Z_ASIA_Liq3_noDETG,0
AU0000195430,A3C84A,Echo IQ Ltd.,PL4,PL4,AZ,6166,1,Z_EU_Liq2_TG,0
AU0000196149,A3C85Z,INOVIQ Ltd.,EGQ0,EGQ0,AG,6166,1,Z_ASIA_Liq3_noDETG,0
AU0000196206,A3C85Y,EV Resources Ltd.,R1EA,R1EA,AG,6166,1,Z_ASIA_Liq3_noDETG,0
AU0000196891,A3C871,CuFe Ltd.,B4T0,B4T0,AG,6166,1,Z_ASIA_Liq3_noDETG,0
AU0000198939,A3C9JR,GreenX Metals Ltd.,5PMA,5PMA,AF,6166,1,Z_ASIA_Liq2_TG,0
AU0000199929,A3C9NG,Morella Corporation Ltd.,HDG0,HDG0,AG,6166,1,Z_ASIA_Liq3_noDETG,0
AU0000200198,A3C905,Income Asset Management Group Ltd.,C1R,C1R,AG,6166,1,Z_ASIA_Liq3_noDETG,0
AU0000208910,A3DESP,IperionX Ltd.,30Z,30Z,AC,6166,1,Z_USA_Liq2_TG,1
AU0000210957,A3DJY5,International Graphite Ltd.,H99,H99,AG,6166,1,Z_ASIA_Liq3_noDETG,0
AU0000218307,A3DK35,Zip Co Ltd.,YRRA,YRRA,AF,6166,1,Z_ASIA_Liq2_TG,0
AU0000222002,A3DMYM,Provaris Energy Ltd.,WS90,WS90,AF,6166,1,Z_ASIA_Liq2_TG,0
AU0000224040,A3DNGW,Woodside Energy Group Ltd.,WOP0,WOP0,AE,6166,1,Z_ASIA_Liq2_TG,1
AU0000232415,A3DRMA,HyTerra Ltd.,8TP0,8TP0,AG,6166,1,Z_ASIA_Liq3_noDETG,0
AU0000237554,A3DTM0,Atlantic Lithium Ltd.,BSG0,BSG0,AF,6166,1,Z_ASIA_Liq2_TG,0
AU0000240764,A3DUVY,Moab Minerals Ltd.,WMR0,WMR0,AG,6166,1,Z_ASIA_Liq2_TG,0
AU0000250250,A3D10V,Energy Transition Minerals Ltd.,G7PA,G7PA,AF,6166,1,Z_ASIA_Liq2_TG,0
AU0000251258,A3D3E4,Patriot Battery Metals Inc.,R9G,R9G,AD,6166,1,Z_USA_Liq2_TG,0
AU0000251498,A3D2FY,Helia Group Ltd. - Registered Shares o.N.,0GI0,0GI0,AG,6166,1,Z_ASIA_Liq3_noDETG,0
AU0000253502,A3D22Y,Region Group,S590,S590u,AF,6166,1,Z_ASIA_Liq2_TG,0
AU0000253510,A3D22Z,Regal Asian Investments Ltd.,4VGA,4VGA,AG,6166,1,Z_ASIA_Liq3_noDETG,0
AU0000256646,A3D3KA,Unith Ltd.,CM30,CM30,AG,6166,1,Z_ASIA_Liq3_noDETG,0
AU0000256976,A3D3KC,Mantle Minerals Ltd.,MXB0,MXB0,AG,6166,1,Z_ASIA_Liq3_noDETG,0
AU0000265217,A3D6AX,Tivan Ltd.,HJIA,HJIA,AF,6166,1,Z_ASIA_Liq2_TG,0
AU0000265381,A3D6FR,Alliance Nickel Ltd.,GM90,GM90,AG,6166,1,Z_ASIA_Liq3_noDETG,0
AU0000273088,A3EC42,NGX Ltd.,V9S,V9S,AF,6166,1,Z_ASIA_Liq2_TG,0
AU0000278103,A3EF6Z,Light & Wonder Inc.,TJW0,TJW0,AG,6166,1,Z_ASIA_Liq2_TG,0
AU0000284366,A3EM07,BPH Global Ltd.,USZ0,USZ0,AG,6166,1,Z_ASIA_Liq3_noDETG,0
AU0000284895,A3ENBJ,Redox Ltd.,AE0,AE0,AG,6166,1,Z_ASIA_Liq3_noDETG,0
AU0000294498,A3EWMX,Chariot Corporation Ltd.,ZJ5,ZJ5,AG,6166,1,Z_ASIA_Liq3_noDETG,0
AU0000296022,A3EVA9,Algorae Pharmaceuticals Ltd.,LHI0,LHI0,AG,6166,1,Z_ASIA_Liq3_noDETG,0
AU0000297962,A3EWLY,Newmont Corp.,NMM0,NMM0,AL,6166,1,Z_USA_Liq2_TG,1
AU0000305468,A3E1Z6,Kali Metals Ltd.,6OB,6OB,AG,6166,1,Z_ASIA_Liq3_noDETG,0
AU0000305542,A3E1X8,Iondrive Ltd.,UH40,UH40,AG,6166,1,Z_ASIA_Liq3_noDETG,0
AU0000305815,A3E2HF,Brazilian Rare Earths Ltd.,X84,X84,AG,6166,1,Z_ASIA_Liq2_TG,0
AU0000310302,A3E3UB,Cadoux Ltd.,SDL0,SDL0,AF,6166,1,Z_ASIA_Liq2_TG,0
AU0000312480,A3E4P8,Syntara Ltd.,UUDA,UUDA,AG,6166,1,Z_ASIA_Liq3_noDETG,0
AU0000315624,A40009,Asara Resources Ltd.,ALM1,ALM1,AG,6166,1,Z_ASIA_Liq3_noDETG,0
AU0000317281,A3E1W6,Percheron Therapeutics Ltd.,AWY0,AWY0,AF,6166,1,Z_ASIA_Liq2_TG,0
AU0000317471,A400NK,Waratah Minerals Ltd.,0FS0,0FS0,AG,6166,1,Z_ASIA_Liq3_noDETG,0
AU0000318552,A402TM,Capstone Copper Corp.,0GJ,0GJ,AG,6166,1,Z_ASIA_Liq3_noDETG,0
AU0000326647,A40A1Q,Argent Biopharma Ltd.,H5O0,H5O0,AG,6166,1,Z_ASIA_Liq3_noDETG,0
AU0000329302,A40BCT,Terra Metals Ltd.,21V,21V,AG,6166,1,Z_ASIA_Liq3_noDETG,0
AU0000332553,A40E7U,Resouro Strategic Metals Inc.,O9F,O9F,AT,6166,1,Z_USA_Liq3_noDETG,0
AU0000336679,A40F82,Guzman Y Gomez Holdings Ltd.,W92,W92,AF,6166,1,Z_ASIA_Liq2_TG,0
AU0000338311,A40G3S,AuMega Metals Ltd.,MA30,MA30,AG,6166,1,Z_ASIA_Liq3_noDETG,0
AU0000339426,A40HTA,Alcoa Corp.,1850,1850G,AT,6166,1,Z_USA_Liq2_TG,0
AU0000340143,A40GX8,Asian Battery Metals PLC,UKN,UKN,AZ,6166,1,Z_EU_Liq3_noDETG,0
AU0000340770,A40GYZ,Amotiv Ltd.,GUQ0,GUQ0,AG,6166,1,Z_ASIA_Liq3_noDETG,0
AU0000348658,A40M2W,Australian Oil Co. Ltd.,21K0,21K0,AG,6166,1,Z_ASIA_Liq3_noDETG,0
AU0000355000,A40R3U,Arika Resources Ltd.,P8O0,P8O0,AG,6166,1,Z_ASIA_Liq3_noDETG,0
AU0000355588,A40R9Y,Vault Minerals Ltd.,RKM0,RKM0,AF,6166,1,Z_ASIA_Liq2_TG,1
AU0000357261,A40STF,Neurizon Therapeutics Ltd.,ECQ0,ECQ0,AG,6166,1,Z_ASIA_Liq3_noDETG,0
AU0000364754,A40VSB,SGH Ltd.,9SG0,9SG0,AF,6166,1,Z_ASIA_Liq2_TG,0
AU0000365637,A40VYS,Myeco Group Ltd.,MZ60,MZ60,AG,6166,1,Z_ASIA_Liq3_noDETG,0
AU0000368748,A40X9C,New Frontier Minerals Ltd.,7OR0,7OR0,AG,6166,0,Z_ASIA_Liq3_noDETG,0
AU0000369753,A40XP4,NH3 Clean Energy Ltd.,F930,F930,AG,6166,1,Z_ASIA_Liq3_noDETG,0
AU0000373201,A40Y68,Underwood Capital Ltd.,2P9,2P9,AG,6166,1,Z_ASIA_Liq3_noDETG,0
AU0000380420,A410MN,Block Inc.,SQ30,SQ30,AL,6166,1,Z_USA_Liq2_TG,0
AU0000390544,A416F0,Dyno Nobel Ltd.,I5P0,I5P0,AF,6166,1,Z_ASIA_Liq2_TG,0
AU0000397705,A419ZS,Greatland Rescources Ltd.,U0Y,U0Y,AG,6166,1,Z_ASIA_Liq2_TG,0
AU0000412231,A41FYK,Lion Rock Minerals Ltd.,H7K0,H7K0,AG,6166,1,Z_ASIA_Liq3_noDETG,0
AU0000413254,A41GDG,Fortuna Metals Ltd.,TG5,TG5,AG,6166,0,Z_ASIA_Liq3_noDETG,0
AU0000421851,A41MGV,Elevra Lithium Ltd.,DML2,DML2,AG,6166,1,Z_ASIA_Liq2_TG,0
AU0000421893,A114DS,Prairie Lithium Ltd.,UDE,UDE,AG,6166,1,Z_ASIA_Liq2_TG,0
AU0000436933,A41WQL,Ore Resources Ltd.,T59,T59,AG,6166,1,Z_ASIA_Liq3_noDETG,0
AU0000442931,A41XB3,Xpedra Resources Ltd.,LFY,LFY,AG,6166,1,Z_ASIA_Liq3_noDETG,0
AU0000443905,A41XFY,GBM Resources Ltd.,36G0,36G0,AG,6166,1,Z_ASIA_Liq2_TG,0
AU0000453557,A4230U,Iron Bear Resources Ltd.,HM50,HM50,AG,6166,1,Z_ASIA_Liq3_noDETG,0
BE0003008019,850398,Banque Nationale Belgique S.A.,BKB,BKBG,AG,6166,1,Z_ASIA_Liq3_noDETG,0
BE0003470755,856200,Solvay S.A.,SOL,SOLB,AX,6166,1,Z_EU_Liq2_TG,1
BE0003555639,852064,Tessenderlo Group S.A.,TEZ,TESB,AX,6166,1,Z_EU_Liq3_noDETG,1
BE0003565737,854943,KBC Group N.V.,KDB,KBC,AX,6166,1,Z_EU_Liq1_DETG,1
BE0003573814,889713,S.A. RER Beke N.V.,BD0,BD0,AX,6166,1,Z_EU_Liq3_noDETG,1
BE0003592038,889972,Compagnie du Bois Sauvage SA,C5S,C5SG,AX,6166,1,Z_EU_Liq3_noDETG,1
BE0003593044,914421,Cofinimmo S.A.,COF,COFB,AX,6166,1,Z_EU_Liq2_TG,1
BE0003599108,875802,Cie Immobiliere De Belgique S.A.,R5L,R5L,AX,6166,1,Z_EU_Liq3_noDETG,1
BE0003602134,904524,Moury Construct S.A.,FO3,FO3,AX,6166,1,Z_EU_Liq3_noDETG,1
BE0003604155,877480,Lotus Bakeries SA,7LB,7LB,AX,6166,1,Z_EU_Liq2_TG,1
BE0003656676,853358,Recticel S.A.,RCZ,RECT,AX,6166,1,Z_EU_Liq2_TG,1
BE0003696102,910303,Accentis SA,D1Z,D1Z,AX,6166,1,Z_EU_Liq3_noDETG,1
BE0003699130,907547,Gimv N.V.,GI3,GIMV,AX,6166,1,Z_EU_Liq3_noDETG,1
BE0003717312,852448,Sofina S.A.,8FS,SOF,AX,6166,1,Z_EU_Liq2_TG,1
BE0003720340,936956,Retail Estates SA,R6N,RETE,AX,6166,1,Z_EU_Liq3_noDETG,1
BE0003724383,632334,Wereldhave Belgium C.V.A. Actions Nom. o.N.,WPU,WEHB,AX,6166,1,Z_EU_Liq3_noDETG,1
BE0003730448,926985,Quest for Growth PRICAF,F43,F43,AX,6166,1,Z_EU_Liq3_noDETG,0
BE0003731453,916632,MIKO S.A. I.L.,M7V,M7V,AU,6166,1,Z_EU_Liq3_noDETG,1
BE0003734481,798188,Warehouses Estates Belgium SA,WPK,WPKG,AX,6166,1,Z_EU_Liq3_noDETG,0
BE0003735496,916424,Orange Belgium S.A.,MOS,MSTAR,AX,6166,1,Z_EU_Liq2_TG,1
BE0003739530,852738,UCB S.A.,UNC,UCB,AX,6166,1,Z_EU_Liq1_DETG,1
BE0003741551,917575,Roularta Media Group N.V.,O94,O94,AX,6166,1,Z_EU_Liq3_noDETG,0
BE0003754687,806919,Vastned Belgium S.A.,IJX,IJX,AX,6166,1,Z_EU_Liq2_TG,1
BE0003755692,920872,Agfa-Gevaert N.V.,AGE,AGEG,AX,6166,1,Z_EU_Liq2_TG,1
BE0003764785,869057,Ackermans & van Haaren N.V.,B3K,ACKB,AX,6166,1,Z_EU_Liq2_TG,1
BE0003766806,914998,Ion Beam Applications S.A. IBA,IOB,IBAB,AX,6166,0,Z_EU_Liq2_TG,1
BE0003770840,936957,Nextensa S.C.A.,L3R,L3R,AX,6166,1,Z_EU_Liq3_noDETG,1
BE0003773877,906200,Softimat S.A.,K2Z,K2Z,AU,6166,1,Z_EU_Liq3_noDETG,1
BE0003789063,872417,Deceuninck N.V.,1Z4,1Z4,AX,6166,1,Z_EU_Liq3_noDETG,1
BE0003797140,873222,Groupe Bruxelles Lambert S.A,EAI,GBLB,AX,6166,1,Z_EU_Liq2_TG,1
BE0003798155,878321,Spadel S.A.,YX5,YX5,AX,6166,1,Z_EU_Liq3_noDETG,0
BE0003808251,812880,Exmar S.A.,1EX,1EX,AF,6166,1,Z_ASIA_Liq2_TG,1
BE0003810273,A0B9FU,Proximus S.A.,BX7,BCOM,AX,6166,1,Z_EU_Liq2_TG,1
BE0003816338,A0DNRS,CMB Tech N.V.,OCW,EUAV,AX,6166,1,Z_EU_Liq3_noDETG,1
BE0003818359,A0EAT9,Galapagos N.V.,GXE,GLPG,AX,6166,1,Z_EU_Liq1_DETG,1
BE0003820371,A0ET8E,EVS Broadcast Equipment S.A.,5E1,EVSB,AG,6166,1,Z_ASIA_Liq3_noDETG,1
BE0003822393,A0ERSV,Elia Group,E4S,E4S,AX,6166,1,Z_EU_Liq2_TG,1
BE0003823409,A0ETZ2,Financiere de Tubize S.A.,FTD,FTD,AX,6166,1,Z_EU_Liq2_TG,1
BE0003825420,A0ETT1,Campine N.V.,SQ0,SQ0,AU,6166,1,Z_EU_Liq3_noDETG,1
BE0003837540,A0JMC5,Atenor S.A.,Z5S,Z5S,AX,6166,1,Z_EU_Liq3_noDETG,1
BE0003839561,A0J27E,Van de Velde S.A.,VO4,VO4,AX,6166,1,Z_EU_Liq3_noDETG,0
BE0003851681,A0LCUN,Aedifica SICAFI S.A.,AOO,AOO,AX,6166,1,Z_EU_Liq2_TG,1
BE0003853703,A0LCLA,Montea SICAFI S.C.A.,M8E,MONTE,AX,6166,1,Z_EU_Liq3_noDETG,1
BE0003856730,A0MK4T,Ascencio S.C.A. SICAFI,ZYY,ASCC,AX,6166,1,Z_EU_Liq3_noDETG,0
BE0003858751,A0LG0S,Jensen-Group N.V.,XD1,XD1,AX,6166,1,Z_EU_Liq3_noDETG,1
BE0003867844,A0MU0L,KBC Ancora Comm.VA,KB9,KBCA,AX,6166,1,Z_EU_Liq3_noDETG,0
BE0003870871,A0MVLY,Banimmo SA,L8J,L8J,AX,6166,1,Z_EU_Liq3_noDETG,1
BE0003874915,A0M103,Fargon N.V.,4A5,RCUS,AX,6166,1,Z_EU_Liq2_TG,1
BE0003878957,A0M8Y5,VGP N.V.,4V1,VGP1,AX,6166,1,Z_EU_Liq2_TG,1
BE0003880979,A0M9QW,Keyware Technologies S.A.,KY3A,KEYW,AX,6166,1,Z_EU_Liq3_noDETG,1
BE0003883031,A0NDYN,Cie d´ Enterprises CFE- CFE SA,C70,CFEB,AX,6166,1,Z_EU_Liq3_noDETG,0
BE0003898187,A0RK8D,Sipef S.A.,BZ3,BZ3,AX,6166,1,Z_EU_Liq3_noDETG,1
BE0160342011,910288,Coil S.A.,3DL,3DL,AU,6166,1,Z_EU_Liq3_noDETG,1
BE0165385973,909765,Melexis N.V.,MEX,MLXS,AX,6166,1,Z_EU_Liq2_TG,1
BE0948608451,A2JB6Y,Photonike Capital S.A.,8G0,8G0,AU,6166,1,Z_EU_Liq3_noDETG,1
BE0974256852,A1C7HA,Etablissements Franz Colruyt S.A.,EFC1,COLR,AX,6166,1,Z_EU_Liq2_TG,1
BE0974258874,A1C8J5,N.V. Bekaert S.A.,BK8N,BEKB,AX,6166,1,Z_EU_Liq3_noDETG,1
BE0974259880,A1H5AN,D'Ieteren Group S.A.,DJDA,IETB,AX,6166,1,Z_EU_Liq2_TG,1
BE0974260896,A1W7Q9,Celyad S.A.,1C0,1C0,AX,6166,1,Z_EU_Liq3_noDETG,1
BE0974263924,A1JTWD,TEXAF S.A.,SJ4A,SJ4A,AX,6166,1,Z_EU_Liq3_noDETG,1
BE0974264930,A1J1DR,Ageas SA/NV,FO4N,FO4N,AX,6166,1,Z_EU_Liq1_DETG,1
BE0974265945,A1JX9C,Fluxys Belgium S.A.,59FE,59FE,AX,6166,1,Z_EU_Liq3_noDETG,1
BE0974268972,A1W0FA,bpost S.A.,13B,13B,AX,6166,1,Z_EU_Liq2_TG,1
BE0974269012,A1W17J,Alliance Developpement Capital SIIC SE,0MI,0MI,AU,6166,1,Z_EU_Liq3_noDETG,1
BE0974271034,A1W8RU,Viohalco S.A.,VHC,VHCG,AX,6166,1,Z_EU_Liq3_noDETG,1
BE0974272040,A1XAXT,Qrf CommVA,2QR,2QR,AX,6166,1,Z_EU_Liq3_noDETG,0
BE0974273055,A110SW,Care Property Invest S.A.,8OM,8OM,AX,6166,1,Z_EU_Liq3_noDETG,0
BE0974274061,A114V1,Kinepolis Group S.A.,KPSN,KPSN,AX,6166,1,Z_EU_Liq2_TG,1
BE0974276082,A116FD,Ontex Group N.V.,OT7,OT7,AX,6166,1,Z_EU_Liq2_TG,1
BE0974278104,A119RF,ABO-Group Environment S.A.,3T61,3T61,AX,6166,1,Z_EU_Liq3_noDETG,1
BE0974280126,A14NHV,Bone Therapeutics S.A.,BT1,BT1,AX,6166,1,Z_EU_Liq3_noDETG,1
BE0974282148,A14S3R,TINC Comm. VA,5TI,5TI,AX,6166,1,Z_EU_Liq3_noDETG,0
BE0974288202,A2ABHA,Xior Student Housing N.V.,5XR,5XR,AX,6166,1,Z_EU_Liq3_noDETG,1
BE0974293251,A2ASUV,Anheuser-Busch InBev N.V./S.A.,1NBA,ABI,AX,6166,1,Z_Eurostoxx,1
BE0974294267,A2AKN7,Nyrstar N.V.,3NY1,3NY1,AX,6166,0,Z_EU_Liq3_noDETG,0
BE0974299316,A2JB6Z,Invibes Advertising N.V.,8WR,8WR,AX,6166,1,Z_EU_Liq3_noDETG,1
BE0974303357,A2DH76,Cenergy Holdings S.A.,9CN,9CN,AX,6166,1,Z_EU_Liq3_noDETG,1
BE0974310428,A2DNYG,X-FAB Silicon Foundries SE,XFB,XFB,AX,6166,1,Z_EU_Liq2_TG,1
BE0974313455,A2DSW0,Econocom Group S.A.,1E91,1E91,AX,6166,1,Z_EU_Liq3_noDETG,1
BE0974314461,A2DR7Z,Balta Group N.V.,BDB,BDB,AX,6166,1,Z_EU_Liq3_noDETG,1
BE0974320526,A2H5A3,Umicore S.A.,NVJP,NVJP,AE,6166,1,Z_ASIA_Liq1_DETG,1
BE0974334667,A2JRRB,AudioValley S.A.,6YW,6YW,AX,6166,1,Z_EU_Liq3_noDETG,1
BE0974338700,A2PBLU,Titan Cement International S.A.,TCJ,TCJ,AX,6166,1,Z_EU_Liq3_noDETG,1
BE0974340722,A2PD78,Sequana Medical NV,2SE,2SE,AX,6166,1,Z_EU_Liq3_noDETG,1
BE0974349814,A2PXG1,Warehouses De Pauw S.C.A.,WPHB,WPHG,AE,6166,1,Z_ASIA_Liq2_TG,1
BE0974358906,A2QCWK,Nyxoah S.A.,5YI,5YI,AX,6166,1,Z_EU_Liq3_noDETG,1
BE0974362940,A2P7YV,Barco N.V.,BC1P,BC1P,AE,6166,1,Z_ASIA_Liq2_TG,1
BE0974363955,A2P7Y0,Hyloris Pharmaceuticals S.A.,52U,52U,AX,6166,1,Z_EU_Liq3_noDETG,1
BE0974371032,A2QCS4,Unifiedpost Group SA/N.V.,60Z,60Z,AX,6166,1,Z_EU_Liq2_TG,0
BE0974374069,A2QJ45,Inclusio S.A.,9ZS,9ZS,AX,6166,1,Z_EU_Liq3_noDETG,0
BE0974380124,A2QRSB,Ekopak N.V,7XZ,7XZ,AX,6166,1,Z_EU_Liq3_noDETG,1
BE0974386188,A3CS50,Biotalys N.V.,86C,86C,AX,6166,0,Z_EU_Liq2_TG,0
BE0974400328,A3C292,Azelis Group N.V.,2R7,2R7,AX,6166,1,Z_EU_Liq2_TG,1
BE0974409410,A3DMB0,Home Invest Belgium SA,H5V0,H5V0,AX,6166,1,Z_EU_Liq3_noDETG,0
BE0974413453,A3DNV3,DEME Group NV,MT0,MT0,AX,6166,1,Z_EU_Liq2_TG,1
BE0974464977,A3E1GW,Syensqo S.A.,2NF,2NF,AX,6166,1,Z_EU_Liq2_TG,1
BE0974487192,A40H8H,Oxurion N.V.,TG40,TG40,AX,6166,1,Z_EU_Liq3_noDETG,1
BE0974496284,A4214Z,Option N.V.,OIN,OPIN,AX,6166,1,Z_EU_Liq3_noDETG,0
BE0974497290,A40WHL,European Medical Solutions S.A.,AS00,AS00,AX,6166,1,Z_EU_Liq3_noDETG,1
BG1100003166,A2DGX9,Shelly Group PLC,SLYG,SLYGG,AO,6166,1,Z_EU_Liq3_noDETG,0
BG1100005179,A2DPZ0,Akiles Corp. SE,EBY1,EBY1,AO,6166,0,Z_noMM,0
BM04521V1038,A14XBY,Asiamet Resources Ltd.,0FK,0FK,AG,6166,1,Z_ASIA_Liq3_noDETG,0
BM78669Q1007,A2PWTZ,Sagicor Financial Co. Ltd.,3RQ,3RQ,AT,6166,1,Z_noMM,0
BMG0112X1056,A3ET99,Aegon Ltd.,J060,J060,AZ,6166,1,Z_EU_Liq2_TG,1
BMG0135Z1032,A0MP75,AGTech Holdings Ltd.,3AH,8279,AG,6166,1,Z_noMM,0
BMG0171K1018,A12EAP,Alibaba Health Information Technology Ltd.,TWY,TWY,AF,6166,1,Z_ASIA_Liq2_TG,0
BMG0171W1055,A119V1,Alibaba Pictures Group Ltd,CBW,1060,AF,6166,1,Z_ASIA_Liq2_TG,0
BMG022411000,A1CYV4,Capital Drilling Ltd.,C8D,C8D,AZ,6166,1,Z_EU_Liq3_noDETG,0
BMG0403V2062,A2DYZS,APAC Resources Ltd.,FZV1,FZV1,AF,6166,1,Z_ASIA_Liq2_TG,0
BMG0411X1112,A3EX6S,Apollo Future Mobility Group Ltd.,U1R1,U1R1,AG,6166,1,Z_ASIA_Liq3_noDETG,0
BMG0438M1064,916474,APT Satellite Holdings Ltd.,AY8,1045,AG,6166,1,Z_noMM,0
BMG0450A1053,590336,Arch Capital Group Ltd.,RSK,ACGL,AS,6166,1,Z_USA_Liq2_TG,1
BMG0451H2087,A403TF,Archer Ltd.,8SW,8SW,AF,6166,1,Z_ASIA_Liq2_TG,0
BMG0534V1256,A0B9SX,Asia Tele-Net & Technology Corp. Ltd.,DKC,0679,AG,6166,1,Z_ASIA_Liq3_noDETG,0
BMG0585R1060,A0CATL,Assured Guaranty Ltd.,DHU,AGO,AL,6166,1,Z_USA_Liq3_noDETG,0
BMG0670A1099,A3C5A3,AutoStore Holdings Ltd.,1IG,1IGG,AZ,6166,1,Z_EU_Liq2_TG,1
BMG069741020,A2DKJ4,Aurania Resources Ltd.,20Q,20Q,AD,6166,1,Z_USA_Liq3_noDETG,0
BMG0702P1086,A2PZ63,BW Energy Ltd.,6BW,6BW,AC,6166,1,Z_USA_Liq2_TG,1
BMG0750C1082,A12EDV,Axalta Coating Systems Ltd.,9AX,9AX,AL,6166,1,Z_USA_Liq2_TG,0
BMG0957L1090,A0Q10L,Beijing Enterprises Water Group Ltd.,HUN2,0371,AF,6166,1,Z_ASIA_Liq2_TG,0
BMG095871098,A2DM97,Beijing Gas Blue Sky Holdings Ltd.,KO32,KO32,AG,6166,1,Z_ASIA_Liq3_noDETG,0
BMG1118Y1214,A14T79,Binhai Investment Co. Ltd.,WS7A,WS7A,AG,6166,1,Z_ASIA_Liq3_noDETG,0
BMG1146K2008,A40P5A,Beijing Energy International Holding Co.Ltd.,GGI1,GGI1,AG,6166,1,Z_ASIA_Liq3_noDETG,0
BMG1223L1054,A2DVJ1,BOE Varitronix Ltd.,VTX,VTXG,AG,6166,1,Z_ASIA_Liq3_noDETG,0
BMG126341046,A3CPVC,Blue River Holdings Ltd.,PYW,PYW,AG,6166,1,Z_ASIA_Liq3_noDETG,0
BMG1368B1028,884968,Brilliance China Automotive Holdings Ltd.,CBA,1114,AF,6166,1,Z_ASIA_Liq2_TG,0
BMG1466R1732,A3DAJT,Borr Drilling Ltd.,B2W,B2W,AS,6166,1,Z_USA_Liq2_TG,1
BMG1738J1247,A2DHKS,BW Offshore Ltd.,XY81,XY81,AF,6166,1,Z_ASIA_Liq2_TG,1
BMG174341047,A40MNH,Brookfield Wealth Solutions Ltd.,9JG,9JG,AC,6166,0,Z_USA_Liq2_TG,0
BMG1932V2128,A2QEQ2,Cash Financial Services Group Ltd.,CFN0,CFN0,AG,6166,1,Z_ASIA_Liq3_noDETG,0
BMG1985B1138,A0MKNY,C C Land Holdings Ltd.,QU4B,1224,AG,6166,1,Z_ASIA_Liq3_noDETG,0
BMG2007W1432,A2QEQ3,Celestial Asia Securities Holdings Ltd.,CE0,CE0,AG,6166,1,Z_ASIA_Liq3_noDETG,0
BMG210821051,893697,China Yuchai International Ltd.,CYD,CYD,AF,6166,1,Z_ASIA_Liq2_TG,0
BMG2108V1019,A0B827,China Oriental Group Co. Ltd.,ORG,0581,AG,6166,0,Z_ASIA_Liq3_noDETG,0
BMG210901242,A0MQ4W,China Water Affairs Group Ltd.,CUBB,0855,AF,6166,1,Z_ASIA_Liq2_TG,0
BMG2109G1033,931817,China Gas Holdings Ltd.,EBZ,0384,AF,6166,1,Z_ASIA_Liq2_TG,0
BMG210A71016,A0Q8LD,China Grand Pha.and Healthcare Hld. Ltd.,MX6A,MX6A,AF,6166,1,Z_ASIA_Liq2_TG,0
BMG2112G1087,A0M90A,Chinese People Holdings Co. Ltd.,KEH,0681,AF,6166,1,Z_ASIA_Liq2_TG,0
BMG2113B1081,A0RDZ8,China Resources Gas Group Ltd.,LGX1,1193,AF,6166,1,Z_ASIA_Liq2_TG,0
BMG211591018,A0F61K,China Yurun Food Group Ltd.,C7Y,1068,AG,6166,1,Z_ASIA_Liq3_noDETG,0
BMG2116Y1057,A12HLR,China Everbright Water Ltd.,BIU2,BIU2,AF,6166,1,Z_ASIA_Liq2_TG,0
BMG2120L1072,A2DNSE,China Display Optoelectronics Technology Holdings Ltd.,PJJ1,PJJ1,AG,6166,1,Z_ASIA_Liq3_noDETG,0
BMG2122W1010,881815,Chuang's China Investments Ltd.,CUG,0298,AG,6166,1,Z_ASIA_Liq3_noDETG,0
BMG2133H2006,A3D63Y,China Medical & HealthCare Group Ltd.,SMI,SMI1,AG,6166,0,Z_ASIA_Liq3_noDETG,0
BMG2150P2343,A2AE3J,China Agri-Products Exchange Ltd.,RHGN,RHGN,AG,6166,1,Z_ASIA_Liq3_noDETG,0
BMG2154F1095,A0MQ7Y,China Foods Ltd.,CFH,0506,AG,6166,1,Z_ASIA_Liq3_noDETG,0
BMG2154Z1216,A2QQJG,China Fortune Holdings Ltd.,FTQ0,FTQ0,AG,6166,1,Z_ASIA_Liq3_noDETG,0
BMG2155W1010,A0LC0U,China Oil & Gas Group Ltd.,GPI1,0603,AF,6166,1,Z_ASIA_Liq2_TG,0
BMG2155Y1075,723581,Citic Resources Holdings Ltd.,CZR,1205,AG,6166,1,Z_ASIA_Liq3_noDETG,0
BMG2161E1113,A1JJT8,China Singyes Solar Technologies Holdings Ltd.,KG0A,KG0A,AF,6166,1,Z_ASIA_Liq2_TG,0
BMG216341294,A3D61Y,China Ecotourism Group Ltd.,WORA,WORA,AG,6166,1,Z_ASIA_Liq3_noDETG,0
BMG2178K1009,A2DTX9,CK Infrastructure Holdings Ltd.,CHH,CHHG,AE,6166,1,Z_ASIA_Liq2_TG,0
BMG2239B1643,A3E2E2,Coastal Greenland Ltd.,CGR0,CGR0,AG,6166,1,Z_ASIA_Liq3_noDETG,0
BMG2335C1082,914198,Computer & Technologies Holdings Ltd.,CVB,0046,AG,6166,1,Z_ASIA_Liq3_noDETG,0
BMG2345T1099,A14QFY,Concord New Energy Group Ltd.,HK51,HK51,AF,6166,1,Z_ASIA_Liq2_TG,0
BMG2381M1091,A3CXUE,Continental Aerospace Technologies Holding Ltd.,CTQ0,CTQ0,AG,6166,1,Z_ASIA_Liq3_noDETG,0
BMG243851091,A2QHL6,Conduit Holdings Ltd.,CHO,CHO,AL,6166,1,Z_USA_Liq2_TG,1
BMG2442N1048,897981,COSCO SHIPPING Ports Ltd.,CTH,1199,AF,6166,0,Z_ASIA_Liq2_TG,0
BMG2519Y1084,899417,Credicorp Ltd.,D8V,D8V,AL,6166,1,Z_USA_Liq2_TG,0
BMG2624N1535,928180,Dairy Farm International Holdings Ltd.,DFA1,DFA1,AF,6166,1,Z_ASIA_Liq3_noDETG,0
BMG275871231,883795,Dickson Concepts International Ltd.,DCK,0113,AG,6166,1,Z_noMM,0
BMG2759B1072,659480,Digital China Holdings Ltd.,DIN,0861,AF,6166,1,Z_ASIA_Liq2_TG,0
BMG3036C2239,A0DPMC,Emperor International Holdings Ltd.,EM3A,0163,AG,6166,1,Z_ASIA_Liq3_noDETG,0
BMG3122U2026,A41DJQ,Esprit Holdings Ltd.,ESH,ESH,AG,6166,1,Z_ASIA_Liq2_TG,0
BMG313891027,A0DQ1Q,Emperor Entertainment Hotel Ltd.,EM7A,0296,AG,6166,1,Z_ASIA_Liq3_noDETG,0
BMG3163K1053,A2N6BP,EPE Special Opportunities Ltd.,EP0,EP0,AG,6166,1,Z_ASIA_Liq3_noDETG,0
BMG319201049,798062,Griffin Mining Ltd.,GG7,GG7,AG,6166,1,Z_ASIA_Liq3_noDETG,0
BMG3198U1027,A1W6VY,Essent Group Ltd.,EG0,EG0,AT,6166,1,Z_USA_Liq3_noDETG,0
BMG3223R1088,580891,Everest Reinsurance Group Ltd.,ERE,RE,AL,6166,1,Z_USA_Liq2_TG,1
BMG3398L1182,A3EDHE,Fidelis Insurance Holdings Ltd.,U0K,U0K,AT,6166,1,Z_USA_Liq3_noDETG,0
BMG348041077,876860,First Pacific Co. Ltd.,FPC,0142,AF,6166,1,Z_ASIA_Liq2_TG,0
BMG359472021,A2PFGD,Flex LNG Ltd.,0QQA,0QQ,AT,6166,1,Z_EU_Liq3_noDETG,0
BMG3602E1084,A3D5AT,Flow Traders Ltd.,O3I,O3I,AZ,6166,1,Z_EU_Liq2_TG,1
BMG3654D1074,936949,Founder Holdings Ltd.,FOU1,0418,AG,6166,1,Z_ASIA_Liq3_noDETG,0
BMG3685C1029,927166,Fujikon Industrial Holdings Ltd.,FUK,0927,AG,6166,1,Z_ASIA_Liq3_noDETG,0
BMG3775G1539,A3DWMQ,GCL New Energy Holdings Ltd.,TJI,TJIG,AG,6166,1,Z_ASIA_Liq3_noDETG,0
BMG3922B1072,A0MXL7,Genpact Ltd.,35G,G,AC,6166,1,Z_USA_Liq2_TG,0
BMG3939X1002,902802,Glorious Sun Enterprises Ltd.,GLV,0393,AG,6166,1,Z_ASIA_Liq3_noDETG,0
BMG3978C1249,A0Q27P,GOME Retail Holdings Ltd.,CKS2,0493,AG,6166,1,Z_ASIA_Liq3_noDETG,0
BMG4069C1486,879151,Great Eagle Holdings Ltd.,GHK,0041,AF,6166,1,Z_ASIA_Liq2_TG,0
BMG4079W1001,A2DM5K,Great Wall Pan Asia Holdings Ltd.,MPY,MPY,AG,6166,1,Z_ASIA_Liq3_noDETG,0
BMG4111M2019,A3CTKT,G-Resources Group Ltd.,CRD,CRD,AG,6166,1,Z_noMM,0
BMG4182K1009,A1W6V3,Guangdong Land Holdings Ltd.,GUW,0124,AG,6166,1,Z_ASIA_Liq3_noDETG,0
BMG420981224,882513,Guoco Group,GUO,GUO,AG,6166,1,Z_ASIA_Liq3_noDETG,0
BMG4209G2077,A2DGZ5,Gulf Keystone Petroleum Ltd.,GVP1,GVP1,AC,6166,1,Z_USA_Liq2_TG,0
BMG427061046,A3EYBN,Hamilton Insurance Group Ltd.,QN0,QN0,AL,6166,1,Z_USA_Liq2_TG,0
BMG4388N1065,869993,Helen of Troy Ltd.,HT2,HELE,AL,6166,1,Z_USA_Liq2_TG,0
BMG455841020,864247,HAL Trust,HA4,HA4,AP,6166,1,Z_EU_Liq2_TG,1
BMG4587L1090,877047,Hongkong Land Holdings Ltd.,HLH,HKLD,AL,6166,1,Z_USA_Liq2_TG,0
BMG4593F1389,A14PZ0,Hiscox Ltd.,H2X3,H2X3,AL,6166,1,Z_USA_Liq2_TG,1
BMG4600H1198,A3CPP9,Hopson Development Holdings Ltd.,HVP0,HVP0,AF,6166,1,Z_ASIA_Liq2_TG,0
BMG4639H1227,A0YAVY,Huabao International Holdings Ltd.,CEY2,0336,AG,6166,1,Z_ASIA_Liq3_noDETG,0
BMG464012076,A410GR,Hua Yin International Holdings Ltd.,CL70,CL70,AG,6166,1,Z_ASIA_Liq3_noDETG,0
BMG4660A1036,A3C5E7,Himalaya Shipping Ltd.,J1X,J1X,AD,6166,1,Z_USA_Liq2_TG,0
BMG4690M1010,A2QA2Y,IBEX Ltd.,IB7,IB7,AT,6166,1,Z_USA_Liq2_TG,0
BMG476291940,A2DNV0,Imagi International Holdings Ltd.,BOI7,BOI6,AG,6166,1,Z_ASIA_Liq3_noDETG,0
BMG491BT1088,A0M6U7,Invesco Ltd.,3IW,IVZ,AC,6166,1,Z_USA_Liq2_TG,1
BMG4R86G1074,A40S2B,Gold Reserve Ltd.,97Z,97Z,AD,6166,1,Z_USA_Liq3_noDETG,0
BMG507361001,869042,Jardine Matheson Holdings Ltd.,H4W,JARD,AF,6166,1,Z_ASIA_Liq2_TG,0
BMG5137R1088,910854,Jinhui Shipping and Transp.Ltd,J4O,J4O,AG,6166,1,Z_ASIA_Liq3_noDETG,0
BMG5150J1577,A117XL,Johnson Electric Holdings Ltd.,JOHB,JOHB,AG,6166,1,Z_ASIA_Liq3_noDETG,0
BMG524401079,902110,Kerry Properties Ltd.,KR3,0683,AG,6166,1,Z_ASIA_Liq3_noDETG,0
BMG5320C1082,A1CV3E,Kunlun Energy Co. Ltd.,CTJ1,0135,AF,6166,1,Z_ASIA_Liq2_TG,0
BMG5321P1169,877637,K. Wah International Holdings Ltd.,KW2,0173,AG,6166,1,Z_ASIA_Liq3_noDETG,0
BMG5361W1047,A0HM5W,Lancashire Holdings Ltd.,LNH,LRE,AS,6166,1,Z_USA_Liq2_TG,1
BMG5479L1072,A2QKR6,Lexington Gold Ltd.,XX40,XX40,AT,6166,1,Z_USA_Liq3_noDETG,0
BMG5695X1258,A1JFDN,Luk Fook Holdings (International) Ltd.,LUY1,0590,AG,6166,1,Z_ASIA_Liq3_noDETG,0
BMG570071099,A116Z9,Luye Pharma Group Ltd.,LUP,LUPG,AG,6166,1,Z_ASIA_Liq3_noDETG,0
BMG5700D1065,A0MWY6,Luks Group Vietnam Holdings Co. Ltd.,LU4,0366,AG,6166,1,Z_ASIA_Liq3_noDETG,0
BMG5800U1071,A1CWNV,Man Wah Holdings Ltd.,AAM,1999,AG,6166,1,Z_ASIA_Liq3_noDETG,0
BMG611881019,A3ES4W,Liberty Global Ltd.,3O41,3O41,AT,6166,1,Z_USA_Liq2_TG,0
BMG611881274,A3ES68,Liberty Global Ltd. (C),3O40,3O40,AT,6166,1,Z_USA_Liq2_TG,0
BMG6260K1595,A2P1FZ,Mongolia Energy Corp. Ltd.,NWW,NWW,AG,6166,1,Z_ASIA_Liq3_noDETG,0
BMG6331P1041,A1CXBR,Alpha & Omega Semiconductor Ltd.,AOY,AOSL,AT,6166,1,Z_USA_Liq2_TG,0
BMG6359F1370,A2P3LV,Nabors Industries Ltd.,NBI1,NBI1,AL,6166,1,Z_USA_Liq2_TG,1
BMG653181005,A0JDLB,Nine Dragons Paper Holdings Ltd.,N3Y,2689,AF,6166,1,Z_ASIA_Liq2_TG,0
BMG657731060,394869,Nordic American Tankers Ltd.,B3O,B3O,AL,6166,1,Z_USA_Liq2_TG,0
BMG6682J1036,A2PWPV,Northern Ocean Ltd.,4JO,4JO,AL,6166,1,Z_USA_Liq3_noDETG,0
BMG6716L1081,A3DH8R,Odfjell Technology Ltd.,ND4,ND4,AZ,6166,1,Z_EU_Liq2_TG,0
BMG671801022,A1W5D5,Odfjell Drilling Ltd.,OD3,OD3,AZ,6166,1,Z_EU_Liq2_TG,1
BMG6748X1048,A0MZNC,OM Holdings Ltd.,7O2,7O2,AG,6166,1,Z_noMM,0
BMG677491539,A0MNVA,Orient Overseas International Ltd.,ORI1,0316,AE,6166,1,Z_ASIA_Liq2_TG,1
BMG684371393,A0B6V3,Pacific Basin Shipping Ltd.,OYD,2343,AF,6166,1,Z_ASIA_Liq2_TG,0
BMG6891L1054,A12C5M,Pangaea Logistics Solutions Ltd.,PGA,PGA1,AD,6166,1,Z_noMM,0
BMG6893L1375,A1W2VY,Paradise Entertainment Ltd.,LIL3,LIL3,AG,6166,1,Z_ASIA_Liq3_noDETG,0
BMG6901M1010,616556,Giordano International Ltd.,GIO,0709,AG,6166,1,Z_ASIA_Liq3_noDETG,0
BMG6904D1083,A40GSB,Paratus Energy Services Ltd.,U6N,U6N,AL,6166,1,Z_USA_Liq2_TG,0
BMG6964L2062,A3DZYY,Paysafe Ltd.,17P0,17P0,AG,6166,1,Z_ASIA_Liq2_TG,0
BMG702782084,A3C9V4,Petra Diamonds Ltd.,FPO,FPO,AZ,6166,1,Z_EU_Liq3_noDETG,1
BMG709641044,931045,Pine Technology Holdings Ltd.,PNY,8013,AF,6166,1,Z_ASIA_Liq2_TG,0
BMG7130P2206,A2DS7U,Playmates Holdings Ltd.,PLJ2,PLJ2,AG,6166,1,Z_ASIA_Liq3_noDETG,0
BMG713292081,A2P4QG,Planetree International Development Ltd.,YUIA,YUIA,AG,6166,1,Z_ASIA_Liq3_noDETG,0
BMG7147S1008,A0NA53,Playmates Toys Group Ltd.,45P,0869,AG,6166,1,Z_ASIA_Liq3_noDETG,0
BMG7403L1046,A12B6H,Realord Group Holdings PLC,CUV,CUVG,AG,6166,1,Z_ASIA_Liq3_noDETG,0
BMG7475M1626,A0RBYS,Regal Hotels International Holdings Ltd.,RH6B,0078,AG,6166,1,Z_ASIA_Liq3_noDETG,0
BMG7496G1033,896628,RenaissanceRe Holdings Ltd.,RRJ,RNR,AC,6166,1,Z_USA_Liq2_TG,0
BMG762791017,A3C4MS,Roivant Sciences Ltd.,87S,87S,AZ,6166,1,Z_EU_Liq2_TG,0
BMG7738W1064,A2PU2X,SFL Corp. Ltd.,UG6,UG6,AC,6166,1,Z_USA_Liq2_TG,0
BMG7997W1029,A3DEW8,SeaDrill Ltd.,P4F,P4F,AL,6166,1,Z_USA_Liq2_TG,0
BMG8063F1068,886778,Shangri-la Asia Ltd.,SHN,0069,AF,6166,1,Z_ASIA_Liq2_TG,0
BMG8086V1467,A1XEDC,Shenzhen International Holdings Ltd.,SXYA,FIR0,AG,6166,1,Z_ASIA_Liq3_noDETG,0
BMG8114Z1014,912235,Cosco International Holdings Ltd.,CSB,0517,AG,6166,0,Z_ASIA_Liq3_noDETG,0
BMG8115Q2095,A3DWHX,Sheng Yuan Holdings Ltd.,MH90,MH90,AG,6166,1,Z_noMM,0
BMG812761002,A0Q9SE,Signet Jewelers Ltd.,SZ2,SIG,AE,6166,1,Z_ASIA_Liq2_TG,0
BMG8162K1137,A1C72G,Sihuan Pharmaceutical Holdings Group Ltd.,TEL1,TEL1,AF,6166,0,Z_ASIA_Liq2_TG,0
BMG8165U1009,923923,Sinopec Kantons Holdings Ltd.,SAK,0934,AG,6166,1,Z_ASIA_Liq3_noDETG,0
BMG8181C1001,936973,Skyworth Digital Holdings Ltd.,KYW,0751,AG,6166,1,Z_ASIA_Liq3_noDETG,0
BMG8219Z1059,907444,SmarTone Telecommunications Holdings Ltd.,SMA,0315,AF,6166,1,Z_ASIA_Liq2_TG,0
BMG8403G1033,A0LGK6,Sinofert Holdings Ltd.,WCQ1,0297,AG,6166,1,Z_ASIA_Liq3_noDETG,0
BMG850801025,A1C609,Stolt Nielsen Ltd.,SN6,SNI,AZ,6166,1,Z_EU_Liq2_TG,1
BMG8540A3088,A2QEU1,Styland Holdings Ltd.,SYL,SYL,AG,6166,1,Z_noMM,0
BMG8571C2494,A2P2HQ,Suncorp Technologies Ltd.,XSH4,XSH4,AG,6166,1,Z_ASIA_Liq3_noDETG,0
BMG864081044,A1H6XC,Sylvania Platinum Ltd.,31L,31L,AL,6166,1,Z_USA_Liq3_noDETG,0
BMG8726T1053,A40R4Y,Teekay Corp.,EI5,EI5,AL,6166,1,Z_USA_Liq2_TG,0
BMG8726X1065,A40R4Z,Teekay Tankers Ltd.,S52,S52,AL,6166,1,Z_USA_Liq3_noDETG,0
BMG8770Z1068,902853,Texwinca Holdings Ltd.,TXW,0321,AG,6166,1,Z_ASIA_Liq3_noDETG,0
BMG889121031,A3C5SS,Tiziana Life Sciences Ltd.,0RP,0RP,AZ,6166,1,Z_EU_Liq2_TG,0
BMG9001E1021,A2H9HN,Liberty Latin America Ltd.,1LL,1LL,AC,6166,1,Z_USA_Liq2_TG,0
BMG9108L1735,A2P7ML,Tsakos Energy Navigation Ltd.,TK41,TK41,AZ,6166,1,Z_EU_Liq2_TG,0
BMG9156K1018,A2PNW9,'2020 Bulkers Ltd.,0FF,0FF,AC,6166,1,Z_USA_Liq2_TG,1
BMG9429S2464,A1H6LP,Wang On Group Ltd.,WON1,1222,AG,6166,1,Z_ASIA_Liq3_noDETG,0
BMG9430N1039,A12D9X,Wanda Hotel Development Co. Ltd.,CL1A,CL1A,AG,6166,1,Z_ASIA_Liq3_noDETG,0
BMG9456A1009,677102,Golar LNG Ltd.,G2O,G2O,AL,6166,1,Z_USA_Liq2_TG,1
BMG9604B1090,A14WJZ,Wuling Motors Holdings Ltd.,6LY,6LY,AF,6166,1,Z_ASIA_Liq2_TG,0
BMG9716V1000,A1C076,Wing Tai Properties Ltd.,USH,0369,AG,6166,1,Z_ASIA_Liq3_noDETG,0
BMG9829U1062,A1W69L,Xiwang Property Holdings Co. Ltd,XSA,XSA,AG,6166,0,Z_ASIA_Liq3_noDETG,0
BMG988031446,213795,Yue Yuen Industrial Holdings Ltd.,YUE1,0551,AF,6166,1,Z_ASIA_Liq2_TG,0
BMG9880L1028,A1JCUC,Yuexiu Transport Infrastructure Ltd.,GZ3,GZ3,AG,6166,1,Z_ASIA_Liq3_noDETG,0
BRBBDCACNPR8,896694,Banco Bradesco S.A.,BRE,BRE_p,AL,6166,1,Z_USA_Liq3_noDETG,0
BRBRAPACNOR5,553173,Bradespar S.A.,FXMA,BRAP,AT,6166,1,Z_USA_Liq3_noDETG,0
BRBRAPACNPR2,553159,Bradespar S.A.,FXM,BRAP_p,AD,6166,1,Z_USA_Liq3_noDETG,0
BRBRKMACNPA4,164640,Braskem S.A.,BRDA,BRKM_pa,AT,6166,1,Z_USA_Liq3_noDETG,0
BRCMIGACNPR3,899018,Companhia Energetica de Minas Gerais- CEMIG,CIDA,CMIG_p,AD,6166,1,Z_USA_Liq3_noDETG,0
BRGGBRACNPR8,909187,Gerdau S.A.,GDUB,GGBR_p,AT,6166,1,Z_USA_Liq3_noDETG,0
BRPETRACNOR9,932443,Petroleo Brasileiro S.A.,PJXC,PETR,AC,6166,1,Z_USA_Liq2_TG,1
BRPETRACNPR6,899019,Petroleo Brasileiro S.A. - Petrobras,PJXB,PETR_p,AL,6166,1,Z_USA_Liq2_TG,1
BRUSIMACNPA6,924256,Usinas Siderurgicas de Minas Gerais S.A.,U1S1,USIM_p,AD,6166,1,Z_USA_Liq3_noDETG,0
BRVALEACNOR0,897136,Vale S.A.,CVLC,VALE3,AS,6166,1,Z_USA_Liq2_TG,1
CA00036H1001,A3E1ZL,AAPKI Ventures Inc.,64Q,64Q,AL,6166,0,Z_USA_Liq3_noDETG,0
CA00089N1033,189900,ADF Group Inc.,4QM,4QM,AL,6166,1,Z_USA_Liq2_TG,0
CA0011811068,A0RPJ0,AG Growth International Inc.,7AG,7AG,AD,6166,1,Z_USA_Liq3_noDETG,0
CA00135V1094,A3EMKY,AI Artificial Intelligence Ventures Inc.,L1D,L1D,AT,6166,1,Z_USA_Liq2_TG,0
CA00143Y1034,A2QMBE,AI/ML Innovations Inc.,42FB,42FB,AT,6166,1,Z_USA_Liq2_TG,0
CA00208D4084,A1H5K1,ARC Resources Ltd.,8RC,8RC,AC,6166,1,Z_USA_Liq2_TG,0
CA00217Y1043,A3D2TT,ATS Corp.,ATO0,ATO0,AC,6166,1,Z_USA_Liq2_TG,0
CA00248Y1079,A416BY,AXO Copper Corp.,0TO,0TO,AD,6166,1,Z_USA_Liq2_TG,0
CA00258V3083,A3EGK4,Abaxx Technologies Inc.,36N,36N,AT,6166,1,Z_USA_Liq2_TG,0
CA00288E3005,862198,Abcourt Mines Inc.,AML,ABCOnb,AC,6166,1,Z_USA_Liq2_TG,0
CA00288U1066,A2QKXS,AbCellera Biologics Inc,8QQ,8QQ,AC,6166,1,Z_USA_Liq2_TG,0
CA00289A1093,A417GP,Aben Gold Corp.,ML1,ML1,AD,6166,1,Z_USA_Liq3_noDETG,0
CA00367M1086,A3EWQ3,Abitibi Metals Corp.,FW0,FW0,AL,6166,1,Z_USA_Liq2_TG,0
CA0037351073,A401ML,Abound Energy Inc.,0E9,0E9G,AD,6166,1,Z_USA_Liq3_noDETG,0
CA00379L3048,A40CV1,AbraSilver Resource Corp.,1AH,1AH,AC,6166,1,Z_USA_Liq2_TG,1
CA0042721005,A0YH82,Acadian Timber Corp.,779,779,AD,6166,1,Z_USA_Liq3_noDETG,0
CA00461M1032,A3C83E,Aclara Resources Inc.,JD1,JD1,AT,6166,1,Z_USA_Liq2_TG,0
CA00654B1040,A2QAL1,Adcore Inc.,ADQ,ADQG,AT,6166,1,Z_USA_Liq3_noDETG,0
CA00654D2095,A40CAV,Adastra Holdings Ltd.,D2E0,D2E0,AT,6166,1,Z_USA_Liq3_noDETG,0
CA0068131097,A41AGV,Adelayde Exploration Inc.,V5H,V5H,AL,6166,1,Z_USA_Liq3_noDETG,0
CA00686A1084,A3D12D,Adentra Inc.,UQ0,UQ0,AL,6166,1,Z_USA_Liq2_TG,0
CA0074082060,A40KQL,Aduro Clean Technologies Inc.,9D5,9D5,AL,6166,1,Z_USA_Liq2_TG,0
CA0076282098,A2PJ6N,Advanced Proteome Therapeutics Inc.,0E81,0E81,AL,6166,0,Z_noMM,0
CA00783T1093,A41UEQ,Aegis Critical Energy De.Corp.,JG6,JG6,AL,6166,1,Z_USA_Liq2_TG,0
CA00784W1014,A2QP8H,Adyton Resources Corp.,701,701,AG,6166,1,Z_ASIA_Liq3_noDETG,0
CA00791P1071,A3CQ6U,Advantage Energy Ltd.,9SA0,9SA0,AC,6166,1,Z_USA_Liq3_noDETG,0
CA00792D2023,A41RJV,Advanced Gold Exploration Inc.,ZF2,ZF2,AT,6166,1,Z_USA_Liq3_noDETG,0
CA00792K2065,A41X6Y,Aero Energy Ltd.,J5B,J5B,AD,6166,1,Z_USA_Liq3_noDETG,0
CA00810E2087,A41DTU,Aether Global Innovations Corp.,4XA,4XA,AD,6166,1,Z_USA_Liq3_noDETG,0
CA00830Q3061,A3DN7U,Affinor Growers Inc.,1AF0,1AF0,AL,6166,0,Z_USA_Liq3_noDETG,0
CA00830W5019,A41BLL,Africa Energy Corp.,H730,H730,AD,6166,1,Z_USA_Liq3_noDETG,0
CA00831V2057,A2DMFN,Aftermath Silver Ltd.,FLM1,FLM1,AL,6166,1,Z_USA_Liq2_TG,0
CA0084741085,860325,Agnico Eagle Mines Ltd.,AE9,AEM,AC,6166,1,Z_USA_Liq2_TG,1
CA0089118776,A12EGF,Air Canada Inc.,ADH2,ADH2,AL,6166,1,Z_USA_Liq2_TG,0
CA00900Q1037,A1JX59,Aimia Inc.,GA7,GA7,AL,6166,1,Z_USA_Liq3_noDETG,0
CA0091204036,A1H6NC,AirIQ Inc.,EPXN,EPXN,AL,6166,1,Z_USA_Liq3_noDETG,0
CA00956C1077,A3ERLJ,Aisix Solutions Inc.,QT7,QT7,AD,6166,1,Z_USA_Liq3_noDETG,0
CA00971M6018,A41ZNG,Akanda Corp.,Y231,Y231,AT,6166,1,Z_USA_Liq2_TG,0
CA0115321089,A14WBB,Alamos Gold Inc.,1AL,1ALG,AL,6166,1,Z_USA_Liq2_TG,1
CA01169F1018,A3D8PV,Alaska Energy Metals Corp.,V7F,V7F,AC,6166,1,Z_USA_Liq2_TG,0
CA01176C1095,A415SW,Alaska Silver Corp.,MK7,MK7,AD,6166,1,Z_USA_Liq2_TG,0
CA01559C1068,A41QK7,Algernon Pharmaceuticals Inc.,AGW2,AGW2,AL,6166,1,Z_USA_Liq3_noDETG,0
CA0156071049,A41UK1,Algo Grande Copper Corp.,KM00,KM00,AD,6166,1,Z_USA_Liq3_noDETG,0
CA0156581070,A3C5TF,Algoma Steel Inc.,9ZY,9ZY,AC,6166,1,Z_USA_Liq2_TG,0
CA0158571053,A0YDAV,Algonquin Power & Utilities Corp,751,751,AT,6166,1,Z_USA_Liq3_noDETG,0
CA01626P1484,A3DSL8,Alimentation Couche-Tard Inc. (Class B),CJA1,CJA1,AL,6166,1,Z_USA_Liq2_TG,0
CA01643B1067,A2N8S4,Alithya Group Inc.,0QZ,0QZ,AC,6166,1,Z_USA_Liq2_TG,0
CA01863P2070,A2QEW8,Alliance Mining Corp.,X9E1,X9E1,AL,6166,1,Z_USA_Liq3_noDETG,0
CA01921D2041,A417BV,Allied Gold Corp.,A240,A240,AD,6166,1,Z_USA_Liq2_TG,0
CA0194561027,251085,Allied Properties Real Estate Investment Trust,5G8,5G8u,AD,6166,1,Z_USA_Liq3_noDETG,0
CA0202833053,A14X2Z,Almaden Minerals Ltd.,A4E1,A4E1,AL,6166,1,Z_USA_Liq2_TG,0
CA0203987072,A414Q8,Almonty Industries Inc.,ALI1,ALI1,AB,6166,1,Z_USA_Liq1_DETG,1
CA02080J3055,A415QN,Alphagen Intelligence Corp.,G4G,G4G,AT,6166,0,Z_USA_Liq3_noDETG,0
CA02080K1049,A3DAPR,Alphabet Inc. (CDRs),ABE0,ABE0,AL,6166,1,Z_USA_Liq3_noDETG,0
CA0209361009,172912,Altius Minerals Corp.,VTM,ALST,AL,6166,1,Z_USA_Liq2_TG,0
CA0211551068,A40M0J,Alset AI Ventures Inc.,1R6,1R6,AL,6166,1,Z_USA_Liq2_TG,0
CA0213611001,A1C08S,AltaGas Ltd.,AQ3,ALAu,AT,6166,1,Z_USA_Liq2_TG,0
CA02137W2004,A2N6T0,Altair Resources Inc.,90AA,90AA,AL,6166,0,Z_USA_Liq3_noDETG,0
CA02139L1031,A2DQE7,Altamira Gold Corp.,T6UP,T6UP,AT,6166,1,Z_USA_Liq2_TG,0
CA02156R1082,A2JNFG,Altiplano Minerals Inc.,9AJ1,9AJ1,AC,6166,1,Z_USA_Liq2_TG,0
CA02157V1085,A40WDC,Altima Energy Inc.,AKC,AKC,AT,6166,0,Z_USA_Liq2_TG,0
CA02210E1016,A4165V,Altura Energy Corp.,Y020,Y020,AL,6166,1,Z_USA_Liq2_TG,0
CA02215R1073,A1H5H7,Altus Group Ltd.,53U,53U,AL,6166,0,Z_USA_Liq2_TG,0
CA02315E1051,A3DAE3,Amazon.com Inc. (CDRs),AMZ1,AMZ1q,AT,6166,1,Z_USA_Liq3_noDETG,0
CA02377G2045,A3EQAF,American Aires Inc.,A5A0,A5A0,AC,6166,1,Z_USA_Liq2_TG,0
CA0249441001,A40VTE,American Critical Minerals Corp.,2P30,2P30,AD,6166,1,Z_USA_Liq2_TG,0
CA0272592092,A2DWUX,American Lithium Corp.,5LA1,5LA1,AS,6166,1,Z_USA_Liq2_TG,1
CA0287912004,A2P26D,Amer. Pacific Mining Corp,1QC1,1QC1,AC,6166,1,Z_USA_Liq2_TG,0
CA0303381077,A40ZSR,American Tungsten Corp.,RK90,RK90,AC,6166,1,Z_USA_Liq2_TG,0
CA03062D8035,A41EY4,Americas Gold & Silver Corp.,SZ7,SZ7,AL,6166,1,Z_USA_Liq2_TG,0
CA0307471098,A41H1J,Ameriwest Critical Metals Inc.,5HV,5HV,AL,6166,1,Z_USA_Liq3_noDETG,0
CA03074G1090,548236,Amerigo Resources Ltd.,RE8,RE8,AC,6166,1,Z_USA_Liq2_TG,0
CA03090L1085,A41T8M,Americore Resources Corp.,5GP,5GP,AL,6166,1,Z_USA_Liq2_TG,0
CA03114B1022,A2DJY1,Amex Exploration Inc.,MX0,MX0,AC,6166,1,Z_USA_Liq2_TG,0
CA03169D1024,A3CNND,AmmPower Corp.,601A,601A,AT,6166,0,Z_USA_Liq2_TG,0
CA03421C1086,A416JY,Andina Copper Corp.,FIR0,ANDC,AD,6166,1,Z_USA_Liq3_noDETG,0
CA03464C2058,A41DFD,Anfield Energy Inc.,0AD,0AD10,AL,6166,1,Z_USA_Liq2_TG,0
CA03634K2020,A404JH,Anonymous Intellig.Company Inc.,1JIA,1JIA,AT,6166,1,Z_USA_Liq3_noDETG,0
CA03634T1049,A4045G,AnorTech Inc.,HR50,HR50,AL,6166,1,Z_USA_Liq3_noDETG,0
CA0369271014,A414DM,Antimony Resources Corp.,K8J0,K8J0,AC,6166,1,Z_USA_Liq2_TG,0
CA03753D1042,A40CCQ,Apex Critical Metals Corp.,KL9,KL9,AC,6166,1,Z_USA_Liq2_TG,0
CA03770A3073,A41HLP,Apollo Silver Corp.,6ZF,6ZF,AL,6166,1,Z_USA_Liq2_TG,0
CA03783P1018,A3C5JQ,Appia Rare Earths & Uran.Corp.,A0I0,A0I0,AT,6166,1,Z_USA_Liq2_TG,0
CA03835T4081,A40YEP,Aptose Biosciences Inc.,LTI0,LTI0,AC,6166,1,Z_USA_Liq2_TG,0
CA03879J1003,A14XMD,Arbutus Biopharma Corp.,I9DN,I9DN,AT,6166,1,Z_USA_Liq2_TG,0
CA03880B1040,A2PX21,Arbor Metals Corp.,432,432,AL,6166,1,Z_USA_Liq2_TG,1
CA03967T3091,A2PV9M,Arctic Star Exploration Corp.,82A2,82A2,AL,6166,0,Z_USA_Liq3_noDETG,0
CA03990E1051,A40D5E,Argo Corp.,Z6N,Z6N,AT,6166,1,Z_USA_Liq3_noDETG,0
CA0399441033,A40PRU,Argenta Silver Corp.,T1K,T1K,AD,6166,1,Z_USA_Liq2_TG,0
CA04014D2068,A12ANR,Argentum Silver Corp.,26A1,26A1,AD,6166,1,Z_USA_Liq3_noDETG,0
CA04016E2024,A2N7AW,Argentina Lithium&Energy Corp.,OAY3,OAY3,AL,6166,1,Z_USA_Liq2_TG,0
CA04016J1021,A2ASDS,Argo Gold Inc.,P3U,P3U,AD,6166,1,Z_USA_Liq3_noDETG,0
CA04031A1021,A40EAK,Argyle Resources Corp.,ME0,ME0,AL,6166,1,Z_USA_Liq2_TG,0
CA04035D1024,A1W18D,Arianne Phosphate Inc.,JE9N,JE9N,AT,6166,1,Z_USA_Liq2_TG,0
CA04040Y1097,A3DTTG,Aris Mining Corp.,ZP1,ZP1,AL,6166,1,Z_USA_Liq2_TG,0
CA04045U1021,A2AS0Y,Aritzia Inc.,280,280,AC,6166,1,Z_USA_Liq2_TG,0
CA04051N1096,A3EWF3,Arizona Gold & Silver Inc.,A9J0,A9J0,AC,6166,1,Z_USA_Liq2_TG,0
CA04058Q1054,A3C8MS,Arizona Sonoran Copper Company Inc.,H6F,H6F,AC,6166,1,Z_USA_Liq2_TG,0
CA0422791099,A40V12,Armory Mining Corp.,2JS,2JS,AT,6166,1,Z_USA_Liq2_TG,0
CA04336A1049,A3DVMC,Arway Corp.,E65,E65,AD,6166,1,Z_USA_Liq3_noDETG,0
CA04341X1078,A1JUY6,Asante Gold Corp.,1A9,1A9,AC,6166,1,Z_USA_Liq2_TG,0
CA04368A2048,A41748,ASEP Medical Holdings Inc.,JJ80,JJ80,AL,6166,1,Z_USA_Liq3_noDETG,0
CA04624P1027,A2AUFP,Aston Bay Holding Ltd.,6AY,6AY,AL,6166,1,Z_USA_Liq3_noDETG,0
CA0467894006,866126,ATCO Ltd.,8A6,ACOX,AL,6166,1,Z_USA_Liq2_TG,0
CA0468241082,A3DP94,Atha Energy Corp.,X5U,X5U,AL,6166,1,Z_USA_Liq2_TG,0
CA04682R1073,A1JYFM,Athabasca Oil Corp.,ATI,ATIO,AL,6166,1,Z_USA_Liq2_TG,1
CA0475591099,A1JVJW,Atico Mining Corp.,9AO,9AO,AC,6166,1,Z_USA_Liq2_TG,0
CA04764T1049,A40787,AtkinsRealis Group Inc.,LAV0,LAV0,AT,6166,1,Z_USA_Liq2_TG,0
CA0489241046,A41AYC,Atlas Energy Corp.,D0X,D0X,AD,6166,1,Z_USA_Liq3_noDETG,0
CA04952E2087,A3D36L,Atmofizer Technologies Inc.,J3KA,J3KA,AL,6166,0,Z_USA_Liq3_noDETG,0
CA05156F1071,A1H6VS,Aurion Resources Ltd.,8RA,AU,AC,6166,1,Z_USA_Liq2_TG,0
CA05156V1022,A1W7D4,Aurinia Pharmaceuticals Inc.,IKAP,IKAP,AL,6166,1,Z_USA_Liq2_TG,0
CA05156X8504,A4ZZ0W,Aurora Cannabis Inc.,21P,21P,AL,6166,1,Z_USA_Liq2_TG,1
CA05157F1062,A3DSXF,Auric Minerals Corp.,QJ4,QJ4,AL,6166,1,Z_USA_Liq2_TG,1
CA05207J1084,A14T2F,Aurora Solar Technologies Inc.,A82,A82,AD,6166,1,Z_USA_Liq3_noDETG,0
CA0521041065,A3DLDG,Auscan Resources Inc.,J0Z,J0Z,AL,6166,1,Z_noMM,0
CA05223F1062,A3C8QA,Austin Gold Corp.,V0F,V0F,AC,6166,1,Z_USA_Liq2_TG,0
CA05277B2093,A1C43V,AutoCanada Inc.,31K,31K,AT,6166,1,Z_USA_Liq3_noDETG,0
CA05334L1094,A2H6MQ,Auxico Resources Canada Inc.,A0H,A0H,AL,6166,0,Z_USA_Liq3_noDETG,0
CA05335P1099,A2JNSX,Auxly Cannabis Group Inc.,3KF,3KF,AL,6166,1,Z_USA_Liq2_TG,0
CA05337L3048,A3CMVB,Avalon Advanced Materials Inc.,OU5A,OU5A,AL,6166,1,Z_USA_Liq2_TG,0
CA05351M2040,A14SVX,Avarone Metals Inc.,W2U1,W2U1,AL,6166,0,Z_USA_Liq3_noDETG,0
CA05352C1068,A3ECT4,Avanti Gold Corp.,X370,X370,AD,6166,1,Z_USA_Liq2_TG,0
CA05353D2023,A40MKU,Avant Brands Inc.,1BU,1BU,AD,6166,1,Z_USA_Liq3_noDETG,0
CA05358H1091,A418SP,Aventis Energy Inc.,C0O0,C0O0,AD,6166,1,Z_USA_Liq2_TG,0
CA05368K1003,A2PN04,Avicanna Inc.,0NN,0NN,AT,6166,1,Z_USA_Liq3_noDETG,0
CA0539061030,862191,Avino Silver & Gold Mines Ltd.,GV6,GV6,AC,6166,1,Z_USA_Liq2_TG,0
CA05453A2074,A2QJTH,Avrupa Minerals Ltd.,8AMA,8AMA,AL,6166,1,Z_USA_Liq3_noDETG,0
CA05466C1095,A2QAQY,Aya Gold & Silver Inc.,0HE1,0HEG,AL,6166,1,Z_USA_Liq2_TG,0
CA05475P1099,A2QPFE,Ayr Wellness Inc.,3KJB,3KJB,AD,6166,0,Z_USA_Liq3_noDETG,0
CA05476A1012,A3ET06,Ayurcann Holdings Corp.,3ZQ0,3ZQ0,AT,6166,0,Z_USA_Liq3_noDETG,0
CA05478T3064,A41WZY,Azincourt Energy Corp.,A0U0,A0U0,AD,6166,1,Z_USA_Liq3_noDETG,0
CA0548271000,A2DRF0,Aztec Minerals Corp.,AZ3,AZ3,AL,6166,1,Z_USA_Liq2_TG,0
CA05534B7604,A0J3LN,BCE Inc.,BCE1,BCE,AL,6166,1,Z_USA_Liq2_TG,1
CA0556402059,A2PFBZ,BQE Water Inc.,UL5A,UL5A,AD,6166,1,Z_USA_Liq3_noDETG,0
CA05577W2004,A1WZCD,BRP Inc.,B15A,B15A,AL,6166,1,Z_USA_Liq2_TG,0
CA0558691014,A3D4V9,BTQ Technologies Corp.,NG3,NG3G,AS,6166,1,Z_USA_Liq2_TG,1
CA0585861085,A0RENB,Ballard Power Systems Inc.,PO0,BLD,AS,6166,1,Z_USA_Liq2_TG,1
CA0636711016,850386,Bank of Montreal,BZZ,BMO,AS,6166,1,Z_USA_Liq2_TG,1
CA0641491075,850388,The Bank of Nova Scotia,BKN,BNS,AL,6166,1,Z_USA_Liq2_TG,1
CA06683K1066,A1T64A,Banyan Gold Corp.,BAJ,BAJG,AT,6166,1,Z_USA_Liq2_TG,0
CA06766T1075,A2P1AL,Barksdale Resources Corp.,2NZ,2NZ,AL,6166,1,Z_USA_Liq3_noDETG,0
CA06833H1029,A2QN57,Barranco Gold Mining Corp.,314,314,AT,6166,1,Z_USA_Liq2_TG,0
CA06849F1080,A417GQ,Barrick Mining Corp.,ABR0,ABR0,AL,6166,1,Z_USA_Liq1_DETG,1
CA0704902067,A118WH,Bactech Environmental Corp.,0BT1,0BT1,AD,6166,1,Z_USA_Liq3_noDETG,0
CA0705051021,A1C4G7,Batero Gold Corp.,68B,BAT,AL,6166,0,Z_USA_Liq3_noDETG,0
CA07135M3021,A41RJF,Battery X Metals Inc.,5YW0,5YW0,AT,6166,1,Z_USA_Liq2_TG,0
CA0717051076,A3DLMS,Bausch + Lomb Corp.,S2L,S2L,AC,6166,1,Z_USA_Liq2_TG,0
CA0717341071,A2JQ1X,Bausch Health Companies Inc.,BVF,BVF,AL,6166,1,Z_USA_Liq2_TG,0
CA07278W1095,A1XA1U,Bayhorse Silver Inc.,7KXN,7KXN,AD,6166,1,Z_USA_Liq2_TG,0
CA0728191051,A114QX,Baylin Technologies Inc.,5BT,5BT,AT,6166,1,Z_USA_Liq3_noDETG,0
CA07309M2031,A41GP4,Bayridge Resources Corp.,O0K0,O0K0,AD,6166,1,Z_USA_Liq2_TG,0
CA07317Q1054,A1H5TA,Baytex Energy Corp.,B5X,BTE,AC,6166,1,Z_USA_Liq2_TG,0
CA07568L1022,A4113W,Becketts Inc.,T270,T270,AL,6166,1,Z_USA_Liq3_noDETG,0
CA0762301012,A3DZER,Bedford Metals Corp.,O8D,O8D,AC,6166,1,Z_USA_Liq2_TG,1
CA0765881028,A14WDZ,Bee Vectroring Technologies International Inc.,1UR1,1UR1,AT,6166,0,Z_USA_Liq3_noDETG,0
CA07785T2011,A2QQTL,Belgravia Hartford Capital Inc.,ECA,ECA,AD,6166,1,Z_USA_Liq2_TG,0
CA0804995029,A2PLWB,Belmont Resources Inc.,L3L2,L3L2,AL,6166,1,Z_USA_Liq3_noDETG,0
CA0805581091,A1C129,Belo Sun Mining Corp.,VE7,VE7,AL,6166,1,Z_USA_Liq3_noDETG,0
CA08345Q2080,A2DVM5,Benz Mining Corp.,1VU,1VU,AT,6166,1,Z_USA_Liq2_TG,0
CA08772P2026,A2P7XN,Betterlife Pharma Inc.,NPAU,NPAU,AD,6166,1,Z_USA_Liq3_noDETG,0
CA08772W3066,A41TT6,Bettermoo(d) Food Corporation,0I5,0I5,AD,6166,1,Z_USA_Liq2_TG,0
CA0886691066,A3DLW3,Beyond Oil Ltd.,UH9,UH9,AL,6166,1,Z_USA_Liq2_TG,0
CA0889361097,A422S9,Big Bear Gold Corp.,OUH,OUH,AT,6166,1,-,0
CA0898041086,A2PS9W,BIGG Digital Assets Inc.,7111,7111,AL,6166,1,Z_USA_Liq2_TG,1
CA0906971035,A0LAT0,Birchcliff Energy Ltd.,39B,BIR,AC,6166,1,Z_USA_Liq2_TG,0
CA09073K1084,A12EKB,Biomark Diagnostics Inc.,20B,20B,AD,6166,1,Z_USA_Liq3_noDETG,0
CA09075M1023,A2N690,Biome Grow Inc.,6OTA,6OTA,AL,6166,0,Z_USA_Liq3_noDETG,0
CA09076J2074,A40C6G,BioHarvest Sciences Inc.,8MV0,8MV0,AL,6166,1,Z_USA_Liq3_noDETG,0
CA09076M2004,A41C58,BioVaxys Technology Corp.,5LB0,5LB0,AD,6166,1,Z_USA_Liq3_noDETG,0
CA09076P1045,A1H5DX,Bird Construction Inc.,6LT,6LT,AC,6166,1,Z_USA_Liq2_TG,0
CA09088U1093,A1W6EZ,Birks Group Inc.,2BG,2BG,AT,6166,1,Z_USA_Liq2_TG,0
CA0909741062,A3D1K3,BioNxt Solutions Inc.,BXT,BXT,AB,6166,1,Z_USA_Liq1_DETG,0
CA09173B1076,A2PMY9,Bitfarms Ltd.,1B2,1B2,AL,6166,1,Z_USA_Liq2_TG,1
CA09175G1046,A2QMAG,The Bitcoin Fund,7T9,7T9u,AL,6166,1,Z_USA_Liq3_noDETG,0
CA09175U1030,A41BDL,Bitcoin Treasury Corporation,D2R,D2R,AL,6166,1,Z_USA_Liq2_TG,0
CA09202D2077,A0YGD0,Black Diamond Group Ltd.,8B8,8B8,AL,6166,1,Z_USA_Liq3_noDETG,0
CA09214V1040,A1H8W5,Black Iron Inc.,BIN,BLIR,AL,6166,1,Z_USA_Liq2_TG,0
CA09225Q1028,A41VGK,Black Spruce Exploration Inc.,S4A,S4AG,AD,6166,1,Z_USA_Liq3_noDETG,0
CA09226M2094,A40YVE,Black Swan Graphene Inc.,R960,R960,AC,6166,1,Z_USA_Liq2_TG,0
CA09228F1036,A1W2YK,BlackBerry Ltd.,RI1,RIM,AL,6166,1,Z_USA_Liq2_TG,1
CA09237D2068,A41X7C,Blackhawk Growth Corp.,91I,91I,AD,6166,1,Z_USA_Liq3_noDETG,0
CA09261Q1072,A2QQ2S,Blackrock Silver Corp.,AHZ0,AHZ0,AC,6166,1,Z_USA_Liq2_TG,0
CA09352R1055,A2QKT9,Blende Silver Corp.,BCW1,BCW1,AT,6166,1,Z_USA_Liq3_noDETG,0
CA09353K3073,A3DMEJ,Blender Bites Ltd.,JL4,JL4,AL,6166,0,Z_USA_Liq3_noDETG,0
CA09369M1077,A2JM5R,BlockchainK2 Corp.,KRL2,KRL2,AC,6166,1,Z_USA_Liq2_TG,0
CA09523F1053,A41BDM,Blue Ant Media Corp.,9P60,9P60,AL,6166,1,Z_USA_Liq2_TG,0
CA09564P1036,A2PNJ8,Blue Lagoon Resources Inc.,7BL,7BL,AC,6166,1,Z_USA_Liq2_TG,0
CA09570Q5095,A413T9,Blue Moon Metals Inc.,8SX0,8SX0,AD,6166,1,Z_USA_Liq3_noDETG,0
CA0960495079,A12GAR,Blue Sky Uranium Corp.,MAL2,MAL2,AT,6166,1,Z_USA_Liq2_TG,0
CA09607B2021,A3CRGD,Blue Star Gold Corp.,5WP0,5WP0,AD,6166,1,Z_USA_Liq3_noDETG,0
CA09609Y1016,A2PD5T,Blueberries Medical Corp.,1OA,1OA,AL,6166,1,Z_USA_Liq3_noDETG,0
CA09643M1059,A401NM,BluSky Carbon Inc.,QE4,QE4,AL,6166,0,Z_USA_Liq2_TG,0
CA0976924047,A41PGU,Bolt Metals Corp.,646,646,AL,6166,1,Z_USA_Liq3_noDETG,0
CA0977518616,A3DMJG,Bombardier Inc.,BBDC,BBDCG,AL,6166,1,Z_USA_Liq2_TG,1
CA0977518798,A3DMVH,Bombardier Inc.,BBD,BBDG,AD,6166,1,Z_USA_Liq3_noDETG,0
CA09852X7018,A2N8S8,BonTerra Resources Inc.,9BR2,9BR2,AC,6166,1,Z_USA_Liq2_TG,0
CA0985461049,A0YGEJ,Bonterra Energy Corp.,QNC1,BNE,AC,6166,1,Z_USA_Liq2_TG,0
CA0994031072,A3CQ38,Boosh Plant-Based Brands Inc.,77I,77I,AL,6166,0,Z_USA_Liq3_noDETG,0
CA09950M3003,189946,Boralex Inc.,B3H,BLXa,AC,6166,1,Z_USA_Liq2_TG,0
CA09972D1069,A40C3B,Borealis Mining Co. Ltd.,L4B0,L4B0,AL,6166,1,Z_USA_Liq2_TG,0
CA1048333068,A3CMSP,Bragg Gaming Group Inc.,SL4,SL4,AC,6166,1,Z_USA_Liq2_TG,0
CA1053241073,A40FP4,BrandPilot AI Inc.,8LH0,8LH0,AD,6166,1,Z_USA_Liq3_noDETG,0
CA10553N1096,A41E9G,Brasnova Energy Materials Inc.,DYD,DYDG,AD,6166,1,Z_USA_Liq3_noDETG,0
CA10567D3031,A425BV,Bravada Gold Corp.,BRT,BRT1,AL,6166,1,Z_USA_Liq3_noDETG,0
CA1057361026,A3CPBM,Braxia Scientific Corp.,4960,4960G,AL,6166,0,Z_USA_Liq3_noDETG,0
CA11120Q7084,A423P0,Brixton Metals Corp.,8BX,8BX,AC,6166,1,Z_USA_Liq3_noDETG,0
CA11222U1021,A3E303,Brompton Energy Split Corp.,7SC,7SC,AL,6166,1,Z_USA_Liq3_noDETG,0
CA11259V1067,A3DGQ5,Brookfield Business Corporation,C6E,C6EG,AL,6166,1,Z_USA_Liq2_TG,0
CA11271J1075,A3D3EV,Brookfield Corp.,K7X,K7X,AS,6166,1,Z_USA_Liq2_TG,1
CA11276H1064,A40WAH,Brookfield Infrastructure Corp.,RG5,RG5G,AL,6166,1,Z_USA_Liq2_TG,0
CA11285B1085,A40WAG,Brookfield Renewable Corp.,D09,D09,AT,6166,1,Z_USA_Liq2_TG,0
CA1130041058,A3D2W7,Brookfield Asset Management Ltd.,RW5,RW5,AC,6166,1,Z_USA_Liq2_TG,0
CA1170881041,A2QEGP,Brunswick Exploration Inc.,1XQ,1XQ,AD,6166,1,Z_USA_Liq3_noDETG,0
CA11777Q2099,A0M889,B2Gold Corp.,5BG,BTOC,AC,6166,1,Z_USA_Liq2_TG,1
CA1208313009,A412WU,Burcon Nutrascience Corp.,BNE0,BNE0,AD,6166,1,Z_USA_Liq2_TG,0
CA1247651088,854167,CAE Inc.,CE9,CAE,AC,6166,1,Z_USA_Liq2_TG,0
CA1249003098,869653,CCL Industries Inc.,1C9,CCLb,AC,6166,1,Z_USA_Liq2_TG,0
CA12507V1040,A2DTDR,CBLT Inc.,1GN,1GN,AT,6166,1,Z_USA_Liq3_noDETG,0
CA12510R1082,A2QH96,CDN Maverick Capital Corp.,338B,338B,AC,6166,1,Z_USA_Liq2_TG,0
CA12532H1047,A2PDWM,CGI Inc.,CJ5A,CJ5A,AC,6166,1,Z_USA_Liq2_TG,0
CA1254055066,A1W2NW,CGX Energy Inc.,GXCN,GXCN,AT,6166,1,Z_USA_Liq3_noDETG,0
CA1266321084,A2ASKP,CVR Medical Corp.,B3BN,B3BN,AL,6166,0,Z_USA_Liq3_noDETG,0
CA1271061022,A2JC8S,Cabral Gold Inc.,C3J,C3J,AL,6166,1,Z_USA_Liq2_TG,0
CA12715T3055,A2P8B2,Cache Exploration Inc.,BCX,BCXG,AL,6166,0,Z_noMM,0
CA1295844056,A2QE6Z,Calfrac Well Services Ltd.,5CFA,5CFA,AC,6166,1,Z_USA_Liq2_TG,0
CA1320631080,A422L6,Cambria Gold Mines Inc.,BHQ2,BHQ2,AD,6166,1,Z_EU_Liq3_noDETG,0
CA13321L1085,882017,Cameco Corp.,CJ6,CCO,AS,6166,1,Z_USA_Liq2_TG,1
CA1348011091,A0B6V4,Canaccord Genuity Group Inc.,C6U,C6U,AD,6166,1,Z_USA_Liq3_noDETG,0
CA1348083025,A3D38F,Canacol Energy Ltd.,3B6,3B6,AC,6166,0,Z_USA_Liq2_TG,0
CA1348281025,A1J5XH,Canada Carbon Inc.,U7N1,U7N1,AL,6166,0,Z_USA_Liq3_noDETG,0
CA1350861060,A2DM00,Canada Goose Holdings Inc.,1GC,1GC,AC,6166,1,Z_USA_Liq2_TG,0
CA13515Q1037,A2P0XC,Canada Nickel Co Inc.,4E0,4E0,AC,6166,1,Z_USA_Liq2_TG,0
CA1352081063,A1KCYZ,Canada Rare Earth Corp.,P4XA,P4XA,AL,6166,0,Z_USA_Liq3_noDETG,0
CA13561D1050,A3D4CX,Canadian Critical Minerals Inc.,N6K,N6K,AL,6166,1,Z_USA_Liq3_noDETG,0
CA1358702027,A3C9SK,Canadian GoldCamps Corp.,A68,A68,AL,6166,1,Z_USA_Liq3_noDETG,0
CA1358711010,A41X5U,European Electric Metals Inc.,3TI,3TIB,AL,6166,1,Z_USA_Liq3_noDETG,0
CA1360691010,850576,Canadian Imperial Bank of Commerce,CAI,CM,AS,6166,1,Z_USA_Liq2_TG,1
CA1363751027,897879,Canadian National Railway Co.,CY2,CNR,AS,6166,1,Z_USA_Liq2_TG,1
CA1363851017,865114,Canadian Natural Resources Ltd.,CRC,CNQ,AS,6166,1,Z_USA_Liq2_TG,1
CA1364271017,A3DJ9P,Canadian North Resources Inc.,EO0,EO0,AD,6166,1,Z_USA_Liq3_noDETG,0
CA13646K1084,A3D9ZG,Canadian Pacific Kansas City Ltd.,X88,X88,AC,6166,1,Z_USA_Liq2_TG,1
CA1366351098,A0LCUY,Canadian Solar Inc.,L5A,L5A,AL,6166,1,Z_USA_Liq2_TG,1
CA1366812024,858397,Canadian Tire Corporation Ltd.,YAAA,CTIRa,AC,6166,1,Z_USA_Liq2_TG,0
CA1367178326,868439,Canadian Utilities Ltd.,CUD,CU,AT,6166,1,Z_USA_Liq2_TG,0
CA1368421014,A2QJQ8,Canagold Resources Ltd.,CANA,CANAG,AL,6166,1,Z_USA_Liq2_TG,0
CA13709C1005,A3EVZ1,CanAlaska Uranium Ltd.,DH7,DH7,AL,6166,1,Z_USA_Liq2_TG,0
CA1372241010,A40HWJ,Canary Gold Corp.,K5D,K5D,AC,6166,1,Z_USA_Liq2_TG,0
CA13723D1006,A0H088,Canasil Resources Inc.,3CC,CLZC,AL,6166,0,Z_USA_Liq3_noDETG,0
CA13740E1079,A3EKUB,Cancambria Energy Corp.,4JH,4JH,AD,6166,1,Z_USA_Liq2_TG,0
CA1375761048,A0J328,Canfor Corp.,NKC,CFP,AC,6166,1,Z_USA_Liq2_TG,0
CA1375842079,A1H5K0,Canfor Pulp Products Inc.,8CP,8CP,AL,6166,1,Z_USA_Liq3_noDETG,0
CA1376392090,A0RD5D,Canlan Ice Sports Corp.,QV5,QV5,AL,6166,1,Z_USA_Liq3_noDETG,0
CA13765L1013,A12AEY,Cannabix Technologies Inc.,8CT,8CTG,AT,6166,1,Z_USA_Liq2_TG,0
CA13765U2002,A3D495,Cannara Biotech Inc.,8CB0,8CB0,AL,6166,1,Z_USA_Liq3_noDETG,0
CA13765Y1034,A3EV8J,Cannabist Company Holdings Inc,VW5,VW5,AC,6166,1,Z_USA_Liq2_TG,0
CA1380357048,A3E2FV,Canopy Growth Corp.,11L,11L,AC,6166,1,A_TradeRebel_HG3US,1
CA1380503070,A40Z0W,Camino Minerals Corp.,XC0,XC0,AL,6166,1,Z_USA_Liq3_noDETG,0
CA13810W2013,A41FV5,Canter Resources Corp.,6O10,6O10,AD,6166,1,Z_USA_Liq3_noDETG,0
CA1389095029,A41V6H,Canuc Resources Corp.,C8S,C8S,AL,6166,1,Z_USA_Liq3_noDETG,0
CA14042M1023,A0RP0Y,Capital Power Corp.,2CP,2CP,AL,6166,1,Z_USA_Liq2_TG,0
CA14071L1085,A3DH8D,Capstone Copper Corp.,OUW0,OUW0,AT,6166,1,Z_USA_Liq2_TG,0
CA14075H3018,A408DM,Captor Capital Corp.,NMV,NMV,AT,6166,1,Z_USA_Liq3_noDETG,0
CA14109M1023,A40757,Carbon Done Right Developments Inc.,Q1C0,Q1C0,AD,6166,0,Z_USA_Liq3_noDETG,0
CA14116K4046,A3C5SU,Carbon Streaming Corp.,M2Q,M2Q,AC,6166,1,Z_USA_Liq2_TG,1
CA14150G4007,A1W950,Cardinal Energy Ltd.,C0Y,C0Y,AC,6166,1,Z_USA_Liq2_TG,0
CA14161Y2006,A2PA9E,Cardiol Therapeutics Inc.,CT9,CT9,AL,6166,1,Z_USA_Liq2_TG,0
CA14173C1059,A2P7XT,CareRx Corp.,29C1,29C1,AD,6166,1,Z_USA_Liq3_noDETG,0
CA14179V5036,A2PKMF,Cargojet Inc.,CJ8A,CJ8A,AL,6166,1,Z_USA_Liq2_TG,0
CA14307R2000,A3DWE7,Carlyle Commodities Corp.,BJ4,BJ4,AT,6166,1,Z_USA_Liq3_noDETG,0
CA1467721082,A0M056,Cartier Resources Inc.,6CA,ECRC,AC,6166,1,Z_USA_Liq2_TG,0
CA14677R1038,A3D1KE,Cartier Silver Corp.,2CI0,2CI0,AD,6166,1,Z_USA_Liq3_noDETG,0
CA1469001053,910859,Cascades Inc.,CS6,CS6,AT,6166,1,Z_USA_Liq3_noDETG,0
CA1469261004,A3EHTM,Cascadia Minerals Ltd.,F6G,F6G,AT,6166,1,Z_USA_Liq3_noDETG,0
CA14712X1078,A2N8AG,Casa Minerals Inc.,0CM,0CM,AL,6166,1,Z_USA_Liq3_noDETG,0
CA1482391069,A2QEUG,Cassiar Gold Corp.,756,756,AL,6166,1,Z_USA_Liq2_TG,0
CA14875E1025,A2PED2,CAT Strategic Metals Corp.,8CHA,8CHA,AL,6166,1,Z_USA_Liq3_noDETG,0
CA14919F3051,A41L41,Cathedra Bitcoin Inc.,FB00,FB00,AL,6166,1,Z_USA_Liq2_TG,0
CA15101Q2071,A406LU,Celestica Inc.,CTW0,CTW0,AC,6166,1,Z_USA_Liq2_TG,1
CA15135U1093,A0YD8C,Cenovus Energy Inc.,CXD,CVE,AL,6166,1,Z_USA_Liq2_TG,1
CA15138B3065,A3D2TR,Centaurus Energy Inc.,72M0,72M0,AL,6166,0,Z_USA_Liq3_noDETG,0
CA1520061021,A0B6PD,Centerra Gold Inc.,GOU,GOU,AC,6166,1,Z_USA_Liq2_TG,0
CA15234A4000,A40UMC,CENTR Brands Corp.,3030,3030G,AD,6166,1,Z_USA_Liq3_noDETG,0
CA15643T7015,A41PGV,Centurion Minerals Ltd.,XJC0,XJC0,AL,6166,1,Z_USA_Liq3_noDETG,0
CA1566151066,A3D6HZ,Century Lithium Corp.,C1Z,C1Z,AT,6166,1,Z_USA_Liq2_TG,0
CA1567881018,A2QQRF,Cerrado Gold Inc.,BAI0,BAI0,AD,6166,1,Z_USA_Liq2_TG,0
CA1568281051,A2N7XK,Cerro de Pasco Resources Inc.,N8HP,N8HP,AL,6166,1,Z_USA_Liq2_TG,0
CA15713J1049,A2DY1M,CES Energy Solutions Corp.,7C4,7C4,AC,6166,1,Z_USA_Liq2_TG,0
CA15722J1030,A2DJ44,Ceylon Graphite Corp.,CCY,CCY1,AL,6166,0,Z_USA_Liq3_noDETG,0
CA15748D2059,A412JP,Chakana Copper Corp.,1ZX0,1ZX0,AD,6166,1,Z_USA_Liq3_noDETG,0
CA16106R1091,A2N434,Charlottes Web Holdings Inc.,6CW,6CW,AD,6166,1,Z_USA_Liq3_noDETG,0
CA1621631094,A2DMKW,Chatham Rock Phosphate Ltd.,3GRE,3GRE,AL,6166,1,Z_USA_Liq3_noDETG,0
CA1651841027,692606,Chesapeake Gold Corp.,CKG,CKG,AC,6166,1,Z_USA_Liq2_TG,0
CA1671012039,A2ALV4,Chibougamau Independent Mines Inc.,CLL1,CLL1,AD,6166,1,Z_USA_Liq3_noDETG,0
CA16890P1036,A1C1KW,China Gold Intl Res Corp. Ltd.,JI3,CGG,AL,6166,1,Z_USA_Liq2_TG,0
CA17039A1066,A1W5Z8,Choice Properties REIT,6HC,6HC,AD,6166,1,Z_USA_Liq2_TG,0
CA17104U1021,A2QEGJ,Christina Lake Cannabis Corp.,CLB,CLBG,AL,6166,1,Z_USA_Liq3_noDETG,0
CA17178G3026,A3E28S,Cielo Waste Solutions Corp.,C360,C360,AL,6166,1,Z_USA_Liq3_noDETG,0
CA1724541000,A1H5KZ,Cineplex Inc.,CX0,CX0,AT,6166,1,Z_USA_Liq2_TG,0
CA17253X1050,A0B85L,Cipher Pharmaceuticals Inc.,PHE,DND,AD,6166,1,Z_USA_Liq3_noDETG,0
CA17878Y2078,A2QJBW,Civeo Corp.,44C1,44C1,AL,6166,1,Z_USA_Liq2_TG,0
CA17989L1022,A3E4MS,Clara Technologies Corp.,4BH,4BH,AL,6166,1,Z_USA_Liq2_TG,0
CA18066R1038,A3D3LG,Clarity Metals Corp.,27G0,27G0,AC,6166,1,Z_USA_Liq2_TG,0
CA18274C1041,A2QBS6,Class 1 Nickel and Technologies Ltd.,77C,77C,AD,6166,1,Z_USA_Liq3_noDETG,0
CA18453A1012,A40RA4,Cleantech Vanadium Mining Corp.,C9R,C9R,AT,6166,1,Z_USA_Liq2_TG,0
CA18453C4048,A414LQ,Clear Blue Technologies Inc.,0YA0,0YA0,AD,6166,1,Z_USA_Liq3_noDETG,0
CA18453D3031,A3D361,CleanGo Innovations Inc.,APO,APO2,AT,6166,1,Z_USA_Liq3_noDETG,0
CA18453N1033,A3EEHV,CleanTech Power Corp.,E43,E43,AL,6166,0,Z_USA_Liq3_noDETG,0
CA19238T1003,887047,Cogeco Inc.,76E,76E,AD,6166,1,Z_USA_Liq3_noDETG,0
CA19239C1068,A2ADTM,Cogeco Communications Inc.,COG,COCG,AC,6166,1,Z_USA_Liq2_TG,0
CA1939291060,A3D8WJ,Collective Metals Inc.,TO1,TO1,AC,6166,1,Z_USA_Liq2_TG,0
CA19425C1005,A3C88F,Collective Mining Ltd.,GG1,GG1G,AC,6166,1,Z_USA_Liq2_TG,0
CA1946931070,A14UB1,Colliers International Group Inc.,FSV,FSVG,AL,6166,1,Z_USA_Liq2_TG,0
CA1956151098,A1C8BM,Colonial Coal International Corp.,COX,COXG,AL,6166,1,Z_USA_Liq3_noDETG,0
CA2059531020,A40RA7,Conavi Medical Inc.,YU1,YU1,AL,6166,1,Z_USA_Liq3_noDETG,0
CA20676A1084,A3DPZ1,Condor Energies Inc.,WQ6,WQ6,AC,6166,1,Z_USA_Liq2_TG,0
CA2073241044,A1W3HW,Conifex Timber Inc.,5CA,5CA,AT,6166,1,Z_USA_Liq3_noDETG,0
CA2094161064,A3ENPV,Consol.Lithium Metals Inc.,Z36,Z36,AD,6166,1,Z_USA_Liq3_noDETG,0
CA21037X1006,A0JM27,Constellation Software Inc.,W9C,CSU,AL,6166,1,Z_USA_Liq2_TG,1
CA2172051039,A2QB3Y,CopAur Minerals Inc.,RFC4,RFC4,AC,6166,1,Z_USA_Liq2_TG,0
CA21749Q1046,A0HNEG,Copper Fox Metals Inc.,HPU,CUU,AC,6166,1,Z_USA_Liq2_TG,0
CA21750C1014,A4170P,Copper Giant Resources Corp.,29H0,29H0,AL,6166,1,Z_USA_Liq2_TG,1
CA21750Y1034,A12CEW,Copper Lake Resources Ltd.,W0I,WTC,AT,6166,1,Z_USA_Liq3_noDETG,0
CA2175231091,A40ZSP,Copper Quest Exploration,3MX0,3MX0,AL,6166,1,Z_USA_Liq2_TG,0
CA21852Q6022,A2QQNZ,Cordoba Minerals Corp.,7C6A,7C6A,AT,6166,1,Z_USA_Liq2_TG,0
CA21873Y1051,A41A19,Core Silver Corp.,8ZR,8ZR,AT,6166,1,Z_USA_Liq2_TG,0
CA2208741017,925798,Corus Entertainment Inc.,9CO,CJR,AD,6166,1,Z_USA_Liq3_noDETG,0
CA22112H1010,A40J1L,COSCIENS Biopharma Inc.,ET8,ET8,AD,6166,1,Z_USA_Liq3_noDETG,0
CA22113C1014,A3DJYJ,Cosa Resources Corp.,SSKU,SSKU,AL,6166,1,Z_USA_Liq3_noDETG,0
CA2241301043,A3DAAH,Craftport Cannabis Corp.,BBW0,BBW0,AL,6166,0,Z_USA_Liq3_noDETG,0
CA22535J1066,A40NJZ,Credissential Inc.,9YZ,9YZ,AC,6166,1,Z_USA_Liq2_TG,0
CA22587M1068,A2PAHM,Cresco Labs Inc.,6CQ,6CQ,AS,6166,1,Z_USA_Liq2_TG,1
CA2267401081,A3D7R8,Critical Infrastructure Technologies Ltd.,X9V,X9V,AT,6166,1,Z_USA_Liq2_TG,0
CA22674C1023,A40XVF,Critical One Energy Inc.,4EF,4EF,AL,6166,1,Z_USA_Liq3_noDETG,0
CA22675G2018,A414LR,Critical Resources Ltd.,DV4,DV4,AL,6166,1,Z_USA_Liq3_noDETG,0
CA22675W1077,A1H7ZM,Critical Elements Corp.,F12,EFGC,AC,6166,1,Z_USA_Liq2_TG,0
CA22717L1013,A2DMQY,Cronos Group Inc.,7CI,7CI,AC,6166,1,Z_USA_Liq3_noDETG,0
CA22888A2074,A40YSN,Cruz Battery Metals Corp.,BR01,BR01,AT,6166,1,Z_USA_Liq3_noDETG,0
CA23003L2012,A421FF,Cullinan Metals Corp.,7KO0,7KO0,AC,6166,1,Z_USA_Liq3_noDETG,0
CA2302664057,A41FPQ,CULT Food Science Corp.,LN0,LN0,AC,6166,1,Z_USA_Liq2_TG,0
CA23249F1099,A3DTZW,Cybeats Technologies Corp.,P4T,P4T,AT,6166,1,Z_USA_Liq3_noDETG,0
CA23249L1067,A41D8S,CVW Sustainable Royalties Inc.,TMD,TMDG,AD,6166,1,Z_USA_Liq3_noDETG,0
CA23250C2013,A40K3M,CyberCatch Holdings Inc.,D0K,D0K,AT,6166,1,Z_USA_Liq2_TG,0
CA23256X4075,A40NJY,Cybin Inc.,R7E,R7E,AL,6166,1,Z_USA_Liq2_TG,0
CA23267C3012,A40SY8,Cypher Metaverse Inc.,C5B0,C5B0,AT,6166,0,Z_USA_Liq3_noDETG,0
CA2328211081,A4ZZ0X,Cytophage Technologies Ltd.,70G,70G,AD,6166,1,Z_USA_Liq3_noDETG,0
CA23343T2039,A40MGD,DGTL Holdings Inc.,D0G0,D0G0,AL,6166,0,Z_USA_Liq3_noDETG,0
CA23345B2003,A2JD2F,DMG Blockchain Solutions Inc.,6AX,6AX,AL,6166,1,Z_USA_Liq2_TG,0
CA23346F1018,A3EGMN,D2 Lithium Corp.,C2U,C2UG,AD,6166,1,Z_USA_Liq3_noDETG,0
CA23347H1064,A4205L,DRC Gold Corp.,5AT0,5AT0,AT,6166,1,Z_USA_Liq2_TG,0
CA2435731021,A2QCTP,Decklar Resources Inc.,A1U1,A1U1,AL,6166,0,Z_USA_Liq3_noDETG,0
CA2446331035,A2PBZ4,Defense Metals Corp.,35D,35D,AT,6166,1,Z_USA_Liq2_TG,0
CA24463V1013,A3CN14,Defence Therapeutics Inc.,DTC,DTCG,AL,6166,1,Z_USA_Liq2_TG,0
CA2447672080,A1JQW5,Defiance Silver Corp.,D4E,D4E,AL,6166,1,Z_USA_Liq2_TG,0
CA2447781063,A41BTD,DEFSEC Technologies Inc.,62U2,62U2,AT,6166,1,Z_USA_Liq2_TG,0
CA24477T1003,A3C8KQ,Definity Financial Corp.,XR6,XR6,AD,6166,1,Z_USA_Liq3_noDETG,0
CA24477V1058,A420P3,Definium Therapeutics Inc,MMQ0,MMQ0,AT,6166,1,Z_USA_Liq3_noDETG,0
CA2449161025,A3EQD5,DeFi Technologies Inc.,R9B,R9B,AC,6166,1,Z_USA_Liq2_TG,1
CA24703H2019,A41141,Delivra Health Brands Inc.,3F0,3F0,AL,6166,1,Z_USA_Liq3_noDETG,0
CA2482332079,A3DZ0P,Denarius Metals Corp.,T7C0,T7C0,AT,6166,1,Z_USA_Liq3_noDETG,0
CA2483561072,A0LFYS,Denison Mines Corp.,IUQ,DMLC,AC,6166,1,Z_USA_Liq2_TG,1
CA2499061083,913612,The Descartes Systems Group Inc.,DC2,DSGX,AL,6166,1,Z_USA_Liq2_TG,0
CA25039N4084,A14X09,Desert Gold Ventures Inc.,QXR2,QXR2,AL,6166,1,Z_USA_Liq2_TG,0
CA25043D1078,A2JHVK,Desert Mountain Energy Corp.,QM01,QM01,AC,6166,1,Z_USA_Liq2_TG,1
CA2525312070,A0LFF0,Diamcor Mining Inc.,DC3A,DMI,AD,6166,0,Z_USA_Liq3_noDETG,0
CA25380B1022,A412K2,Digi Power X Inc.,1NQ0,1NQ0,AL,6166,1,Z_USA_Liq2_TG,0
CA25384L1067,A41LVA,Digital Commodities Corp.,W041,W041,AL,6166,1,Z_USA_Liq2_TG,0
CA25401P1062,A41APL,Digital Asset Technologies Inc.,9880,9880G,AD,6166,1,Z_USA_Liq3_noDETG,0
CA2546771072,A3CM15,Discovery Silver Corp.,1CU0,1CU0,AT,6166,1,Z_USA_Liq2_TG,0
CA25472R1064,A415F7,Discovery Energy Metals Corp.,Q3Q,Q3Q,AC,6166,1,Z_USA_Liq3_noDETG,0
CA2548481043,A2PNZJ,District Metals Corp.,DFPP,DFPP,AL,6166,1,Z_USA_Liq2_TG,0
CA25484L2049,A3CSP4,District Copper Corp.,22Q0,22Q0,AD,6166,1,Z_USA_Liq3_noDETG,0
CA25490H1064,A1XB7R,Dirtt Environment Solutions Ltd.,D13,D13,AD,6166,1,Z_USA_Liq3_noDETG,0
CA2553311002,A12C65,Diversified Royalty Corp.,BEW,BEWG,AL,6166,1,Z_USA_Liq2_TG,0
CA25537R1091,A0YD0W,Dividend 15 Split Corp.,641,641,AD,6166,1,Z_USA_Liq3_noDETG,0
CA25537Y1043,A1C6X2,Dividend Growth Split Corp.,74G,74G,AD,6166,1,Z_USA_Liq3_noDETG,0
CA25552L2012,A2PX0Y,Dixie Gold Inc.,2YCA,2YCA,AL,6166,1,Z_USA_Liq3_noDETG,0
CA25609L1058,A2PQ7E,Docebo Inc.,061,061,AL,6166,1,Z_USA_Liq2_TG,0
CA25675T1075,A0YCBU,Dollarama Inc.,DR3,DOLI,AC,6166,1,Z_USA_Liq2_TG,0
CA2568277834,A415A0,Dolly Varden Silver Corp.,DVQ,DVQ,AC,6166,1,Z_USA_Liq2_TG,0
CA2569191018,A414WF,Domestic Metals Corp.,03E0,03E0,AL,6166,1,Z_USA_Liq3_noDETG,0
CA25822C2058,914262,Dorel Industries Inc.,DO4B,DIIb,AL,6166,1,Z_USA_Liq2_TG,0
CA25862T1003,A1W038,Doubleview Capital Corp.,1D4,1D4,AC,6166,0,Z_USA_Liq2_TG,0
CA26139R1091,A41G6R,DPM Metals Inc.,DPU0,DPU0,AD,6166,1,Z_USA_Liq2_TG,0
CA26142Q3044,A40LPP,Draganfly Inc.,3U8,3U8,AL,6166,1,Z_USA_Liq2_TG,0
CA26153M5072,A2P8CM,DREAM Unlimited Corp.,50DA,50DA,AL,6166,1,Z_USA_Liq3_noDETG,0
CA2649011095,882839,Dundee Corp.,1DUA,1DUA,AL,6166,1,Z_USA_Liq3_noDETG,0
CA26780A1084,A1KBAV,Dynacert Inc.,DMJ,DMJ,AL,6166,1,Z_USA_Liq2_TG,0
CA26780B1067,A3DQFF,Dynacor Group Inc.,OA5,OA5,AT,6166,1,Z_USA_Liq2_TG,0
CA26806J1093,A40X2S,Dynamite Blockchain Corp.,EVB,EVB,AC,6166,1,Z_USA_Liq2_TG,0
CA2681322061,A2DW87,Dynasty Gold Corp.,D5G1,D5G1,AD,6166,1,Z_USA_Liq3_noDETG,0
CA26829L1076,A2ASKH,ECN Capital Corp.,2EZ,2EZ,AL,6166,1,Z_USA_Liq2_TG,0
CA2684692023,A3DMEG,EGF Theramed Health Corp.,AUH,AUHG,AD,6166,1,Z_USA_Liq3_noDETG,0
CA2684931033,A3DV5X,EGR Exploration Ltd.,Z0R,Z0R,AL,6166,1,Z_USA_Liq3_noDETG,0
CA26885W1041,A2AN4D,E-Play Digital Inc.,2NY2,2NY2,AL,6166,0,Z_USA_Liq3_noDETG,0
CA26886R1047,A3DKEK,EQB Inc.,V22,V22,AL,6166,1,Z_USA_Liq3_noDETG,0
CA26925V1085,A3DNDT,E3 Lithium Ltd.,OW3,OW3,AD,6166,1,Z_USA_Liq2_TG,0
CA2692641079,A3D4AB,EV Minerals Corp.,RLC,RLCG,AL,6166,0,Z_USA_Liq3_noDETG,0
CA27033V1058,A3EDEA,Earthwise Minerals Corp.,966,966,AL,6166,1,Z_USA_Liq3_noDETG,0
CA2704101039,A1T79H,East Africa Metals Inc.,EA1,EA1,AL,6166,1,Z_USA_Liq2_TG,0
CA2752551077,A3DMNC,East Side Games Group Inc.,BL1,BL1,AL,6166,1,Z_USA_Liq3_noDETG,0
CA27580W1005,A41H97,East West Minerals Ltd.,37A0,37A0,AD,6166,1,Z_USA_Liq3_noDETG,0
CA2768555096,A118RL,Eastern Platinum Ltd.,E9P1,E9P1,AL,6166,1,Z_USA_Liq3_noDETG,0
CA27786T1093,A3C14J,Eat Well Investment Group Inc.,6BC0,6BC0,AL,6166,0,Z_USA_Liq3_noDETG,0
CA27887T1075,A1JEGL,Eco Oro Minerals Corp.,GQQ,GQQ,AD,6166,1,Z_USA_Liq3_noDETG,0
CA27887W1005,A1JVA8,Eco (Atlantic) Oil & Gas Ltd.,EOI,EOIG,AL,6166,1,Z_USA_Liq2_TG,0
CA27923D1087,A1JDK2,EcoSynthetix Inc.,0Y8,0Y8,AD,6166,1,Z_USA_Liq3_noDETG,0
CA2798741013,A3DHXK,Edge Total Intelligence Inc.,Q5I,Q5I,AC,6166,1,Z_USA_Liq2_TG,0
CA28008L2057,A3D72F,Edgemont Gold Corp.,EG80,EG80,AD,6166,0,Z_USA_Liq3_noDETG,0
CA2803591007,A1JS29,Edgewater Wireless Systems Inc.,E14,E14,AT,6166,1,Z_USA_Liq3_noDETG,0
CA28103Q2080,A3ERKL,Edison Lithium Corp.,VV0,VV0,AD,6166,1,Z_USA_Liq3_noDETG,0
CA2823655014,A415SU,Eguana Technologies Inc.,S2K,S2K,AD,6166,1,Z_USA_Liq3_noDETG,0
CA2844452029,A40CV2,Elcora Advanced Materials Corp.,ELM0,ELM0,AD,6166,1,Z_USA_Liq3_noDETG,0
CA28474P7065,A40YSL,Electra Battery Materials Corp.,18P0,18P0,AL,6166,1,Z_USA_Liq2_TG,0
CA2849025093,A2PA9H,Eldorado Gold Corp. Ltd.,ELO1,ELO1,AS,6166,1,Z_USA_Liq2_TG,1
CA28616D1087,A401HN,Electrum Discovery Corp.,R8N,R8N,AT,6166,1,Z_USA_Liq3_noDETG,0
CA28617B6061,A3EEZC,Electrovaya Inc.,4EV0,4EV0,AL,6166,1,Z_USA_Liq2_TG,0
CA2861812014,A1JYQL,Element Fleet Management Corp.,61F,61F,AD,6166,1,Z_USA_Liq2_TG,0
CA28619A2002,A3EX7N,Element79 Gold Corp.,7YS0,7YS0,AD,6166,1,Z_USA_Liq3_noDETG,0
CA28620K1066,A41MPU,Elemental Royalty Corp,A980,A980,AL,6166,1,Z_USA_Liq2_TG,0
CA2899003008,A12C1E,Eloro Resources Ltd.,P2QM,P2QM,AC,6166,1,Z_USA_Liq2_TG,0
CA2902575000,A41NV7,Else Nutrition Holding Inc.,0YL0,0YL0,AL,6166,1,Z_USA_Liq3_noDETG,0
CA2907371058,A14WT4,Elysee Development Corp.,QLDN,QLDN,AT,6166,1,Z_USA_Liq3_noDETG,0
CA2908761018,918088,Emera Inc.,C61,C61,AL,6166,1,Z_USA_Liq2_TG,0
CA29102L4064,A2PKVQ,Emerita Resources Corp.,LLJA,LLJA,AL,6166,1,Z_USA_Liq2_TG,0
CA2918434077,889201,Empire Company Limited,C15,EMPa,AD,6166,1,Z_USA_Liq2_TG,0
CA2924541055,A2P862,Empress Royalty Corp.,53G,53G,AT,6166,1,Z_USA_Liq2_TG,0
CA29250N1050,885427,Enbridge Inc.,EN3,ENBD,AC,6166,1,Z_USA_Liq2_TG,1
CA29258Y1034,A0DJ0N,Endeavour Silver Corp.,EJD,EJD,AC,6166,1,Z_USA_Liq2_TG,1
CA29259W7008,A3DLRK,EnCore Energy Corp.,6TU,6TU,AC,6166,1,Z_USA_Liq2_TG,0
CA2926717083,A1W757,Energy Fuels Inc.,VO51,VO51,AL,6166,1,Z_USA_Liq2_TG,1
CA29267M1086,A0MX2P,Endurance Gold Corp.,3EG,3EG,AC,6166,1,Z_USA_Liq2_TG,0
CA29269R1055,A1JBLZ,Enerflex Ltd.,7EX,7EX,AL,6166,1,Z_USA_Liq2_TG,0
CA29279W3003,A3E4HU,Enduro Metals Corp.,SOG0,SOG0,AD,6166,1,Z_USA_Liq3_noDETG,0
CA29286E2024,A3EEVJ,Engineer Gold Mines Ltd.,9EG0,9EG0,AT,6166,1,Z_USA_Liq3_noDETG,0
CA2929491041,A0BK31,Enghouse Systems Ltd.,3E4,3E4,AT,6166,1,Z_USA_Liq2_TG,0
CA29373A3038,A14V2B,Enterprise Group Inc.,3EO1,3EO1,AT,6166,1,Z_USA_Liq3_noDETG,0
CA29383X2023,A404YT,Entheon Biomedical Corp.,1XU,1XU,AD,6166,0,Z_USA_Liq3_noDETG,0
CA29384J1030,A2DRUU,Entree Resources Ltd.,2EE,2EE,AL,6166,1,Z_USA_Liq3_noDETG,0
CA29385B1094,A2PRK5,Enthusiast Gaming Holdings Inc.,2AV,2AV,AL,6166,1,Z_USA_Liq2_TG,0
CA29408C1005,A3CU5T,EnviroGold Global Ltd.,YGK,YGK,AL,6166,1,Z_USA_Liq3_noDETG,0
CA29408D1087,A3CWQJ,EnviroMetal Technologies Inc.,7N20,7N20,AL,6166,1,Z_USA_Liq3_noDETG,0
CA29410K1084,A0JMA0,EnWave Corporation,E4U,ENW,AL,6166,1,Z_USA_Liq2_TG,0
CA29446Y5020,A2PQPG,Equinox Gold Corp.,1LRC,1LRC,AC,6166,1,Z_USA_Liq2_TG,1
CA29472E1079,A2PR0W,Equity Metals Corp.,EGSD,EGSD,AD,6166,1,Z_USA_Liq3_noDETG,0
CA29480N4049,A41D8Q,Erdene Resource Development Corp.,E8K,E8K,AL,6166,1,Z_USA_Liq2_TG,0
CA2960061091,A2H5RW,Ero Copper Corp.,E0B,E0B,AT,6166,1,Z_USA_Liq2_TG,0
CA2964371066,A0YDPM,Eskay Mining Corp.,KN7,KN7,AT,6166,1,Z_USA_Liq2_TG,0
CA29643L2049,A3ET93,ESGold Corp.,Z7D,Z7D,AD,6166,1,Z_USA_Liq3_noDETG,0
CA29787F1045,A2PBYG,Etruscus Resources Corp.,ERR,ERR,AL,6166,1,Z_USA_Liq3_noDETG,0
CA29842P1053,A3EGRS,Eupraxia Pharmaceuticals Inc.,X43,X43,AL,6166,1,Z_USA_Liq3_noDETG,0
CA2985962067,A40FFM,Eureka Lithium Corp.,S58,S58,AL,6166,1,Z_USA_Liq2_TG,0
CA29872L2066,A2ARP6,Euro Sun Mining Inc.,OL11,OL11,AT,6166,1,Z_USA_Liq2_TG,0
CA29872T2092,A412JN,Euro Manganese Inc.,E060,E060,AD,6166,1,Z_USA_Liq3_noDETG,0
CA3001447067,A41HAC,Evergold Corp.,5EG0,5EG0,AD,6166,1,Z_USA_Liq3_noDETG,0
CA30041N1078,A0J3SP,Evertz Technologies Ltd.,74E,74E,AL,6166,1,Z_USA_Liq3_noDETG,0
CA30042G1019,A3DW4W,Lingo Media Corp.,VB6,VB6,AD,6166,1,Z_USA_Liq3_noDETG,0
CA30069C8016,A2QEQZ,Excellon Resources Inc.,E4X2,E4X2,AD,6166,1,Z_USA_Liq2_TG,0
CA3012831077,A1C30Q,Exchange Income Corp.,0ON,0ON,AC,6166,1,Z_USA_Liq2_TG,0
CA30151G1081,A2H7ZK,Exeblock Technology Corp.,1DF,1DF,AD,6166,0,Z_USA_Liq3_noDETG,0
CA30222R1091,A2DWXY,Exro Technologies Inc.,1O2,1O2,AD,6166,0,Z_noMM,0
CA30224T8639,A1JZ4L,Extendicare Inc.,5XE,5XE,AT,6166,1,Z_USA_Liq3_noDETG,0
CA3025911023,A2DYUW,FPX Nickel Corp.,FP5,FP5,AT,6166,1,Z_USA_Liq2_TG,0
CA30317M4039,A3D60C,Fabled Silver Gold Corp.,7NQ,7NQ,AL,6166,0,Z_noMM,0
CA30336Y1079,A40KCK,F3 Uranium Corp.,GL7,GL7,AT,6166,1,Z_USA_Liq2_TG,0
CA3039011026,899676,Fairfax Financial Holdings Ltd.,FFX,FFHC,AC,6166,1,Z_USA_Liq2_TG,1
CA3060442074,A2AQC6,Falcon Gold Corp.,3FA,3FA,AD,6166,1,Z_USA_Liq3_noDETG,0
CA30606C1086,A1187J,Falco Resources Ltd.,8FP,8FP,AL,6166,1,Z_USA_Liq3_noDETG,0
CA3073571034,A3DK5Q,Faraday Copper Corp.,9CM0,9CM0,AL,6166,1,Z_USA_Liq2_TG,0
CA31200N2014,A3CQYW,Fathom Nickel Inc.,6Q5,6Q5,AC,6166,1,Z_USA_Liq2_TG,0
CA3144602057,A41EBX,FendX Technologies Inc.,E8D0,E8D0,AT,6166,1,Z_USA_Liq2_TG,0
CA31447M1077,A2P5AC,FenixOro Gold Corp.,8FD,8FD,AL,6166,0,Z_USA_Liq3_noDETG,0
CA31447P1009,A12A5F,Fennec Pharmaceuticals Inc.,RV41,RV41,AD,6166,1,Z_USA_Liq3_noDETG,0
CA31788W1023,A2ADY5,Fineqia International Inc.,FNQA,FNQA,AL,6166,1,Z_USA_Liq3_noDETG,0
CA3180714048,885970,Finning International Inc.,CIH,FTT,AC,6166,1,Z_USA_Liq2_TG,0
CA3180931014,A0CBF9,Firan Technology Group Corp.,22F,22F,AD,6166,1,Z_USA_Liq3_noDETG,0
CA31810H1073,A2DWUY,Fintech Select Ltd.,Z1S1,Z1S1,AL,6166,1,Z_USA_Liq3_noDETG,0
CA31833F1045,A3DQAX,Fireweed Metals Corp.,M0G,M0G,AC,6166,1,Z_USA_Liq2_TG,0
CA3186411078,A40A1R,First Atlantic Nickel Corp.,P21,P21,AL,6166,1,Z_USA_Liq2_TG,0
CA3186491005,A424Z6,First Atlas Resources Corp.,0NB0,0NB0G,AL,6166,1,Z_USA_Liq3_noDETG,0
CA31866G1028,A40AEC,First Andes Silver Ltd.,9TZ0,9TZ0,AT,6166,1,Z_USA_Liq3_noDETG,0
CA32050C1059,A3CVMX,First Helium Inc.,2MC,2MC,AC,6166,1,Z_USA_Liq2_TG,0
CA32057N1042,A3C40W,First Hydrogen Corp.,FIT,FITG,AS,6166,1,Z_USA_Liq2_TG,1
CA32072L1094,A3DQXP,First Lithium Minerals Corp.,X28,X28,AD,6166,1,Z_USA_Liq3_noDETG,0
CA32076V1031,A0LHKJ,First Majestic Silver Corp.,FMV,FR,AB,6166,1,Z_USA_Liq1_DETG,1
CA3208901064,A2JBPS,First Mining Gold Corp.,FMG,FMGG,AT,6166,1,Z_USA_Liq2_TG,0
CA3359341052,904604,First Quantum Minerals Ltd.,IZ1,FM,AC,6166,1,Z_USA_Liq2_TG,0
CA33611D1033,A3DQCH,First Phosphate Corp.,KD0,KD0,AT,6166,1,Z_USA_Liq2_TG,0
CA33716L1094,A3CQ8N,First Tellurium Corp.,G1J,G1J,AL,6166,1,Z_USA_Liq3_noDETG,0
CA33767E2024,A2PKR4,Firstservice Corp.,1GIA,1GIA,AL,6166,1,Z_USA_Liq2_TG,0
CA33827E1016,A4018K,Fitzroy Minerals Inc.,C3Y,C3Y,AC,6166,1,Z_USA_Liq2_TG,0
CA33833X1015,A0NAH2,5N Plus Inc.,EMB,VNP,AC,6166,1,Z_USA_Liq2_TG,0
CA34416E8743,A3DM8G,Focus Graphite Inc.,FKC0,FKC0,AC,6166,1,Z_USA_Liq2_TG,0
CA34416F1036,A3CRV9,FOBI AI Inc.,WMV,WMV,AL,6166,0,Z_USA_Liq3_noDETG,0
CA3442041024,A2QA4S,Fokus Mining Corp.,F7E1,F7E1,AD,6166,1,Z_USA_Liq3_noDETG,0
CA3449112018,A1C09C,Foran Mining Corp.,48M,48M,AT,6166,1,Z_USA_Liq2_TG,0
CA34547F1053,A40Z8P,Foremost Clean Energy Ltd.,F0R,F0R,AL,6166,1,Z_USA_Liq2_TG,0
CA34630Q1090,A40AT2,Forge Resources Corp.,5YZ,5YZ,AT,6166,1,Z_USA_Liq2_TG,0
CA34638F1053,A3D492,Formation Metals Inc.,VF1,VF1,AL,6166,1,Z_USA_Liq3_noDETG,0
CA34660G1046,A0ETPA,Forsys Metals Corp.,F2T,FSY,AC,6166,1,Z_USA_Liq2_TG,1
CA3495531079,881347,Fortis Inc.,12F,FTSI,AL,6166,1,Z_USA_Liq2_TG,1
CA34964F1099,A2ANHN,Fortune Bay Corp.,5QN,5QN,AD,6166,1,Z_USA_Liq3_noDETG,0
CA34967D1015,A0CAFV,Fortune Minerals Ltd.,FMP,FT,AL,6166,0,Z_USA_Liq3_noDETG,0
CA3499421020,A40CFY,Fortuna Mining Corp.,F4S0,F4S0,AL,6166,1,Z_USA_Liq2_TG,1
CA3505901056,A2QQ1W,Founders Metals Inc.,9DL0,9DL0,AL,6166,1,Z_USA_Liq3_noDETG,0
CA3518581051,A0M8PX,Franco-Nevada Corp.,3FO,FNV,AL,6166,1,Z_USA_Liq2_TG,1
CA3564552048,A1C4K0,Freegold Ventures Ltd.,FR4N,ITF,AC,6166,1,Z_USA_Liq2_TG,0
CA3565001086,A1H5MJ,Freehold Royalties Ltd.,1FH,1FH,AT,6166,1,Z_USA_Liq2_TG,0
CA35658P1053,A2P5AE,Freeman Gold Corp.,3WU,3WU,AS,6166,1,Z_USA_Liq2_TG,1
CA3567773005,A2P4MY,Freeport Resources Inc.,4XH,4XH,AL,6166,1,Z_USA_Liq2_TG,0
CA35905B1076,A2DY0J,Frontera Energy Corp,3PY3,3PY3,AL,6166,1,Z_USA_Liq2_TG,0
CA35910P1099,A2ANKZ,Frontier Lithium Inc.,HL2,HL2,AC,6166,1,Z_USA_Liq2_TG,0
CA35954F1080,A2QN66,FuelPositive Corp.,ZM7A,ZM7A,AL,6166,1,Z_USA_Liq3_noDETG,0
CA36112C2013,A40CZG,Fuse Battery Metals Inc.,43W0,43W0,AD,6166,0,Z_USA_Liq3_noDETG,0
CA3611551043,A41GSB,Future Mineral Resources Inc.,14S0,14S0G,AL,6166,1,Z_USA_Liq3_noDETG,0
CA36117T1003,A2QFEP,Fury Gold Mines Ltd.,AUN1,AUN1,AL,6166,1,Z_USA_Liq2_TG,0
CA36118K1084,A40TUW,Future Fuels Inc.,S0J,S0J,AT,6166,1,Z_USA_Liq2_TG,0
CA3613332061,A3EMCW,G6 Materials Corp.,G310,G310,AL,6166,0,Z_USA_Liq3_noDETG,0
CA36165F1018,A2DWM1,GFG Resources Inc.,2GQ,2GQ,AT,6166,1,Z_USA_Liq2_TG,0
CA36168Q1046,A2PUD4,GFL Environmental Inc.,36E,36E,AC,6166,1,Z_USA_Liq2_TG,0
CA36171K2011,A2PL8X,GGX Gold Corp.,3SR,3SR,AT,6166,1,Z_USA_Liq3_noDETG,0
CA3617932015,A0YD90,GLG Life Tech Corp.,9LTN,GLGL,AL,6166,0,Z_USA_Liq3_noDETG,0
CA3619705021,A40YYV,Gabriel Resources Ltd.,GRZ0,GRZ0,AT,6166,1,Z_EU_Liq2_TG,0
CA36249G1090,A2PBYX,GSP Resource Corp.,0YD,0YD,AL,6166,1,Z_USA_Liq3_noDETG,0
CA36254S1056,A401ND,GT Resources Inc.,7N1,7N1,AC,6166,1,Z_USA_Liq2_TG,0
CA36258E1025,A2PX5N,GR Silver Mining Ltd.,GPE,GPE,AL,6166,1,Z_USA_Liq2_TG,0
CA36270K1021,A40HNQ,G Mining Ventures Corp,W97,W97,AL,6166,1,Z_USA_Liq2_TG,0
CA36315W3012,A2P2T6,Galantas Gold Corp.,G2V2,G2V2,AD,6166,0,Z_USA_Liq3_noDETG,0
CA36352H1001,A2P381,Galiano Gold Inc.,B7U,B7U,AT,6166,1,Z_USA_Liq2_TG,0
CA3660441054,A0H1JD,Garibaldi Resources Corp.,RQM,RQM,AL,6166,1,Z_USA_Liq3_noDETG,0
CA36734X1042,A14WLB,GateKeeper Systems Inc.,1GK,1GK,AL,6166,1,Z_USA_Liq2_TG,0
CA36854R2000,A420P8,Gelum Resources Ltd.,7UA0,7UA0,AL,6166,1,Z_USA_Liq3_noDETG,0
CA36942L1085,A3DH88,General Copper Gold Corp.,7S50,7S50,AD,6166,1,Z_USA_Liq3_noDETG,0
CA37149B1094,A2LQ0W,Generation Mining Ltd.,9GN,9GN,AT,6166,1,Z_USA_Liq2_TG,0
CA37149M2040,A3ECUE,Generative AI Solutions Corp,N8T,N8T,AT,6166,0,Z_USA_Liq2_TG,0
CA37150L1031,A4016D,Generation Uranium Inc.,W85,W85,AL,6166,1,Z_USA_Liq3_noDETG,0
CA3719572008,A413WM,Genesis AI Corp.,7JY,7JY,AL,6166,1,Z_USA_Liq2_TG,0
CA37252X1042,A1W1X0,Gensource Potash Corp,UGN,UGN,AL,6166,1,Z_USA_Liq3_noDETG,0
CA37254G1090,A2QQBC,Geologica Resource Corp.,862,862,AL,6166,0,Z_USA_Liq3_noDETG,0
CA37405C1068,A414TA,Germanium Mining Corp.,YW0,YW0,AL,6166,1,Z_USA_Liq2_TG,0
CA37427C2094,A2N7RK,Getchell Gold Corp.,GGA1,GGA1,AL,6166,1,Z_USA_Liq2_TG,0
CA37452L1085,A409DM,Giant Mining Corp.,YW5,YW5,AL,6166,1,Z_USA_Liq2_TG,1
CA3748252069,A1JJ49,Gibson Energy Inc.,8GB,8GB,AC,6166,1,Z_USA_Liq2_TG,0
CA37518K1021,A2DWUW,Giga Metals Corp.,BRR2,BRR2,AL,6166,1,Z_USA_Liq2_TG,0
CA3759161035,915121,Gildan Activewear Inc.,VGA,GIL,AC,6166,1,Z_USA_Liq2_TG,0
CA37637H1055,A2DUU8,Giyani Metals Corp.,KT9,KT9,AD,6166,1,Z_USA_Liq3_noDETG,0
CA37653W1014,A3D6HK,Gladiator Metals Corp.,ZX7,ZX7,AL,6166,1,Z_USA_Liq3_noDETG,0
CA3771304068,A3CTYR,Glass House Brands Inc.,4KF0,4KF0,AD,6166,1,Z_USA_Liq3_noDETG,0
CA37888C1023,A3E4VP,Glenstar Minerals Inc.,VO20,VO20,AD,6166,1,Z_USA_Liq2_TG,0
CA37893J1003,A41W87,Global Power Solutions Corp.,NJA,NJA,AD,6166,1,Z_USA_Liq3_noDETG,0
CA37895W1095,A412UK,Global Tactical Metals Corp.  Registered Shares o.N.,A7F,A7F,AL,6166,1,Z_USA_Liq3_noDETG,0
CA3794333037,A3CSRJ,Global UAV Technologies Ltd.,YAB,YAB,AD,6166,1,Z_USA_Liq3_noDETG,0
CA37953Y2033,A3EWGJ,Global Hemp Group Inc.,GHG0,GHG0,AD,6166,0,Z_USA_Liq3_noDETG,0
CA37956H1082,A2DUV6,Global Li-Ion Graphite Corp.,0TD,0TD,AL,6166,1,Z_USA_Liq3_noDETG,0
CA37957M1068,A2JAQL,Global Atomic Corp.,G12,G12,AS,6166,1,Z_USA_Liq2_TG,1
CA37958K2083,A4131E,Global Battery Metals Ltd.,REZ0,REZ0,AD,6166,1,Z_USA_Liq3_noDETG,0
CA37958W3012,A3DMEH,Global Health Clinics Ltd.,L00,L00,AL,6166,1,Z_USA_Liq3_noDETG,0
CA37960T1066,A3DP6A,Global Compliance Applications,TK6,TK6,AT,6166,1,Z_USA_Liq3_noDETG,0
CA37962L1013,A4098M,Global Uranium Corp.,Q3J,Q3J,AC,6166,1,Z_USA_Liq2_TG,1
CA37989H1091,A2QRFS,Glow Lifetech Corp.,9DO,9DO,AL,6166,1,Z_USA_Liq3_noDETG,0
CA3799005093,A1H735,Globex Mining Enterprises Inc.,G1MN,G1MN,AC,6166,1,Z_USA_Liq2_TG,0
CA38018L3011,A423P1,Go Metals Corp.,47G,47G,AD,6166,1,Z_USA_Liq3_noDETG,1
CA38021J2020,A3ERHR,GOAT Industries Ltd.,26B,26B,AL,6166,1,Z_USA_Liq3_noDETG,0
CA3803551074,A140JD,Goeasy Ltd.,1ES,1ES,AC,6166,1,Z_USA_Liq2_TG,0
CA38045Y1025,A1JAES,GoGold Resources Inc.,GGD,GGD,AC,6166,1,Z_USA_Liq2_TG,0
CA38047D1069,A3DW5B,Golconda Gold Ltd.,Y87,Y87,AD,6166,1,Z_USA_Liq2_TG,0
CA3806011043,A2QPAL,Gold Hunter Resources Inc.,6RH,6RH,AC,6166,1,Z_USA_Liq2_TG,0
CA38065C6009,A41ZQD,Gold'n Futures Mineral Corp.,G6M0,G6M0,AL,6166,1,-,0
CA3807211006,A2PUW9,Gold Springs Resource Corp.,SS7A,SS7A,AD,6166,1,Z_USA_Liq3_noDETG,0
CA38074C1041,A41K84,Gold Strike Resources Corp.,S3D0,S3D0,AD,6166,0,Z_USA_Liq3_noDETG,0
CA38076F1053,A2P0BS,Gold Terra Resource Corp.,TX0,TX0,AL,6166,1,Z_USA_Liq3_noDETG,0
CA38076G1037,A41GPN,Gold X2 Mining Inc.,DF8,DF8,AT,6166,1,Z_USA_Liq2_TG,0
CA38080W1023,A2DSQD,Golden Arrow Resources Corp.,G6A,G6A,AD,6166,1,Z_USA_Liq3_noDETG,0
CA3810592038,A3EJA7,Golden Goliath Resources Ltd.,GGZA,GGZA,AT,6166,1,Z_USA_Liq3_noDETG,0
CA38116T2065,A2P4ZZ,Golden Ridge Resources Ltd.,44GG,44GG,AL,6166,1,Z_USA_Liq3_noDETG,0
CA38120R6005,A416MD,Golden Shield Resources Inc.,4LE,4LE,AD,6166,1,Z_USA_Liq3_noDETG,0
CA38141A4046,A3DWU4,Goldgroup Mining Inc.,55G0,55G0,AD,6166,1,Z_USA_Liq2_TG,0
CA38144C1005,A0B7D8,GoldQuest Mining Corp.,M1W,GQC,AC,6166,1,Z_USA_Liq2_TG,0
CA3814951008,A41XQ1,Goldsky Resources Corp.,HEG0,HEG0,AT,6166,0,A_Aktien_ (keine Taxen),0
CA38149E1016,A2DHZ0,GoldMining Inc.,BSR,BSRG,AS,6166,1,Z_USA_Liq2_TG,1
CA38149V3011,A40QNN,GoldHaven Resources Corp.,4QS,4QS,AD,6166,1,Z_USA_Liq3_noDETG,0
CA38171A2092,A2P063,Goliath Resources Ltd.,B4IF,B4IF,AC,6166,1,Z_USA_Liq2_TG,0
CA38217M1005,A2H9NH,Goodfood Market Corp.,76O,76O,AD,6166,1,Z_USA_Liq3_noDETG,0
CA3834151068,904435,Gossan Resources Ltd.,GSR,GSR,AD,6166,1,Z_USA_Liq3_noDETG,0
CA38503H2037,A2G9M7,Granada Gold Mine Inc.,B6DA,B6DA,AT,6166,1,Z_USA_Liq3_noDETG,0
CA38655P2017,A2AEV5,Grande Portage Ltd.,GPB,GPBG,AL,6166,1,Z_USA_Liq2_TG,0
CA38867G2053,A3C9RQ,Graphano Energy Ltd.,97G0,97G0,AD,6166,1,Z_USA_Liq2_TG,0
CA38871F1027,A2PFXE,Graphite One Resources Inc.,2JCA,2JCA,AT,6166,1,Z_USA_Liq2_TG,0
CA38900X2077,A2PWQP,Gratomic Inc.,CB82,CB82,AL,6166,0,Z_USA_Liq3_noDETG,0
CA38940L3048,A41TSD,Graycliff Exploration Ltd.,GE0,GE0,AL,6166,1,Z_USA_Liq3_noDETG,0
CA3900873025,A2PM23,Great Atlantic Resources Corp.,PH02,PH02,AD,6166,1,Z_USA_Liq2_TG,0
CA39115B1058,A41XBB,Great Pacific Gold Corp.,0B3,0B3,AD,6166,1,Z_USA_Liq2_TG,0
CA39138C1068,871177,Great-West Lifeco Inc.,GWS,GWO,AC,6166,1,Z_USA_Liq2_TG,0
CA3929211025,A3EW4S,Green Bridge Metals Corp.,J48,J48,AC,6166,1,Z_USA_Liq2_TG,0
CA39306L1022,A3CRDA,Green Impact Partners Inc,04B,04B,AL,6166,0,Z_USA_Liq3_noDETG,0
CA3933801001,A3DT77,Green Shift Commodities Ltd.,7WV,7WV,AD,6166,1,Z_USA_Liq3_noDETG,0
CA39342L1085,A2JN3P,Bayswater Uranium Corp.,R9U2,R9U2,AC,6166,1,Z_USA_Liq3_noDETG,0
CA3935762029,A1W8UJ,Greenbank Capital Inc.,2TL,2TL,AL,6166,0,Z_USA_Liq3_noDETG,0
CA3949191041,A3EXGV,Greenridge Exploration Inc.,HW3,HW3,AC,6166,1,Z_USA_Liq2_TG,1
CA3953251038,A3C4CZ,Greenland Resources Inc.,M0LY,M0LY,AC,6166,1,Z_USA_Liq2_TG,0
CA3953321096,A2PW90,Greenlane Renewables Inc.,52G,52G,AC,6166,1,Z_USA_Liq2_TG,0
CA39540E4013,A41G8H,GreenPower Motor Co. Inc.,GRT,GRTG,AL,6166,0,Z_USA_Liq2_TG,0
CA39540L1085,A3C7AX,Greenrise Global Brands Inc.,C4T,C4T,AT,6166,1,Z_USA_Liq3_noDETG,0
CA3980841033,A3D9SM,Grid Battery Metals Inc.,W47,W47,AL,6166,1,Z_USA_Liq3_noDETG,0
CA39868L1022,A40SG5,Grit Metals Corp.,K9T,K9T,AT,6166,1,Z_USA_Liq3_noDETG,0
CA3986921037,A0F46Y,Grizzly Discoveries Inc.,G6H,G6H,AL,6166,1,Z_USA_Liq3_noDETG,0
CA39943T1049,A3DVB1,Grounded People Apparel Inc.,K1G,K1G,AD,6166,0,Z_USA_Liq3_noDETG,0
CA40054T3055,A40XR2,G2 Energy Corp.,B4O0,B4O0,AL,6166,0,Z_USA_Liq3_noDETG,0
CA40066W1068,A3CR38,Guanajuato Silver Company Ltd.,E35,E35,AL,6166,1,Z_USA_Liq2_TG,0
CA4013393042,913172,Guardian Capital Group Ltd.,J68,J68,AL,6166,1,Z_USA_Liq3_noDETG,0
CA40281L1094,A116WL,Gungnir Resources Inc.,AMO1,AMO1,AL,6166,1,Z_USA_Liq3_noDETG,0
CA4028801088,A40TP4,Gunnison Copper Corp.,3XS0,3XS0,AL,6166,1,Z_USA_Liq2_TG,0
CA4039254079,A2N5QQ,H&R Real Estate Investment Trust,HR3A,HR3Au,AT,6166,1,Z_USA_Liq3_noDETG,0
CA40443L1040,A3DEUD,Hytn Innovations Inc.,85W0,85W0,AT,6166,1,Z_USA_Liq3_noDETG,0
CA40444L1031,A3DQZ3,HPQ Silicon Inc.,O08,O08,AL,6166,1,Z_USA_Liq3_noDETG,0
CA4104991076,A2PTXY,Hanna Capital Corp.,04U1,04U1,AL,6166,1,Z_USA_Liq3_noDETG,0
CA4105841064,A2DJ8Y,Hannan Metals Ltd.,C8MQ,C8MQ,AC,6166,1,Z_USA_Liq2_TG,0
CA4113511097,A2QG76,Hanstone Gold Corp.,HGO,HGOG,AD,6166,1,Z_USA_Liq3_noDETG,0
CA41138T1057,A3DSQS,Happy Belly Food Group Inc.,W3J,W3J,AD,6166,1,Z_USA_Liq3_noDETG,0
CA41166G1081,A3E3Z9,Hardcore Discoveries Ltd.,Y5E,Y5E,AD,6166,1,Z_USA_Liq3_noDETG,0
CA4196213058,A3DR7N,HAVN Life Sciences Inc.,5NP0,5NP0,AL,6166,0,Z_USA_Liq3_noDETG,0
CA42016R4017,A3D7AY,Hawkeye Gold & Diamond Inc.,HGT0,HGT0,AL,6166,1,Z_USA_Liq3_noDETG,0
CA4220961078,A2P1KZ,Headwater Exploration Inc.,C6V,C6V,AC,6166,1,Z_USA_Liq2_TG,0
CA42249X1006,A3EWDE,HealWELL AI Inc.,6H90,6H90,AL,6166,1,Z_USA_Liq2_TG,1
CA42328X1042,A2QK6U,Helios Fairfax Partners Corp.,3UD,3UD,AT,6166,1,Z_USA_Liq3_noDETG,0
CA42328Y1025,A2QEX9,Heliostar Metals Ltd.,RGG1,RGG1,AL,6166,1,Z_USA_Liq2_TG,0
CA4236301020,A0RM3S,Hemisphere Energy Corp.,N4Q1,N4Q1,AL,6166,1,Z_USA_Liq3_noDETG,0
CA4236943060,A2QQGU,Hemostemix Inc.,2VF0,2VF0,AL,6166,1,Z_USA_Liq2_TG,0
CA4270861038,A3DRWX,Hercules Metals Corp.,C0X,C0X,AC,6166,1,Z_USA_Liq2_TG,0
CA42804X3058,A41GP3,Hertz Energy Inc.,A340,A340,AL,6166,1,Z_USA_Liq3_noDETG,0
CA42964L1094,A40J6Y,High Arctic Energy Services Inc.,6LQ0,6LQ0,AL,6166,1,Z_USA_Liq3_noDETG,0
CA4296951094,872694,High Liner Foods Inc.,28Y,28Y,AT,6166,1,Z_USA_Liq3_noDETG,0
CA42981E4013,A3CMT9,High Tide Inc.,2LYA,2LYA,AC,6166,1,Z_USA_Liq2_TG,0
CA4299351094,A41WE7,Highland Critical Miner. Corp.,U8X0,U8X0,AD,6166,1,Z_USA_Liq2_TG,0
CA43004Y1016,A1J7TE,Highland Copper Co. Inc.,C3H1,C3H1,AT,6166,1,Z_USA_Liq3_noDETG,0
CA43087N2041,A3EV4P,Highlander Silver Corp.,9LM,9LM,AL,6166,1,Z_USA_Liq2_TG,0
CA4315022026,A3EHQ8,Hillcrest Energy Techn. Ltd.,7HI,7HI,AC,6166,1,Z_USA_Liq2_TG,0
CA4339211035,A3EH8Z,HIVE Digital Technologies Ltd.,YO0,YO0,AC,6166,1,Z_USA_Liq2_TG,1
CA43741D1050,A411C1,Homeland Uranium Corp.,D3U,D3U,AT,6166,1,Z_USA_Liq2_TG,0
CA43758P1080,A3CYRW,Homerun Resources Inc.,5ZE,5ZE,AD,6166,1,Z_USA_Liq2_TG,0
CA44053J4090,A3E27N,Horizon Petroleum Ltd.,HPM,HPMG,AC,6166,1,Z_USA_Liq2_TG,0
CA4436281022,A0DPL4,HudBay Minerals Inc.,OCKA,HBM,AC,6166,1,Z_USA_Liq2_TG,1
CA44486R1010,A41B76,Humanoid Global Holdings Corp.,0XM1,0XM1,AD,6166,1,Z_USA_Liq2_TG,0
CA4457373070,A3DWN8,Hunter Technology Corp.,RWPA,RWPA,AL,6166,0,Z_USA_Liq3_noDETG,0
CA44861U4063,A3EF3P,Hybrid Power Solutions Inc.,E092,E092,AT,6166,1,Z_USA_Liq2_TG,0
CA44877L1013,A3D065,Hydreight Technologies Inc.,SO6,SO6,AD,6166,1,Z_USA_Liq2_TG,0
CA4488112083,A143AD,Hydro One Ltd.,8H1,8H1,AC,6166,1,Z_USA_Liq3_noDETG,0
CA44888L1085,A3C8UX,HydroGraph Clean Power Inc.,M98,M98,AT,6166,1,Z_USA_Liq2_TG,0
CA44916D1024,A3DRX5,Hypercharge Networks Corp.,PB7,PB7,AC,6166,1,Z_USA_Liq2_TG,0
CA44916F1071,A415NT,Hyper Bit Technologies Ltd.,N7S0,N7S0,AT,6166,1,Z_USA_Liq2_TG,0
CA44955L1067,A3CLTE,I-80 Gold Corp.,8JI,8JI,AT,6166,1,Z_USA_Liq2_TG,0
CA4495861060,A0CBFW,IGM Financial Inc.,C7G,IGM,AL,6166,1,Z_USA_Liq2_TG,0
CA44967J1075,A41XLC,International Lithium Corp.,IAH0,IAHX,AD,6166,1,Z_USA_Liq3_noDETG,0
CA45074T1021,A2DPCW,Ianthus Capital Holdings Inc.,2IA,2IA,AL,6166,1,Z_USA_Liq3_noDETG,0
CA45075E1043,A2PBLT,iA Financial Corporation Inc.,1OD,1OD,AL,6166,1,Z_USA_Liq2_TG,0
CA4509131088,899657,Iamgold Corp.,IAL,IMGL,AC,6166,1,Z_USA_Liq2_TG,1
CA4509591018,A3EME5,Iconic Minerals Ltd.,YQG,YQG,AD,6166,1,Z_USA_Liq3_noDETG,0
CA45232V1067,A3EH59,illumin Holdings Inc.,K3S0,K3S0,AC,6166,1,Z_USA_Liq2_TG,0
CA45245E1097,896801,Imax Corp.,IMA,IMX,AL,6166,1,Z_USA_Liq2_TG,0
CA45250A4063,A403XE,iMetal Resources Inc.,A7VA,A7VA,AL,6166,1,Z_USA_Liq2_TG,0
CA45250L2049,A2QEY3,Imagin Medical Inc.,DPD3,DPD3,AL,6166,0,Z_USA_Liq3_noDETG,0
CA45250Q1046,A3DDVZ,Imagine Lithium Inc.,37N,37N,AL,6166,1,Z_USA_Liq3_noDETG,0
CA45251C2031,A3DR7D,iMining Technologies Inc.,P1A,P1A,AL,6166,0,Z_USA_Liq3_noDETG,0
CA45257A1021,A0HGWG,Impact Silver Corp.,IKL,IKL,AT,6166,1,Z_USA_Liq2_TG,0
CA4528921022,621912,Imperial Metals Corp.,L7D,L7D,AD,6166,1,Z_USA_Liq3_noDETG,0
CA4530384086,851368,Imperial Oil Ltd.,IMP,IMO,AL,6166,1,Z_USA_Liq2_TG,1
CA45328X3058,A2PX7S,Inca One Gold Corp.,SU92,SU92,AL,6166,0,Z_USA_Liq3_noDETG,0
CA45675G2027,A3EQW9,Infinity Stone Ventures Corp.,B2IA,B2IA,AL,6166,0,Z_USA_Liq3_noDETG,0
CA45675H1010,A3DV5G,Infinitii Ai Inc.,Y31,Y31,AS,6166,1,Z_USA_Liq2_TG,1
CA4576377002,A40UCN,InMed Pharmaceuticals Inc.,MWG,MWGG,AT,6166,1,Z_USA_Liq2_TG,0
CA45780T4046,A4170S,InPlay Oil Corp.,8DA,8DA,AL,6166,1,Z_USA_Liq3_noDETG,0
CA45783P5085,A41FTP,Innocan Pharma Corp.,IP40,IP40,AG,6166,1,Z_ASIA_Liq2_TG,1
CA45790Y1043,A2PT67,Intellabridge Technology Corp.,KASH,KASH,AL,6166,1,Z_USA_Liq2_TG,0
CA45823T1066,A0RNQW,Intact Financial Corp.,I5U,IIC,AD,6166,0,Z_USA_Liq3_noDETG,0
CA45826T5098,A3EET5,Integra Resources Corp.,IRV,IRVG,AC,6166,1,Z_USA_Liq2_TG,0
CA45826Y2015,A2JBQH,Intact Gold Corp.,1A51,1A51,AL,6166,0,Z_USA_Liq3_noDETG,0
CA45829F1009,A41CA4,Intellistake Technologies Corp.,E41,E41,AL,6166,1,Z_USA_Liq2_TG,0
CA45829L1076,A4010U,Integral Metals Corp.,ZK9,ZK9,AT,6166,1,Z_USA_Liq2_TG,0
CA45868C1095,A1120R,Interfor Corp.,8IF1,8IF1,AL,6166,0,Z_USA_Liq3_noDETG,0
CA4591211095,A2DWU2,International Battery Mets Ltd.,8RE,8RE,AT,6166,1,Z_USA_Liq3_noDETG,0
CA45986N2014,A40TSV,International Metals Mining Corp.,C2Y,C2Y,AD,6166,0,Z_USA_Liq3_noDETG,0
CA46016U1084,A2DQG7,International Petroleum Corp.,IPT,IPTG,AS,6166,1,Z_USA_Liq2_TG,1
CA46050R1029,A1C4CG,International Tower Hill Mines Ltd. New,1I1,ITHM,AT,6166,1,Z_USA_Liq2_TG,0
CA4605821095,A2JFY8,International Zeolite Corp.,ZEON,ZEON,AD,6166,0,Z_USA_Liq3_noDETG,0
CA46125M2031,A41A0V,Inverite Insights Inc.,2V0,2V0,AD,6166,1,Z_USA_Liq3_noDETG,0
CA46500E8678,A412Q0,IsoEnergy Ltd.,I010,I010,AS,6166,1,Z_USA_Liq2_TG,1
CA46579R1047,A1W4VG,Ivanhoe Mines Ltd.,IYAA,IYAA,AL,6166,1,Z_USA_Liq2_TG,1
CA46604F1099,A2JNLV,Izotropic Corp.,1R3,1R3,AL,6166,1,Z_USA_Liq2_TG,0
CA4663913073,A2P31Z,Jackpot Digital Inc.,LVH3,LVH3,AD,6166,1,Z_USA_Liq3_noDETG,0
CA47009M8896,A2QA7P,Mining Inc.,32JP,32JP,AC,6166,1,Z_USA_Liq2_TG,0
CA4707481046,A2DUKS,Jamieson Wellness Inc.,2JW,2JW,AD,6166,1,Z_USA_Liq3_noDETG,0
CA47200C1023,A2DWYY,Jaxon Mining Inc.,0U31,0U31,AL,6166,0,Z_USA_Liq3_noDETG,0
CA4763392053,A3DQHZ,Jericho Energy Ventures Inc.,JLM,JLM,AC,6166,1,Z_USA_Liq2_TG,0
CA4779161005,A40U45,JIVA Technologies Inc.,WNT0,WNT0,AL,6166,1,Z_USA_Liq3_noDETG,0
CA4798612053,A40ZHB,Jolt Health Inc.,L96,L96,AD,6166,1,Z_USA_Liq3_noDETG,0
CA48113W1023,A116WZ,Journey Energy Inc.,17J,17J,AL,6166,1,Z_USA_Liq2_TG,0
CA48132D3094,A4133H,Juggernaut Exploration Ltd.,4JE,4JE,AT,6166,1,Z_USA_Liq3_noDETG,0
CA48730E1051,A41MEK,Keek Social Inc.,3PP,3PP,AT,6166,1,Z_USA_Liq3_noDETG,0
CA4882951060,A1JS0G,Kelt Exploration Ltd.,2KE,2KE,AL,6166,1,Z_USA_Liq2_TG,0
CA48978L1004,A2QQJN,Kenorland Minerals Ltd.,3WQ0,3WQ0,AC,6166,1,Z_USA_Liq2_TG,0
CA49374L3065,A2JMZC,Khiron Life Sciences Corp.,4KH,4KH,AL,6166,0,Z_USA_Liq3_noDETG,0
CA49448Q1090,A1178T,Kinaxis Inc.,9KX,9KX,AC,6166,1,Z_USA_Liq2_TG,0
CA4947261026,A412A8,King Copper Discovery Corp.,3RI0,3RI0,AL,6166,1,Z_USA_Liq2_TG,0
CA49571M5037,A4098R,Kingfisher Metals Corp.,9700,9700,AC,6166,1,Z_USA_Liq2_TG,0
CA4957802073,A3DWP4,Kingsman Minerals Ltd.,47A,47A,AT,6166,1,Z_USA_Liq3_noDETG,0
CA49601P1045,A3DDS8,Kings Entertainment Group Inc.,L12,L12G,AL,6166,0,Z_USA_Liq3_noDETG,0
CA4967423050,A41ES5,Kingsview Minerals Ltd,0L41,0L41,AT,6166,1,Z_USA_Liq3_noDETG,0
CA4969024047,A0DM94,Kinross Gold Corp.,KIN2,KGC,AB,6166,1,Z_USA_Liq1_DETG,1
CA4972522052,A3EKUE,Kiplin Metals Inc.,17G,17G,AL,6166,1,Z_USA_Liq2_TG,0
CA4987223050,A424J1,Klondike Silver Corp.,K1S,K1S,AT,6166,1,Z_USA_Liq3_noDETG,0
CA4988241010,A2ANHP,Kneat.com Inc.,FOBK,FOBK,AT,6166,1,Z_EU_Liq3_noDETG,0
CA4989033010,A119BJ,Klondike Gold Corp.,LBDP,LBDP,AC,6166,1,Z_USA_Liq2_TG,0
CA4990531069,A1XE7A,Knight Therapeutics Inc.,04K,04K,AC,6166,1,Z_USA_Liq2_TG,0
CA4991131083,A2AJL3,K92 Mining Inc.,92K,92K,AL,6166,1,Z_USA_Liq2_TG,1
CA4998911099,A3EU8A,Kobrea Exploration Corp.,F3I,F3I,AC,6166,1,Z_USA_Liq2_TG,0
CA50012K1066,A2P2J9,Kodiak Copper Corp.,5DD1,5DD1,AC,6166,1,Z_USA_Liq2_TG,0
CA50043K4063,A3DL9D,Kolibri Global Energy Inc.,B120,B120,AC,6166,1,Z_USA_Liq2_TG,0
CA50050C1077,A2APX6,Kontrol Energy Corp.,1K8,1K8,AL,6166,1,Z_USA_Liq2_TG,0
CA5005838365,A3EYKD,Kootenay Silver Inc.,3FX,3FX,AL,6166,1,Z_USA_Liq2_TG,0
CA50067J2020,A40EUJ,Koryx Copper Inc.,DSD,DSDG,AT,6166,1,Z_USA_Liq3_noDETG,0
CA50067K3082,A41GNW,Kore Mining Ltd.,EUS0,EUS0,AL,6166,1,Z_USA_Liq3_noDETG,0
CA50077N1024,A2DYP6,Kraken Robotics Inc.,2KQ,2KQ,AL,6166,1,Z_USA_Liq2_TG,0
CA50117M1068,A2DNZ7,K2 Gold Corp.,23K,23K,AC,6166,1,Z_USA_Liq2_TG,0
CA5013771053,A2JAMG,Kutcho Copper Corp.,1QV,1QV,AC,6166,1,Z_USA_Liq2_TG,1
CA50149R1073,A2QELV,Kuya Silver Corp.,6MR1,6MR1,AC,6166,1,Z_USA_Liq2_TG,0
CA50206C1005,A41QA9,LIR Life Sciences Corp,N790,N790,AL,6166,1,Z_USA_Liq3_noDETG,0
CA5021541076,A3EQZ1,LQWD Technologies Corp.,47F,47F,AL,6166,1,Z_USA_Liq2_TG,0
CA50543R1091,A2JAFY,Labrador Gold Corp.,2N6,2N6,AL,6166,1,Z_USA_Liq2_TG,0
CA5109151012,A3E4WC,Lake Victoria Gold Ltd.,E1K,E1K,AL,6166,1,Z_USA_Liq2_TG,0
CA5113052032,A40SA5,Lake Winn Resources Corp.,EE1,EE1G,AL,6166,1,Z_USA_Liq3_noDETG,0
CA51440M1023,A3EMN9,Lancaster Resources Inc.,6UF0,6UF0,AL,6166,1,Z_USA_Liq3_noDETG,0
CA5166831092,A0F4Z4,Lara Exploration Ltd.,LEW,LRA,AD,6166,1,Z_USA_Liq3_noDETG,0
CA51669T1012,157084,Laramide Resources Ltd.,L4R,L4R,AL,6166,1,Z_USA_Liq2_TG,0
CA5170971017,A3C7FD,Largo Inc.,LR8,LR8,AL,6166,1,Z_USA_Liq2_TG,0
CA51925D1069,910216,Laurentian Bank of Canada,LT7,LT7,AD,6166,1,Z_USA_Liq3_noDETG,0
CA52171T1003,A2AQ0U,Leading Edge Materials Corp.,7FL,7FL1,AT,6166,1,Z_USA_Liq3_noDETG,0
CA52426X2032,A40VJW,Leef Brands Inc.,H3G,H3G,AL,6166,1,Z_USA_Liq2_TG,0
CA5249372080,A1W6YQ,Legend Power Systems Inc.,XLE1,XLE1,AL,6166,1,Z_USA_Liq3_noDETG,0
CA52637M1032,A40ZYP,Leocor Mining Inc.,LGO0,LGO0,AC,6166,1,Z_USA_Liq2_TG,0
CA5266813099,A2QEYM,Leonovus Inc.,LE4A,LE4A,AL,6166,0,Z_USA_Liq3_noDETG,0
CA5266821092,812646,Leon's Furniture Ltd.,74W,74W,AL,6166,1,Z_USA_Liq3_noDETG,0
CA5274241051,A3C3DQ,Levitee Labs Inc.,7H7,7H7,AL,6166,0,Z_USA_Liq3_noDETG,0
CA53000A1066,A3DQFE,Li-FT Power Ltd.,WS0,WS0,AL,6166,1,Z_USA_Liq2_TG,1
CA53044R8672,A4229X,Liberty Defense Holding Ltd.,4XS,4XS,AT,6166,1,-,0
CA53056H1047,A2DRUS,Liberty Gold Corp.,PGW,PGW,AC,6166,1,Z_USA_Liq2_TG,0
CA53155T1084,A419Q5,LibertyStream Infrastructure Partners Inc.,3ZM,3ZM,AD,6166,1,Z_USA_Liq2_TG,0
CA53228D2059,A40A8Y,Lifeist Wellness Inc.,M5B0,M5B0,AT,6166,1,Z_USA_Liq3_noDETG,0
CA53229C1077,A3CWX3,Lightspeed Commerce Inc.,3L50,3L50,AC,6166,1,Z_USA_Liq2_TG,0
CA53229R1047,A40X9T,Light AI Inc.,0HC,0HC,AL,6166,1,Z_USA_Liq2_TG,0
CA53278L1076,905977,Linamar Corp.,LNR,LNR,AT,6166,1,Z_USA_Liq2_TG,0
CA53567A1012,A40Y3E,Linear Minerals Corp.,J9K,J9K,AT,6166,1,Z_USA_Liq2_TG,0
CA53620R1091,A3C8GP,Lion Copper And Gold Corp.,QR20,QR20,AD,6166,1,Z_USA_Liq3_noDETG,0
CA5362161047,A1H6MD,Lion One Metals Ltd.,LY1,LY1,AC,6166,1,Z_USA_Liq2_TG,0
CA53633C1077,A2QQBP,Liquid Avatar Technologies Inc.,4T5,4T5,AL,6166,0,Z_USA_Liq3_noDETG,0
CA53680U1093,A2QGR9,Lithium South Development Corp.,OGPQ,OGPQ,AC,6166,1,Z_USA_Liq2_TG,0
CA53680V1076,A3DMVV,Lithium Ionic Corp.,H3N,H3N,AL,6166,1,Z_USA_Liq3_noDETG,0
CA53680X1033,A3EQSS,Lithium Ion Energy Ltd.,ZA4,ZA4,AD,6166,1,Z_USA_Liq3_noDETG,0
CA53681G1090,A2JAHX,Lithium Chile Inc.,KC3,KC3,AL,6166,1,Z_USA_Liq2_TG,0
CA53681J1030,A3ERHF,Lithium Americas Corp.,WUC,WUCG,AS,6166,1,Z_USA_Liq2_TG,1
CA53681T1012,A3DH2K,LithiumBank Resources Corp.,HT9,HT9,AL,6166,1,Z_USA_Liq3_noDETG,0
CA53687L2012,A418KN,Lithos Group Ltd.,V1R0,V1R0,AL,6166,1,Z_USA_Liq3_noDETG,0
CA5394811015,853286,Loblaw Companies Ltd.,L8G,L,AC,6166,1,Z_USA_Liq2_TG,0
CA54163Q8056,A40GBL,Lomiko Metals Inc.,DH8,DH8,AT,6166,1,Z_USA_Liq3_noDETG,0
CA5443122000,A2QA7U,Los Andes Copper Ltd.,L41A,L41A,AL,6166,1,Z_USA_Liq3_noDETG,0
CA54571C1095,A4113X,Lotus Creek Exploration Inc.,507,507,AT,6166,1,Z_USA_Liq2_TG,0
CA5475722065,A3EJLB,Lowell Farms Inc.,2WU,2WU,AT,6166,0,Z_USA_Liq3_noDETG,0
CA54928Q1081,A0MYR8,Lucara Diamond Corp.,LKT,LUC,AL,6166,1,Z_USA_Liq2_TG,1
CA54929M1068,A3D74X,Luca Mining Corp.,Z68,Z68,AC,6166,1,Z_USA_Liq2_TG,0
CA5495465059,A41H8B,Lucky Minerals Inc.,LKY,LKYG,AL,6166,0,Z_USA_Liq3_noDETG,0
CA5503711080,A12GZU,Lundin Gold Inc.,F1YN,F1YN,AC,6166,1,Z_USA_Liq2_TG,1
CA5503721063,A0B7XJ,Lundin Mining Corp.,GXD,GXD,AL,6166,1,Z_USA_Liq2_TG,1
CA5504353098,A3DR5S,Lupaka Gold Corp.,LQPA,LQPA,AL,6166,1,Z_USA_Liq3_noDETG,0
CA55067G1081,A41JQW,Lux Metals Corp.,GP80,GP80,AT,6166,0,Z_USA_Liq3_noDETG,0
CA55069Q3026,A4148N,Luxxfolio Holdings Inc.,LUH0,LUH0,AL,6166,1,Z_USA_Liq3_noDETG,0
CA55378N1078,120504,MTY Food Group Inc.,9MF,9MF,AT,6166,1,Z_USA_Liq2_TG,0
CA55379R2063,A3DWGD,M3 Metals Corp.,X0V,X0V,AT,6166,1,Z_USA_Liq3_noDETG,0
CA5539261068,A3ES02,MTL Cannabis Corp.,J4E,J4E,AL,6166,0,Z_USA_Liq3_noDETG,0
CA55401M1005,A3D3E7,MCF Energy Ltd.,DC6,DC6,AT,6166,1,Z_USA_Liq2_TG,0
CA5589122004,A0Q27W,Magellan Aerospace Corp.,4M7A,MALT,AL,6166,1,Z_USA_Liq2_TG,0
CA5589221004,A411DV,Magma Silver Corp.,BC21,BC21,AL,6166,1,Z_USA_Liq2_TG,0
CA5592224011,868610,Magna International Inc.,MGA,MGA,AL,6166,1,Z_USA_Liq2_TG,0
CA55925F1027,A3CMTS,Magna Mining Inc.,8YD,8YD,AL,6166,1,Z_USA_Liq2_TG,0
CA56089A4000,A3D7BT,Mako Mining Corp,GQR0,GQR0,AT,6166,1,Z_ASIA_Liq3_noDETG,0
CA5609091031,894315,Major Drilling Group International Inc.,3MJ,MDI,AL,6166,1,Z_USA_Liq3_noDETG,0
CA5609121077,A0BK1D,Majestic Gold Corp.,MJT,MJS,AC,6166,1,Z_USA_Liq2_TG,0
CA5626783008,A3CY96,Manganese X Energy Corp.,9SC,9SC2,AC,6166,1,Z_USA_Liq3_noDETG,0
CA5649051078,895302,Maple Leaf Foods Inc.,M1L,M1L,AL,6166,1,Z_USA_Liq2_TG,0
CA56501R1064,926517,Manulife Financial Corp.,MLU,MFC,AL,6166,1,Z_USA_Liq2_TG,0
CA5651276027,A41GP5,Maple Gold Mines Ltd.,M3G0,M3G0,AD,6166,1,Z_USA_Liq3_noDETG,0
CA56783M1068,A2P5GK,Marimaca Copper Corp.,E2E1,E2E1,AC,6166,1,Z_USA_Liq2_TG,0
CA5734591046,912842,Martinrea International Inc.,03M,03M,AL,6166,1,Z_USA_Liq3_noDETG,0
CA57383V1085,A2QP5J,Marvel Disvovery Corp.,O4T,O4T,AD,6166,0,Z_USA_Liq3_noDETG,0
CA57532C1005,A3EWCM,Mason Resources Inc.,UD9,UD9,AT,6166,1,Z_USA_Liq2_TG,0
CA5764871029,A40WDE,Matador Technologies Inc,IU3,IU3,AT,6166,1,Z_USA_Liq2_TG,0
CA57722Y1025,A3E4PU,Mattr Corp.,Y6R,Y6R,AT,6166,1,Z_USA_Liq2_TG,0
CA57768L1058,A3C6JH,Maven Brands Inc.,TLA,TLAG,AL,6166,0,Z_USA_Liq3_noDETG,0
CA57772U4063,A42031,MAX Resource Corp.,M1D,M1D,AL,6166,1,Z_USA_Liq2_TG,0
CA57778R1001,A3DJYU,Max Power Mining Corp.,89N,89N,AC,6166,1,Z_USA_Liq2_TG,0
CA57778V1013,A415NU,Maxus Mining Inc.,R7V,R7V,AD,6166,1,Z_USA_Liq2_TG,0
CA5791761086,A0LBDP,MCAN Mortgage Corporation,885,885,AL,6166,1,Z_USA_Liq3_noDETG,0
CA58404N3076,A418LA,Medaro Mining Corp.,1ZY,1ZY,AC,6166,1,Z_USA_Liq2_TG,0
CA58457V5036,A1JBK4,Medical Facilities Corp.,31F,31F,AL,6166,1,Z_USA_Liq3_noDETG,0
CA58469E4085,A1J7TZ,Medicure Inc.,NGQ1,MCUJ,AL,6166,1,Z_USA_Liq3_noDETG,0
CA58501R1029,932414,MedMira Inc.,47M,MIRC,AL,6166,1,Z_USA_Liq2_TG,0
CA58504D1006,A2N7AA,Medipharm Labs Corp.,MLZ,MLZ,AT,6166,1,Z_USA_Liq2_TG,0
CA58516W1041,A0HGWU,Mega Uranium Ltd.,M6J,MGAV,AC,6166,1,Z_USA_Liq2_TG,0
CA58518J2002,A3EER1,Megawatt Lith.Batt.Met.Corp.,WR2,WR2,AT,6166,1,Z_USA_Liq3_noDETG,0
CA5889141019,A418LE,Meren Energy Inc.,AFZ0,AFZ0,AD,6166,1,Z_USA_Liq2_TG,1
CA59100N1042,A41ZJ6,Meta Critical Minerals Inc.,VJ30,VJ30,AC,6166,1,Z_USA_Liq2_TG,0
CA59101A1012,A3C8SW,Meta Platforms Inc. (CDRs),FB20,FB20q,AD,6166,1,Z_USA_Liq3_noDETG,0
CA59124U6051,A2PW66,Metalla Royalty & Streaming Ltd.,X9C,X9C,AC,6166,1,Z_USA_Liq2_TG,0
CA59125R1064,A1W2NG,Metallis Resources Inc.,0CVM,0CVM,AT,6166,1,Z_USA_Liq3_noDETG,0
CA59126M1068,A2ARTX,Metallic Minerals Corp.,9MM1,9MM1,AS,6166,1,Z_USA_Liq2_TG,1
CA59132M1086,A4021B,Metalsource Mining Inc.,E9Z,E9Z,AT,6166,1,Z_USA_Liq2_TG,0
CA59140M2076,A41DGN,Metasphere Labs Inc.,H1N0,H1N0,AT,6166,1,Z_USA_Liq2_TG,0
CA59142H1073,A3EG0D,Metavista3D Inc.,E3T,E3T,AL,6166,1,Z_USA_Liq2_TG,1
CA59151K1084,882639,Methanex Corp.,MX5,MEHA,AC,6166,1,Z_USA_Liq2_TG,0
CA59162N1096,883704,Metro Inc.,62M,MRUa,AC,6166,1,Z_USA_Liq2_TG,0
CA5928192056,A3D6U6,Mexican Gold Mining Corp.,4QW,4QW,AT,6166,1,Z_USA_Liq3_noDETG,0
CA59403F1053,A3EHXQ,Miata Metals Corp.,8NQ,8NQ,AC,6166,1,Z_USA_Liq2_TG,0
CA59516M1041,A3C58P,Microsoft Corp. (CDRs),MSF0,MSF0q,AD,6166,1,Z_USA_Liq3_noDETG,0
CA5997841054,A40M9H,Military Metals Corp.,QN90,QN90,AS,6166,1,Z_USA_Liq2_TG,1
CA60041F1018,A3DXEK,Millennial Potash Corp.,X0D,X0D,AC,6166,1,Z_USA_Liq2_TG,0
CA60250B1067,A3DGJJ,MiMedia Holdings Ltd.,KH3,KH3,AL,6166,1,Z_USA_Liq2_TG,0
CA6025321036,A2PE0E,Minco Gold Corp.,MI5,MI5,AD,6166,1,Z_USA_Liq3_noDETG,0
CA60253E1079,A41V7D,Minaurum Silver Inc.,78M0,78M0,AD,6166,1,Z_USA_Liq2_TG,0
CA60254C1005,A0ESX5,Minco Silver Corp.,XYD,MSV,AD,6166,1,Z_USA_Liq3_noDETG,0
CA60256C2076,A41RJS,MindBio Therapeutics Corp.,WF60,WF60,AD,6166,1,Z_USA_Liq3_noDETG,0
CA6026871054,A41GYL,MindWalk Holdings Corp.,TQB0,TQB0,AD,6166,1,Z_USA_Liq2_TG,0
CA60273M2040,A40124,MineHub Technologies Inc.,2RS0,2RS0,AL,6166,1,Z_USA_Liq2_TG,0
CA60283L8087,A41XPQ,Minera Alamos Inc.,PYC,PYCG,AC,6166,1,A_TradeRebel_HG4,0
CA60306F2008,A41QJN,Mineral Road Discovery Inc.,7C9,7C9,AL,6166,1,Z_USA_Liq3_noDETG,0
CA6042501008,A1167H,Minnova Corp.,2J1A,2J1A,AL,6166,0,Z_USA_Liq3_noDETG,0
CA6046801081,A0F4Z5,Mirasol Resources Ltd.,M8R,M8R,AT,6166,1,Z_USA_Liq3_noDETG,0
CA60686A4090,A2AL6Z,Mkango Resources Ltd.,ZMK,MKAG,AD,6166,1,Z_USA_Liq2_TG,0
CA60743X1033,A3CXUA,Mobilum Technologies Inc.,C0B,C0B,AL,6166,0,Z_USA_Liq3_noDETG,0
CA6076772004,A40C6W,Modern Plant Based Foods Inc.,L3O0,L3O0,AC,6166,1,Z_USA_Liq2_TG,0
CA6080111025,A3ENQ6,Mogotes Metals Inc.,OY4,OY4,AC,6166,1,Z_USA_Liq2_TG,0
CA60855E1097,A2QES2,Everton Resources Inc.,ERV2,ERV2,AL,6166,0,Z_USA_Liq3_noDETG,0
CA6087112067,A0DQWW,Molson Coors Canada Inc.,65K,65K,AL,6166,1,Z_USA_Liq3_noDETG,0
CA60916Q1090,A2DYWF,Monarca Minerals Inc.,OSI2,OSI2,AD,6166,1,Z_USA_Liq3_noDETG,0
CA60936L1067,A1JJMM,Mongolia Growth Group Ltd.,1M8,1M8,AD,6166,1,Z_USA_Liq3_noDETG,0
CA61178L1013,A2QGW5,Montage Gold Corp.,5OO,5OO,AL,6166,1,Z_USA_Liq2_TG,0
CA61238K3091,A3D388,Montego Resources Inc.,4MO,4MO,AT,6166,1,Z_USA_Liq3_noDETG,0
CA61531Y1051,A0MSJR,Monument Mining Ltd.,D7Q1,MMY,AT,6166,1,Z_USA_Liq2_TG,0
CA61534D1087,A3EYZW,Monumental Energy Corp.,ZA6,ZA6,AL,6166,0,Z_USA_Liq3_noDETG,0
CA61634Q1081,A2APQT,Moovly Media Inc.,0PV2,0PV2,AL,6166,0,Z_USA_Liq3_noDETG,0
CA6175771014,855286,Morguard Corp.,74S,74S,AL,6166,1,Z_USA_Liq3_noDETG,0
CA6179311007,A41080,Morocco Strategic Miner. Corp.,0FU0,0FU0,AL,6166,1,Z_USA_Liq3_noDETG,0
CA61965T1012,A3D4CS,Moss Genomics Inc.,F73,F73,AL,6166,1,Z_USA_Liq3_noDETG,0
CA62426E4022,910555,Mountain Province Diamonds Inc.,MPG,MPVI,AD,6166,1,Z_USA_Liq3_noDETG,0
CA62430M1014,A2P082,Mountain Valley MD Holdings Inc.,20MP,20MP,AL,6166,1,Z_USA_Liq2_TG,0
CA6252841045,A0X8HE,Mullen Group Ltd.,9MU,9MU,AD,6166,1,Z_USA_Liq3_noDETG,0
CA62821U1003,A40EWK,Mustang Energy Corp.,92T,92T,AC,6166,1,Z_USA_Liq2_TG,0
CA62822A1030,A2PNS7,MustGrow Biologics Corp.,0C0,0C0,AD,6166,1,Z_USA_Liq3_noDETG,0
CA62848A2020,A2P4Z5,MX Gold Corp.,0DV1,0DV1,AL,6166,1,Z_noMM,0
CA62857Y1097,A3D1E0,Myriad Uranium Corp.,C3Q,C3Q,AL,6166,1,Z_USA_Liq2_TG,0
CA62908A1003,A2QQBV,NEO Battery Materials Ltd.,1BC,1BC,AL,6166,1,Z_USA_Liq2_TG,0
CA62910L1022,A2JMGR,NFI Group Inc.,9NF,9NF,AC,6166,1,Z_USA_Liq2_TG,0
CA62930A1021,A41KP9,NGEx Minerals Ltd.,2XM0,2XM0,AL,6166,1,Z_USA_Liq3_noDETG,0
CA62931J1021,A2QHKX,NG Energy International Corp.,56P,56P,AC,6166,1,Z_USA_Liq2_TG,0
CA62973P1071,A2QQ5R,NSJ Gold Corp.,9PZ,9PZ,AL,6166,1,Z_USA_Liq3_noDETG,0
CA63000Y1034,A2PNDW,Nanalysis Scientific Corp.,1N1,1N1,AL,6166,1,Z_USA_Liq2_TG,0
CA63010A1030,A14QDY,Nano One Materials Corp.,LBMB,LBMB,AL,6166,1,Z_USA_Liq2_TG,1
CA63010G1000,A2H5GV,NanoXplore Inc.,N13,N13,AT,6166,1,Z_USA_Liq2_TG,0
CA63010P2098,A3CRGY,NanoSphere Health Sciences Inc.,2CG,2CG,AL,6166,1,Z_USA_Liq3_noDETG,0
CA6315202029,A1JVHM,Nass Valley Gateway Ltd.,3NVN,3NVN,AL,6166,0,Z_USA_Liq3_noDETG,0
CA63176A1030,A41A10,Natbridge Resources Ltd.,GI80,GI80,AT,6166,0,Z_USA_Liq2_TG,0
CA6330671034,865227,National Bank of Canada,NBC,NBCA,AL,6166,1,Z_USA_Liq2_TG,0
CA63902L2093,A3DWU9,Naturally Splendid Enterprises Ltd.,50NA,50NA,AL,6166,0,Z_noMM,0
CA63906L1067,A41N3F,Naughty Ventures Corp.,5DE0,5DE0,AD,6166,1,Z_USA_Liq3_noDETG,0
CA64046G1063,A2H9KJ,Neo Performance Materials Inc.,N14,N14,AT,6166,1,Z_USA_Liq2_TG,0
CA64064Y1043,A3EXTU,Neotech Metals Corp.,V690,V690,AL,6166,1,Z_USA_Liq2_TG,0
CA64067L1094,A3C3EV,Nepra Foods Inc.,2P6,2P6,AC,6166,1,Z_USA_Liq2_TG,0
CA64073L1013,A2QLF6,Neptune Digital Assets Corp.,1NW,1NW,AC,6166,1,Z_USA_Liq2_TG,1
CA64082A1049,A2N94F,Nerds on Site Inc.,3NS,3NS,AD,6166,1,Z_USA_Liq3_noDETG,0
CA64082X2032,A2QP3D,NervGen Pharma Corp.,9UA,9UA,AT,6166,0,Z_USA_Liq2_TG,0
CA64119M1059,A3D5X9,NetraMark Holdings Inc.,PF0,PF0,AT,6166,1,Z_USA_Liq2_TG,0
CA64134L1085,A3C4FZ,Nevada Lithium Resources Inc.,87K,87K,AL,6166,1,Z_USA_Liq3_noDETG,0
CA6414921032,A3DUP8,Nevada Sunrise Metals Corp.,K4L,K4L,AL,6166,1,Z_USA_Liq3_noDETG,0
CA6415361071,A3CTE1,NevGold Corp.,5E50,5E50,AD,6166,1,Z_USA_Liq2_TG,0
CA64157G2009,A40MGB,New Age Metals Inc.,P7J,P7J,AL,6166,1,Z_USA_Liq3_noDETG,0
CA6438181076,A41J09,New Earth Resources Corp.,G7I0,G7I0,AL,6166,1,Z_USA_Liq2_TG,0
CA64440N1033,A2QBFY,New Found Gold Corp.,5QG,5QG,AT,6166,1,Z_USA_Liq2_TG,0
CA6445351068,A0ERPH,New Gold Inc.,32N,NGD,AL,6166,1,Z_USA_Liq2_TG,1
CA64782A1075,A2QJD9,New Pacific Metals Corp.,3N7A,3N7A,AD,6166,1,Z_USA_Liq2_TG,0
CA6489261033,A3EKLZ,New World Solutions Inc.,RT5,RT5,AL,6166,0,Z_USA_Liq3_noDETG,0
CA65118M1032,A2QATA,Newcore Gold Ltd.,PI8,PI8,AC,6166,1,Z_USA_Liq2_TG,0
CA6513462078,A40U4L,Newfoundland Discovery Corp.,M4K0,M4K0,AD,6166,1,Z_USA_Liq3_noDETG,0
CA65151R1001,A1XFBG,Newlox Gold Ventures Corp.,NGO,NGO,AD,6166,1,Z_USA_Liq3_noDETG,0
CA6517281078,A3D3HN,Newpath Resources Inc.,0MZ,0MZ,AT,6166,1,Z_USA_Liq3_noDETG,0
CA65290F1080,A40KLQ,NextGen Digital Platforms Inc.,Z12,Z12,AC,6166,1,Z_USA_Liq2_TG,0
CA6529371032,A3EWHW,Nextech3D.AI Corp.,1SS,1SS,AC,6166,1,Z_USA_Liq2_TG,0
CA65340P1062,A1WZPW,NexGen Energy Ltd.,6NE,6NE,AS,6166,1,Z_USA_Liq2_TG,1
CA65341P1053,A2AEVZ,Nexoptic Technology Corp.,E3O1,E3O1,AL,6166,0,Z_USA_Liq3_noDETG,0
CA65343M2094,A3CR9Z,Nextsource Materials Inc.,1JWA,1JWA,AC,6166,1,Z_USA_Liq2_TG,0
CA65345J3038,A41LV9,Nexus Gold Corp.,GH0,GH0,AL,6166,1,Z_USA_Liq3_noDETG,0
CA65345P2008,A41PJQ,Nexus Uranium Corp.,JA7,JA7,AT,6166,1,Z_USA_Liq2_TG,0
CA65345V1085,A40EWF,NeXGold Mining Corp.,TRC,TRC2,AC,6166,1,Z_USA_Liq2_TG,0
CA65346E2042,A41ALY,NexMetals Mining Corp.,R101,R101,AT,6166,1,Z_USA_Liq2_TG,0
CA65347A1021,A2PGAF,Nextleaf Solutions Ltd.,L0MA,2WL,AL,6166,1,Z_USA_Liq3_noDETG,0
CA65366M1023,A3DP2Z,NiCan Ltd.,W8Y,W8Y,AL,6166,1,Z_USA_Liq3_noDETG,0
CA65401N1078,A2QQ2H,Nickel 28 Capital Corp.,3JC0,3JC0,AL,6166,1,Z_USA_Liq2_TG,0
CA65405R2037,A3D3LF,Nicola Mining Inc.,HLIA,HLIA,AT,6166,1,Z_USA_Liq2_TG,0
CA65442J1075,A2PMPY,'1911 Gold Corp.,2KY,2KY,AD,6166,1,Z_USA_Liq2_TG,0
CA65443J1066,A3DD2D,Nine Mile Metals Ltd.,KQ9,KQ9,AC,6166,1,Z_USA_Liq2_TG,0
CA6544846091,A3D7SC,Niocorp Developments Ltd.,BR30,BR30,AL,6166,1,Z_USA_Liq2_TG,0
CA65501C1005,A3CVWS,Nobel Resources Corp.,7Z00,7Z00,AD,6166,1,Z_USA_Liq3_noDETG,0
CA65542K1030,A3CWAR,Noram Lithium Corp.,N7R,N7R,AC,6166,1,Z_USA_Liq2_TG,0
CA65558V2093,A1W0E0,Nord Precious Metals Mining Inc.,QN3,QN3,AC,6166,1,Z_USA_Liq2_TG,0
CA65652P1080,A2DN0Z,Norsemont Mining Inc.,LXZ1,LXZ1,AL,6166,1,Z_USA_Liq2_TG,0
CA6568111067,A2JH58,North American Constr. Gr. Ltd.,N5Z,N5Z,AD,6166,1,Z_USA_Liq3_noDETG,0
CA65704Y1079,A41VGD,North American Niobium And Critical Minerals Corp.,KS82,KS82,AL,6166,1,Z_USA_Liq3_noDETG,0
CA6614441096,A2P71W,North Peak Resources Ltd.,B9TN,B9TN,AC,6166,1,Z_USA_Liq2_TG,0
CA6632782083,A2DTQF,North West Company Inc.,3NW,3NW,AL,6166,1,Z_USA_Liq3_noDETG,0
CA66510M2040,906169,Northern Dynasty Minerals Ltd.,ND3,NDM,AC,6166,1,Z_USA_Liq2_TG,0
CA66516A1057,A1H95Z,Northern Graphite Corp.,0NG,0NG,AL,6166,1,Z_USA_Liq2_TG,0
CA6653783036,A2ASF8,Northern Lion Gold Corp.,N3EN,N3EN,AD,6166,1,Z_USA_Liq3_noDETG,0
CA6657203064,A3DWFM,Northern Shield Resources Inc.,N9SA,N9SA,AL,6166,1,Z_USA_Liq3_noDETG,0
CA66644R1038,A1JMCQ,NorthIsle Copper & Gold Inc.,0N4,0N4,AL,6166,1,Z_USA_Liq2_TG,0
CA6665111002,A1H5MB,Northland Power Inc.,1NR,NPIu,AC,6166,1,Z_USA_Liq2_TG,0
CA66744H1047,A2QQS0,Northwest Copper Corp.,34S0,34S0,AL,6166,1,Z_USA_Liq3_noDETG,0
CA66979J1066,A40GFH,Nova Pacific Metals  O.N.,YQ10,YQ10,AC,6166,1,Z_USA_Liq2_TG,0
CA66979W8429,A3CMLY,Nouveau Monde Graphite Inc.,NM9A,NM9A,AC,6166,1,Z_USA_Liq2_TG,0
CA66987E2069,905542,NovaGold Resources Inc.,NGR,NGR,AT,6166,1,Z_USA_Liq2_TG,0
CA66990B1085,A42208,Noveris Health Sciences Inc.,0NF1,0NF1,AD,6166,1,Z_USA_Liq3_noDETG,0
CA6699882065,A40CUU,NU E Power Corp.,B5S0,B5S0,AL,6166,1,Z_USA_Liq2_TG,0
CA67000B1040,A2AJW7,Novanta Inc.,1GSN,1GSN,AL,6166,1,Z_USA_Liq2_TG,0
CA67010B1022,A1JG38,Novo Resources Corp.,1NOR,1NOR,AT,6166,1,Z_USA_Liq2_TG,0
CA67013H1064,A3CTY7,NowVertical Group Inc.,5XQ,5XQ,AL,6166,1,Z_USA_Liq3_noDETG,0
CA67053L7025,A41JBQ,NuLegacy Gold Corp.,7NU1,7NU1,AL,6166,1,Z_USA_Liq3_noDETG,0
CA67054F1009,A3DABK,NuGen Medical Devices Inc.,79O,79O,AT,6166,1,Z_USA_Liq2_TG,0
CA67054W1032,A2P4XN,Numinus Wellness Inc.,LR23,LR23,AL,6166,0,Z_USA_Liq3_noDETG,0
CA67059R1091,A3DNSU,NurExone Biologic Inc.,J90,J90,AF,6166,1,Z_ASIA_Liq2_TG,0
CA67059X3040,A41V2P,NuRan Wireless Inc.,1RN,1RN,AD,6166,1,Z_USA_Liq2_TG,0
CA67077M1086,A2DWB8,Nutrien Ltd.,N7T,N7T,AC,6166,1,Z_USA_Liq2_TG,1
CA67080A1093,A3DDVC,NVIDIA Corp. (CDRs),NVDG,NVDG,AD,6166,1,Z_USA_Liq3_noDETG,0
CA67113W2013,A3DWF4,O2Gold Inc.,621,621,AT,6166,1,Z_USA_Liq3_noDETG,0
CA6744822033,A2PLZH,Obsidian Energy Ltd.,P13A,P13A,AC,6166,1,Z_USA_Liq2_TG,0
CA6752224007,A41ADE,OceanaGold Corp.,RQQ0,RQQ0,AD,6166,1,Z_USA_Liq2_TG,0
CA68218G1090,A3D6VP,Omega Pacific Resources Inc.,Q0F,Q0F,AC,6166,1,Z_USA_Liq2_TG,0
CA68237A1093,A3DUNQ,1CM Inc.,IQ70,IQ70,AD,6166,1,Z_USA_Liq3_noDETG,0
CA68237C1059,A3EKSZ,Onco-Innovations Ltd.,W1H,W1H,AD,6166,1,Z_USA_Liq2_TG,1
CA68272K1030,873080,ONEX Corp.,ONE,OCX,AC,6166,1,Z_USA_Liq2_TG,0
CA6837151068,899027,Open Text Corp.,OTX,OTC,AC,6166,1,Z_USA_Liq2_TG,0
CA68390C1086,A40ENZ,Ophir Metals Corp.,W0J,W0J,AD,6166,1,Z_USA_Liq3_noDETG,0
CA68390D1069,A417BX,OR Royalties Inc.,OM40,OM40,AL,6166,1,Z_USA_Liq2_TG,0
CA68400T4063,A3CRFW,Oracle Energy Corp.,O2E,O2E,AD,6166,1,Z_noMM,0
CA68405H1001,A2QQEL,Optimi Health Corp.,8BN,8BN,AC,6166,1,Z_USA_Liq2_TG,0
CA68616T1093,A0RF8Q,Orezone Gold Corp.,OEX,ORG,AC,6166,1,Z_USA_Liq2_TG,1
CA68616X2095,A3EW2M,Orex Minerals Inc.,ORS0,ORS0,AD,6166,0,Z_USA_Liq3_noDETG,0
CA68617J1003,A415A3,Organigram Global Inc.,0OG,0OG,AT,6166,1,Z_USA_Liq2_TG,0
CA68622Y1007,A3CRA4,Origen Resources Inc.,4VXA,4VXA,AT,6166,1,Z_USA_Liq3_noDETG,0
CA68634K1066,A2DHZU,Orla Mining Ltd.,O8M,O8M,AL,6166,1,Z_USA_Liq2_TG,0
CA6870331007,A0Q2HB,Oroco Resource Corp.,OR6,OCO,AL,6166,1,Z_USA_Liq3_noDETG,0
CA6871961059,A0YJNS,Orosur Mining Inc.,UR2,UME,AL,6166,1,Z_USA_Liq2_TG,0
CA68759M1014,889301,Orvana Minerals Corp.,O6M,ORV,AL,6166,1,Z_USA_Liq3_noDETG,0
CA6882741094,A2DTZC,Osisko Metals Inc.,0B51,0B51,AL,6166,1,Z_USA_Liq2_TG,0
CA68828E8099,A3DK8G,Osisko Development Corp.,3OZ0,3OZ0,AL,6166,1,Z_USA_Liq3_noDETG,0
CA6886041079,A3C860,Ostrom Climate Solutions Inc.,9EAA,9EAA,AD,6166,1,Z_USA_Liq3_noDETG,0
CA69002Q1054,A3CSAT,Outcrop Silver & Gold Corp.,MRG,MRG1,AS,6166,1,Z_USA_Liq2_TG,1
CA6936971044,A2QQYS,PsyBio Therapeutics Corp.,PSYB,PSYB,AL,6166,0,Z_USA_Liq3_noDETG,0
CA6942131096,A2JG1F,Pacific Empire Minerals Corp.,1YK,1YK,AT,6166,1,Z_USA_Liq3_noDETG,0
CA6947986049,A40ZP2,Pacific Ridge Exploration Ltd.,PQW,PQW,AC,6166,1,Z_USA_Liq2_TG,0
CA6951041095,A41ALZ,Pacifica Silver Corp.,RM2,RM2,AL,6166,1,Z_USA_Liq2_TG,0
CA69783Y3014,A40V05,Pan American Energy Corp,SS6,SS6,AC,6166,1,Z_USA_Liq2_TG,0
CA6979001089,876617,Pan American Silver Corp.,PA2,PAA,AS,6166,1,Z_USA_Liq2_TG,1
CA69806A1084,A2JKW3,Pan Global Resources Inc.,2EU,2EU,AL,6166,1,Z_USA_Liq2_TG,0
CA69842E4031,A40U4J,PanGenomic Health Inc.,LL3,LL3,AC,6166,1,Z_USA_Liq2_TG,0
CA69863Q1037,914959,Panoro Minerals Ltd.,PZM,PML,AT,6166,1,Z_USA_Liq3_noDETG,0
CA69867J2048,A41MZM,Panther Minerals Inc.,2BC,2BC,AL,6166,1,Z_USA_Liq2_TG,0
CA6993202069,A0D9Y4,Paramount Resources Ltd.,PQ51,POUa,AC,6166,1,Z_USA_Liq2_TG,0
CA69946Q1046,A0YES6,Parex Resources Inc.,QPX,PXT,AL,6166,0,Z_USA_Liq2_TG,0
CA70260R1082,A1JWFY,Pasinex Resources Ltd.,PNX,PNX1,AL,6166,1,Z_USA_Liq3_noDETG,0
CA7026573054,A3CSQB,Pasofino Gold Ltd.,N07A,N07A,AT,6166,1,Z_USA_Liq3_noDETG,0
CA70323P2061,A40J98,Pathfinder Ventures Inc.,RVF0,RVF0,AL,6166,1,Z_USA_Liq3_noDETG,0
CA70344Q1000,A40NSB,Patterson Metal Corp.,W7Z,W7Z,AL,6166,1,Z_USA_Liq2_TG,0
CA70529A1021,A41ARD,Pecoy Copper Corp.,D5E,D5E,AT,6166,1,Z_USA_Liq3_noDETG,0
CA70558T2048,A3D7AN,Pegasus Resources Inc.,0QS0,0QS0,AL,6166,1,Z_USA_Liq2_TG,0
CA7063271034,A1C563,Pembina Pipeline Corp.,P5P,P5P,AL,6166,1,Z_USA_Liq2_TG,1
CA71385D1078,A2P6BF,Perimeter Medical Imaging AI Inc.,4PC,4PC,AL,6166,1,Z_USA_Liq3_noDETG,0
CA7142661031,A2QPVU,Perpetua Resources Corp.,9MIB,9MIB,AL,6166,1,Z_USA_Liq2_TG,1
CA71643U1075,A1JJBL,Petrichor Energy Inc.,YQNP,ODE,AL,6166,0,Z_noMM,0
CA71677J1012,A2JNFH,PetroTal Corp.,SER1,SER1,AS,6166,1,Z_USA_Liq2_TG,1
CA7170461064,A1H5LQ,Peyto Exploration & Development Corp.,PXK,PEYE,AC,6166,1,Z_USA_Liq2_TG,0
CA71743P1071,A3CTYT,Phenom Resources Corp.,1PY0,1PY0,AC,6166,1,Z_USA_Liq2_TG,0
CA7233308583,A3CSPX,Pinetree Capital Ltd.,PI1,PI1,AT,6166,1,Z_USA_Liq3_noDETG,0
CA72350R1055,A3EHJ0,Pinnacle Silver And Gold Corp.,P9J,P9J,AD,6166,1,Z_USA_Liq3_noDETG,0
CA7235371068,A411W8,Pioneer AI Foundry Inc.,6NU0,6NU0,AD,6166,1,Z_USA_Liq3_noDETG,0
CA72403R1029,A0Q90L,Pioneering Technology Corp.,2PX,2PX,AT,6166,1,Z_USA_Liq3_noDETG,0
CA72583H1064,A400A2,Pivotree Inc.,8AV0,8AV0,AL,6166,1,Z_USA_Liq3_noDETG,0
CA7261351067,A41F7S,Plaid Technologies Inc.,5QX0,5QX0,AD,6166,1,Z_USA_Liq3_noDETG,0
CA72703G2027,A3E2GW,Planet Based Foods Global Inc.,AZ00,AZ00,AD,6166,1,Z_USA_Liq3_noDETG,0
CA72703V1004,A402VZ,Planet Green Metals Inc.,D0C0,D0C0,AL,6166,1,Z_USA_Liq3_noDETG,0
CA7270533085,A423DL,Planet Ventures Inc.,P6U,P6U,AL,6166,1,Z_USA_Liq3_noDETG,0
CA72749F2008,A3C7Y3,The Planting Hope Company Inc.,J94,J94,AL,6166,0,Z_USA_Liq3_noDETG,0
CA72765Q8829,A2PAHQ,Platinum Group Metal Ltd.,P6MB,P6MB,AL,6166,1,Z_USA_Liq2_TG,0
CA7279411069,A3ESDD,PlasCred Circular Innovations Inc.,XV2,XV2,AT,6166,1,Z_USA_Liq2_TG,0
CA72811X3031,A4237J,Playfair Mining Ltd.,P1J,P1J,AL,6166,1,Z_USA_Liq3_noDETG,0
CA7294131049,A40TAL,Pluto Ventures Inc.,9I0,9I0,AL,6166,1,Z_USA_Liq3_noDETG,0
CA72942L4001,A40A8Z,Plurilock Security Inc.,6590,6590G,AT,6166,1,Z_USA_Liq3_noDETG,0
CA73015G1046,A41JA8,PMET Resources Inc.,R9G0,R9G0,AD,6166,1,Z_USA_Liq2_TG,1
CA73044W3021,A3DWD8,POET Technologies Inc.,RI4A,RI4A,AS,6166,1,Z_USA_Liq2_TG,1
CA73108L1013,A3DQXW,Polaris Renewable Energy Inc.,N4T,N4T,AD,6166,1,Z_USA_Liq3_noDETG,0
CA73150R1055,A1H4J3,Pollard Banknote Ltd.,67L,67L,AT,6166,1,Z_USA_Liq3_noDETG,0
CA73689L2075,A2PBJT,Portofino Resources Inc.,POTA,POTA,AL,6166,1,Z_USA_Liq3_noDETG,0
CA7392391016,864840,Power Corporation of Canada,PCR,POW,AL,6166,1,Z_USA_Liq2_TG,0
CA73928T2011,A40MDR,Power Group Projects Corp.,9GC,9GC,AL,6166,0,Z_USA_Liq3_noDETG,0
CA73929Q1072,A2DHMA,Power Metals Corp.,OAA1,OAA1,AC,6166,1,Z_USA_Liq2_TG,0
CA73929R1055,A40S32,Power Metallic Mines Inc.,IVV1,IVV1,AT,6166,1,Z_USA_Liq2_TG,0
CA73933V1004,A41C55,Powerbank Corp.,103,103G,AD,6166,1,Z_USA_Liq2_TG,0
CA73934M1095,A40MG9,Powermax Minerals Inc.,T23,T23,AL,6166,1,Z_USA_Liq2_TG,0
CA73940N1096,A3D6BS,POWR Lithium Corp.,6JX,6JX,AT,6166,1,Z_USA_Liq2_TG,0
CA73965Q8882,A41Y9A,Prairie Provident Resources Inc.,09N0,09N0,AL,6166,1,Z_USA_Liq3_noDETG,0
CA7397211086,A114W8,PrairieSky Royalty Ltd.,7PS,7PS,AL,6166,1,Z_USA_Liq2_TG,0
CA74048R1091,A3ET9P,Premier American Uranium Inc.,B05,B05,AL,6166,1,Z_USA_Liq2_TG,0
CA74061A1084,A0X9K5,Premium Brands Holdings Corp.,5P7,5P7,AD,6166,1,Z_USA_Liq3_noDETG,0
CA74143C1068,A41QAA,Preveceutical Medical Inc.,18H0,18H0,AL,6166,0,Z_USA_Liq3_noDETG,0
CA74167W2022,A422R6,Primary Hydrogen Corp.,83W,83W,AC,6166,1,Z_USA_Liq3_noDETG,0
CA74275P1071,A2QEGD,Prismo Metals Inc.,7KU,7KU,AT,6166,0,Z_USA_Liq2_TG,0
CA74290V2049,A4092P,Promino Nutritional Sciences Inc.,93X,93X,AT,6166,1,Z_USA_Liq3_noDETG,0
CA74346M5054,A41MFQ,ProMIS Neurosciences Inc.,23J,23J,AD,6166,1,Z_USA_Liq2_TG,0
CA74349D1069,A3C6TB,Propel Holdings Inc.,8KO,8KO,AL,6166,1,Z_USA_Liq2_TG,0
CA74358Q1054,A3CQ9D,Prospect Ridge Resources Corp.,0ED,0ED,AD,6166,1,Z_USA_Liq3_noDETG,0
CA74358V1040,A424D8,Prospect Prediction Markets,DEP,DEP,AL,6166,1,Z_USA_Liq3_noDETG,0
CA74359L2049,A40170,Prospector Metals Corp.,1ET,1ET,AL,6166,1,Z_USA_Liq2_TG,0
CA74360U1021,A2JQ37,Prospera Energy Inc.,OF6B,OF6B,AT,6166,1,Z_USA_Liq3_noDETG,0
CA74365J1021,A2QQHR,ProStar Holdings Inc.,5D00,5D00,AT,6166,1,Z_USA_Liq2_TG,0
CA74370G2009,A41DPY,Protium Clean Energy Corp.,G07,G07,AL,6166,1,Z_USA_Liq3_noDETG,0
CA74447P1009,A2QGCM,Psyched Wellness Ltd.,5U9,5U9,AD,6166,1,Z_USA_Liq3_noDETG,0
CA7446571076,A2QCBZ,P2 Gold Inc.,4Z9,4Z9,AL,6166,1,Z_USA_Liq3_noDETG,0
CA74586Q1090,903751,Pulse Seismic Inc.,PUD,PSD,AD,6166,1,Z_USA_Liq3_noDETG,0
CA7459321039,A3EP2C,Pulsar Helium Inc.,Y3K,Y3K,AL,6166,1,Z_USA_Liq3_noDETG,0
CA7462347070,A40RAB,Purepoint Uranium Group Inc.,P5X0,P5X0,AL,6166,1,Z_USA_Liq3_noDETG,0
CA7462441022,A40V79,PureWave Hydrogen Corp.,GX80,GX80,AC,6166,0,Z_USA_Liq3_noDETG,0
CA74624B7007,A2QJEB,Pure Energy Minerals Ltd.,AHG,AHGG,AL,6166,1,Z_USA_Liq3_noDETG,0
CA74624U1049,A2QJAJ,Pure Extracts Technologies Corp.,PUX,PUX,AL,6166,0,Z_USA_Liq3_noDETG,0
CA7469601032,A421M7,QScreen AI Inc.,3QP,3QP0,AD,6166,1,Z_USA_Liq3_noDETG,0
CA74734C1014,A1JH3Y,QMC Quantum Minerals Corp.,3LQ,QMC,AT,6166,1,Z_USA_Liq3_noDETG,0
CA74739G1072,A3D4CR,Q2 Metals Corp.,458,458,AL,6166,1,Z_USA_Liq2_TG,0
CA74739V1040,A4016R,PyroGenesis Canada Inc.,8PY1,8PY1,AC,6166,1,Z_USA_Liq2_TG,0
CA74764Y2050,A2P8F1,Quantum Biopharma Ltd.,0K91,0K91G,AL,6166,1,Z_USA_Liq2_TG,0
CA74765C2022,A40AT4,Quantum Battery Metals Corp.,23B,23B,AC,6166,1,Z_USA_Liq2_TG,1
CA74766V1004,A414BP,Quantum Critical Metals Corp.,86A,86A,AT,6166,1,Z_USA_Liq3_noDETG,0
CA74767B1031,A41WE3,Quantum Secure Encrypt Corp.,VN80,VN80,AD,6166,1,Z_USA_Liq2_TG,0
CA74767K1030,A3CSAU,Quantum eMotion Corp.,34Q0,34Q0,AC,6166,1,Z_USA_Liq2_TG,1
CA7477131055,A2DS32,Quarterhill Inc.,WJL,WJL,AT,6166,1,Z_USA_Liq2_TG,0
CA7480331072,A3D2JV,Quebec Innovative Materirials Corp.,7FJ,7FJ,AC,6166,1,Z_USA_Liq2_TG,0
CA7481621042,A3EP21,Quebec Rare Earth Elements Corp.,41K,41K,AL,6166,1,Z_USA_Liq3_noDETG,0
CA74836K1003,A0F54V,Questerre Energy Corp.,QE1,QECa,AL,6166,1,Z_USA_Liq3_noDETG,0
CA74840A1066,A3E300,Quest Critical Metals Inc.,DCR0,DCR0,AL,6166,1,Z_USA_Liq3_noDETG,0
CA74841L1013,A3DT3C,Quimbaya Gold Inc.,K05,K05,AL,6166,1,Z_USA_Liq2_TG,0
CA74935Q1072,A3EG08,RB Global Inc.,J1F,J1F,AT,6166,1,Z_USA_Liq2_TG,0
CA7496011007,A14ZWE,RIWI Corp.,5RW,5RW,AD,6166,1,Z_USA_Liq3_noDETG,0
CA74984K1003,A4237K,RPX Gold Inc.,RPX0,RPX0,AL,6166,1,Z_USA_Liq3_noDETG,0
CA7500802029,A1405R,Rackla Metals Inc.,RLH1,RLH1,AL,6166,1,Z_USA_Liq2_TG,0
CA75034P1062,A2DQFQ,Radient Technologies Inc.,RD8,RD8,AL,6166,0,Z_noMM,0
CA7507631041,A3DE8E,Railtown AI Technologies Inc.,S39,S39,AT,6166,1,Z_USA_Liq2_TG,0
CA75101U4000,A2PSV4,Rainy Mountain Royalty Corp.,EK7C,EK7C,AL,6166,1,Z_USA_Liq3_noDETG,0
CA75103L3092,A41APT,Rakovina Therapeutics Inc.,7JO0,7JO0,AD,6166,1,Z_USA_Liq2_TG,0
CA75189P1099,A3C5HV,Ranchero Gold Corp.,3C2,3C2,AT,6166,1,Z_USA_Liq3_noDETG,0
CA75601Y1007,A2DRYG,Real Matters Inc.,R3E,R3E,AT,6166,1,Z_USA_Liq3_noDETG,0
CA75604K1075,A40F2B,Realbotix Corp.,76M0,76M0,AC,6166,1,Z_USA_Liq2_TG,1
CA75624R1082,A2PRKY,Reconnaissance Energy Africa Ltd.,0XD,0XD,AL,6166,1,Z_USA_Liq2_TG,1
CA75629Y1088,A3DQZ2,Recyclico Battery Materials Inc.,ID4,ID4,AC,6166,1,Z_USA_Liq2_TG,0
CA75671E1097,A2P5KA,Red Light Holland Corp.,4YX,4YX,AD,6166,1,Z_USA_Liq3_noDETG,0
CA75865D2068,A41MYC,Reflex Advanced Materials Corp.,U0P,U0P,AD,6166,1,Z_USA_Liq2_TG,0
CA75865L1094,A41NVD,ReeXploration Inc.,K2I0,K2I0,AD,6166,1,Z_USA_Liq3_noDETG,0
CA75867L2066,A407GC,Refined Energy Corp.,CWA0,CWA0,AC,6166,1,Z_USA_Liq2_TG,0
CA75888V1004,A3CPRV,REGEN III Corp.,PN4,PN4,AT,6166,1,Z_USA_Liq2_TG,0
CA75903K1057,A4159X,Regenera Insights Inc.,66C0,66C0,AD,6166,1,Z_USA_Liq3_noDETG,0
CA75903N2086,A40F64,Regenx Tech Corp.,PQ0,PQ0,AD,6166,0,Z_USA_Liq3_noDETG,0
CA75915M1077,A12C9H,Regulus Resources Inc.,3LI,3LI,AC,6166,1,Z_USA_Liq2_TG,0
CA75941A1012,A407W8,Rektron Group Inc.,F75,F75,AC,6166,0,Z_USA_Liq2_TG,0
CA75955T1030,A2AJTB,Reliq Health Technologies Inc.,MHN2,MHN2,AL,6166,0,Z_noMM,0
CA75971C2094,A2H9TN,Renforth Resources Inc.,9RR,9RR,AL,6166,1,Z_USA_Liq3_noDETG,0
CA75974M2040,A41MZV,Renegade Gold Inc.,0700,0700G,AD,6166,1,Z_USA_Liq2_TG,0
CA76029E1060,A3ESFB,Replenish Nutrients Holding Corp.,7KE,7KE,AD,6166,1,Z_USA_Liq3_noDETG,0
CA7608011002,A41AYF,Republic Technologies Inc.,7FM0,7FM0,AD,6166,1,Z_USA_Liq3_noDETG,0
CA76125Y6001,A407RP,Robex Resources Inc.,RB4A,RB4A,AL,6166,1,Z_USA_Liq2_TG,0
CA76128M1086,A0DP7L,Resverlogix Corp.,RFS,RVX,AT,6166,1,Z_USA_Liq3_noDETG,0
CA76131D1033,A12GMA,Restaurant Brands International Inc.,0R6,0R6,AC,6166,1,Z_USA_Liq2_TG,0
CA76134C1023,A3EVCJ,Resouro Strategic Metals Inc.,8TX,8TX,AD,6166,1,Z_USA_Liq2_TG,0
CA76134J2065,A410C5,Restart Life Sciences Corp.,HN30,HN30,AL,6166,1,Z_USA_Liq2_TG,0
CA76151P1018,A2H7F3,Revival Gold Inc.,76V,76V,AL,6166,1,Z_USA_Liq2_TG,0
CA76157B1067,A3DHJP,ReVolve Renewable Power Corp.,PM7,PM7,AL,6166,1,Z_USA_Liq3_noDETG,0
CA7660871004,A2QBQ4,Ridgeline Minerals Corp.,0GC0,0GC0,AD,6166,1,Z_USA_Liq3_noDETG,0
CA76611L2030,A3D38P,Ridgestone Mining Inc.,4U50,4U50,AL,6166,1,Z_USA_Liq3_noDETG,0
CA7672171021,A2JRRN,Rio2 Ltd. (NEW),1SB,1SB,AT,6166,1,Z_USA_Liq2_TG,0
CA76927E1097,A418L1,Riverside Resources Inc.,5YY0,5YY0,AL,6166,1,Z_USA_Liq2_TG,0
CA77273P2017,A1XF0V,Rock Tech Lithium Inc.,RJIB,RJIB,AL,6166,1,Z_USA_Liq2_TG,1
CA77340P1018,A1H68L,Rockhaven Resources Ltd.,8RR,8RR,AL,6166,1,Z_USA_Liq3_noDETG,0
CA7751092007,867590,Rogers Communications Inc.,RCIB,RG,AL,6166,1,Z_USA_Liq2_TG,0
CA77543A2083,A2JK8F,Rokmaster Resources Corp.,1RR1,1RR1,AL,6166,1,Z_USA_Liq3_noDETG,0
CA77584B6026,A41TRH,QYOU Media Inc.,0QY0,0QY0,AL,6166,1,Z_USA_Liq2_TG,0
CA7766521099,A2H5PE,Roots Corp.,4RO,4RO,AC,6166,1,Z_USA_Liq2_TG,0
CA77683B1076,A2N609,Roscan Gold Corp.,2OJ,2OJ,AC,6166,1,Z_USA_Liq2_TG,0
CA7792911033,A40N7B,Route 109 Rec Inc.,8M0,8M0,AT,6166,1,Z_USA_Liq3_noDETG,0
CA7800871021,852173,Royal Bank of Canada,RYC,RY,AL,6166,1,Z_USA_Liq2_TG,0
CA78109M2067,A40QYC,Rua Gold Inc.,X9R,X9R,AT,6166,1,Z_USA_Liq2_TG,0
CA7811131050,A40TTK,Rubellite Energy Corp.,6L00,6L00,AD,6166,1,Z_USA_Liq3_noDETG,0
CA78112W1005,A2N7HE,Rubicon Organics Inc.,R07,R07,AT,6166,1,Z_USA_Liq3_noDETG,0
CA78165J1057,A0KFZ6,Rupert Resources Ltd.,R05,R05,AD,6166,1,Z_USA_Liq3_noDETG,0
CA7819036046,856568,Russel Metals Inc.,RMZ,RMZ,AD,6166,1,Z_USA_Liq3_noDETG,0
CA7822271028,A0LHL7,Rusoro Mining Ltd.,PKJ2,RML,AL,6166,1,Z_USA_Liq2_TG,0
CA78446Q3089,A40VTD,SKRR Exploration Inc.,B041,B041,AT,6166,0,Z_USA_Liq3_noDETG,0
CA78471G4079,A41X79,SOL Global Investments Corp.,9SB0,9SB0,AC,6166,1,Z_USA_Liq2_TG,0
CA7847301032,A2DVLE,SSR Mining Inc.,ZSV,ZSV,AC,6166,1,Z_USA_Liq2_TG,1
CA78570Q1081,A3ENL6,Sabio Holdings Inc.,68J,68J,AD,6166,1,Z_USA_Liq3_noDETG,0
CA7857133069,A119PK,Sable Resources Ltd.,5XL,5XL,AL,6166,1,Z_USA_Liq3_noDETG,0
CA78660A1049,A40J74,Saga Metals Corp.,20H,20H,AL,6166,1,Z_USA_Liq2_TG,0
CA7900141044,A2QFH4,St. James Gold Corp.,BVU3,BVU3,AC,6166,1,Z_USA_Liq2_TG,0
CA7940071045,A0MMLD,Salazar Resources Ltd.,CCG,CKRC,AL,6166,1,Z_USA_Liq2_TG,0
CA79588X1015,A3ESK0,Sama Resources Inc.,Z0G,Z0G,AL,6166,1,Z_USA_Liq3_noDETG,0
CA80100R4089,A3DABT,Sangoma Technologies Corp,54GA,54GA,AC,6166,1,Z_USA_Liq2_TG,0
CA80280U2056,A41S50,Santacruz Silver Mining Ltd.,1SZ0,1SZ0,AD,6166,1,Z_USA_Liq2_TG,1
CA8029121057,909497,Saputo Inc.,SB7,SAPU,AC,6166,1,Z_USA_Liq2_TG,1
CA80302D1087,A3DM8J,Sanu Gold Corp.,L73,L73,AD,6166,1,Z_USA_Liq3_noDETG,0
CA8031604074,A2QEVG,Sarama Resources Ltd.,48S1,48S1,AG,6166,1,Z_ASIA_Liq3_noDETG,0
CA80387M2058,A40MHX,Sassy Gold Corp.,123,123G,AD,6166,0,Z_USA_Liq3_noDETG,0
CA80401L8033,A4211W,Satellos Bioscience Inc.,0IT,0IT,AC,6166,1,Z_USA_Liq2_TG,0
CA80412L8832,A3C9X6,Saturn Oil & Gas Inc.,SMKA,SMKA,AC,6166,1,Z_USA_Liq2_TG,1
CA8051121090,A0B8TG,Savaria Corp.,S97,S97,AL,6166,1,Z_USA_Liq2_TG,0
CA80600L1094,A12F0M,Scandium International Mining Corp.,0E6,0E6,AL,6166,1,Z_USA_Liq3_noDETG,0
CA8091852001,A40VXW,Scotch Creek Ventures Inc.,7S20,7S20,AD,6166,1,Z_USA_Liq3_noDETG,0
CA80918M3021,A3E2GX,Scorpio Gold Corp.,RY9,RY9,AD,6166,1,Z_USA_Liq2_TG,0
CA81012R5024,A40VVY,Scottie Resources Corp.,SR80,SR80,AT,6166,1,Z_USA_Liq2_TG,0
CA81111V2066,A41EY5,Scryb Inc.,EIY0,EIY0,AD,6166,1,Z_USA_Liq3_noDETG,0
CA8119161054,541875,Seabridge Gold Inc.,SRM,SEA,AL,6166,1,Z_USA_Liq2_TG,0
CA81222L2049,A41HTY,Searchlight Resources Inc.,2CC,2CCG,AL,6166,1,Z_USA_Liq3_noDETG,0
CA8139211038,A40PE6,Secure Waste Infrastructure Co.,01.09.2000,01.09.2000,AL,6166,1,Z_USA_Liq2_TG,0
CA81607F1036,A3DKJ0,Sekur Private Data Ltd.,GDT0,GDT0,AD,6166,1,Z_USA_Liq3_noDETG,0
CA81731L1094,923428,Senvest Capital Inc.,0SC,0SC,AD,6166,1,Z_USA_Liq3_noDETG,0
CA81752F1062,A411DW,Sernova Biotherapeutics Corp.,PSH0,PSH0,AL,6166,1,Z_USA_Liq1_DETG,1
CA81752V2003,A40YSH,Serra Energy Metals Corp.,4KL,4KL,AD,6166,0,Z_USA_Liq3_noDETG,0
CA8193201024,A0YC7D,Shamaran Petroleum Corp.,3B8,SNM,AD,6166,1,Z_USA_Liq3_noDETG,0
CA81948A1021,A2DYSY,Sharc International Sys Inc.,IWIA,IWIA,AL,6166,1,Z_USA_Liq2_TG,0
CA8239011031,901547,Sherritt International Corp.,HRT,SHRT,AL,6166,1,Z_USA_Liq2_TG,1
CA82509L1076,A14TJP,Shopify Inc.,307,307,AC,6166,1,Z_USA_Liq2_TG,1
CA82540M1068,A3DZRR,Showcase Minerals Inc.,ZJ0,ZJ0,AT,6166,1,Z_USA_Liq2_TG,0
CA82621E2050,A418KR,Sienna Resources Inc.,HRJ,HRJ,AL,6166,1,Z_USA_Liq2_TG,0
CA82621K1021,A14SN8,Sienna Senior Living Inc.,636,636,AT,6166,1,Z_USA_Liq3_noDETG,0
CA82631L2075,A3DWEK,Sierra Grande Minerals Inc.,SRR0,SRR0,AD,6166,1,Z_USA_Liq3_noDETG,0
CA8263XP1041,A3CM97,Sierra Madre Gold and Silver Ltd.,409,409,AL,6166,1,Z_USA_Liq2_TG,0
CA8265991023,A3CTYQ,Sigma Lithium Corp.,M0N,M0N,AL,6166,1,Z_USA_Liq2_TG,0
CA8271242072,A3DMCP,Silo Wellness Inc.,3K7A,3K7A,AL,6166,0,Z_USA_Liq3_noDETG,0
CA8276471080,A40GTS,Silver Crown Royalties Inc.,QS0,QS0,AT,6166,1,Z_USA_Liq3_noDETG,0
CA82767L1040,A2P5J9,Silver Dollar Resources Inc.,4YW,4YW,AL,6166,1,Z_USA_Liq2_TG,0
CA82770L3074,A3DWAL,Silver Elephant Mining Corp.,1P2,1P2,AL,6166,1,Z_USA_Liq3_noDETG,0
CA8277191059,A408EQ,Silver47 Exploration Corp.,QP2,QP2,AT,6166,1,Z_USA_Liq2_TG,0
CA8280425072,A414LS,Silver Mountain Resources Inc.,YC40,YC40,AL,6166,1,Z_USA_Liq2_TG,0
CA8280621092,A2AQ9Y,Silver One Resources Inc.,BRK1,BRK1G,AL,6166,1,Z_USA_Liq2_TG,0
CA82825J1093,A3EWAU,Silver Storm Mining Ltd.,SVR,SVRG,AL,6166,1,Z_USA_Liq2_TG,0
CA82831T1093,A2P4YL,Silver Tiger Metals Inc.,1OC,1OC,AD,6166,1,Z_USA_Liq2_TG,0
CA8283344098,A40Z5M,Silver Viper Minerals Corp.,S060,S060,AD,6166,1,Z_USA_Liq2_TG,0
CA8283411079,A3CSVE,Silver X Mining Corp.,AGX,AGX,AC,6166,1,Z_USA_Liq2_TG,0
CA82835P1036,A0EAS0,Silvercorp Metals Inc.,S9Y,S9Y,AC,6166,1,Z_USA_Liq2_TG,1
CA82967M1005,A0RM6R,Sirona Biochem Corp.,ZSB,SIBM,AD,6166,0,Z_USA_Liq3_noDETG,0
CA8299085081,A1J6X0,Sirios Resources Inc.,377A,377A,AL,6166,1,Z_USA_Liq3_noDETG,0
CA83011C6018,A3DW4V,Sixty North Gold Mining Ltd.,2F40,2F40,AL,6166,0,Z_USA_Liq3_noDETG,0
CA83013J1093,A3CM5G,Sixty Six Capital Inc.,5CR0,5CR0,AT,6166,1,Z_USA_Liq3_noDETG,0
CA83056P7157,A3CRER,Skeena Resources Ltd.,RXF,RXF,AL,6166,1,Z_USA_Liq2_TG,0
CA8308166096,A2AJ7J,Skyharbour Resources Ltd.,SC1P,SC1P,AC,6166,1,Z_USA_Liq2_TG,1
CA83085J3001,A3D4F1,Sky Gold Corp.,QSG,QSG,AD,6166,1,Z_USA_Liq3_noDETG,0
CA83086W1023,A415CZ,Skycap Investment Holdings Inc.,5ZO0,5ZO0,AC,6166,1,Z_USA_Liq2_TG,1
CA83307B1013,A3DQXY,SNDL Inc.,VY4,VY4,AL,6166,1,Z_USA_Liq2_TG,0
CA83342V1040,A2QQBD,Snowline Gold Corp.,91S0,91S0,AL,6166,1,Z_USA_Liq2_TG,0
CA83405M1086,A3CQT3,Softchoice Corp,90Q,90Q,AD,6166,0,Z_noMM,0
CA83411A2056,A41B77,Sol Strategies Inc.,1X0,1X0,AL,6166,1,Z_USA_Liq2_TG,1
CA83445W1086,A2P4DU,Soma Gold Corp.,8PR1,8PR1,AC,6166,1,Z_USA_Liq2_TG,0
CA83571A1021,A2QCST,Sonoro Gold Corp.,23SP,23SP,AC,6166,1,Z_USA_Liq2_TG,0
CA83671M1059,A408DH,South Bow Corp.,R8M,R8M,AD,6166,1,Z_USA_Liq2_TG,0
CA8426851090,A40QY8,Southern Cross Gold Ltd.,MV3,MV3,AT,6166,1,Z_USA_Liq2_TG,0
CA8438142033,A12BX1,Southern Silver Exploration Corp.,SEG1,SEG1,AT,6166,1,Z_USA_Liq2_TG,0
CA84624Q1028,A2PA04,Spacefy Inc.,YSP,YSPG,AL,6166,1,Z_USA_Liq3_noDETG,0
CA8464811097,A0YJQF,Spanish Mountain Gold Ltd.,S3Y,SKV,AC,6166,1,Z_USA_Liq2_TG,0
CA8465011044,A3CZBC,Sparc AI Inc.,5OV0,5OV0,AL,6166,1,Z_USA_Liq2_TG,0
CA84652L2075,A3EQSN,Spark Energy Minerals Inc.,8PC,8PC,AL,6166,1,Z_USA_Liq2_TG,0
CA84678A5089,A3EHTZ,Spartan Delta Corp.,4YJ0,4YJ0,AC,6166,1,Z_USA_Liq2_TG,0
CA8475771033,A12HJ9,Spectral Medical Inc.,SD4,SD4,AL,6166,1,Z_USA_Liq3_noDETG,0
CA84841L5062,A420P2,Sphere 3D Corp.,8S30,8S30,AL,6166,0,Z_USA_Liq3_noDETG,0
CA8485101031,A14XBU,Spin Master Corp.,SP9,SP9,AT,6166,1,Z_USA_Liq2_TG,0
CA84859H2072,A3DE2C,Spirit Blockchain Capital Inc.,JN9,JN9,AT,6166,1,Z_USA_Liq2_TG,0
CA8520662088,A2P5HU,Sprott Inc.,A781,A781,AC,6166,1,Z_USA_Liq2_TG,0
CA85207K1075,A1C711,Sprott Physical Silver Trust,S2S,PSLV,AC,6166,1,Z_USA_Liq2_TG,0
CA85209J1084,A2JQU9,Sproutly Canada Inc.,38G,38G,AL,6166,0,Z_noMM,0
CA85235Q1000,A2JAHV,St Georges Eco Mining Corp.,85G1,85G1,AC,6166,1,Z_USA_Liq2_TG,0
CA8525403017,A2QES5,StageZero Life Sciences Ltd,61N1,61N1,AL,6166,0,Z_USA_Liq3_noDETG,0
CA85284P3007,A40R3X,Stamper Oil & Gas Corp.,TMP0,TMP0,AL,6166,0,Z_USA_Liq3_noDETG,0
CA8529192087,A412WZ,Stallion Uranium Corp.,B76,B76,AT,6166,1,Z_USA_Liq2_TG,0
CA8536061010,A2DJQP,Standard Lithium Ltd.,S5L,S5L,AC,6166,1,Z_USA_Liq2_TG,1
CA85422Q8487,A40ADZ,Standard Uranium Ltd.,9SU0,9SU0,AL,6166,1,Z_USA_Liq2_TG,0
CA85472N1096,813102,Stantec Inc.,S3A,STNT,AL,6166,1,Z_USA_Liq2_TG,0
CA85511Y1088,A2JSE0,Star Diamond Corp.,GOC,GOC,AL,6166,1,Z_USA_Liq3_noDETG,0
CA85512H1047,A416ME,Star Copper Corp.,SOP,SOPG,AL,6166,1,Z_USA_Liq2_TG,0
CA8551571034,754105,Star Navigation Sys Group Ltd.,S3O,S3O,AL,6166,1,Z_USA_Liq3_noDETG,0
CA85525T2020,A2AACF,Starcore International Mines Ltd.,V4JA,V4JA,AC,6166,1,Z_USA_Liq2_TG,0
CA8552811017,A40CPL,Stardust Solar Energy Inc.,6330,6330,AL,6166,1,Z_USA_Liq3_noDETG,0
CA8559191066,A4165W,Starz Entertainment Corp.,V34,V34,AL,6166,1,Z_USA_Liq2_TG,0
CA85853F1053,891500,Stella-Jones Inc.,97S,97S,AC,6166,1,Z_USA_Liq2_TG,0
CA85855B2012,A40D1T,Stellar AfricaGold Inc.,6YP,6YP,AD,6166,1,Z_USA_Liq3_noDETG,0
CA85913R2063,A2JMMP,Steppe Gold Ltd.,2J9,2J9,AF,6166,1,Z_ASIA_Liq2_TG,0
CA85941M8806,A410R3,Sterling Metals Corp.,LAC,LACG,AD,6166,1,Z_USA_Liq2_TG,0
CA8606471065,A2JG70,Sitka Gold Corp.,1RF,1RF,AL,6166,1,Z_USA_Liq2_TG,0
CA86074L1031,A3DNNU,Stillwater Critical Minerals,J0G,J0G,AD,6166,1,Z_USA_Liq2_TG,0
CA86084H4070,A423P2,Stingray Group Inc.,3170,3170G,AD,6166,1,Z_EU_Liq3_noDETG,0
CA86101P1018,A4016B,STLLR Gold Inc.,O9D,O9D,AD,6166,1,Z_USA_Liq2_TG,0
CA86102Q1081,A3DMVF,Stock Trends Capital Inc.,P0G,P0G,AL,6166,1,Z_USA_Liq3_noDETG,0
CA8627591073,A2DTHV,Strategic Metals Ltd.,3FL,3FL,AD,6166,1,Z_USA_Liq3_noDETG,0
CA86308P1027,A3DQAW,Strathmore Plus Uranium Corp.,TO3,TO3,AL,6166,1,Z_USA_Liq2_TG,0
CA86330Y5011,A3DL8G,Stria Lithium Inc.,S35A,S35A,AL,6166,1,Z_USA_Liq3_noDETG,0
CA86332K4000,A40N32,StrikePoint Gold Inc.,NK6,NK6,AC,6166,1,Z_USA_Liq2_TG,0
CA8667961053,936039,Sun Life Financial Inc.,LIE,SLC,AT,6166,1,Z_USA_Liq2_TG,0
CA8672241079,A0NJU2,Suncor Energy Inc.,SM3,SU,AL,6166,1,Z_USA_Liq2_TG,1
CA8676EP1086,784556,SunOpta Inc.,ZSK,SOY,AC,6166,1,Z_USA_Liq2_TG,0
CA8680412035,A40ZAW,SuperBuzz Inc.,O2C,O2C,AD,6166,1,Z_USA_Liq2_TG,0
CA86804H1091,A40R2U,Super Copper Corp.,N60,N60,AC,6166,1,Z_USA_Liq2_TG,0
CA86828P1036,A0RK83,Superior Plus Corp.,8SP,8SP,AL,6166,1,Z_USA_Liq2_TG,0
CA86848C1086,A41A13,SuperQ Quantum Computing Inc.,25X,25X,AD,6166,1,Z_USA_Liq2_TG,0
CA8685951094,A40TAM,Supreme Critical Metals Inc.,VR6,VR6,AL,6166,1,Z_USA_Liq3_noDETG,0
CA86880Y8779,A3CSRB,Surge Energy Inc.,41Z0,41Z0,AL,6166,1,Z_USA_Liq2_TG,0
CA86881M1041,A2JENX,Surge Copper Corp.,G6D2,G6D2,AC,6166,1,Z_USA_Liq2_TG,0
CA86882X1096,A2QQ2P,Surge Battery Metals Inc.,DJ5,DJ5,AC,6166,1,Z_USA_Liq2_TG,0
CA87039X1179,A40X9X,Sweet Earth Holdings Corp.,1KZ,1KZ,AD,6166,0,Z_USA_Liq3_noDETG,0
CA8710031094,A2N7Y5,Swiss Water Decaffeinated Coffee Inc.,7RD,7RD,AD,6166,1,Z_USA_Liq3_noDETG,0
CA87132P1027,A1W2S4,Sylogist Ltd.,1WL,1WL,AD,6166,1,Z_USA_Liq3_noDETG,0
CA8716261075,A40PRT,Syntheia Corp.,7YG,7YG,AL,6166,1,Z_USA_Liq2_TG,0
CA87241L1094,A2DJ2Q,TFI International Inc.,9TF,9TF,AC,6166,1,Z_USA_Liq2_TG,0
CA87262G1046,A1JAZT,TNR Gold Corp.,TNW,IAH,AL,6166,1,Z_USA_Liq3_noDETG,0
CA87262K1057,A1J4GR,TMX Group Ltd.,9TX,9TX,AT,6166,1,Z_USA_Liq2_TG,0
CA87283P1099,A3DNG5,TRX Gold Corp.,TRG0,TRG0,AT,6166,1,Z_USA_Liq2_TG,0
CA87310A1093,A1160R,TWC Enterprises Ltd.,4TW,4TW,AT,6166,1,Z_USA_Liq3_noDETG,0
CA87320M2004,A3EWCR,TAAT Global Alternatives Inc.,2TP0,2TP0,AL,6166,0,Z_USA_Liq3_noDETG,1
CA8732491060,A3DVMD,T2 Metals Corp.,WJ6,WJ6,AT,6166,1,Z_USA_Liq3_noDETG,0
CA87377N2005,A0RF4G,Tag Oil Ltd.,T0P,TAO,AL,6166,1,Z_USA_Liq3_noDETG,0
CA87505Y4094,A1J1D0,Tamarack Valley Energy Ltd.,9TA1,9TA1,AL,6166,1,Z_USA_Liq2_TG,0
CA87588D1087,A3DM1X,Tantalex Lithium Resources,DW8,DW8G,AT,6166,0,Z_USA_Liq3_noDETG,0
CA87609L1058,A2P2ZP,Tarachi Gold Corp.,4RZ,4RZ,AT,6166,1,Z_USA_Liq3_noDETG,0
CA87612L2093,A419BJ,Targa Exploration Corp.,V6Y0,V6Y0,AT,6166,1,Z_USA_Liq3_noDETG,0
CA87649R1047,A2JGWV,Tartisan Nickel Corp.,8TA,8TA,AL,6166,1,Z_USA_Liq3_noDETG,0
CA8765111064,866869,Taseko Mines Ltd.,UDM,TKO,AT,6166,1,Z_USA_Liq2_TG,0
CA8779052080,A1JUY9,Tearlach Resources Ltd.,V44,V44,AL,6166,0,Z_USA_Liq3_noDETG,0
CA87807B1076,A2PJ41,TC Energy Corp.,TRS,TRS1,AC,6166,1,Z_USA_Liq2_TG,1
CA8787422044,858265,Teck Resources Ltd.,TEKB,TEKb,AL,6166,1,Z_USA_Liq2_TG,1
CA8787423034,855086,Teck Rescources Ltd.,TPT,TCKa,AL,6166,1,Z_USA_Liq3_noDETG,0
CA87877T6088,A418RY,Tectonic Metals Inc.,T152,T152,AL,6166,1,Z_USA_Liq2_TG,0
CA8789501043,603077,TECSYS INC.,9T1,9T1,AT,6166,1,Z_USA_Liq3_noDETG,0
CA87975M2085,A2PV0Q,Telo Genomics Corp.,3D0A,3D0A,AC,6166,1,Z_USA_Liq2_TG,0
CA87975Q2099,A3EMMX,Temas Resources Corp.,26P0,26P0,AL,6166,1,Z_USA_Liq2_TG,0
CA88034V3048,A3DAKV,Tenaz Energy Corp.,7F4,7F4,AL,6166,1,Z_USA_Liq3_noDETG,0
CA88035N1033,A3C6TN,Tenet Fintech Group Inc.,P0T,P0T,AL,6166,0,Z_USA_Liq3_noDETG,0
CA88089G2027,A40DA5,Terra Balcanica Resources Corp.,UB10,UB10,AL,6166,1,Z_USA_Liq3_noDETG,0
CA88100M2040,A40X3Q,"Terra Clean Energy Corp,",C9O0,C9O0,AT,6166,1,Z_USA_Liq3_noDETG,0
CA88103M4092,A40ZMY,Terrace Energy Corp.,2TR0,2TR0,AD,6166,1,Z_noMM,0
CA88104W1095,A41TG0,Terra Rossa Gold Ltd.,8BY,8BY,AL,6166,1,Z_USA_Liq3_noDETG,0
CA88105E1088,A2DSES,TerrAscend Corp.,TED,TEDG,AL,6166,1,Z_USA_Liq2_TG,0
CA88162H2000,A14PE2,Teuton Resources Corp.,TFE1,TFE1,AD,6166,1,Z_USA_Liq3_noDETG,0
CA88165V2066,A3DMJH,Tevano Systems Holdings Inc.,7RBA,7RBA,AL,6166,0,Z_USA_Liq3_noDETG,0
CA88337V1004,A0DLB7,Theralase Technologies Inc.,TTX,TTX,AL,6166,1,Z_USA_Liq3_noDETG,0
CA8834262070,A41C5B,Therma Bright Inc.,JNX0,JNX0,AL,6166,1,Z_USA_Liq2_TG,0
CA88346B1031,694641,Thermal Energy International Inc.,EUW,TMG,AT,6166,1,Z_USA_Liq3_noDETG,0
CA8839221063,A422AH,Thesis Gold & Silver Inc.,ZU7,ZU7,AC,6166,1,Z_USA_Liq3_noDETG,0
CA8841213025,A4177C,Thinkific Labs Inc.,5S0A,5S0A,AD,6166,1,Z_USA_Liq3_noDETG,0
CA8849038085,A3EETN,Thomson Reuters Corp.,TOC,TOCG,AT,6166,1,Z_USA_Liq2_TG,0
CA8851491040,A0YAQ9,Thor Explorations Ltd. (New),T2X,T2X,AT,6166,1,Z_USA_Liq2_TG,0
CA88581L3039,A2P3ZG,ThreeD Capital Inc.,B5K3,B5K3,AL,6166,1,Z_USA_Liq2_TG,0
CA88605F1009,A3DQED,Thunder Gold Corp.,Z25,Z25,AD,6166,1,Z_USA_Liq3_noDETG,0
CA88646L1085,A3CYS9,Tidewater Renewables Ltd.,7GZ,7GZ,AL,6166,1,Z_USA_Liq3_noDETG,0
CA88651M1086,A2QNN8,Tier One Silver Inc.,TOV0,TOV0,AL,6166,1,Z_USA_Liq2_TG,0
CA88709B1040,A2ANBL,Timbercreek Financial Corp.,58O,58O,AD,6166,1,Z_USA_Liq2_TG,0
CA8875228030,A41JBP,Tinka Resources Ltd.,TLD0,TLD0,AD,6166,1,Z_USA_Liq2_TG,0
CA8875892082,A404WJ,Tinone Resources Inc.,57Z,57Z,AT,6166,1,Z_USA_Liq3_noDETG,0
CA88900N1050,A2PE64,Tocvan Ventures Corp.,TV3,TV3G,AC,6166,1,Z_USA_Liq2_TG,1
CA88908E1079,A3EE4R,Toggle3D.ai Inc.,Q0C,Q0C,AD,6166,0,Z_USA_Liq3_noDETG,0
CA88909Q1090,A41FAD,Tokenwell Platforms Inc.,Y920,Y920,AD,6166,1,Z_USA_Liq2_TG,0
CA89055A2039,A2QF3T,Topaz Energy Corp.,5XU,5XU,AT,6166,1,Z_USA_Liq2_TG,0
CA8910546032,A2AMAJ,Torex Gold Resources Inc.,73GN,73GN,AL,6166,1,Z_USA_Liq2_TG,0
CA8911021050,914305,Toromont Industries Ltd.,14T,TIH,AT,6166,1,Z_USA_Liq2_TG,0
CA8911605092,852684,TORONTODOMINION BK,TDB,TD,AT,6166,1,Z_USA_Liq2_TG,0
CA89131L1085,A2DNVL,Torq Resources Inc.,S8QN,S8QN,AT,6166,1,Z_USA_Liq3_noDETG,0
CA89141H2046,A41AYJ,Torrent Gold Inc.,RV00,RV00,AD,6166,1,Z_USA_Liq3_noDETG,0
CA89154B1022,A0X8WB,Total Energy Services Inc,5O7,5O7,AC,6166,1,Z_USA_Liq2_TG,1
CA89156L1085,A114C7,Touchstone Exploration Inc.,PNW1,PNW1,AL,6166,1,Z_USA_Liq2_TG,0
CA89156V1067,A1C8W0,Tourmaline Oil Corp.,08T,08T,AT,6166,1,Z_USA_Liq2_TG,0
CA8919571023,A41B79,Total Metals Corp.,O4N,O4N,AT,6166,1,Z_USA_Liq2_TG,0
CA89239Q3061,A425BS,Traction Uranium Corp.,Z1K,Z1K,AC,6166,1,-,0
CA89279P1018,A2QQ2Z,Trailbreaker Resources Ltd.,KCG,KCG,AD,6166,1,Z_USA_Liq3_noDETG,0
CA89346D1078,885412,Transalta Corp.,TZ1,TZ1,AC,6166,1,Z_USA_Liq2_TG,0
CA89356V1040,A2PA4W,Transcanna Holding Inc.,TH8,TH8,AL,6166,0,Z_USA_Liq3_noDETG,0
CA8935781044,264396,Transcontinental Inc.,53L,53L,AL,6166,1,Z_USA_Liq2_TG,0
CA8949431099,A40CR2,Trenchant Capital Corp.,5730,5730,AT,6166,1,Z_USA_Liq3_noDETG,0
CA8959451037,812693,Trican Well Service Ltd.,TWZ,TCW,AT,6166,1,Z_USA_Liq3_noDETG,0
CA8959801009,A40ZP3,Trident Resources Corp.,6BP0,6BP0,AL,6166,1,Z_USA_Liq2_TG,0
CA89602G1090,A3DW59,Tribeca Resources Corp.,381,381,AL,6166,1,Z_USA_Liq3_noDETG,0
CA89620A5061,A40EPA,Trigon Metals Inc.,TZU,TZU,AL,6166,1,Z_USA_Liq2_TG,0
CA89621C1059,A2ARD3,Trilogy Metals Inc.,NK5A,NK5A,AL,6166,1,Z_USA_Liq2_TG,0
CA89624B3020,A3EVV5,Trillion Energy International Inc.,Z620,Z620,AT,6166,1,Z_USA_Liq2_TG,0
CA89678B1094,A1C2N1,TriStar Gold Inc.,7TG,7TG,AL,6166,1,Z_USA_Liq3_noDETG,0
CA89679A2092,A2JAHR,Trisura Group Ltd.,QPA1,QPA1,AL,6166,1,Z_USA_Liq2_TG,0
CA89679M1041,A2PYB1,Triple Flag Precious Metals Corp,3Y0,3Y0,AL,6166,1,Z_USA_Liq2_TG,0
CA89680B2049,A3ETUT,Trip Sitter Clinic Ltd.,UY00,UY00,AD,6166,1,Z_USA_Liq3_noDETG,0
CA8968122033,A3D3YZ,Triumph Gold Corp.,8N6,8N6,AL,6166,1,Z_USA_Liq2_TG,0
CA89688V1031,A41VGG,Troilus Mining Corp.,CM5,CM5,AD,6166,1,Z_USA_Liq2_TG,0
CA89712R2019,A3DBDE,Troubadour Resources Inc.,2QD0,2QD0,AC,6166,1,Z_USA_Liq2_TG,0
CA89778V1040,A2QE59,TRU Precious Metals Corp.,706,706,AD,6166,1,Z_USA_Liq3_noDETG,0
CA89788C1041,A2N60S,Trulieve Cannabis Corp.,T0A,T0A,AL,6166,1,Z_USA_Liq2_TG,1
CA8985301008,A0B880,Tsodilo Resources Ltd.,TZO,TZO,AT,6166,1,Z_USA_Liq3_noDETG,0
CA89901T1093,A3D078,Tudor Gold Corp.,H56,H56,AC,6166,1,Z_USA_Liq2_TG,0
CA89904W1095,A3C86Y,TUGA Innovations Inc.,DQ5,DQ5,AT,6166,0,Z_USA_Liq3_noDETG,0
CA90348V3011,A2QJQ4,Ucore Rare Metals Inc.,U9UA,U9UA,AT,6166,1,Z_USA_Liq2_TG,0
CA90366H4089,A414N9,US Critical Metals Corp.,0IU,0IU,AL,6166,1,Z_USA_Liq2_TG,0
CA90387A1012,A3DMP7,Ultra Brands Ltd.,X6T,X6T,AT,6166,1,Z_USA_Liq3_noDETG,0
CA90388C1068,A3DC9V,Ultra Lithium Inc.,QFB,QFB,AL,6166,0,Z_USA_Liq3_noDETG,0
CA90468F1027,A3C87U,Unidoc Health Corp.,L7T,L7T,AC,6166,1,Z_USA_Liq2_TG,1
CA90476X5091,A14VMZ,Unigold Inc.,UGB1,UGB1,AL,6166,1,Z_USA_Liq3_noDETG,0
CA9107974060,A3EKLX,United Lithium Corp.,0UL,0UL,AT,6166,1,Z_USA_Liq2_TG,0
CA91688R1082,A0HMUF,Ur-Energy Inc.,U9T,URE,AC,6166,1,Z_USA_Liq2_TG,0
CA91702V1013,A2PV0Z,Uranium Royalty Corp,59U,59U,AT,6166,1,Z_USA_Liq2_TG,0
CA91733V1040,A40EX2,URZ3 Energy Corp.,28N,28N,AD,6166,1,Z_USA_Liq2_TG,0
CA91735H1038,A3D5BX,Usha Resources Ltd.,JO00,JO00,AD,6166,0,Z_USA_Liq3_noDETG,0
CA91831M2040,A41NPY,VR Resources Ltd.,5VR0,5VR0,AL,6166,1,Z_USA_Liq3_noDETG,0
CA91834N6054,A3EUTJ,VSBLTY Groupe Technologies Corp.,5VS0,5VS0,AD,6166,1,Z_USA_Liq3_noDETG,0
CA9190672076,A2PBMH,Valdor Technology International Inc.,VZAB,VZAB,AT,6166,1,Z_USA_Liq3_noDETG,0
CA9191444020,A1JKQ1,Valeura Energy Inc.,83PN,83PN,AF,6166,1,Z_ASIA_Liq2_TG,0
CA91916W1014,A40N7A,Valkea Resources Corp.,4A7,4A7,AT,6166,1,Z_USA_Liq2_TG,0
CA92025V1094,A2JP3Y,ValOre Metals Corp.,KEQ0,KEQ0,AD,6166,1,Z_USA_Liq3_noDETG,0
CA9219661076,A413AZ,Vanguard Mining Corp.,SL51,SL51,AL,6166,1,Z_USA_Liq2_TG,0
CA92214C1023,A4205J,Vanta Holdings Inc.,7BC,7BC,AC,6166,1,Z_USA_Liq2_TG,0
CA92241L5053,A3CMSM,Vatic Ventures Corp.,V8V,V8V,AL,6166,0,Z_USA_Liq3_noDETG,0
CA92241Y1016,A0LEWY,Vecima Networks Inc.,VCM,VCNT,AL,6166,1,Z_USA_Liq3_noDETG,0
CA92243U1075,A41WE4,Vault Strategic Mining Corp.,M850,M850,AD,6166,1,Z_USA_Liq3_noDETG,0
CA92258F3007,A1437B,Velocity Minerals Ltd.,VMSP,VMSP,AT,6166,1,Z_USA_Liq3_noDETG,0
CA9229321083,902881,Velan Inc.,946,946,AL,6166,1,Z_USA_Liq3_noDETG,0
CA9237251058,A1C4MN,Vermilion Energy Inc.,CVZ,CVZ,AC,6166,1,Z_USA_Liq2_TG,0
CA92512J1066,A2DLL7,VersaBank,VEW,VEW,AL,6166,1,Z_USA_Liq3_noDETG,0
CA92537Y1043,A3CSUC,VerticalScope Holdings Inc,7E9,7E9,AL,6166,1,Z_USA_Liq3_noDETG,0
CA92539Q6040,A41BQ1,VERSES AI Inc,M130,M130,AD,6166,1,Z_USA_Liq3_noDETG,1
CA9255401064,A2PVB0,Vext Science Inc.,VV5,VV5,AD,6166,1,Z_USA_Liq3_noDETG,0
CA92650P1045,A2DS94,Victory Square Technologies Inc.,6F6,6F6,AL,6166,1,Z_USA_Liq2_TG,0
CA92707Y1088,A0YJNB,Village Farms Internat. Inc.,02V,02V,AL,6166,1,Z_USA_Liq2_TG,0
CA92767B1058,A40GZV,Vireo Growth Inc.,0ZF,0ZF,AD,6166,1,Z_USA_Liq3_noDETG,0
CA9279263037,A0MRZD,Vista Gold Corp.,JEJ,VZG,AT,6166,1,Z_USA_Liq2_TG,0
CA9279521012,A41FV3,Visionary Copper&Gold Min. Inc.,CAX,CAX,AT,6166,1,Z_USA_Liq2_TG,0
CA92834E3068,A2DQSD,Visible Gold Mines Inc.,3V41,3V41,AD,6166,1,Z_USA_Liq3_noDETG,0
CA92837C1095,A2JG9P,Vision Lithium Inc.,1AJ2,1AJ2,AT,6166,1,Z_USA_Liq2_TG,0
CA92838G1090,A3EPZR,Visionary Metals Corp.,339,339,AD,6166,1,Z_USA_Liq3_noDETG,0
CA92847V5018,A2PXTX,Vitalhub Corp.,6OVA,6OVA,AD,6166,1,Z_USA_Liq3_noDETG,0
CA92858X7018,A41VS3,Vizsla Copper Corp.,97E1,97E1,AD,6166,1,Z_USA_Liq2_TG,0
CA92859G6085,A40EG3,Vizsla Silver Corp.,0G31,0G31,AS,6166,1,Z_USA_Liq2_TG,1
CA92863W2013,A2PG3X,Volcanic Gold Mines Inc.,CKC2,CKC2,AC,6166,1,Z_USA_Liq2_TG,0
CA92865M1023,A2JEQU,Volatus Aerospace Inc.,ABB,ABBG,AC,6166,1,Z_USA_Liq2_TG,0
CA9289451044,905911,Vulcan Minerals Inc.,VM3,VM3,AD,6166,1,Z_USA_Liq3_noDETG,0
CA92905D2032,A4159Z,Vortex Energy Corp,AA3I,AA3I,AC,6166,1,Z_USA_Liq2_TG,0
CA92938W2022,A1XBPS,WSP Global Inc.,1W3,1W3,AL,6166,1,Z_USA_Liq3_noDETG,0
CA9316741052,A41469,Walker Lane Resources Ltd.,6YL,6YL,AT,6166,1,Z_USA_Liq3_noDETG,0
CA9317782030,A3DR74,Walker River Resources Corp.,1WV0,1WV0,AT,6166,1,Z_USA_Liq3_noDETG,0
CA9319021007,260264,Wall Financial Corp.,62Q,62Q,AL,6166,1,Z_USA_Liq3_noDETG,0
CA9323971023,940769,Wallbridge Mining Co. Ltd.,WC7,WC7,AC,6166,1,Z_USA_Liq2_TG,0
CA94106B1013,A2AKQ7,Waste Connections Inc.,UI51,UI51,AC,6166,1,Z_USA_Liq2_TG,0
CA9411883023,A40JKR,Water Ways Technologies Inc.,WWT0,WWT0,AT,6166,1,Z_USA_Liq3_noDETG,0
CA94357L1058,A2QALA,Waverley Pharma Inc.,5GZ,5GZ,AD,6166,1,Z_USA_Liq3_noDETG,0
CA9468852095,A12C3D,Wealth Minerals Ltd.,EJZN,EJZN,AC,6166,0,Z_USA_Liq2_TG,0
CA94946J1084,A3DDLZ,Wellbeing Digital Sciences Inc.,SQ2,SQ2G,AL,6166,0,Z_USA_Liq3_noDETG,0
CA94947L1022,A2JQV6,WELL Health Technologies Corp.,W7V,W7V,AT,6166,1,Z_USA_Liq2_TG,0
CA94950R1038,A3C8TS,Wellfield Technologies Inc.,K8D,K8D,AC,6166,0,Z_USA_Liq2_TG,1
CA95083R1001,A0JC4E,Wesdome Gold Mines Ltd.,RKVA,WDO,AL,6166,1,Z_USA_Liq2_TG,0
CA9528451052,870918,West Fraser Timber Co. Ltd.,WFC,WFTF,AS,6166,1,Z_USA_Liq2_TG,1
CA9532641086,A1J5LQ,West Hi.Yiel.(W.H.Y.)Res.Ltd.,W0H,W0H,AT,6166,1,Z_USA_Liq3_noDETG,0
CA9534001081,A3C9XP,West Island Brands Inc.,39N0,39N0,AL,6166,0,Z_USA_Liq3_noDETG,0
CA9546062089,A3EXTV,West Mining Corp.,1HL0,1HL0,AL,6166,1,Z_USA_Liq2_TG,0
CA95538Q1037,A40Y4T,West Point Gold Corp.,LRA0,LRA0,AL,6166,1,Z_USA_Liq2_TG,0
CA95556L1013,A3DXMA,West Red Lake Gold Mines Ltd.,UJ0,UJ0,AL,6166,1,Z_USA_Liq2_TG,0
CA95716A2011,A41FTR,Westbridge Renewable Energy Corp.,PUQ0,PUQ0,AT,6166,1,Z_USA_Liq2_TG,0
CA95805V1085,A1JMCZ,Western Cooper & Gold Corp.,31WN,31WN,AL,6166,1,Z_USA_Liq2_TG,0
CA9582117086,A41CVB,Western Forest Products Inc.,NWF0,NWF0,AL,6166,1,Z_USA_Liq2_TG,0
CA95942C1041,A2DPEM,Western Resources Corp.,WR0,WR0,AL,6166,0,Z_USA_Liq3_noDETG,0
CA95985D1006,A2JCAJ,Western Uranium & Vanadium Corp.,7WT,7WT,AT,6166,1,Z_USA_Liq2_TG,0
CA96031U1049,A40DP8,Westgate Energy Inc.,J3S,J3S,AT,6166,1,Z_USA_Liq3_noDETG,0
CA9603501060,A2P879,Westhaven Gold Corp.,1W5,1W5,AC,6166,1,Z_USA_Liq2_TG,0
CA9609085076,A3EHTW,Westport Fuel Systems Inc.,WPI,WPIG,AC,6166,1,Z_USA_Liq2_TG,0
CA9611485090,852885,George Weston Ltd.,WX5,WN,AL,6166,1,Z_USA_Liq2_TG,0
CA96145A2002,A1J0SM,Westshore Terminals Investment Corp.,3I7,3I7,AT,6166,1,Z_USA_Liq3_noDETG,0
CA9616821018,A3C4Z9,Westward Gold Inc.,IM50,IM50,AT,6166,1,Z_USA_Liq3_noDETG,0
CA9628791027,A2DRBP,Wheaton Precious Metals Corp.,SII,SIIG,AL,6166,1,Z_USA_Liq1_DETG,1
CA9638101068,A2DJWY,White Gold Corp.,29W,29W,AT,6166,1,Z_USA_Liq2_TG,0
CA96467A2002,A1C7VL,Whitecap Resources Inc.,J6I,J6I,AT,6166,1,Z_USA_Liq2_TG,0
CA9727531076,A3ESEW,Winchester Equity Corp.,W3K,W3K,AT,6166,1,Z_USA_Liq3_noDETG,0
CA9732421008,A2PTX0,Windfall Geotek Inc.,L7C2,L7C2,AC,6166,1,Z_USA_Liq2_TG,0
CA97535P1045,812695,Winpak Ltd.,25W,25W,AL,6166,1,Z_USA_Liq2_TG,0
CA97818W1077,A3C166,WonderFi Technologies Inc.,52D0,52D0,AC,6166,1,Z_USA_Liq2_TG,1
CA98144X1087,A41NGX,World Copper Ltd.,7LY,7LY,AT,6166,1,Z_USA_Liq2_TG,0
CA98387F1036,A2QMM5,Xali Gold Corp.,I970,I970,AD,6166,1,Z_USA_Liq3_noDETG,0
CA98388T1021,A2P1PE,XTM Inc.,7XT,7XT,AC,6166,0,Z_USA_Liq2_TG,0
CA98400H1029,A14QF1,XBiotech Inc.,4XB,4XB,AT,6166,1,Z_USA_Liq2_TG,0
CA98420B3092,A3E2DA,Ximen Mining Corp.,1XM,1XM,AC,6166,1,Z_USA_Liq2_TG,0
CA98420N1050,A12ETN,Xenon Pharmaceuticals Inc.,XP0,XP0,AC,6166,1,Z_USA_Liq2_TG,0
CA98420Q3061,A3EUNZ,XORTX Therapeutics Inc.,ANUA,ANUA,AC,6166,1,Z_USA_Liq2_TG,0
CA98422Q1063,A3D2GP,Xtract One Technologies Inc.,0PL,0PL,AT,6166,1,Z_USA_Liq2_TG,0
CA98422W2022,A3DMG7,Xigem Technologies Corp.,VZ6,VZ6,AT,6166,1,Z_USA_Liq3_noDETG,0
CA9847472045,A1W5T4,Yangaroo Inc.,76T,76T,AT,6166,1,Z_USA_Liq3_noDETG,0
CA9858441095,A2JBST,Ynvisible Interactive Inc.,1XNA,1XNA,AC,6166,1,Z_USA_Liq2_TG,0
CA98849N1087,A40EP6,Yukon Metals Corp.,E770,E770,AD,6166,1,Z_USA_Liq3_noDETG,0
CA98873A1057,A3DBDT,Yumy Candy Company Inc.,FWR0,FWR0,AS,6166,1,Z_USA_Liq2_TG,1
CA9888161044,A2QQCM,Zacatecas Silver Corp.,7TV,7TV,AL,6166,1,Z_USA_Liq2_TG,0
CA98926D1069,A3DVHU,Zefiro Methane Corp.,Y6B,Y6B,AD,6166,1,Z_USA_Liq3_noDETG,0
CA98936C8584,A3EUN3,Zenith Energy Ltd.,ZCL,ZCL,AD,6166,1,Z_USA_Liq3_noDETG,0
CA98936T2083,A40HQQ,ZenaTech Inc,49Q,49Q,AC,6166,1,Z_USA_Liq2_TG,0
CA98942X1024,A3C6TM,Zentek Ltd.,ZAY0,ZAY0,AL,6166,1,Z_USA_Liq2_TG,0
CA9894831028,A40VPX,Zero Candida Technologies Inc.,9L2,9L2,AT,6166,1,Z_USA_Liq3_noDETG,0
CA98956B1031,A4054V,Zeus North America Mining Corp,O92,O92,AL,6166,1,Z_USA_Liq2_TG,0
CA98956J1066,A41H43,'01 Quantum Inc.,DFK0,DFK0,AD,6166,1,Z_USA_Liq2_TG,0
CA9895895022,A417U6,Zimtu Capital Corp.,ZCT,ZCT,AL,6166,1,Z_USA_Liq3_noDETG,0
CA98959V1067,A2JLRM,Zincx Resources Corp.,M9R,M9R,AD,6166,1,Z_USA_Liq3_noDETG,0
CA98959W2031,A3CMTL,Zinc One Resources Inc.,RH3,RH3,AD,6166,1,Z_USA_Liq3_noDETG,0
CA98978R1029,A1JDLL,Zonte Metals Inc.,31E,31E,AD,6166,1,Z_USA_Liq3_noDETG,0
CA98979D2014,A3EYZB,Zoglos Food Corp.,G8I,G8I,AD,6166,1,Z_USA_Liq3_noDETG,0
CA98981L1004,A2PSM1,Zoomd Technologies Ltd.,3ZD,3ZD,AT,6166,1,Z_USA_Liq3_noDETG,0
CH0000816824,863037,OC Oerlikon Corporation AG,OBH,OERL,AM,6166,1,Z_EU_Liq2_TG,0
CH0001319265,852243,Schweizerische Nationalbank,1Y4,1Y4,AM,6166,1,Z_EU_Liq3_noDETG,0
CH0001340204,870191,Graubündner Kantonalbank,1Y3,1Y3g,AM,6166,1,Z_EU_Liq3_noDETG,0
CH0001341608,851354,Hypothekarbank Lenzburg AG,1Y2,1Y2,AM,6166,1,Z_EU_Liq3_noDETG,0
CH0001473559,577348,Basellandschaftliche Kantonalbank,294,294g,AM,6166,1,Z_EU_Liq3_noDETG,0
CH0002178181,A2ACPS,Stadler Rail AG,6RL,6RL,AM,6166,1,Z_EU_Liq2_TG,0
CH0002432174,A0EAHZ,Bucher Industries AG,BUHA,BUCN,AM,6166,1,Z_EU_Liq2_TG,0
CH0002619481,875838,Warteck Invest AG,5K4,5K4,AM,6166,1,Z_EU_Liq3_noDETG,0
CH0003420806,895701,Orell Füssli Holding AG,OFH,OFN,AM,6166,1,Z_EU_Liq3_noDETG,0
CH0003541510,871047,Forbo Holding AG,FOZN,FORN,AM,6166,1,Z_EU_Liq3_noDETG,0
CH0003583256,896040,Highlight Event & Entertainment AG,L60,ESRI,AM,6166,1,Z_EU_Liq3_noDETG,0
CH0003671440,869929,Rieter Holding AG,RIHN,RIEN,AM,6166,1,Z_EU_Liq2_TG,0
CH0005059438,763793,Nebag AG,NWR,NWRG,AM,6166,1,Z_EU_Liq3_noDETG,0
CH0006089921,906781,Private Equity Holding Ag,PEQ,PEHN,AM,6166,1,Z_EU_Liq3_noDETG,0
CH0006372897,907155,Interroll Holding S.A.,I3H,I3H,AM,6166,1,Z_EU_Liq2_TG,0
CH0006539198,920299,Highlight Communications AG,HLG,HLGZ,AM,6166,1,Z_EU_Liq3_noDETG,0
CH0008038389,927016,Swiss Prime Site AG,SU1N,SPSN,AM,6166,1,Z_EU_Liq1_DETG,0
CH0008702190,913744,Cicor Technologies S.A.,CRLN,CICN,AM,6166,1,Z_EU_Liq2_TG,0
CH0008742519,916234,Swisscom AG,SWJ,SCMN,AM,6166,1,Z_EU_Liq1_DETG,1
CH0008837566,935276,Allreal Holding AG,AZ4N,ALLN,AM,6166,1,Z_EU_Liq2_TG,0
CH0008967926,914585,Adval Tech Holding AG,28D,28D,AM,6166,1,Z_EU_Liq3_noDETG,0
CH0009002962,914661,Barry Callebaut AG,BCLN,BARN,AM,6166,1,Z_EU_Liq2_TG,0
CH0009236461,871627,Basler Kantonalbank,0B8,BSKP,AM,6166,1,Z_EU_Liq3_noDETG,0
CH0009320091,905428,Feintool International Holding AG,FTO,FTON,AM,6166,1,Z_EU_Liq3_noDETG,0
CH0009691608,922036,Berner Kantonalbank AG,BEHV,BEKN,AM,6166,1,Z_EU_Liq3_noDETG,0
CH0010570759,859568,Chocoladefabriken Lindt & Sprüngli AG,LSPN,LISN,AM,6166,1,Z_EU_Liq2_TG,1
CH0010570767,870503,Chocoladefabriken Lindt & Sprüngli AG,LSPP,LISPp,AM,6166,1,Z_EU_Liq2_TG,0
CH0010645932,938427,Givaudan SA,GIN,GIVNCHFp,AM,6166,1,Z_EU_Liq1_DETG,1
CH0010675863,938312,Swissquote GRP Holding S.A.,1SQ,SQN,AM,6166,1,Z_EU_Liq1_DETG,0
CH0010702154,907324,Komax Holding AG,KR8,KOMN,AM,6166,1,Z_EU_Liq2_TG,0
CH0011075394,579919,Zurich Insurance Group AG,ZFIN,ZURN,AM,6166,1,Z_EU_Liq1_DETG,1
CH0011108872,930290,Mobimo Holding AG,M1H,MOBN,AM,6166,1,Z_EU_Liq2_TG,0
CH0011178255,578908,Tamedia,TAMN,TAMN,AM,6166,1,Z_EU_Liq3_noDETG,0
CH0011339204,885933,Ascom Holding AG,AH2N,ASCN,AM,6166,1,Z_EU_Liq3_noDETG,0
CH0011432447,A0B9GA,Basilea Pharmaceutica AG,PK5,BSLN,AM,6166,1,Z_EU_Liq2_TG,0
CH0011484067,632296,St. Galler Kantonalbank AG,GNBN,SGKN,AM,6166,1,Z_EU_Liq2_TG,0
CH0012005267,904278,Novartis AG,NOT,NOVZn,AM,6166,1,Z_EU_Liq1_DETG,1
CH0012032113,851311,Roche Holding AG,RHO,RO,AM,6166,1,Z_EU_Liq1_DETG,1
CH0012100191,922557,Tecan Group AG,TEN,TECN,AM,6166,1,Z_EU_Liq1_DETG,0
CH0012138605,922031,Adecco Group AG,ADI1,ADEN,AM,6166,1,Z_EU_Liq1_DETG,0
CH0012142631,895929,Clariant AG,CLRN,CLRZn,AM,6166,1,Z_EU_Liq1_DETG,0
CH0012214059,869898,Holcim Ltd.,HLBN,HOLN,AM,6166,1,Z_EU_Liq1_DETG,1
CH0012221716,919730,ABB Ltd.,ABJ,ABBN,AM,6166,1,Z_EU_Liq1_DETG,1
CH0012255144,871110,The Swatch Group AG,UHRN,UHRN,AM,6166,1,Z_EU_Liq2_TG,0
CH0012255151,865126,The Swatch Group AG,UHR,UHR,AM,6166,1,Z_EU_Liq1_DETG,0
CH0012268360,915684,Kudelski S.A.,KUD,KUD,AM,6166,1,Z_EU_Liq3_noDETG,0
CH0012335540,675054,Vontobel Holding AG,VTLN,VONN,AM,6166,1,Z_EU_Liq2_TG,0
CH0012453913,676682,Temenos AG,TE8N,TEMN,AM,6166,1,Z_EU_Liq1_DETG,0
CH0012549785,893484,Sonova Holding AG,PHBN,SOON,AM,6166,1,Z_EU_Liq1_DETG,1
CH0012627250,984345,HBM Healthcare Investments AG,5H5A,5H5A,AM,6166,1,Z_EU_Liq3_noDETG,0
CH0012829898,798263,Emmi AG,FV6,EMMN,AM,6166,1,Z_EU_Liq2_TG,0
CH0013841017,928619,Lonza Group AG,LO3,LONN,AM,6166,1,Z_EU_Liq1_DETG,1
CH0014345117,870121,Compagnie FinanciereTradition S.A.,CFI,CFT,AM,6166,1,Z_EU_Liq3_noDETG,0
CH0014786500,157770,Valiant Holding AG,VAT,VATN,AM,6166,1,Z_EU_Liq2_TG,0
CH0014852781,778237,Swiss Life Holding AG,SLW,SLHN,AM,6166,1,Z_EU_Liq1_DETG,1
CH0016440353,593186,Ems-Chemie Holding AG,EMC1,EMSN,AM,6166,1,Z_EU_Liq2_TG,0
CH0017875789,A0CACJ,Jungfraubahn Holding AG,J4F,J4F,AM,6166,1,Z_EU_Liq2_TG,0
CH0018294154,A0CA16,PSP Swiss Property AG,P7S,PSPNn,AM,6166,1,Z_EU_Liq1_DETG,0
CH0019107025,A0B7X3,APG SGA SA,279,279,AM,6166,1,Z_EU_Liq3_noDETG,0
CH0019396990,A0B8VP,Ypsomed Holding AG,OWX,YPSN,AM,6166,1,Z_EU_Liq2_TG,0
CH0021545667,A0ETZV,Vaudoise Assurances Holding S.A.,VAHB,VAHN,AM,6166,1,Z_EU_Liq3_noDETG,0
CH0022268228,A0F6VT,EFG International AG,E2S,E2S,AM,6166,1,Z_EU_Liq2_TG,0
CH0022427626,A0F657,Lem Holding SA,LELA,LEHN,AM,6166,1,Z_EU_Liq2_TG,0
CH0023405456,A0HMLM,Avolta AG,D2J,DUFN,AM,6166,1,Z_EU_Liq2_TG,0
CH0023868554,A0JEGJ,Implenia AG,I8T,IMPN,AM,6166,1,Z_EU_Liq2_TG,0
CH0024590272,A0JJW1,ALSO Holding AG,9AS,ALSN,AM,6166,1,Z_EU_Liq2_TG,0
CH0024608827,A0JJY6,Partners Group Holding AG,P2H,P2H,AM,6166,1,Z_EU_Liq1_DETG,1
CH0024638196,A0JEHV,Schindler Holding AG,SHRQ,SCHP,AM,6166,1,Z_EU_Liq2_TG,0
CH0024638212,A0JJWH,Schindler Holding AG,SHR,SHR,AM,6166,1,Z_EU_Liq1_DETG,1
CH0024666528,A0MYT7,HOCHDORF Holding AG,1Z3,1Z3,AM,6166,1,Z_EU_Liq3_noDETG,0
CH0025238863,A0JLZL,Kühne & Nagel International AG,KNIA,KNIN,AM,6166,1,Z_EU_Liq1_DETG,1
CH0025343259,A0J3ED,COLTENE Holding AG,M3Z,MSZNn,AM,6166,1,Z_EU_Liq3_noDETG,0
CH0025536027,A0J3NX,Burckhardt Compression Holding AG,B5H,BCHN,AM,6166,1,Z_EU_Liq3_noDETG,0
CH0025751329,A0J3YT,Logitech International S.A.,LTEC,LOGNCHFp,AM,6166,1,Z_EU_Liq1_DETG,1
CH0028422100,A0LG3Z,Bellevue Group AG,SJZN,BBN,AM,6166,1,Z_EU_Liq3_noDETG,0
CH0029850754,A0MSH6,Addex Therapeutics SA,APE,ADXN,AM,6166,1,Z_EU_Liq3_noDETG,0
CH0030170408,A0MQWG,Geberit AG,GBRA,GEBN,AM,6166,1,Z_EU_Liq1_DETG,1
CH0030380734,A0MV9C,Huber & Suhner AG,HGUA,HUBN,AM,6166,1,Z_EU_Liq3_noDETG,0
CH0030486770,A0MVC2,Dätwyler Holding AG Inhaber-Aktien SF 5,31D1,DAE,AM,6166,1,Z_EU_Liq3_noDETG,0
CH0033361673,A0M2K9,u-blox Holding AG,3BG,UBXN,AM,6166,1,Z_EU_Liq2_TG,0
CH0038388911,A0NJPK,Sulzer AG,SUL1,SULZn,AM,6166,1,Z_EU_Liq2_TG,0
CH0038389992,A0NFN3,BB Biotech AG,BBZA,BIONn,AM,6166,1,Z_EU_Liq1_DETG,0
CH0038863350,A0Q4DC,Nestle S.A.,NESR,NESN,AM,6166,1,Z_EU_Liq1_DETG,1
CH0039542854,A0Q16U,MCH Group AG,MEF1,MCHN,AM,6166,1,Z_EU_Liq3_noDETG,0
CH0039651184,A0Q40B,Energiedienst Holding AG,KWK3,EDHN,AM,6166,1,Z_EU_Liq2_TG,0
CH0039821084,A0Q221,Metall Zug AG,NDH1,METN,AM,6166,1,Z_EU_Liq3_noDETG,0
CH0042615283,A0Q6J0,DocMorris AG,ZRE,ZREG,AM,6166,1,Z_EU_Liq2_TG,0
CH0042797206,A0Q3W8,Matador Partners Group AG,SQL,SQL,AM,6166,1,Z_EU_Liq3_noDETG,0
CH0044328745,A0Q636,Chubb Ltd.,AEX,ACEL,AM,6166,1,Z_EU_Liq2_TG,0
CH0048265513,A0REAY,Transocean Ltd.,TOJ,RIG,AM,6166,1,Z_EU_Liq2_TG,0
CH0048854746,A0RDWE,Castle Private Equity AG,CLQN,CPE,AM,6166,1,Z_EU_Liq3_noDETG,0
CH0100837282,A0RMWK,Kardex AG,KAX2,KARN,AM,6166,1,Z_EU_Liq2_TG,0
CH0102484968,A0YBDU,Julius Baer Gruppe AG,JGE,JGE,AM,6166,1,Z_EU_Liq1_DETG,1
CH0102659627,A0YBKX,GAM Holding AG,GAD,GAMH,AM,6166,1,Z_EU_Liq3_noDETG,0
CH0110240600,A1CUXD,AFG Arbonia-Forster-Holding AG,ANGA,AFGN,AM,6166,1,Z_EU_Liq3_noDETG,0
CH0110303119,A1CUUB,Leclanche S.A.,278,278,AM,6166,1,Z_EU_Liq3_noDETG,0
CH0111677362,A1CXAY,Orior AG,9OI,ORON,AM,6166,1,Z_EU_Liq3_noDETG,0
CH0114405324,A1C06B,Garmin Ltd.,GEY,GRMN,AL,6166,1,Z_USA_Liq2_TG,0
CH0118530366,A1C8PJ,Peach Property Group AG,P6Z,PEAN,AM,6166,1,Z_EU_Liq2_TG,0
CH0126639464,A1JJES,Calida Holding AG,C7UA,C7UA,AM,6166,1,Z_EU_Liq3_noDETG,0
CH0126673539,A1JU9U,DKSH Holding AG,DS5,DS5,AM,6166,1,Z_EU_Liq2_TG,0
CH0126881561,A1H81M,Swiss Re AG,SR9,SR9,AM,6166,1,Z_EU_Liq1_DETG,1
CH0127480363,A1H900,Autoneum Holding AG,AN9,AN9,AM,6166,1,Z_EU_Liq3_noDETG,0
CH0130293662,A1JLZG,BKW AG,B9W,B9Wn,AM,6166,1,Z_EU_Liq2_TG,0
CH0187624256,A1J1DQ,IVF Hartmann Holding AG,283,283,AM,6166,1,Z_EU_Liq3_noDETG,0
CH0189396655,A116HQ,Glarner Kantonalbank,GLR,GLRG,AM,6166,1,Z_EU_Liq3_noDETG,0
CH0190891181,A1J642,Leonteq AG,EFL,EFLP,AM,6166,1,Z_EU_Liq2_TG,0
CH0198251305,A1T7B9,Coca-Cola HBC AG,C0Q,C0Q,AM,6166,1,Z_EU_Liq3_noDETG,0
CH0208062627,A1T798,Walter Meier AG,B4A1,B4A1,AM,6166,1,Z_EU_Liq3_noDETG,0
CH0210483332,A1W5CV,Compagnie Financière Richemont AG,RITN,RITN,AM,6166,1,Z_EU_Liq1_DETG,1
CH0212255803,A1WZP3,Burkhalter Holding AG,BKMA,BKMA,AM,6166,1,Z_EU_Liq3_noDETG,0
CH0225173167,A1W65V,Cembra Money Bank AG,GEH,GEH,AM,6166,1,Z_EU_Liq2_TG,0
CH0231351104,A110VU,Thurgauer Kantonalbank,TK2A,TK2A,AM,6166,1,Z_EU_Liq3_noDETG,0
CH0238627142,A111WS,Bossard Holding AG,0B7,0B7,AM,6166,1,Z_EU_Liq2_TG,0
CH0239229302,A112DM,SFS Group AG,021,021,AM,6166,1,Z_EU_Liq3_noDETG,0
CH0244017502,A117LR,Conzzeta AG,HNX1,HNX1,AM,6166,1,Z_EU_Liq3_noDETG,0
CH0244767585,A12DFH,UBS Group AG,0UB,0UBn,AM,6166,1,Z_EU_Liq1_DETG,1
CH0256379097,A12DEH,Molecular Partners AG,6ML,6ML,AM,6166,1,Z_EU_Liq3_noDETG,0
CH0276534614,A14RXU,Zehnder Group AG,ZEH2,ZEH2,AM,6166,1,Z_EU_Liq3_noDETG,0
CH0276837694,A14R33,Mobilezone Holding AG,TGE1,TGE1n,AM,6166,1,Z_EU_Liq2_TG,0
CH0303692047,A143NB,EDAG Engineering Group AG,ED4,ED4,AM,6166,1,Z_EU_Liq1_DETG,0
CH0305951201,A2AAD8,Walliser Kantonalbank,1Z01,1Z01,AM,6166,1,Z_EU_Liq3_noDETG,0
CH0311864901,A2AGGY,VAT Group AG,19V,19V,AM,6166,1,Z_EU_Liq1_DETG,0
CH0312309682,A2AFKR,Züblin Immobilien Holding AG,61Z1,61Z1,AM,6166,1,Z_EU_Liq3_noDETG,0
CH0315966322,A2AHC2,Bell Food Group AG,BWGA,BWGA,AM,6166,1,Z_EU_Liq3_noDETG,0
CH0319416936,A2AJEP,Flughafen Zürich AG,UZAA,UZAA,AM,6166,1,Z_EU_Liq2_TG,0
CH0325814116,A2ALS5,Kuros Biosciences AG,YTSN,YTSN,AM,6166,1,Z_EU_Liq2_TG,0
CH0329023102,A2AR5F,AC Immune SA,IMR,IMR,AM,6166,1,Z_EU_Liq2_TG,0
CH0334081137,A2AT0Z,CRISPR Therapeutics AG,1CG,1CG,AM,6166,1,Z_EU_Liq2_TG,0
CH0360674466,A2DN0K,Galenica AG,G70,G70,AM,6166,1,Z_EU_Liq2_TG,0
CH0360826991,A2DNSP,Comet Holding AG,EZP1,EZP1,AM,6166,1,Z_EU_Liq2_TG,0
CH0363463438,A2DTEB,Idorsia AG,19T,19T,AM,6166,1,Z_EU_Liq2_TG,0
CH0367427686,A2DYYE,Valartis Group AG,OZH1,OZH1,AM,6166,1,Z_EU_Liq3_noDETG,0
CH0371153492,A2DUSP,Landis+Gyr Group AG,4LG,4LG,AM,6166,1,Z_EU_Liq2_TG,0
CH0404880129,A2JE3W,Asmallworld AG,1Q7,1Q7,AM,6166,1,Z_EU_Liq3_noDETG,0
CH0406705126,A2JGBW,Sensirion Holding AG,1Q3,1Q3,AM,6166,1,Z_EU_Liq2_TG,0
CH0418792922,A2JNV8,Sika AG,SIKA,SIKA,AM,6166,1,Z_EU_Liq1_DETG,1
CH0420462266,A2JNTA,Klingelnberg AG,2MK,2MK,AM,6166,1,Z_EU_Liq3_noDETG,0
CH0432492467,A2PDXE,Alcon AG,2U3,2U3,AM,6166,1,Z_EU_Liq1_DETG,1
CH0435377954,A2N5NU,SIG Group AG,1YQA,1YQA,AM,6166,1,Z_EU_Liq1_DETG,0
CH0451123589,A2QN5W,Swissnet AG,81D,81D,AM,6166,1,Z_EU_Liq1_DETG,0
CH0466642201,A2PKFK,Helvetia Holding AG,HVXA,HVXA,AM,6166,1,Z_EU_Liq1_DETG,0
CH0468525222,A2PFTD,Medacta Group S.A.,6MD,6MD,AM,6166,1,Z_EU_Liq3_noDETG,0
CH0478634105,A2PLW7,AEVIS Victoria S.A.,G5LN,G5LN,AM,6166,1,Z_EU_Liq3_noDETG,0
CH0493891243,A2PXT8,Zuger Kantonalbank,1Y61,1Y6G,AM,6166,1,Z_EU_Liq3_noDETG,0
CH0496451508,A2PTSZ,SoftwareONE Holding AG,1QJ,1QJ,AM,6166,1,Z_EU_Liq3_noDETG,0
CH0527044959,A2P2HV,Bergbahnen Engelberg-Trübsee-Titlis AG,287A,287A,AM,6166,1,Z_noMM,0
CH0528751586,A2P272,VZ Holding AG,IHJN,IHJN,AM,6166,1,Z_EU_Liq3_noDETG,0
CH0530235594,A2P3SQ,Vetropack Holding S.A.,VV2N,VV2N,AM,6166,1,Z_EU_Liq3_noDETG,0
CH0531751755,A2P4UM,Banque Cantonale Vaudoise,B1V1,B1V1,AM,6166,1,Z_EU_Liq2_TG,0
CH0557519201,A2QQQU,TMC Content Group AG,VXT,VXT,AM,6166,1,Z_EU_Liq3_noDETG,0
CH0577478263,A2QMD6,DFO Capital SA,XK7,XK7,GG,6183,1,A_manuell_MU_DU,0
CH0582581713,A2QJP8,Dottikon ES Holding AG,DTI0,DTI0n,AM,6166,1,Z_EU_Liq3_noDETG,0
CH0597194171,A3C8WX,Empire Brand Building AG,EBB,EBB,AM,6166,1,Z_noMM,0
CH1101098163,A3CUQD,Belimo Holding AG,8RJ,8RJ,AM,6166,1,Z_EU_Liq1_DETG,0
CH1110425654,A3CNPN,Montana Aerospace AG,872,872,AM,6166,1,Z_EU_Liq3_noDETG,0
CH1110760852,A3CNHV,PolyPeptide Group AG,8H0,8H0G,AZ,6166,1,Z_EU_Liq3_noDETG,0
CH1112477067,A3CPM1,Bloxolid AG,MON,MONG,AM,6166,1,Z_noMM,0
CH1125843347,A3CVT8,Sophia Genetics S.A.,90B,90B,AM,6166,1,Z_EU_Liq2_TG,0
CH1134239669,A3C2JA,Sportradar Holding AG,1M4,1M4,AM,6166,1,Z_EU_Liq2_TG,0
CH1134540470,A3C20K,On Holding AG,49G,49GG,AM,6166,1,Z_EU_Liq2_TG,0
CH1169151003,A3DHG1,Georg Fischer AG,GFI,GFIG,AM,6166,1,Z_EU_Liq2_TG,0
CH1169360919,A3DRSU,Accelleron Industries Ltd.,ZH2,ZH2G,AM,6166,1,Z_ASIA_Liq2_TG,0
CH1173567111,A3DHG2,Gurit Holding AG,GVM0,GVM0,AM,6166,1,Z_EU_Liq3_noDETG,0
CH1175448666,A3DHHH,Straumann Holding AG,QS51,QS51,AM,6166,1,Z_EU_Liq1_DETG,1
CH1176493729,A3DLKE,Bachem Holding AG,BHM0,BHM0,AM,6166,1,Z_EU_Liq2_TG,0
CH1216478797,A3D2TK,DSM-Firmenich AG,ZX6,ZX6,AM,6166,1,Z_EU_Liq1_DETG,1
CH1242303498,A3D8QG,Oculis Holding AG,CR5,CR5,AM,6166,1,Z_EU_Liq3_noDETG,0
CH1243598427,A3ETYB,Sandoz Group,D8Y,D8YG,AZ,6166,1,Z_USA_Liq2_TG,0
CH1251125998,A3EFB5,RELIEF THERAPEUTICS Holding AG,V6M,V6M,AM,6166,1,Z_EU_Liq3_noDETG,0
CH1252930610,A3EEMF,Luzerner Kantonalbank AG,4J60,4J60,AM,6166,1,Z_EU_Liq3_noDETG,0
CH1256740924,A3D68K,SHS SGS Ltd.,SUV,SUVG,AM,6166,1,Z_EU_Liq1_DETG,0
CH1261338102,A2QRHN,Phoenix Mecano AG,PXM0,PXM0,AM,6166,1,Z_EU_Liq3_noDETG,0
CH1262055788,A3D7AP,Evolva Holding AG,ADF0,ADF0,AM,6166,1,Z_EU_Liq3_noDETG,0
CH1263676327,A3EEVK,Romande Energie Holding S.A.,CVN,CVNG,AM,6166,1,Z_EU_Liq3_noDETG,0
CH1276028821,A3EJMQ,Santhera Pharmaceuticals Holding AG,S3F0,S3F0,AM,6166,1,Z_EU_Liq2_TG,0
CH1276062754,A3EP76,WISeKey International Holding Ltd.,1W82,1W82,AM,6166,0,Z_EU_Liq3_noDETG,0
CH1278877563,A3EJLR,Carlo Gavazzi Holding AG,D9N0,D9N0,AM,6166,1,Z_EU_Liq3_noDETG,0
CH1286293811,A3ETHU,Global Bridge Strategies AG,4SY,4SY,GG,6183,1,A_manuell_MU_DU,0
CH1300646267,A3EYCJ,Bunge Global S.A.,Q23,Q23,AC,6166,1,Z_USA_Liq2_TG,0
CH1335392721,A407X6,Galderma Group AG,PY3,PY3,AM,6166,1,Z_EU_Liq3_noDETG,0
CH1338987303,A40A93,Intershop Holding AG,ISZ,ISZG,AM,6166,1,Z_EU_Liq3_noDETG,0
CH1357065999,A40H1E,Meyer Burger Technology AG,M6Y,M6Y,AM,6166,1,Z_noMM,0
CH1398992755,A40VJN,Multitude AG,MULT,MULT,AM,6166,1,Z_EU_Liq1_DETG,0
CH1403212751,A4111M,Lithium Argentina AG,ZV5,ZV5,AZ,6166,1,Z_EU_Liq2_TG,0
CH1425684714,A41BKN,Aryzta AG,YZA0,YZA0,AM,6166,1,Z_EU_Liq2_TG,0
CH1429326825,A41BKT,Siegfried Holding AG,SQG0,SQG0,AM,6166,1,Z_EU_Liq2_TG,0
CH1430134226,A414LY,Amrize AG,J0J,J0J,AL,6166,1,Z_USA_Liq2_TG,0
CH1431598916,A4176W,Inficon Holding AG,IFZ0,IFZ0,AM,6166,1,Z_EU_Liq3_noDETG,0
CH1484953687,A41J5Q,SMG Swiss Marketplace Group Holding AG,88F,88F,AM,6166,1,Z_EU_Liq2_TG,0
CH1485899350,A41NLS,Banque Cantonale de Geneve,1J8,1J8,AM,6166,1,Z_EU_Liq3_noDETG,0
CH1486524122,A41HBK,dormakaba Holding AG,KAB0,KAB0,AM,6166,1,Z_EU_Liq2_TG,0
CH1499059983,A424UK,Roche Holding AG (PS),RHOA,RHOA,AM,6166,1,Z_EU_Liq2_TG,0
CH1516870115,A422FG,Ancerva AG,GY4,GY4,AM,6166,1,Z_noMM,0
CNE1000000V6,A0M4VZ,Launch Tech Co. Ltd.,LAN,8196,AG,6166,1,Z_ASIA_Liq3_noDETG,0
CNE100000114,A0M4V5,China Molybdenum Co. Ltd.,D7N,3993,AF,6166,1,Z_ASIA_Liq2_TG,1
CNE100000130,A0M4V7,Jilin Province Huinan Changlong Bio-pharmacy Co. Ltd.,JIL,8049,AG,6166,1,Z_ASIA_Liq3_noDETG,0
CNE100000171,A0M4WA,Shandong Weigao Group Medical Polymer Co. Ltd.,UK2,8199,AF,6166,1,Z_ASIA_Liq2_TG,0
CNE1000001B6,A0M4WD,Dongjiang Environmental Company Ltd.,DGN,0895,AG,6166,1,Z_ASIA_Liq3_noDETG,0
CNE1000001C4,A0M4WE,Tianjin Jinran Public Utilities Co. Ltd.,TL6,8290,AG,6166,1,Z_ASIA_Liq3_noDETG,0
CNE1000001H3,A0M4WJ,Lingbao Gold Co. Ltd.,LI9,3330,AG,6166,1,Z_ASIA_Liq2_TG,0
CNE1000001N1,A0M4WP,Shandong Molong Petroleum Machinery Co. Ltd.,PXI,0568,AG,6166,1,Z_ASIA_Liq3_noDETG,0
CNE1000001Q4,A0M4WR,China CITIC Bank Corp. Ltd.,D7C,0998,AF,6166,1,Z_ASIA_Liq2_TG,0
CNE1000001S0,A0M4WT,Air China Ltd.,AD2,0753,AF,6166,1,Z_ASIA_Liq2_TG,0
CNE1000001T8,A0M4WU,Aluminum Corp. of China Ltd.,AOC,2600,AF,6166,1,Z_ASIA_Liq2_TG,0
CNE1000001V4,A0M4WV,Angang Steel Co. Ltd.,GNV,0347,AF,6166,1,Z_ASIA_Liq2_TG,0
CNE1000001W2,A0M4WW,Anhui Conch Cement Co. Ltd.,AQE,0914,AE,6166,1,Z_ASIA_Liq2_TG,1
CNE1000001X0,A0M4WX,Anhui Expressway Co. Ltd.,HU7,0995,AG,6166,1,Z_ASIA_Liq3_noDETG,0
CNE1000001Y8,A0M4WY,AviChina Industry & Technology Co. Ltd.,AVT,2357,AE,6166,1,Z_ASIA_Liq2_TG,0
CNE1000001Z5,A0M4WZ,Bank of China Ltd.,W8V,3988,AF,6166,1,Z_ASIA_Liq2_TG,1
CNE100000205,A0M4W0,Bank of Communications Co. Ltd.,C4C,3328,AF,6166,1,Z_ASIA_Liq2_TG,0
CNE100000213,A0M4W1,Baoye Group Co. Ltd.,BKG,2355,AG,6166,1,Z_ASIA_Liq3_noDETG,0
CNE100000221,A0M4W2,Beijing Capital International Airport Co. Ltd.,BJ1,0694,AF,6166,1,Z_ASIA_Liq2_TG,0
CNE100000247,A0M4W4,Beijing Jingkelong Co. Ltd.,G2M,0814,AG,6166,1,Z_ASIA_Liq3_noDETG,0
CNE100000262,A0M4W6,Beijing North Star Co. Ltd.,BJ3,0588,AG,6166,1,Z_ASIA_Liq3_noDETG,0
CNE100000296,A0M4W9,BYD Co. Ltd.,BY6,1211,AE,6166,1,Z_ASIA_Liq2_TG,1
CNE1000002C2,A0M4XB,Chengdu PUTIAN Telecommunications Cable Co. Ltd.,CUEH,1202,AG,6166,1,Z_ASIA_Liq3_noDETG,0
CNE1000002D0,A0M4XC,China BlueChemical Ltd.,H1Q,3983,AG,6166,1,Z_ASIA_Liq3_noDETG,0
CNE1000002G3,A0M4XE,China Communications Services Corp. Ltd.,CMW,0552,AF,6166,1,Z_ASIA_Liq2_TG,0
CNE1000002H1,A0M4XF,China Construction Bank Corp.,C6T,0939,AF,6166,1,Z_ASIA_Liq2_TG,0
CNE1000002J7,A0M4XG,COSCO SHIPPING Holdings Co.Ltd.,C6G,1919,AF,6166,0,Z_ASIA_Liq2_TG,1
CNE1000002K5,A0M4XH,China Eastern Airlines Corp. Ltd.,CIAH,CIAH,AF,6166,1,Z_ASIA_Liq2_TG,0
CNE1000002L3,A0M4XJ,China Life Insurance Co. Ltd.,CHL,2628,AE,6166,1,Z_ASIA_Liq2_TG,1
CNE1000002M1,A0M4XK,China Merchants Bank Co. Ltd.,M4B,3968,AE,6166,1,Z_ASIA_Liq2_TG,1
CNE1000002N9,A0M4XL,China National Building Material Co. Ltd.,D1Y,3323,AF,6166,1,Z_ASIA_Liq2_TG,0
CNE1000002P4,A0M4XM,China Oilfield Services Ltd.,CO9,2883,AG,6166,1,Z_ASIA_Liq3_noDETG,0
CNE1000002Q2,A0M4XN,China Petroleum & Chemical Corp.,CHU,0386,AF,6166,1,Z_ASIA_Liq2_TG,0
CNE1000002R0,A0M4XP,China Shenhua Energy Co. Ltd.,IKF,1088,AE,6166,1,Z_ASIA_Liq2_TG,1
CNE1000002S8,A0M4XQ,Cosco Shipping Energy Transportation Co. Ltd.,HIFH,1138,AF,6166,1,Z_ASIA_Liq2_TG,0
CNE1000002T6,A0M4XR,China Southern Airlines Co. Ltd.,ZNHH,1055,AF,6166,1,Z_ASIA_Liq2_TG,0
CNE1000002W0,A0M4XT,Chongqing Iron&Steel Co. Ltd.,CGP,1053,AG,6166,1,Z_ASIA_Liq3_noDETG,0
CNE1000002Y6,A0M4XV,Dalian Port (PDA) Co. Ltd.,D7P,2880,AG,6166,1,Z_ASIA_Liq3_noDETG,0
CNE1000002Z3,A0M4XW,Datang International Power Generation Co. Ltd.,BJI,0991,AF,6166,1,Z_ASIA_Liq2_TG,0
CNE100000304,A0M4XX,Dongfang Electric Corp. Ltd.,DEU,1072,AF,6166,1,Z_ASIA_Liq2_TG,0
CNE100000312,A0M4XY,Dongfeng Motor Group Co. Ltd.,D4D,0489,AF,6166,0,Z_ASIA_Liq2_TG,0
CNE100000320,A0M4XZ,First Tractor Co.,FTP,0038,AG,6166,1,Z_ASIA_Liq3_noDETG,0
CNE100000338,A0M4X0,Great Wall Motor Co. Ltd.,GRV,2333,AE,6166,1,Z_ASIA_Liq2_TG,1
CNE100000353,A0M4X2,Hisense Kelon Electrical Holdings Co. Ltd.,GKE,GKEG,AF,6166,1,Z_ASIA_Liq3_noDETG,0
CNE100000379,A0M4X4,Guangshen Railway Co. Ltd.,GRCH,0525,AG,6166,1,Z_ASIA_Liq3_noDETG,0
CNE100000387,A0M4X5,Guangzhou Baiyunshan Pharmaceutical Holdings Co. Ltd.,GU5,GU5,AG,6166,1,Z_ASIA_Liq3_noDETG,0
CNE1000003B2,A0M4X7,Hainan Meilan Intl Airport Co.,HAO,357,AG,6166,1,Z_ASIA_Liq3_noDETG,0
CNE1000003C0,A0M4X8,Harbin Electric Co. Ltd.,HP6H,HP6H,AG,6166,1,Z_ASIA_Liq3_noDETG,0
CNE1000003D8,A0M4X9,Huadian Power International Corp. Ltd.,SHX,1071,AF,6166,1,Z_ASIA_Liq2_TG,0
CNE1000003G1,A0M4YB,Industrial & Commercial Bank of China,ICK,ICK,AF,6166,1,Z_ASIA_Liq2_TG,1
CNE1000003J5,A0M4YD,Jiangsu Expressway Co. Ltd.,JE2,0177,AG,6166,1,Z_ASIA_Liq3_noDETG,0
CNE1000003K3,A0M4YE,Jiangxi Copper Co. Ltd.,JIX,0358,AF,6166,1,Z_ASIA_Liq2_TG,0
CNE1000003P2,A0M4YJ,Lianhua Supermarket Holdings Company Ltd.,LSJ,0980,AG,6166,1,Z_ASIA_Liq3_noDETG,0
CNE1000003R8,A0M4YL,Maanshan Iron and Steel Co. Ltd.,YM9A,0323,AG,6166,1,Z_ASIA_Liq3_noDETG,0
CNE1000003W8,A0M4YQ,PetroChina Co. Ltd.,PC6,0857,AF,6166,1,Z_ASIA_Liq2_TG,1
CNE1000003X6,A0M4YR,Ping An Insurance Group Co. of China Ltd.,PZX,2318,AE,6166,1,Z_ASIA_Liq2_TG,1
CNE1000003Y4,A0M4YS,Qingling Motors Co. Ltd.,QIN,1122,AF,6166,1,Z_ASIA_Liq2_TG,1
CNE100000411,A0M4YV,Shandong Xinhua Pharmaceutical Co. Ltd.,XIN,0719,AG,6166,1,Z_ASIA_Liq3_noDETG,0
CNE100000437,A0M4YX,Shanghai Electric Group Co.Ltd,USR,2727,AF,6166,1,Z_ASIA_Liq2_TG,0
CNE100000460,A0M4Y0,Shenyang Pub.Util.HldgsCo.Ltd. Registered Shares H YC 1,SH3,0747,AG,6166,1,Z_noMM,0
CNE100000478,A0M4Y1,Shenzhen Expressway Co. Ltd.,SHZH,0548,AF,6166,1,Z_ASIA_Liq2_TG,0
CNE100000494,A0M4Y3,Sichuan Expressway Co. Ltd.,EXF1,0107,AG,6166,1,Z_ASIA_Liq3_noDETG,0
CNE1000004B0,A0M4Y4,Xinhua Winshare Publishing and Media Co. Ltd.,SXV,0811,AG,6166,1,Z_ASIA_Liq3_noDETG,0
CNE1000004C8,A0M4Y5,Sinopec Shanghai Petrochemical,SGJH,0338,AF,6166,1,Z_ASIA_Liq2_TG,0
CNE1000004D6,A0M4Y6,Sinopec Oilfield Service Corp.,YIZH,1033,AG,6166,1,Z_ASIA_Liq3_noDETG,0
CNE1000004F1,A0M4Y7,Sinotrans Ltd.,SIY,0598,AG,6166,1,Z_ASIA_Liq3_noDETG,0
CNE1000004G9,A0M4Y8,Tianjin Capital Environmental Protection Group Co. Ltd.,TIA,1065,AG,6166,1,Z_ASIA_Liq3_noDETG,0
CNE1000004J3,A0M4ZA,Travelsky Technology Limited,TVL,0696,AF,6166,1,Z_ASIA_Liq2_TG,0
CNE1000004K1,A0M4ZB,Tsingtao Brewery Co. Ltd.,TSI,TSIN,AE,6166,1,Z_ASIA_Liq2_TG,1
CNE1000004L9,A0M4ZC,Weichai Power Co. Ltd.,WI4,2338,AE,6166,1,Z_ASIA_Liq2_TG,1
CNE1000004Q8,A0M4ZG,Yanzhou Coal Mining Co. Ltd.,YZCA,YZCAG,AE,6166,1,Z_ASIA_Liq2_TG,1
CNE1000004R6,A0M4ZH,Zhaojin Mining Industry Co. Ltd.,ZVL,1818,AG,6166,1,Z_ASIA_Liq2_TG,0
CNE1000004S4,A0M4ZJ,Zhejiang Expressway Co. Ltd.,ZHJ,0576,AG,6166,1,Z_ASIA_Liq3_noDETG,0
CNE1000004X4,A0M4ZN,Zhuzhou CRRC Times Electric Co. Ltd.,ZTX,3898,AG,6166,1,Z_ASIA_Liq3_noDETG,0
CNE1000004Y2,A0M4ZP,ZTE Corp.,FZM,0763,AE,6166,1,Z_ASIA_Liq2_TG,1
CNE100000502,A0M4ZR,Zijin Mining Group Co. Ltd.,FJZ,2899,AF,6166,1,Z_ASIA_Liq2_TG,1
CNE100000510,A0M4ZS,Shanghai Fudan Microelectronics Group Co. Ltd.,FUD,8102,AG,6166,1,Z_ASIA_Liq3_noDETG,0
CNE100000528,A0M4ZT,China Coal Energy Co. Ltd.,CVV,1898,AF,6166,1,Z_ASIA_Liq2_TG,0
CNE100000536,A0M4ZU,China Shipping Container Lines Co. Ltd.,EZ5,2866,AF,6166,0,Z_ASIA_Liq2_TG,0
CNE100000569,A0M4ZW,Guangzhou R&F Properties Co.,G5HA,2777,AF,6166,1,Z_ASIA_Liq2_TG,0
CNE100000585,A0M4ZY,Tong Ren Tang Technologies Co. Ltd.,TNG,8069,AF,6166,1,Z_ASIA_Liq2_TG,0
CNE100000593,A0M4ZZ,PICC Property & Casualty Co. Ltd.,PJC,2328,AF,6166,1,Z_ASIA_Liq2_TG,0
CNE1000005B7,A0M4Z0,Yantai North Andre Juice Co. Ltd.,YNA1,YNA1,AG,6166,1,Z_ASIA_Liq2_TG,0
CNE1000006Z4,A0M276,Huaneng Power International Inc.,HUP1,0902,AF,6166,1,Z_ASIA_Liq2_TG,0
CNE1000007G2,A0M236,Xinjiang Xinxin Mining Industry Co. Ltd.,33X1,3833,AG,6166,1,Z_ASIA_Liq3_noDETG,0
CNE1000007Z2,A0M8JF,China Railway Group Ltd.,CNO,0390,AF,6166,1,Z_ASIA_Liq2_TG,0
CNE100000924,A0Q272,Tianjin Zhong Xin Pharmaceutical Group Corp. Ltd.,2TZ,2TZ,AG,6166,1,Z_ASIA_Liq3_noDETG,0
CNE1000009Q7,A0NHPX,China Pacific Insurance Group Co. Ltd.,75C,2601,AF,6166,1,Z_ASIA_Liq2_TG,0
CNE100000BK2,A0Q34C,Shandong Chemical Paper Holdings Ltd.,SCD1,1812,AG,6166,1,Z_ASIA_Liq3_noDETG,0
CNE100000F20,A0X91F,BBMG Corp.,9BM,2009,AG,6166,1,Z_ASIA_Liq3_noDETG,0
CNE100000FF3,A0YA9C,Metallurgical Corporation of China Ltd.,6MT,1618,AF,6166,0,Z_ASIA_Liq2_TG,0
CNE100000FN7,A0N99U,Sinopharm Group Co. Ltd.,X2S,1099,AE,6166,1,Z_ASIA_Liq2_TG,1
CNE100000HD4,A0YFUR,China Longyuan Power Group Corp. Ltd.,6WX,0916,AF,6166,1,Z_ASIA_Liq2_TG,0
CNE100000HF9,A0YE04,China Minsheng Banking Corp. Ltd.,GHFH,1988,AF,6166,1,Z_ASIA_Liq2_TG,0
CNE100000PP1,A1C0QD,Xinjiang Goldwind Science & Technology Co. Ltd.,CXGH,2208,AF,6166,1,Z_ASIA_Liq2_TG,0
CNE100000Q35,A1C2W3,Guangzhou Automobile Group Company Ltd,02G,2238,AF,6166,1,Z_ASIA_Liq2_TG,0
CNE100000Q43,A1C024,The Agricultural Bank of China,EK7,1288,AF,6166,1,Z_ASIA_Liq2_TG,0
CNE100000TW9,A1C6F8,China Suntien Green Energy Corp.Ltd,9C6,0956,AF,6166,1,Z_ASIA_Liq2_TG,0
CNE100000X44,A1H417,Chongqing Rural Commercial Bank Co. Ltd.,C3B,3618,AG,6166,1,Z_ASIA_Liq3_noDETG,0
CNE100000X69,A1C4U1,China Datang Corporation Renewable Power Company Ltd.,DT7,1798,AG,6166,1,Z_ASIA_Liq3_noDETG,0
CNE100000X85,A1H39A,Zoomlion Heavy Industry Science & Technology Co. Ltd.,8CZ,1157,AF,6166,1,Z_ASIA_Liq2_TG,0
CNE1000012B3,A1JAWQ,Shanghai Pharmaceutical Holdings Co.,S1R,S1R,AF,6166,1,Z_ASIA_Liq2_TG,0
CNE1000016V2,A1JLVC,CITIC Securities Co. Ltd.,CI9,CI9,AF,6166,1,Z_ASIA_Liq2_TG,0
CNE100001922,A1JQV6,New China Life Insurance Company Ltd.,NCL,NCL,AF,6166,1,Z_ASIA_Liq2_TG,0
CNE100001F78,A1J026,China Aluminium International Engineering Corporation Ltd.,4AI,4AI,AF,6166,1,Z_ASIA_Liq2_TG,0
CNE100001M79,A1J68D,Shanghai Fos.Pharma. (Gr.) Co. Ltd.,08HH,08HH,AE,6166,1,Z_ASIA_Liq2_TG,1
CNE100001MK7,A1J830,PT Bank Tabungan Pensiunan Nasional Tbk,PIR,PIRG,AG,6166,1,Z_ASIA_Liq3_noDETG,0
CNE100001NT6,A1T97S,China Galaxy Securities Co.Ltd.,CGL,6881,AG,6166,1,Z_ASIA_Liq3_noDETG,0
CNE100001NV2,A1T97T,Sinopec Engineering Group Co. Ltd.,1NS,1NS,AF,6166,1,Z_ASIA_Liq2_TG,0
CNE100001QN2,A1W7B1,Bank of Chongqing Co. Ltd.,CQN,CQN,AF,6166,1,Z_ASIA_Liq2_TG,0
CNE100001QS1,A1W929,China Cinda Asset Mgmt Co.Ltd.China Cinda Asset Management Co. Ltd.,0CI,0CI,AF,6166,1,Z_ASIA_Liq2_TG,0
CNE100001QW3,A1XA6F,China Everbright Bank Co. Ltd.,C0V,C0V,AG,6166,1,Z_ASIA_Liq3_noDETG,0
CNE100001SB3,A1100P,Harbin Bank Co. Ltd.,5H6,5H6,AG,6166,1,Z_ASIA_Liq3_noDETG,0
CNE100001SG2,A115GL,Qingdao Port International Co. Ltd.,0QP,0QP,AG,6166,1,Z_ASIA_Liq3_noDETG,0
CNE100001SR9,A1163C,China Vanke Co. Ltd.,18V,18V,AG,6166,1,Z_ASIA_Liq3_noDETG,0
CNE100001SS7,A116SN,Central China Securities Co.Ltd.,21C,21C,AG,6166,1,Z_ASIA_Liq3_noDETG,0
CNE100001ST5,A1161X,Beijing Digital Telecom Co. Ltd,1D2,1D2,AG,6166,1,Z_ASIA_Liq3_noDETG,0
CNE100001TJ4,A12GNY,Baic Motor Corp. Ltd.,2B5,2B5,AF,6166,1,Z_ASIA_Liq2_TG,0
CNE100001TQ9,A14QXT,GF Securities Co. Ltd.,9GF,9GF,AF,6166,1,Z_ASIA_Liq2_TG,0
CNE100001TR7,A14QXM,Fuyao Glass Industry Group Co.,4FG,4FG,AE,6166,1,Z_ASIA_Liq2_TG,1
CNE100001W69,A14SA6,Shanghai Haohai Biological Technology Co. Ltd.,5HB,5HB,AG,6166,1,Z_ASIA_Liq3_noDETG,0
CNE100001YQ9,A14TPY,Huatai Securities Co. Ltd.,206H,206H,AF,6166,1,Z_ASIA_Liq2_TG,0
CNE100001ZS2,A14VYE,Red Star Macalline Group Corp.,3S5,3S5,AG,6166,1,Z_ASIA_Liq3_noDETG,0
CNE100001ZT0,A14VAD,Legend Holdings Corp.,1PC,1PC,AF,6166,1,Z_ASIA_Liq2_TG,0
CNE100002342,A142F0,China Reinsurance (Group) Corp.,C53,C53G,AF,6166,1,Z_ASIA_Liq2_TG,0
CNE100002359,A14213,China International Capital Corp. Ltd.,CIM,CIM,AF,6166,1,Z_ASIA_Liq2_TG,0
CNE100002367,A142P8,China Huarong Asset Management Co. Ltd.,CHE,2799,AF,6166,1,Z_ASIA_Liq2_TG,0
CNE100002375,A144CV,Flat Glass Group Co. Ltd.,72T,72T,AF,6166,1,Z_ASIA_Liq2_TG,0
CNE100002383,A143U0,Wenzhou Kangning Hospital Co. Ltd.,4WK,4WK,AG,6166,1,Z_ASIA_Liq3_noDETG,0
CNE100002391,A144FV,Bank of Qingdao Co. Ltd.,4BQ,4BQ,AF,6166,1,Z_ASIA_Liq2_TG,0
CNE1000025S9,A2AF8R,China Zheshang Bank Co. Ltd.,6CZ,6CZ,AG,6166,1,Z_ASIA_Liq3_noDETG,0
CNE100002623,A2AGAR,Bank of Tianjin Co. Ltd.,B95,B95,AF,6166,1,Z_ASIA_Liq2_TG,0
CNE1000027C9,A2AMZX,China Development Bank Financial Leasing Co. Ltd,2C6,2C6,AG,6166,1,Z_ASIA_Liq3_noDETG,0
CNE1000027F2,A2AJJ8,Orient Securities Co. Ltd.,OS9,OS9,AG,6166,1,Z_ASIA_Liq3_noDETG,0
CNE1000029M4,A2AQCT,Everbright Securities Co. Ltd.,0EC,0EC,AF,6166,1,Z_ASIA_Liq2_TG,0
CNE1000029W3,A2ARY5,Postal Savings Bank of China,3YB,3YB,AF,6166,1,Z_ASIA_Liq2_TG,0
CNE1000029Z6,A2ASW8,China Merchants Secur. Co. Ltd.,195H,195H,AG,6166,1,Z_ASIA_Liq3_noDETG,0
CNE100002B89,A2DHWZ,CSC Financial Co. Ltd.,CS0,CS0,AG,6166,1,Z_ASIA_Liq3_noDETG,0
CNE100002FK9,A2DPT0,Guotai Junan Securities Co. Ltd.,153A,153A,AG,6166,1,Z_ASIA_Liq3_noDETG,0
CNE100002QY7,A2DXZ6,Zhongan Online P & C Insurance,1ZO,1ZO,AE,6166,1,Z_ASIA_Liq2_TG,0
CNE1000031C1,A2JM2W,Qingdao Haier Co.,690D,690D,AE,6166,1,Z_ASIA_Liq1_DETG,1
CNE1000031G2,A2JQPP,Bank of Jiujiang Co.Ltd.,BJ8,BJ8,AG,6166,1,Z_ASIA_Liq3_noDETG,0
CNE1000031W9,A2N6UN,Jiangxi Ganfeng Lithium Co. Ltd.,39EA,39EA,AE,6166,1,Z_ASIA_Liq2_TG,1
CNE1000036N7,A2N6V5,Shandong Gold Mining Co. Ltd,188H,188H,AF,6166,1,Z_ASIA_Liq2_TG,0
CNE100003F01,A2PGFW,CanSino Biologics Inc.,CJH,CJH,AE,6166,1,Z_ASIA_Liq2_TG,0
CNE100003F19,A2PAJG,WuXi AppTec Ltd.,WX8,WX8,AE,6166,1,Z_ASIA_Liq2_TG,1
CNE100003PG4,A2PV00,Pharmaron Beijing Co. Ltd.,17Q1,17Q1,AF,6166,1,Z_ASIA_Liq2_TG,0
CNE100003YB7,A2P728,China Bohai Bank Co.,4B1,4B1,AF,6166,1,Z_ASIA_Liq2_TG,0
CNE100004272,A2QB2T,NongFu Spring Co. Ltd.,7NF,7NF,AE,6166,1,Z_ASIA_Liq2_TG,1
CNE1000048G6,A2QGM4,RemeGen Co. Ltd.,REG,REGG,AF,6166,1,Z_ASIA_Liq2_TG,0
CNE1000048K8,A2QHT7,Haier Smart Home Co. Ltd.,690E,690E,AE,6166,1,Z_ASIA_Liq2_TG,0
CNE100004JD2,A3CS7H,Zylox-Tonbridge Medical Tech.,818,818,AF,6166,1,Z_ASIA_Liq2_TG,0
CNE100004QH8,A3C3GJ,Dongguan Rural Commercial Bank,857,857,AF,6166,1,Z_ASIA_Liq2_TG,0
CNE100004Z06,A3C8W4,Asymchem Labora.(Tian.)Co.Ltd.,7K90,7K90,AF,6166,1,Z_ASIA_Liq2_TG,0
CNE1000055Y4,A3DCLB,JL MAG RARE-EARTH CO LTD -H,3KLA,3KLA,AF,6166,1,Z_ASIA_Liq2_TG,0
CNE100005F09,A3DQVD,TIANQI LITHIUM CORP-H,2220,2220G,AE,6166,0,Z_ASIA_Liq2_TG,1
CNE100006CQ4,A4009U,Ubtech Robotics Corp. Ltd.,7US,7US,AF,6166,1,Z_EU_Liq2_TG,0
CNE100006M58,A40NY5,Midea Group Co. Ltd.,1520,1520G,AF,6166,1,Z_ASIA_Liq2_TG,0
CNE100006V65,A3E4ZN,China Tower Corp. Ltd.,2Y11,2Y11,AF,6166,1,Z_ASIA_Liq2_TG,0
CNE100006WS8,A418NB,"Contemporary Amperex Technology Co., Limited",C7A0,C7A0,AG,6166,1,Z_ASIA_Liq2_TG,0
CNE100006XS6,A41984,Jiangsu Hengr.Pharmac. Co.Ltd. Registered Shares H YC 1,0BO,0BO,AG,6166,1,Z_ASIA_Liq2_TG,0
CNE1000073Z4,A41K7X,Chery Automobile Co. Ltd.,9PB,9PB,AG,6166,1,Z_ASIA_Liq2_TG,0
CS0008418869,887834,Philip Morris CR AS,TBK,TABK,AZ,6166,1,Z_EU_Liq3_noDETG,0
CY0101162119,A0YHL9,Seabird Exploration PLC,E36,SBX,AZ,6166,1,Z_EU_Liq3_noDETG,0
CY0101550917,A1JB7E,SD Standard Drilling PLC,S1P,S1P,AZ,6166,1,Z_EU_Liq3_noDETG,0
CY0106002112,A142QE,Atalaya Mining PLC,E5S1,E5S1,AZ,6166,1,Z_EU_Liq2_TG,0
CY0200352116,A3D38W,Frontline PLC,HF6,HF6,AZ,6166,1,Z_EU_Liq2_TG,1
CY0200751713,A3E2ZV,Theon International PLC,W8C,W8C,AZ,6166,1,Z_EU_Liq2_TG,1
CZ0005112300,887832,CEZ AS,CEZ,CEZP,AO,6166,1,Z_EU_Liq2_TG,1
CZ0005123620,A1H6BD,E4U A.S.,1E4,1E4,AO,6166,1,Z_noMM,0
CZ0008019106,888040,Komercni Banka AS,KONN,BKOM,AO,6166,1,Z_EU_Liq3_noDETG,0
CZ0008040318,A2AHZ4,Moneta Money Bank A.S.,MM0,MM0,AO,6166,1,Z_EU_Liq3_noDETG,0
CZ0009000121,A143XZ,Kofola Ceskoslovensko AS,48K,48K,AO,6166,1,Z_EU_Liq3_noDETG,0
CZ0009008942,A2QDWT,CZG - Ceska zbrojovka Group SE,6QS,6QS,AO,6166,1,Z_EU_Liq3_noDETG,0
DE0001218063,121806,Heliad AG,A7A,A7AGn,GJ,6183,1,A_NW_0_XX_v3000,1
DE0001262152,126215,B+S Banksysteme AG,DTD2,DTDGk,GJ,6183,1,A_NW_0_XX_v3000,1
DE0001644565,164456,Erlebnis Akademie AG,EAD,EADG,GF,6183,1,A_NW_0_XX_v3000,0
DE0005009740,500974,Ahlers AG,AAH,AAHG,GJ,6183,1,A_NW_F0_XX_v3000,0
DE0005019004,501900,AGROB Immobilien AG,AGR,AGRG,GG,6183,1,A_NW_0_XX_v3000,0
DE0005019038,501903,AGROB Immobilien AG,AGR3,AGRG_p,GJ,6183,1,A_NW_F0_XX_v3000,0
DE0005034201,503420,Allerthal-Werke AG,ATW,ATWG,GG,6183,1,A_manuell,0
DE0005088108,508810,BAADER,BWB,BLMG,GF,6183,1,A_NW_0_XX_v3000,0
DE0005089031,508903,United Internet AG,UTDI,UTDI,GD,6183,1,A_MDAX_Profil1,1
DE0005093108,509310,Amadeus Fire AG,AAD,AMDG,GE,6183,1,A_NW_0_XX_v3000,1
DE0005102008,510200,Basler AG,BSL,BSLG,GE,6183,1,A_NW_0_XX_v3000,1
DE0005103006,510300,Adtran Networks SE,ADV,ADVG,GJ,6183,1,A_NW_0_XX_v3000,1
DE0005104400,510440,Atoss Software SE,AOF,AOFG,GD,6183,1,A_TecDAX,1
DE0005104806,510480,Syzygy AG,SYZ,SYZG,GJ,6183,1,A_NW_0_XX_v3000,1
DE0005110001,511000,All for One Group SE,A1OS,A1OS,GF,6183,1,A_NW_0_XX_v3000,1
DE0005118806,511880,'11 88 0 Solutions AG,TGT,TGTG,GJ,6183,1,A_NW_0_XX_v3000,1
DE0005120802,512080,Rubean AG,R1B,R1B,GE,6183,1,A_NW_0_XX_v3000,0
DE0005140008,514000,Deutsche Bank AG,DBK,DBKGn,GV,6183,1,A_DAX_N,1
DE0005146807,514680,Delticom AG,DEX,DEXGn,GF,6183,1,A_NW_0_XX_v3000,1
DE0005156004,515600,Gigaset AG,GGS,GGS,GF,6183,1,A_NW_0_XX_v3000,1
DE0005156236,515623,Schweizer Electronic AG,SCE,SWEGn,GF,6183,1,A_NW_0_XX_v3000,1
DE0005157101,515710,Dr. Hoenle AG,HNL,HNL,GE,6183,1,A_NW_0_XX_v3000,1
DE0005158703,515870,Bechtle AG,BC8,BC8G,GD,6183,1,A_MDAX_Profil1,1
DE0005167902,516790,3U Holding AG,UUU,UUUG,GJ,6183,1,A_NW_0_XX_v3000,1
DE0005176903,517690,SURTECO GROUP SE,SUR,SURG,GE,6183,1,A_NW_0_XX_v3000,1
DE0005178008,517800,Softing AG,SYT,SYTG,GJ,6183,1,A_NW_0_XX_v3000,1
DE0005190003,519000,Bayerische Motoren Werke AG,BMW,BMWG,GW,6183,1,A_DAX_N,1
DE0005190037,519003,Bayerische Motoren Werke AG,BMW3,BMWG_p,GW,6183,1,A_SDAX,1
DE0005194005,519400,BayWa AG,BYW,BYWG,GE,6183,1,A_NW_0_XX_v3000,1
DE0005194062,519406,Baywa AG,BYW6,BYWGnx,GE,6183,1,A_NW_0_XX_v3000,1
DE0005199905,519990,Ludwig Beck am Rathauseck - Textilhaus Feldmeier AG,ECK,ECKG,GJ,6183,1,A_NW_0_XX_v3000,0
DE0005200000,520000,Beiersdorf AG,BEI,BEIG,GZ,6183,1,A_DAX_N,1
DE0005201602,520160,Berentzen-Gruppe AG,BEZ,BEZ,GF,6183,1,A_NW_0_XX_v3000,1
DE0005202303,520230,Quirin Privatbank AG,QB7,QB7G,GJ,6183,1,A_NW_0_XX_v3000,1
DE0005203947,520394,BRAIN Biotech AG,BNN,BNNn,GF,6183,1,A_NW_0_XX_v3000,1
DE0005204127,520412,Horus AG,HRU,HRUG,GG,6183,1,A_manuell,0
DE0005209589,520958,Artec Technologies AG,A6T,A6TG,GF,6183,1,A_NW_0_XX_v3000,0
DE0005214506,521450,Adcapital AG,ADC,ADCG,GG,6183,1,A_NW_0_XX_v3000,0
DE0005216907,521690,Tradegate AG,T2G,T2GG,GJ,6183,1,A_NW_F0_XX_v3000,0
DE0005218309,521830,Mobotix AG,MBQ,MBQGn,GJ,6183,1,A_NW_0_XX_v3000,1
DE0005220008,522000,EnBW Energie Baden-Württemberg AG,EBK,EBKG,GF,6183,1,A_NW_0_XX_v3000,1
DE0005221303,522130,Berliner Effektengesellschaft AG,BFV,BEFG,GJ,6183,1,A_NW_F0_XX_v3000,0
DE0005228779,522877,Orbis AG,OBS,OBS,GF,6183,1,A_NW_0_XX_v3000,0
DE0005229504,522950,Bijou Brigitte modische Accessoires AG,BIJ,BIJG,GJ,6183,1,A_NW_0_XX_v3000,1
DE0005232805,523280,Bertrandt AG,BDT,BDTG,GE,6183,1,A_NW_0_XX_v3000,1
DE0005240907,524090,B.M.P. Pharma Trading AG,BMP,BMPG,GG,6183,1,A_manuell,0
DE0005261606,526160,Bremer Lagerhaus-Gesellschaft - AG,BLH,BLHG,GG,6183,1,A_NW_0_XX_v3000,0
DE0005275507,527550,Brüder Mannesmann AG,BMM,BMMG,GJ,6183,1,A_NW_F0_XX_v3000,0
DE0005281000,528100,Bürgerliches Brauhaus Ravensburg-Lindau AG,BBR,BBRG,GG,6183,1,A_manuell,0
DE0005297204,529720,Homag Group AG,HG1,HG1G,GF,6183,1,A_NW_0_XX_v3000,1
DE0005313506,531350,Energiekontor AG,EKT,EKTG,GC,6183,1,A_SDAX,1
DE0005313704,531370,Carl Zeiss Meditec AG,AFX,AFXG,GD,6183,1,A_MDAX_Profil1,1
DE0005403901,540390,CEWE Stiftung & Co. KGaA,CWC,CWCG,GC,6183,1,A_SDAX,1
DE0005405104,540510,Innotec TSS AG,TSS,TSSG,GJ,6183,1,A_NW_F0_XX_v3000,1
DE0005407100,540710,Cenit AG,CSH,CSHG,GF,6183,1,A_NW_0_XX_v3000,1
DE0005407407,540740,CeoTronics AG,CEK,CEKG,GF,6183,1,A_NW_F0_XX_v3000,1
DE0005408686,540868,ÖKOWORLD AG,VVV3,VVVGn_p,GJ,6183,1,A_NW_0_XX_v3000,1
DE0005418404,541840,Instant Group AG,CCB,CCBG,GG,6183,1,A_manuell,0
DE0005419105,541910,Cancom SE,COK,COKG,GD,6183,1,A_MDAX_Profil1,1
DE0005439004,543900,Continental AG,CON,CONG,GW,6183,1,A_DAX_N,1
DE0005470306,547030,CTS Eventim AG & Co. KGaA,EVD,EVDG,GK,6183,1,A_MDAX_Profil1,1
DE0005470405,547040,Lanxess AG,LXS,LXSG,GK,6183,1,A_MDAX_Profil1,1
DE0005489561,548956,United Labels AG,ULC,ULCG,GJ,6183,1,A_NW_0_XX_v3000,0
DE0005492938,549293,Masterflex SE,MZX,MZXG,GJ,6183,1,A_NW_0_XX_v3000,1
DE0005493092,549309,Borussia Dortmund GmbH & Co. KGaA,BVB,BVB,GC,6183,1,A_SDAX,1
DE0005493365,549336,Hypoport SE,HYQ,HYQGn,GC,6183,1,A_SDAX,1
DE0005495626,549562,Geratherm Medical AG,GME,GMEG,GF,6183,1,A_NW_0_XX_v3000,1
DE0005498901,549890,Data Modul AG,DAM,DAMG,GJ,6183,1,A_NW_0_XX_v3000,0
DE0005533400,553340,Deutsche Grundstücksauktionen AG,DGR,DGRG,GF,6183,1,A_NW_F0_XX_v3000,1
DE0005538300,553830,Dinkelacker AG,DWB,DWBG,GG,6183,1,A_manuell,0
DE0005540306,554030,DLB-Anlageservice AG,DLB,DLBG,GG,6183,1,A_manuell,0
DE0005545503,554550,1&1 AG,1U1,1U1,GD,6183,1,A_TecDAX,1
DE0005550602,555060,Drägerwerk AG & Co. KGaA,DRW8,DRWG,GD,6183,1,A_NW_0_XX_v3000,1
DE0005550636,555063,Drägerwerk AG & Co. KGaA Vz.,DRW3,DRWG_p,GD,6183,1,A_TecDAX,1
DE0005552004,555200,Deutsche Post AG,DHL,DHLn,GV,6183,1,A_DAX_N,1
DE0005557508,555750,Deutsche Telekom AG,DTE,DTEGn,GW,6183,1,A_DAX_N,1
DE0005558696,555869,paragon GmbH & Co. KGaA,PGN,PGNG,GF,6183,1,A_NW_0_XX_v3000,1
DE0005565204,556520,Dürr AG,DUE,DUEG,GC,6183,1,A_SDAX,1
DE0005570808,557080,Umweltbank AG,UBK,UBKG,GF,6183,1,A_NW_0_XX_v3000,1
DE0005580005,558000,Dierig Holding AG,DIE,DIEG,GJ,6183,1,A_NW_0_XX_v3000,0
DE0005647606,564760,Effecten-Spiegel AG,EFS,EFSG,GG,6183,1,A_manuell,0
DE0005647630,564763,Effecten-Spiegel AG,EFS3,EFSG_p,GG,6183,1,A_manuell,0
DE0005647937,564793,Edding AG,EDD3,EDD3_p,GE,6183,1,A_NW_0_XX_v3000,0
DE0005649503,564950,Edel SE & Co. KGaA,EDL,EDLG,GF,6183,1,A_NW_0_XX_v3000,1
DE0005653604,565360,MedNation AG,EIF,EIFG,GF,6183,1,A_NW_F0_XX_v3000,0
DE0005658009,565800,Eisen- und Huettenwerke AG,EIS,EISG,GG,6183,1,A_NW_0_XX_v3000,0
DE0005659700,565970,Eckert & Ziegler SE,EUZ,EUZG,GD,6183,1,A_TecDAX,1
DE0005664809,566480,Evotec SE,EVT,EVTG,GD,6183,1,A_MDAX_Profil1,1
DE0005677108,567710,Elmos Semiconductor SE,ELG,ELGG,GD,6183,1,A_TecDAX,1
DE0005706535,570653,Eurokai GmbH KGaA,EUK3,EUKG_p,GJ,6183,1,A_NW_F0_XX_v3000,0
DE0005754402,575440,LS telcom AG,LSX,LSXG,GJ,6183,1,A_NW_0_XX_v3000,1
DE0005759807,575980,Init Innovation in traffic Systems SE,IXX,IXXG,GF,6183,1,A_NW_0_XX_v3000,1
DE0005760029,576002,ABO Energy GmbH & Co. KGaA,AB9,AB9,GF,6183,1,A_NW_0_XX_v3000,1
DE0005765507,576550,Sino AG,XTP,XTPG,GF,6183,1,A_NW_0_XX_v3000,1
DE0005767909,576790,Fernheizwerk Neukölln AG,FHW,FHWG,GJ,6183,1,A_NW_F0_XX_v3000,0
DE0005772206,577220,Fielmann Group AG,FIE,FIEG,GK,6183,1,A_MDAX_Profil1,1
DE0005773303,577330,Fraport AG,FRA,FRAG,GK,6183,1,A_MDAX_Profil1,1
DE0005774103,577410,Fortec Elektronik AG,FEV,FEVG,GF,6183,1,A_NW_0_XX_v3000,1
DE0005775803,577580,Foris AG,FRS,FRSG,GF,6183,1,A_NW_0_XX_v3000,0
DE0005785604,578560,Fresenius SE & Co. KGaA,FRE,FREG,GZ,6183,1,A_DAX_N,1
DE0005785802,578580,Fresenius Medical Care AG,FME,FMEG,GZ,6183,1,A_DAX_N,1
DE0005800601,580060,GFT Technologies SE,GFT,GFTG,GC,6183,1,A_SDAX,1
DE0005810055,581005,Deutsche Börse AG,DB1,DB1Gn,GV,6183,1,A_DAX_N,1
DE0005850903,585090,GBK Beteiligungen AG,GBQ,GBQG,GG,6183,1,A_NW_F0_XX_v3000,0
DE0005854343,585434,Ecotel Communication AG,E4C,E4CG,GJ,6183,1,A_NW_0_XX_v3000,1
DE0005874846,587484,InTiCa Systems AG,IS7,IS7,GF,6183,1,A_NW_0_XX_v3000,1
DE0005878003,587800,DMG Mori AG,GIL,GILG,GF,6183,1,A_NW_0_XX_v3000,1
DE0005895403,589540,Grammer AG,GMM,GMMG,GF,6183,1,A_NW_0_XX_v3000,1
DE0005897300,589730,Greiffenberger AG,GRF,GRFG,GJ,6183,1,A_NW_F0_XX_v3000,0
DE0005909006,590900,Bilfinger SE,GBF,GBFG,GK,6183,1,A_MDAX_Profil1,1
DE0005932735,593273,YOC AG,YOC,YOCG,GF,6183,1,A_NW_0_XX_v3000,1
DE0005936124,593612,OHB SE,OHB,OHBG,GE,6183,1,A_NW_0_XX_v3000,1
DE0006004500,600450,Hyrican Informationssysteme AG,HYI,HYIG,GG,6183,1,A_NW_0_XX_v3000,0
DE0006042708,604270,Hawesko Holding AG,HAW,HAWG,GF,6183,1,A_NW_0_XX_v3000,1
DE0006044001,604400,Maternus-Kliniken AG,MAK,MAKG,GJ,6183,1,A_NW_0_XX_v3000,0
DE0006047004,604700,Heidelberg Materials AG,HEI,HEIG,GX,6183,1,A_DAX_N,1
DE0006048408,604840,Henkel AG & Co. KGaA,HEN,HNKG,GZ,6183,1,A_DAX_N,1
DE0006048432,604843,Henkel AG & Co. KGaA,HEN3,HNKG_p,GZ,6183,1,A_DAX_N,1
DE0006052830,605283,Maschinenfabrik Berthold Hermle AG,MBH3,MBHG_p,GF,6183,1,A_NW_F0_XX_v3000,1
DE0006061104,606110,HMS Bergbau AG,HMU,HMUG,GJ,6183,1,A_NW_0_XX_v3000,0
DE0006062144,606214,Covestro AG,1COV,1COVG,GF,6183,1,A_NW_0_XX_v3000,1
DE0006069008,606900,Frosta AG,NLM,HNDG,GJ,6183,1,A_NW_F0_XX_v3000,1
DE0006070006,607000,Hochtief AG,HOT,HOTG,GK,6183,1,A_MDAX_Profil1,1
DE0006083405,608340,Hornbach Holding AG,HBH,HBH,GC,6183,1,A_SDAX,1
DE0006097108,609710,infas Holding AG,IFS,IFS1,GJ,6183,1,A_NW_F0_XX_v3000,0
DE0006200108,620010,Indus Holding AG,INH,INHG,GC,6183,1,A_SDAX,1
DE0006201106,620110,FRIWO AG,CEA,CEAG,GJ,6183,1,A_NW_0_XX_v3000,0
DE0006201403,620140,PEH Wertpapier AG,PEH,PEHG,GF,6183,1,A_NW_F0_XX_v3000,0
DE0006202005,620200,Salzgitter AG,SZG,SZGG,GC,6183,1,A_SDAX,1
DE0006208408,620840,KAP AG,IUR,IURG,GJ,6183,1,A_NW_0_XX_v3000,1
DE0006214687,621468,Müller – die lila Logistik SE,MLL,MLLG,GF,6183,1,A_NW_0_XX_v3000,1
DE0006216401,621640,Jost AG,JOX,JOXG,GG,6183,1,A_manuell,0
DE0006219934,621993,Jungheinrich AG,01.06.2003,JUNG_p,GK,6183,1,A_MDAX_Profil1,1
DE0006223407,622340,ProCredit Holding AG & Co. KGaA,PCZ,PCZ,GJ,6183,1,A_NW_0_XX_v3000,1
DE0006223605,622360,Intertainment AG,ITN,ITMG,GF,6183,1,A_NW_0_XX_v3000,0
DE0006231004,623100,Infineon Technologies AG,IFX,IFXGn,GX,6183,1,A_DAX_N,1
DE0006286560,628656,OVB Holding AG,O4B,O4BG,GF,6183,1,A_NW_0_XX_v3000,0
DE0006292006,629200,KSB SE & Co. KGaA,KSB,KSBG,GC,6183,1,A_NW_0_XX_v3000,1
DE0006292030,629203,KSB SE & Co. KGaA,KSB3,KSBG_p,GC,6183,1,A_SDAX,1
DE0006305006,630500,Deutz AG,DEZ,DEZG,GC,6183,1,A_SDAX,1
DE0006335003,633500,Krones AG,KRN,KRNG,GK,6183,1,A_MDAX_Profil1,1
DE0006336001,633600,LEWAG Holding AG,KGR,KGRG,GG,6183,1,A_NW_0_XX_v3000,0
DE0006450000,645000,LPKF Laser & Electronics SE,LPK,LPKG,GE,6183,1,A_NW_0_XX_v3000,1
DE0006452907,645290,Nemetschek SE,NEM,NEKG,GD,6183,1,A_MDAX_Profil1,1
DE0006458003,645800,Lechwerke AG,LEC,LECG,GJ,6183,1,A_NW_F0_XX_v3000,0
DE0006464506,646450,Leifheit AG,LEI,LEIG,GE,6183,1,A_NW_0_XX_v3000,1
DE0006553464,655346,Mainova AG,MNV6,MNVG,GG,6183,1,A_NW_0_XX_v3000,0
DE0006569403,656940,Albis Leasing AG,ALG,MTVG,GJ,6183,1,A_NW_0_XX_v3000,0
DE0006569908,656990,MLP SE,MLP,MLPG,GC,6183,1,A_SDAX,1
DE0006577109,657710,NanoRepro AG,NN6,NN6G,GJ,6183,1,A_NW_0_XX_v3000,1
DE0006578008,657800,KHD Humboldt Wedag Intl AG,KWG,KWGG,GF,6183,1,A_NW_0_XX_v3000,0
DE0006580806,658080,Mensch und Maschine Software SE,MUM,MUMG,GJ,6183,1,A_NW_0_XX_v3000,1
DE0006595101,659510,Mediclin AG,MED,MEDG,GJ,6183,1,A_NW_0_XX_v3000,0
DE0006599905,659990,Merck KGaA,MRK,MRCG,GZ,6183,1,A_DAX_N,1
DE0006602006,660200,GEA Group AG,G1A,G1AG,GX,6183,1,A_DAX_N,1
DE0006614001,661400,Mineralbrunnen Überkingen-Teinach GmbH & Co. KGaA,MUT,MUTG,GG,6183,1,A_NW_F0_XX_v3000,0
DE0006614035,661403,Mineralbrunnen Überkingen-Teinach GmbH & Co. KGaA Vz.,MUT3,MUTG_p,GG,6183,1,A_NW_F0_XX_v3000,0
DE0006618309,661830,CHAPTERS Group AG,CHG,CHG1,GF,6183,1,A_NW_0_XX_v3000,0
DE0006627201,662720,Mühlbauer Holding AG & Co. KGaA,MUB,MUBG,GJ,6183,1,A_NW_0_XX_v3000,1
DE0006766504,676650,Aurubis AG,NDA,NAFG,GK,6183,1,A_MDAX_Profil1,1
DE0006775505,677550,Nordwest Handel AG,NWX,NWXG,GJ,6183,1,A_NW_F0_XX_v3000,0
DE0006789605,678960,Nucletron Electronic AG,NUC,NUCG,GG,6183,1,A_manuell,0
DE0006902000,690200,Park & Bellheimer AG,PKB,PKBG,GG,6183,1,A_NW_0_XX_v3000,0
DE0006916604,691660,Pfeiffer Vacuum Technology AG,PFV,PV,GE,6183,1,A_NW_0_XX_v3000,1
DE0006925001,692500,Pittler Maschinenfabrik AG,PIT,PITG,GG,6183,1,A_NW_0_XX_v3000,0
DE0006942808,694280,Scherzer & Co. AG,PZS,PZSG,GJ,6183,1,A_NW_0_XX_v3000,1
DE0006968001,696800,PWO AG,PWO,PWO,GF,6183,1,A_NW_0_XX_v3000,1
DE0006969603,696960,Puma SE,PUM,PUMG,GK,6183,1,A_MDAX_Profil1,1
DE0006972508,697250,publity AG,PBY,PBYG,GG,6183,1,A_manuell,0
DE0007008906,700890,Realtech AG,RTC,RTCG,GF,6183,1,A_NW_0_XX_v3000,1
DE0007010803,701080,Rational AG,RAA,RAAG,GK,6183,1,A_MDAX_Profil1,1
DE0007016008,701600,Wasgau Produktions & Handel AG,MSH,MSHGn,GG,6183,1,A_NW_0_XX_v3000,0
DE0007030009,703000,Rheinmetall AG,RHM,RHMG,GX,6183,1,A_DAX_N,1
DE0007037129,703712,RWE AG,RWE,RWEG,GZ,6183,1,A_DAX_N,1
DE0007042301,704230,Rhön-Klinikum AG,RHK,RHKG,GE,6183,1,A_NW_0_XX_v3000,1
DE0007074007,707400,KWS SAAT SE & Co.KGaA,KWS,KWSG,GC,6183,1,A_SDAX,1
DE0007100000,710000,Mercedes-Benz Group AG,MBG,MBGn,GW,6183,1,A_DAX_N,1
DE0007164600,716460,SAP SE,SAP,SAPG,GV,6183,1,A_DAX_N,1
DE0007165607,716560,Sartorius AG,SRT,SATG,GD,6183,1,A_TecDAX,1
DE0007165631,716563,Sartorius AG,SRT3,SATG_p,GD,6183,1,A_MDAX_Profil1,1
DE0007193500,719350,Koenig & Bauer AG,SKB,SKBG,GE,6183,1,A_NW_0_XX_v3000,1
DE0007201907,720190,First Sensor AG,SIS,SISG,GF,6183,1,A_NW_0_XX_v3000,1
DE0007203705,720370,SNP Schneider-Neureither & Partner SE,SHF,SHFG,GE,6183,1,A_NW_0_XX_v3000,1
DE0007217507,721750,Schwabenverlag AG,SBV,SBVG,GG,6183,1,A_manuell,0
DE0007218901,721890,Schwälbchen Molk. J. Berz AG,SMB,SMBG,GG,6183,1,A_NW_0_XX_v3000,0
DE0007224008,722400,Sedlmayr Grund und Immobilien AG,SPB,SPBH,GF,6183,1,A_NW_F0_XX_v3000,1
DE0007229007,722900,Schloss Wachenheim AG,SWA,SWAG,GF,6183,1,A_NW_0_XX_v3000,1
DE0007231326,723132,Sixt SE,SIX2,SIXG,GC,6183,1,A_SDAX,1
DE0007231334,723133,Sixt SE,SIX3,SIXG_p,GC,6183,1,A_NW_0_XX_v3000,1
DE0007235301,723530,SGL Carbon SE,SGL,SGCG,GE,6183,1,A_NW_0_XX_v3000,1
DE0007236101,723610,Siemens AG,SIE,SIEGn,GV,6183,1,A_DAX_N,1
DE0007257503,725750,CECONOMY AG,CEC,CECG,GJ,6183,1,A_NW_0_XX_v3000,1
DE0007269003,726900,ADM Hamburg AG,OEL,OELG,GJ,6183,1,A_NW_F0_XX_v3000,0
DE0007274136,727413,Sto SE & Co. KGaA Vz.,STO3,STOG_p,GC,6183,1,A_SDAX,1
DE0007276503,727650,Secunet Security Networks AG,YSN,YSNG,GC,6183,1,A_SDAX,1
DE0007297004,729700,Südzucker AG,SZU,SZUG,GC,6183,1,A_SDAX,1
DE0007314007,731400,Heidelberger Druckmaschinen AG,HDD,HDDG,GC,6183,1,A_SDAX,1
DE0007346603,734660,Südwestdeutsche Salzwerke AG,SSH,SSHG,GG,6183,1,A_NW_0_XX_v3000,0
DE0007446007,744600,Takkt AG,TTK,TTKG,GE,6183,1,A_NW_0_XX_v3000,1
DE0007448508,744850,IVU Traffic Technologies AG,IVU,IVUG,GF,6183,1,A_NW_0_XX_v3000,1
DE0007454209,745420,TC Unterhaltungselektronik AG,TCU,TCUG,GG,6183,1,A_NW_0_XX_v3000,0
DE0007461006,746100,PVA TePla AG,TPE,TPEG,GC,6183,1,A_SDAX,1
DE0007474041,747404,PAUL HARTMANN AG,PHH2,PHHGn,GF,6183,1,A_NW_F0_XX_v3000,1
DE0007480204,748020,Deutsche Euroshop AG,DEQ,DEQGn,GC,6183,1,A_SDAX,1
DE0007493991,749399,Ströer SE & Co. KGaA,SAX,SAXG,GK,6183,1,A_MDAX_Profil1,1
DE0007500001,750000,thyssenkrupp AG,TKA,TKAG,GK,6183,1,A_MDAX_Profil1,1
DE0007501009,750100,TTL Beteiligungs- und Grundbesitz-AG,TTO,TTOG,GJ,6183,1,A_NW_0_XX_v3000,1
DE0007504508,750450,Turbon AG,TUR,TURG,GG,6183,1,A_NW_0_XX_v3000,0
DE0007507501,750750,WashTec AG,WSU,WSU,GF,6183,1,A_NW_0_XX_v3000,1
DE0007551509,755150,Uzin Utz SE,UZU,UZU,GF,6183,1,A_NW_0_XX_v3000,1
DE0007568578,756857,SFC Energy AG,F3C,F3CG,GC,6183,1,A_SDAX,1
DE0007600108,760010,Valora Effektenhandel AG,VEH,VEHG,GG,6183,1,A_NW_0_XX_v3000,0
DE0007600405,760040,Value-Holdings AG,VHO,VHOG,GG,6183,1,A_manuell,0
DE0007617003,761700,Vereinigte Filzfabriken AG,VFF,VFFG,GG,6183,1,A_manuell,0
DE0007657231,765723,Villeroy & Boch AG,VIB3,VIBG_p,GJ,6183,1,A_NW_0_XX_v3000,1
DE0007664005,766400,Volkswagen AG,VOW,VOWG,GW,6183,1,A_SDAX,1
DE0007664039,766403,Volkswagen AG Vz.,VOW3,VOWG_p,GW,6183,1,A_DAX_N,1
DE0007667107,766710,Vossloh AG,VOS,VOSG,GC,6183,1,A_SDAX,1
DE0007760001,776000,Gelsenwasser AG,WWG,WWGG,GG,6183,1,A_NW_0_XX_v3000,0
DE0007830572,783057,Daldrup & Söhne AG,4DS,4DSG,GF,6183,1,A_NW_0_XX_v3000,1
DE0007846867,784686,Viscom SE,V6C,V6CG,GF,6183,1,A_NW_0_XX_v3000,1
DE0007856023,785602,ElringKlinger AG,ZIL2,ZILGn,GE,6183,1,A_NW_0_XX_v3000,1
DE0007857476,785747,Klassik Radio AG,KA8,KA8Gn,GF,6183,1,A_NW_0_XX_v3000,0
DE0008009564,800956,Regenbogen AG,RGB,RGBG,GG,6183,1,A_NW_0_XX_v3000,0
DE0008019001,801900,Deutsche Pfandbriefbank AG,PBB,PBBG,GC,6183,1,A_SDAX,1
DE0008051004,805100,Wüstenrot & Württembergische AG,WUW,WUWGn,GC,6183,1,A_SDAX,1
DE0008055021,805502,Deutsche Real Estate AG,DRE2,DREGa,GG,6183,1,A_NW_0_XX_v3000,0
DE0008148206,814820,Merkur Privatbank KGaA,MBK,MBKG,GJ,6183,1,A_NW_0_XX_v3000,1
DE0008232125,823212,Deutsche Lufthansa AG,LHA,LHAG,GK,6183,1,A_MDAX_Profil1,1
DE0008303504,830350,TAG Immobilien AG,TEG,TEGG,GK,6183,1,A_MDAX_Profil1,1
DE0008402215,840221,Hannover Rück SE,HNR1,HNRGn,GV,6183,1,A_DAX_N,1
DE0008404005,840400,Allianz SE,ALV,ALVG,GV,6183,1,A_DAX_N,1
DE0008430026,843002,Münchener Rückversicherungs-Gesellschaft AG in München,MUV2,MUVGn,GV,6183,1,A_DAX_N,1
DE0008435967,843596,Nürnberger Beteiligungs-AG,NBG6,NLVGn,GJ,6183,1,A_NW_0_XX_v3000,1
DE000A0AFGF3,A0AFGF,Pearl Gold AG,02P,PGAG,GG,6183,1,A_NW_0_XX_v3000,0
DE000A0B9N37,A0B9N3,JDC Group AG,JDC,JDC,GJ,6183,1,A_NW_0_XX_v3000,1
DE000A0BL849,A0BL84,FamiCord AG,V3V,V3VGn,GJ,6183,1,A_NW_0_XX_v3000,1
DE000A0D6554,A0D655,Nordex SE,NDX1,NDXG,GD,6183,1,A_MDAX_Profil1,1
DE000A0D9PT0,A0D9PT,MTU Aero Engines AG,MTX,MTXGn,GX,6183,1,A_DAX_N,1
DE000A0DJ6J9,A0DJ6J,SMA Solar Technology AG,S92,S92G,GD,6183,1,A_TecDAX,1
DE000A0DNAY5,A0DNAY,bet-at-home.com AG,ACX,ARTG,GE,6183,1,A_NW_0_XX_v3000,1
DE000A0DPRE6,A0DPRE,Sixt Leasing SE,LNSX,LNSX,GE,6183,1,A_NW_0_XX_v3000,1
DE000A0ETBQ4,A0ETBQ,MBB SE,MBB,MBBG,GC,6183,1,A_SDAX,1
DE000A0H52F5,A0H52F,MVV Energie AG,MVV1,MVVGn,GF,6183,1,A_NW_0_XX_v3000,1
DE000A0HGQF5,A0HGQF,MagForce AG,MF6,MF6G,GG,6183,1,A_manuell,0
DE000A0HGQS8,A0HGQS,PLANOPTIK AG,P4O,P4OG,GJ,6183,1,A_NW_0_XX_v3000,1
DE000A0HL8N9,A0HL8N,2G energy AG,2GB,2GBG,GF,6183,1,A_NW_0_XX_v3000,1
DE000A0HN5C6,A0HN5C,Deutsche Wohnen SE,DWNI,DWNG,GJ,6183,1,A_NW_F0_XX_v3000,1
DE000A0HNF96,A0HNF9,InCity Immobilien AG,IC8,IC8Gn,GG,6183,1,A_manuell,0
DE000A0JBPG2,A0JBPG,PNE AG,PNE3,PNEGn,GC,6183,1,A_SDAX,1
DE000A0JC8S7,A0JC8S,Datagroup SE,D6H,D6HG,GF,6183,1,A_NW_0_XX_v3000,1
DE000A0JDBC7,A0JDBC,Limes Schlosskliniken AG,LIK,LIK,GJ,6183,1,A_NW_0_XX_v3000,1
DE000A0JJTG7,A0JJTG,Gateway Real Estate AG,GTY,CTYG,GG,6183,1,A_NW_0_XX_v3000,1
DE000A0JL9W6,A0JL9W,Verbio SE,VBK,VBKG,GC,6183,1,A_SDAX,1
DE000A0JM2M1,A0JM2M,Blue Cap AG,B7E,B7EG,GJ,6183,1,A_NW_0_XX_v3000,1
DE000A0JQ5U3,A0JQ5U,Manz AG,M5Z,M5ZG,GJ,6183,1,A_NW_F0_XX_v3000,0
DE000A0KE043,A0KE04,mVISE AG,C1V0,C1V0k,GF,6183,1,A_NW_0_XX_v3000,1
DE000A0KFKH0,A0KFKH,elexxion AG,E8X,E8XG,GF,6183,1,A_NW_0_XX_v3000,0
DE000A0KPPR7,A0KPPR,Nabaltec AG,NTG,NTGG,GJ,6183,1,A_NW_0_XX_v3000,1
DE000A0LBFE4,A0LBFE,MeVis Medical Solutions AG,M3V,M3VGn,GF,6183,1,A_NW_0_XX_v3000,0
DE000A0LBKW6,A0LBKW,aconnic AG,CFC,CFCG,GF,6183,1,A_NW_0_XX_v3000,0
DE000A0LD6E6,A0LD6E,Gerresheimer AG,GXI,GXIG,GC,6183,1,A_SDAX,1
DE000A0LE3J1,A0LE3J,Readcrest Capital AG,EXJ0,EXJ0k,GG,6183,1,A_NW_F0_XX_v3000,0
DE000A0LR4P1,A0LR4P,HWA AG,H9W,H9WG,GF,6183,1,A_NW_0_XX_v3000,0
DE000A0LR936,A0LR93,STEICO SE,ST5,ST5G,GJ,6183,1,A_NW_0_XX_v3000,1
DE000A0LR9G9,A0LR9G,Exasol AG,EXL,EXLn,GF,6183,1,A_NW_0_XX_v3000,1
DE000A0M93V6,A0M93V,Advanced Blockchain AG,ABX,ABXG,GF,6183,1,A_NW_0_XX_v3000,1
DE000A0MSN11,A0MSN1,Nynomic AG,M7U,M7UG,GJ,6183,1,A_NW_0_XX_v3000,1
DE000A0MVLS8,A0MVLS,EnviTec Biogas AG,ETG,ETGG,GJ,6183,1,A_NW_0_XX_v3000,1
DE000A0MW975,A0MW97,Fair Value REIT AG,FVI,FVIG,GJ,6183,1,A_NW_F0_XX_v3000,0
DE000A0MZ4B0,A0MZ4B,Delignit AG,DLX,DLXG,GF,6183,1,A_NW_0_XX_v3000,1
DE000A0N4N52,A0N4N5,NFON AG,NFN,NFN,GJ,6183,1,A_NW_0_XX_v3000,1
DE000A0NK3W4,A0NK3W,Sparta AG,SPT6,SPT6,GJ,6183,1,A_NW_F0_XX_v3000,0
DE000A0S8488,A0S848,Hamburger Hafen und Logistik AG,HHFA,HHFGn,GJ,6183,1,A_NW_0_XX_v3000,1
DE000A0S9QZ8,A0S9QZ,stock3 AG,BOG,BOGn,GG,6183,1,A_NW_0_XX_v3000,0
DE000A0SMU87,A0SMU8,Northern Data AG,NB2,NB2,GJ,6183,1,A_NW_0_XX_v3000,1
DE000A0STSQ8,A0STSQ,M1 Kliniken AG,M12,M12,GJ,6183,1,A_NW_0_XX_v3000,1
DE000A0V9LA7,A0V9LA,Datron AG,DAR,DARG,GJ,6183,1,A_NW_0_XX_v3000,1
DE000A0WMPJ6,A0WMPJ,Aixtron SE,AIXA,AIXGn,GD,6183,1,A_MDAX_Profil1,1
DE000A0XFSF0,A0XFSF,Demire Deutsche Mittelstand Real Estate AG,DMRE,DMRE,GF,6183,1,A_NW_0_XX_v3000,1
DE000A0XYG76,A0XYG7,Deutsche Rohstoff AG,DR0,DR0G,GF,6183,1,A_NW_0_XX_v3000,1
DE000A0XYGA7,A0XYGA,technotrans SE,TTR1,TTRGn,GJ,6183,1,A_NW_0_XX_v3000,1
DE000A0XYHT5,A0XYHT,IBU-tec advanced materials AG,IBU,IBU,GF,6183,1,A_NW_0_XX_v3000,1
DE000A0Z1JH9,A0Z1JH,PSI Software AG,PSAN,PSAGn,GC,6183,1,A_SDAX,1
DE000A0Z23Q5,A0Z23Q,adesso SE,ADN1,ADNGk,GC,6183,1,A_SDAX,1
DE000A0Z2Y48,A0Z2Y4,Verianos SE,VROS,GIVG,GG,6183,1,A_manuell,0
DE000A0Z2ZZ5,A0Z2ZZ,Freenet AG,FNTN,FNTGn,GD,6183,1,A_MDAX_Profil1,1
DE000A11Q059,A11Q05,elumeo SE,ELB,ELBG,GF,6183,1,A_NW_0_XX_v3000,1
DE000A11Q133,A11Q13,H&K AG,7ET,7ET,GJ,6183,1,Null,1
DE000A11QU11,A11QU1,DCI Databease Commerce Industry AG,DCIK,DCIGk,GG,6183,1,A_NW_0_XX_v3000,0
DE000A11QVV0,A11QVV,Heidelberg Pharma AG,HPHA,HPHA,GJ,6183,1,A_NW_0_XX_v3000,1
DE000A11QW68,A11QW6,7C Solarparken AG,HRPK,HRPKk,GJ,6183,1,A_NW_0_XX_v3000,1
DE000A12DM80,A12DM8,Scout24 AG,G24,G24n,GX,6183,1,A_DAX_N,1
DE000A12UK08,A12UK0,Ecommerce Alliance AG,ECF,ECF1,GJ,6183,1,A_NW_0_XX_v3000,0
DE000A12UK57,A12UK5,UCA AG,UCA1,UCA1,GG,6183,1,A_NW_0_XX_v3000,0
DE000A12UP29,A12UP2,LAIQON AG,LQAG,L1OGk,GJ,6183,1,A_NW_0_XX_v3000,1
DE000A12UP37,A12UP3,NorCom Information Technology GmbH & Co. KGaA,NC5A,NC5Ak,GF,6183,1,A_NW_0_XX_v3000,1
DE000A12UPJ7,A12UPJ,PANTAFLIX AG,PAL,PALG,GF,6183,1,A_NW_0_XX_v3000,1
DE000A13SUL5,A13SUL,DEFAMA Deutsche Fachmarkt AG,DEF,DEF,GJ,6183,1,A_NW_0_XX_v3000,1
DE000A13SX22,A13SX2,HELLA GmbH & Co. KGaA,HLE,HLE,GK,6183,1,A_MDAX_Profil1,1
DE000A14KB33,A14KB3,Q-Soft Verwaltungs AG,QS6A,QS6A,GG,6183,1,A_manuell,0
DE000A14KRD3,A14KRD,Deutsche Konsum REIT-AG,DKG,DKG,GJ,6183,1,A_NW_0_XX_v3000,1
DE000A161077,A16107,Ernst Russ AG,ERAG,ERAGn,GF,6183,1,A_NW_0_XX_v3000,1
DE000A161309,A16130,KST Beteiligungs AG,KSW,KSWG,GF,6183,1,A_NW_F0_XX_v3000,0
DE000A161408,A16140,HelloFresh SE,HFG,HFGG,GC,6183,1,A_SDAX,1
DE000A161N14,A161N1,Your Family Entertainment AG,RTV,RTVGn,GG,6183,1,A_NW_0_XX_v3000,0
DE000A161N22,A161N2,RAVENO Capital AG,TUF,TUFG,GE,6183,1,A_NW_0_XX_v3000,0
DE000A161N30,A161N3,GRENKE AG,GLJ,GLJn,GC,6183,1,A_SDAX,1
DE000A161Z44,A161Z4,plenum AG,PLEK,PLEKk,GG,6183,1,A_NW_0_XX_v3000,0
DE000A1681X5,A1681X,Singulus Technologies AG,SNG,SNGGk,GJ,6183,1,A_NW_0_XX_v3000,1
DE000A168205,A16820,Shareholder Value Beteiligungen AG,SVE,SHVA,GF,6183,1,A_NW_0_XX_v3000,1
DE000A1A6V48,A1A6V4,KPS AG,KSC,HACGn,GF,6183,1,A_NW_0_XX_v3000,1
DE000A1A6WB2,A1A6WB,Path2 Hydrogen AG,PTHH,PTHH,GG,6183,1,A_NW_F0_XX_v3000,0
DE000A1A6WE6,A1A6WE,DocCheck AG,AJ91,ANWGn,GJ,6183,1,A_NW_0_XX_v3000,1
DE000A1CRQD6,A1CRQD,BHB Brauholding Bayern-Mitte AG,B9B,B9BG,GG,6183,1,A_NW_0_XX_v3000,0
DE000A1DAHH0,A1DAHH,Brenntag SE,BNR,BNRGn,GW,6183,1,A_DAX_N,1
DE000A1EMG56,A1EMG5,SPORTTOTAL AG,WIG1,WIGGk,GF,6183,1,A_NW_0_XX_v3000,0
DE000A1EMHE0,A1EMHE,Tonkens Agrar AG,GTK,GTK,GF,6183,1,A_NW_0_XX_v3000,0
DE000A1EWVY8,A1EWVY,Formycon AG,FYB,FYB,GE,6183,1,A_NW_0_XX_v3000,1
DE000A1EWWW0,A1EWWW,adidas AG,ADS,ADSGn,GX,6183,1,A_DAX_N,1
DE000A1EWXA4,A1EWXA,clearvise AG,ABO,ABOG,GG,6183,1,A_NW_0_XX_v3000,0
DE000A1H8BV3,A1H8BV,NORMA Group SE,NOEJ,NOEJ,GC,6183,1,A_SDAX,1
DE000A1K0201,A1K020,Gesco SE,GSC1,GSC1n,GE,6183,1,A_NW_0_XX_v3000,1
DE000A1K0235,A1K023,Süss MicroTec SE,SMHN,SMHNn,GD,6183,1,A_TecDAX,1
DE000A1ML7J1,A1ML7J,Vonovia SE,VNA,VNAn,GZ,6183,1,A_DAX_N,1
DE000A1MMCC8,A1MMCC,Medios AG,ILM1,ILM1k,GC,6183,1,A_SDAX,1
DE000A1MME74,A1MME7,Netfonds AG,NF4,NF4,GJ,6183,0,A_NW_0_XX_v3000,1
DE000A1MMEV4,A1MMEV,The Payments Group Holding GmbH & Co. KGaA,PGH,PGHn,GF,6183,1,A_NW_0_XX_v3000,0
DE000A1PHBB5,A1PHBB,R. Stahl AG,RSL2,RSL2,GF,6183,1,A_NW_0_XX_v3000,1
DE000A1PHFF7,A1PHFF,Hugo Boss AG,BOSS,BOSSn,GK,6183,1,A_MDAX_Profil1,1
DE000A1R1C81,A1R1C8,Panamax New Energy AG,ICP,ICPG,GG,6183,1,A_NW_F0_XX_v3000,0
DE000A1RFMY4,A1RFMY,RCM Beteiligungs AG,RCMN,RCMN,GF,6183,1,A_NW_0_XX_v3000,0
DE000A1RFMZ1,A1RFMZ,SM Wirtschaftsberatungs AG,SMWN,SMWN,GF,6183,1,A_NW_0_XX_v3000,0
DE000A1TNMM9,A1TNMM,centrotherm international AG,CTNK,CTNGk,GF,6183,1,A_NW_F0_XX_v3000,0
DE000A1TNNN5,A1TNNN,A.S. Creation Tapeten AG,ACWN,ACWNn,GJ,6183,1,A_NW_0_XX_v3000,1
DE000A1TNU68,A1TNU6,STS Group AG,SF3,SF3,GF,6183,1,A_NW_0_XX_v3000,1
DE000A1TNUT7,A1TNUT,Deutsche Beteiligungs AG,DBAN,DBANn,GC,6183,1,A_SDAX,1
DE000A1TNV91,A1TNV9,Bitcoin Group SE,ADE,ADE,GF,6183,1,A_NW_0_XX_v3000,1
DE000A1TNWJ4,A1TNWJ,MPC Münchmeyer Petersen Capital AG,MPCK,MPCKk,GF,6183,1,A_NW_0_XX_v3000,1
DE000A1X3RR8,A1X3RR,Hasen-Immobilien AG,ABHA,ABHA,GG,6183,1,A_manuell,0
DE000A1X3WW8,A1X3WW,KHD Humboldt Wedag Vermögensverwaltungs-AG,HETA,HETAn,GG,6183,1,A_NW_0_XX_v3000,0
DE000A1X3WX6,A1X3WX,ERWE Immobilien AG,ERWE,ERWE,GJ,6183,1,A_NW_0_XX_v3000,1
DE000A1X3XX4,A1X3XX,BRANICKS Group AG,BRNK,BRNKn,GE,6183,1,A_NW_0_XX_v3000,1
DE000A1X3YY0,A1X3YY,Bastei Lübbe AG,BST,BST1,GF,6183,1,A_NW_0_XX_v3000,1
DE000A1YC913,A1YC91,FCR Immobilien AG,FC9,FC9,GG,6183,1,A_NW_0_XX_v3000,0
DE000A1YC996,A1YC99,The Social Chain AG,PU11,PU11n,GJ,6183,1,A_NW_0_XX_v3000,1
DE000A254203,A25420,Meta Wolf AG,WOLF,WOLFG,GG,6183,1,A_NW_0_XX_v3000,0
DE000A254211,A25421,INTERSHOP Communications AG,ISHA,ISH1k,GF,6183,1,A_NW_0_XX_v3000,1
DE000A254294,A25429,Heidelberger Beteiligungsholding AG,IPOK,IPOKk,GG,6183,1,A_NW_0_XX_v3000,0
DE000A255F11,A255F1,Friedrich Vorwerk Group SE,VH2,VH2,GC,6183,1,A_SDAX,1
DE000A255G02,A255G0,Enapter AG,H2O,H2OG,GG,6183,1,A_NW_0_XX_v3000,1
DE000A289B07,A289B0,Arzneiwerk AG VIDA,TLIK,TLIK,GJ,6183,1,A_NW_0_XX_v3000,0
DE000A289V03,A289V0,MPH HealthCare AG konv.,93M1,93M1k,GF,6183,1,A_NW_0_XX_v3000,1
DE000A2AA204,A2AA20,DF Deutsche Forfait AG,DFTK,DFTKn,GJ,6183,1,A_NW_0_XX_v3000,0
DE000A2AAA75,A2AAA7,Seven Principles AG,T3T1,T3T1k,GF,6183,1,A_NW_0_XX_v3000,0
DE000A2AAE22,A2AAE2,SBF AG,CY1K,CY1k,GG,6183,1,A_NW_0_XX_v3000,1
DE000A2BPK34,A2BPK3,net digital AG,VRL,VRL,GG,6183,1,A_NW_0_XX_v3000,0
DE000A2DA588,A2DA58,MAX Automation SE,MXHN,MXHNn,GJ,6183,1,A_NW_0_XX_v3000,1
DE000A2DAM03,A2DAM0,Aumann AG,AAG,AAGG,GE,6183,1,A_NW_0_XX_v3000,1
DE000A2E4K43,A2E4K4,Delivery Hero SE,DHER,DHER,GK,6183,1,A_MDAX_Profil1,1
DE000A2E4LE9,A2E4LE,Voltabox AG,VOTR,VOTR,GE,6183,1,A_NW_0_XX_v3000,0
DE000A2E4MK4,A2E4MK,Noratis AG,NUVA,NUVG,GJ,6183,1,A_NW_0_XX_v3000,1
DE000A2E4SV8,A2E4SV,Cyan AG,CYR,CYR,GJ,6183,1,A_NW_0_XX_v3000,1
DE000A2E4T77,A2E4T7,H&R GmbH & Co. KGaA,2HRA,2HR,GE,6183,1,A_NW_0_XX_v3000,1
DE000A2G8X31,A2G8X3,Serviceware SE,SJJ,SJJG,GJ,6183,1,A_NW_0_XX_v3000,1
DE000A2G8ZX8,A2G8ZX,Pyrum Innovations AG,PYR,PYRG,GE,6183,1,A_NW_0_XX_v3000,0
DE000A2G9M17,A2G9M1,capsensixx AG,CPX,CPXG,GF,6183,1,A_NW_0_XX_v3000,0
DE000A2GS5D8,A2GS5D,Dermapharm Holding SE,DMP,DMPG,GC,6183,1,A_SDAX,1
DE000A2GS609,A2GS60,Smartbroker Holding AG,SB1,SB1G,GF,6183,1,A_NW_0_XX_v3000,1
DE000A2GS625,A2GS62,CR Capital Real Estate AG,CRZK,CRZKG,GJ,6183,1,A_NW_F0_XX_v3000,1
DE000A2GS633,A2GS63,Allgeier SE,AEIN,AEIGn,GJ,6183,1,A_NW_0_XX_v3000,1
DE000A2GSU42,A2GSU4,Brockhaus Capital Management AG,BKHT,BKHTn,GJ,6183,1,A_NW_0_XX_v3000,1
DE000A2LQ2D0,A2LQ2D,'029 GROUP SE,Z29,Z29,GE,6183,1,A_NW_0_XX_v3000,0
DE000A2LQ884,A2LQ88,AUTO1 Group SE,AG1,AG1G,GK,6183,1,A_MDAX_Profil1,1
DE000A2LQUA5,A2LQUA,creditshelf AG,CSQ,CSQG,GJ,6183,1,A_manuell,0
DE000A2N4H07,A2N4H0,Westwing Group SE,WEW,WEW,GF,6183,1,A_NW_0_XX_v3000,1
DE000A2NB601,A2NB60,Jenoptik AG,JEN,JENGn,GD,6183,1,A_MDAX_Profil1,1
DE000A2NB650,A2NB65,Mutares SE & Co. KGaA,MUX,MUXG,GC,6183,1,A_SDAX,1
DE000A2NBX80,A2NBX8,Instone Real Estate Group SE,INS,INS2,GF,6183,1,A_NW_0_XX_v3000,1
DE000A2P4HL9,A2P4HL,'123fahrschule SE,123F,123F,GE,6183,1,A_NW_0_XX_v3000,0
DE000A2QDNX9,A2QDNX,Compleo Charging Solutions AG,C0M,C0M,GJ,6183,1,A_NW_0_XX_v3000,0
DE000A2TR919,A2TR91,Spielvereinigung Unterhaching Fussball Gmbh & Co KGaA,S6P,S6P,GG,6183,1,A_NW_0_XX_v3000,0
DE000A2TSU21,A2TSU2,Wild Bunch AG,WBAH,WBAHk,GJ,6183,1,A_NW_F0_XX_v3000,0
DE000A2YN355,A2YN35,Circus SE,CA1,CA1,GE,6183,1,A_NW_XETRA,1
DE000A2YN504,A2YN50,Knaus Tabbert AG,KTA,KTAG,GF,6183,1,A_NW_0_XX_v3000,1
DE000A2YN777,A2YN77,pferdewetten.de AG,EMH,EMHn,GJ,6183,1,A_NW_0_XX_v3000,1
DE000A2YN900,A2YN90,TeamViewer SE,TMV,TMV,GD,6183,1,A_MDAX_Profil1,1
DE000A2YNT30,A2YNT3,AlzChem Group AG,ACT,ACT1k,GC,6183,1,A_SDAX,1
DE000A2YPDD0,A2YPDD,VIB Vermögen AG,VIH1,VH1n,GF,6183,1,A_NW_0_XX_v3000,1
DE000A32VN59,A32VN5,Solutiance AG,SLSA,SLSAn,GG,6183,1,A_NW_0_XX_v3000,0
DE000A35JS40,A35JS4,Cliq Digital AG,CLIQ,CLIQn,GJ,6183,1,A_NW_0_XX_v3000,1
DE000A35JS99,A35JS9,Tick Trading Software AG,TBX0,TBX0,GF,6183,1,A_NW_F0_XX_v3000,0
DE000A37FT41,A37FT4,Epigenomics AG (konv. Aktien),ECX,ECXk,GJ,6183,1,A_NW_0_XX_v3000,0
DE000A37FTW0,A37FTW,Alexanderwerk AG,ALXA,ALXA,GF,6183,1,A_NW_F0_XX_v3000,0
DE000A3CM708,A3CM70,SDM SE,75S,75Sn,GJ,6183,1,A_NW_F0_XX_v3000,0
DE000A3CMGN3,A3CMGN,hGears AG,HGEA,HGEA,GJ,6183,1,A_NW_0_XX_v3000,1
DE000A3CN9R8,A3CN9R,tokentus investment AG,14D,14Dn,GE,6183,1,A_NW_0_XX_v3000,0
DE000A3CQ7F4,A3CQ7F,Bike24 Holding AG,BIKE,BIKE,GF,6183,1,A_NW_0_XX_v3000,1
DE000A3CRRN9,A3CRRN,Cherry AG,C3RY,C3RY,GJ,6183,1,A_NW_0_XX_v3000,1
DE000A3CSAE2,A3CSAE,Mister Spex SE,MRX,MRXG,GJ,6183,1,A_NW_0_XX_v3000,1
DE000A3DE9N7,A3DE9N,VELTARION SE,PY0,PY0,GG,6183,1,A_manuell_MU_DU,0
DE000A3DRAE2,A3DRAE,SMT Scharf AG,S188,S188n,GG,6183,1,A_NW_0_XX_v3000,0
DE000A3DSV01,A3DSV0,Cantourage Group SE,HIGH,HIGHG,GE,6183,1,A_NW_0_XX_v3000,0
DE000A3E00M1,A3E00M,IONOS Group SE,IOS,IOSn,GD,6183,1,A_MDAX_Profil1,1
DE000A3E5A59,A3E5A5,SynBiotic SE,SBX,SBXn,GE,6183,1,A_NW_0_XX_v3000,1
DE000A3E5C08,A3E5C0,co.don AG Inh. o.N. konv.,CNW,CNWk,GJ,6183,1,A_NW_0_XX_v3000,0
DE000A3E5C24,A3E5C2,MHP Hotel AG,CDZ0,CDZ0,GE,6183,1,A_NW_0_XX_v3000,0
DE000A3E5CP0,A3E5CP,Simona AG,SIM0,SIM0,GF,6183,1,A_NW_F0_XX_v3000,0
DE000A3E5D56,A3E5D5,Fuchs SE,FPE,FPEn,GK,6183,1,A_MDAX_Profil1,1
DE000A3E5D64,A3E5D6,Fuchs SE,FPE3,FPE3_p,GK,6183,1,A_MDAX_Profil1,1
DE000A3E5E55,A3E5E5,Ringmetall SE,HP3A,HP3An,GJ,6183,1,A_NW_0_XX_v3000,1
DE000A3E5E63,A3E5E6,Homes & Holiday AG,HHHA,HHHAk,GG,6183,1,A_manuell,0
DE000A3E5ED2,A3E5ED,PLANETHIC GROUP AG,VEZ,VEZ,GF,6183,1,A_NW_0_XX_v3000,1
DE000A3E5EG5,A3E5EG,PAION AG,PA8,PA8k,GF,6183,1,A_NW_0_XX_v3000,1
DE000A3ENQ51,A3ENQ5,SCHOTT Pharma AG,1SXP,1SXP,GC,6183,1,A_SDAX,1
DE000A3ESL51,A3ESL5,AVERDION SE,0M0,0M0,GG,6183,0,A_manuell_MU_DU,0
DE000A3EYLC7,A3EYLC,mwb fairtrade Wertpapierhandelsbank AG,MWB0,MWB0n,GF,6183,1,A_NW_0_XX_v3000,1
DE000A3H2101,A3H210,aap Implantate AG KONV.,AAQ1,AAQ1k,GJ,6183,1,A_NW_0_XX_v3000,0
DE000A3H2135,A3H213,MAX21 AG KONV.,MA10,MA10,GJ,6183,1,A_NW_0_XX_v3000,0
DE000A3H2200,A3H220,Nagarro SE,NA9,NA9n,GD,6183,1,A_TecDAX,1
DE000A3H2333,A3H233,Hamborner Reit AG,HABA,HABAn,GC,6183,1,A_SDAX,1
DE000A3H3L44,A3H3L4,4basebio AG Konv.,2INV,2INVn,GF,6183,1,A_NW_0_XX_v3000,1
DE000A3MQR99,A3MQR9,GBS Software AG (konv.),INW,INWk,GF,6183,1,A_NW_0_XX_v3000,0
DE000A4096T1,A4096T,Pro DV AG,PDA0,PDA0k,GJ,6183,1,A_NW_0_XX_v3000,0
DE000A409732,A40973,Tiscon AG,TIS0,TIS0,GG,6183,1,A_NW_F0_XX_v3000,0
DE000A40AEG0,A40AEG,Pentixapharm Holding AG,PTP,PTPn,GF,6183,1,A_NW_0_XX_v3000,1
DE000A40ESG2,A40ESG,Medigene AG,MDG1,MDG1k,GE,6183,1,A_NW_0_XX_v3000,1
DE000A40ESU3,A40ESU,Einhell Germany AG,EIN,EIN_p,GC,6183,1,A_SDAX,1
DE000A40ET13,A40ET1,audius SE,3ITN,3ITn,GE,6183,1,A_NW_0_XX_v3000,1
DE000A40KXC8,A40KXC,Going Public Media AG,G6P0,G6P0k,GF,6183,1,A_NW_0_XX_v3000,0
DE000A40KXL9,A40KXL,The Grounds Real Estate Development AG,AMM,AMMk,GF,6183,1,A_NW_0_XX_v3000,1
DE000A40KYB8,A40KYB,Coreo AG,COR,CORk,GJ,6183,1,A_NW_0_XX_v3000,0
DE000A40QVM8,A40QVM,innoscripta SE,1INN,1INN,GF,6183,1,A_NW_0_XX_v3000,1
DE000A40ZTT8,A40ZTT,TIN INN Holding AG,TIW,TIWn,GE,6183,1,A_NW_F0_XX_v3000,1
DE000A40ZUV2,A40ZUV,Ascory Bank AG,VG80,VG80n,GJ,6183,1,A_NW_0_XX_v3000,0
DE000A40ZVK3,A40ZVK,Accentro Real Estate AG,A4Y0,A4Y0k,GJ,6183,1,A_NW_F0_XX_v3000,0
DE000A40ZVU2,A40ZVU,UMT United Mobility Technology AG,UMD,UMDGk,GJ,6183,1,A_NW_0_XX_v3000,1
DE000A40ZVZ1,A40ZVZ,EV Digital Invest AG,ENG,ENGk,GG,6183,1,A_NW_0_XX_v3000,0
DE000A40ZW05,A40ZW0,Funkwerk AG,FEW0,VTAG,GF,6183,1,A_NW_F0_XX_v3000,1
DE000A40ZW88,A40ZW8,The Platform Group SE & Co. KGaA,TPG0,TPG0n,GJ,6183,1,A_NW_0_XX_v3000,1
DE000A41EC29,A41EC2,Devaris SE,LP5,LP5,GG,6183,1,A_manuell_MU_DU,0
DE000A41YCM0,A41YCM,The Naga Group AG,N4G0,N4G0k,GJ,6183,1,A_NW_0_XX_v3000,1
DE000A41YCR9,A41YCR,Deutsche Effecten- und Wechsel-Beteiligungsgesellschaft AG,EFF0,EFF0k,GJ,6183,1,A_NW_0_XX_v3000,1
DE000A41YCW9,A41YCW,iFunded AG,ILK,Fehlt,GG,6183,1,A_manuell,0
DE000A41YCY5,A41YCY,iFunded AG,ILK2,ILK2,GG,6183,1,A_manuell,0
DE000A41YD32,A41YD3,bioXXmed AG,T5O,T5Ok,GJ,6183,1,A_NW_F0_XX_v3000,0
DE000A41YDG0,A41YDG,q.beyond AG,QBY0,QBY0k,GE,6183,1,A_NW_0_XX_v3000,1
DE000A41YDL0,A41YDL,Pyramid AG,M3B0,Fehlt,GJ,6183,1,-,1
DE000A421RZ9,A421RZ,Gabler Group AG,XK4,XK4,GF,6183,1,A_NW_0_XX_v3000,1
DE000A4BGGM7,A4BGGM,Biofrontera AG,B8FK,B8FKn,GF,6183,1,A_NW_0_XX_v3000,1
DE000AUM0V10,AUM0V1,Aumovio SE,AMV0,AMV0n,GK,6183,1,A_MDAX_Profil1,1
DE000BASF111,BASF11,BASF SE,BAS,BASFn,GW,6183,1,A_DAX_N,1
DE000BAY0017,BAY001,Bayer AG,BAYN,BAYGn,GW,6183,1,A_DAX_N,1
DE000BCK2223,BCK222,Ottobock SE & Co. KGaA,OBCK,OBCK,GD,6183,1,A_TecDAX,1
DE000BEAU1Y4,BEAU1Y,Douglas AG,DOU,DOU0n,GC,6183,1,A_SDAX,1
DE000BGAG981,BGAG98,Bio-Gate AG,BIG1,BIG1k,GG,6183,1,A_NW_0_XX_v3000,0
DE000CBK1001,CBK100,Commerzbank AG,CBK,CBKG,GV,6183,1,A_DAX_N,1
DE000DTR0CK8,DTR0CK,Daimler Truck Holding AG,DTG,DTGGe,GW,6183,1,A_DAX_N,1
DE000DWS1007,DWS100,DWS Group GmbH & Co. KGaA,DWS,DWSG,GK,6183,1,A_MDAX_Profil1,1
DE000ENAG999,ENAG99,E.ON SE,EOAN,EONGn,GZ,6183,1,A_DAX_N,1
DE000ENER6Y0,ENER6Y,Siemens Energy AG,ENR,ENR1n,GX,6183,1,A_DAX_N,1
DE000EVNK013,EVNK01,Evonik Industries AG,EVK,EVKn,GK,6183,1,A_MDAX_Profil1,1
DE000FTG1111,FTG111,flatexDEGIRO SE,FTK,FTKn,GK,6183,1,A_MDAX_Profil1,1
DE000HAG0005,HAG000,HENSOLDT AG,HAG,HAGG,GD,6183,1,A_MDAX_Profil1,1
DE000HLAG475,HLAG47,Hapag-Lloyd AG,HLAG,HLAG,GE,6183,1,A_NW_0_XX_v3000,1
DE000HNC2059,HNC205,CAMERIT AG,RTML,RTML,GG,6183,1,A_NW_0_XX_v3000,0
DE000JST4000,JST400,JOST Werke SE,JST,JST,GC,6183,1,A_SDAX,1
DE000KBX1006,KBX100,Knorr-Bremse AG,KBX,KBX,GK,6183,1,A_MDAX_Profil1,1
DE000KC01000,KC0100,Kloeckner & Co. SE,KCO,KCOGn,GC,6183,1,A_SDAX,1
DE000KGX8881,KGX888,KION GROUP AG,KGX,KGX,GK,6183,1,A_MDAX_Profil1,1
DE000KSAG888,KSAG88,K+S Aktiengesellschaft,SDF,SDFGn,GK,6183,1,A_MDAX_Profil1,1
DE000LEG1110,LEG111,LEG Immobilien SE,LEG,LEGn,GK,6183,1,A_MDAX_Profil1,1
DE000LS1LUS9,LS1LUS,Lang & Schwarz AG,LUS1,LUS1n,GF,6183,1,A_NW_F0_XX_v3000,1
DE000NCA0001,NCA000,thyssenkrupp nucera AG,NCH2,NCH2,GE,6183,1,A_NW_0_XX_v3000,1
DE000PAG9113,PAG911,Dr. Ing. h.c. F. Porsche AG,P911,P911_p,GK,6183,1,A_MDAX_Profil1,1
DE000PAH0038,PAH003,Porsche Automobil Holding SE,PAH3,PSHG_p,GW,6183,1,A_DAX_N,1
DE000PAT1AG3,PAT1AG,PATRIZIA SE,PAT,PATGn,GC,6183,1,A_SDAX,1
DE000PFSE212,PFSE21,PFISTERER Holding SE,PFSE,PFSE,GE,6183,1,A_NW_0_XX_v3000,1
DE000PSM7770,PSM777,ProSiebenSat.1 Media SE,PSM,PSMGn,GC,6183,1,A_SDAX,1
DE000RENK730,RENK73,RENK Group AG,R3NK,R3NK,GK,6183,1,A_MDAX_Profil1,1
DE000SAFH001,SAFH00,SAF Holland SE,SFQ,SFQ,GC,6183,1,A_SDAX,1
DE000SGU8886,SGU888,Sino-German United AG,SGU,SGUG,GG,6183,1,A_NW_0_XX_v3000,0
DE000SHA0100,SHA010,Schaeffler AG,SHA0,SHA0n,GK,6183,1,A_MDAX_Profil1,1
DE000SHL1006,SHL100,Siemens Healthineers AG,SHL,SHLG,GV,6183,1,A_DAX_N,1
DE000SPG1003,SPG100,Springer Nature AG & Co. KGaA,SPG,SPGG,GC,6183,0,A_SDAX,1
DE000STAB1L8,STAB1L,Stabilus SE,STM,STM1,GC,6183,1,A_SDAX,1
DE000STRA555,STRA55,STRATEC SE,SBS,SBSG,GF,6183,1,A_NW_0_XX_v3000,1
DE000SYM9999,SYM999,Symrise AG,SY1,SY1G,GX,6183,1,A_DAX_N,1
DE000TKMS001,TKMS00,TKMS AG & Co. KGaA,TKMS,TKMS,GK,6183,1,A_MDAX_Profil1,1
DE000TLX1005,TLX100,Talanx AG,TLX,TLXGn,GK,6183,1,A_MDAX_Profil1,1
DE000TRAT0N7,TRAT0N,Traton SE,8TRA,8TRA,GK,6183,1,A_MDAX_Profil1,1
DE000TUAG505,TUAG50,TUI AG,TUI1,TUI1n,GK,6183,1,A_MDAX_Profil1,1
DE000UNSE026,UNSE02,Uniper SE (konv. Aktien),UN0,UN0k,GF,6183,1,A_NW_0_XX_v3000,1
DE000WACK012,WACK01,Wacker Neuson SE,WAC,WACGn,GC,6183,1,A_SDAX,1
DE000WAF3001,WAF300,Siltronic AG,WAF,WAFGn,GD,6183,1,A_TecDAX,1
DE000WCH8881,WCH888,Wacker Chemie AG,WCH,WCHG,GK,6183,1,A_MDAX_Profil1,1
DE000WNDL300,WNDL30,NAKIKI SE,WDL1,WDL1k,GF,6183,1,A_NW_F0_XX_v3000,1
DE000ZAL1111,ZAL111,Zalando SE,ZAL,ZALG,GX,6183,1,A_DAX_N,1
DE000ZEAL241,ZEAL24,Zeal Network SE,TIMA,TIMAn,GE,6183,1,A_NW_0_XX_v3000,1
DK0010181676,854095,Carlsberg A/S,CBGA,CARCa,AN,6166,1,Z_EU_Liq3_noDETG,0
DK0010181759,861061,Carlsberg A/S,CBGB,CARCb,AN,6166,1,Z_EU_Liq1_DETG,1
DK0010201102,890262,Kobenhavns Lufthavne AS,KLH,LUFT,AN,6166,1,Z_EU_Liq3_noDETG,0
DK0010218429,871970,Bang & Olufsen AS,BUOB,BO,AN,6166,1,Z_EU_Liq2_TG,0
DK0010234467,860885,FLSmidth & Co. AS,F6O1,FLSb,AN,6166,1,Z_EU_Liq2_TG,1
DK0010244425,861929,A.P. Moller - Maersk A/S,DP4A,DP4A,AN,6166,1,Z_EU_Liq1_DETG,1
DK0010244508,861837,A.P. Moller - Maersk A/S,DP4B,MAERSKb,AN,6166,1,Z_EU_Liq1_DETG,1
DK0010247956,881008,Brondbyernes IF Fodbold AS,BYXB,BROCb,AN,6166,1,Z_EU_Liq3_noDETG,0
DK0010267129,939166,RTX A/S,RTE,RTX,AN,6166,1,Z_EU_Liq3_noDETG,0
DK0010270347,903257,North Media A/S,3S8,3S8,AN,6166,1,Z_EU_Liq3_noDETG,0
DK0010272202,565131,Genmab AS,GE9,GEN,AN,6166,1,Z_EU_Liq1_DETG,1
DK0010272632,854734,GN Store Nord AS,GNN,GN,AN,6166,1,Z_EU_Liq1_DETG,1
DK0010274414,850857,Danske Bank A/S,DSN,DANSKE,AN,6166,1,Z_EU_Liq1_DETG,1
DK0010274844,A0BLGA,Solar A/S,ZVR,SOLARb,AN,6166,1,Z_EU_Liq2_TG,1
DK0010287663,861226,NKT Holding AS,NKT,NKT,AN,6166,1,Z_EU_Liq1_DETG,1
DK0010307958,A0DKMP,Jyske Bank A/S,JYS1,JYSK,AN,6166,1,Z_EU_Liq1_DETG,1
DK0010311471,A0D9FT,AL Sydbank AS,TM2,SYDB,AN,6166,1,Z_EU_Liq2_TG,1
DK0015998017,917165,Bavarian Nordic AS,BV3,BAVA,AN,6166,1,Z_EU_Liq1_DETG,1
DK0060030286,A0JDT8,cBrain A/S,C6F,CBRAIN,AN,6166,1,Z_EU_Liq2_TG,1
DK0060055861,A0MS80,Chemometec AS,CHY,CHYG,AN,6166,1,Z_EU_Liq2_TG,1
DK0060079531,A0MRDY,DSV Panalpina A/S,DS81,DS81,AN,6166,1,Z_EU_Liq1_DETG,1
DK0060083210,A0MQ8K,Dampskibsselskabet Norden A/S,D69,IMZD,AN,6166,1,Z_EU_Liq2_TG,1
DK0060094928,A0NBLH,Orsted A/S,D2G,D2G,AN,6166,1,Z_EU_Liq1_DETG,1
DK0060124691,A0NB6E,Gabriel Holding A/S,1GH,1GH,AN,6166,1,Z_EU_Liq3_noDETG,0
DK0060252690,A1C6JV,Pandora A/S,3P7,3P7,AN,6166,1,Z_EU_Liq1_DETG,1
DK0060257814,A0YJW7,Zealand Pharma A/S,22Z,ZELA,AN,6166,1,Z_EU_Liq1_DETG,1
DK0060336014,A1JP9Y,Novonesis A/S,NZM2,NZM2b,AN,6166,1,Z_EU_Liq1_DETG,1
DK0060448595,A1KAGC,Coloplast AS,CBHD,CBHD,AN,6166,1,Z_EU_Liq1_DETG,1
DK0060477263,A1T85G,Asetek A/S,A31,A31,AN,6166,1,Z_EU_Liq3_noDETG,0
DK0060497295,A1W023,Matas A/S,1MTA,1MTA,AN,6166,1,Z_EU_Liq3_noDETG,0
DK0060520450,A1W980,Napatech A/S,NAT,NATG,AN,6166,1,Z_EU_Liq3_noDETG,0
DK0060542181,A1XE8F,ISS AS,QJQ,QJQ,AN,6166,1,Z_EU_Liq1_DETG,1
DK0060580512,A14MS1,NNIT A/S,5NN,5NN,AN,6166,1,Z_EU_Liq3_noDETG,0
DK0060634707,A14R8E,Royal Unibrew A/S,0R1,0R1,AN,6166,1,Z_EU_Liq2_TG,1
DK0060636678,A14S5W,Tryg AS,T2V1,T2V1n,AN,6166,1,Z_EU_Liq1_DETG,1
DK0060655629,A140P3,DFDS A/S,29K,29K,AN,6166,1,Z_EU_Liq3_noDETG,0
DK0060696300,A2AD2Q,Scandinavian Tobacco Group A/S,8ZI,8ZI,AN,6166,1,Z_EU_Liq2_TG,1
DK0060700516,A2AD7T,Per Aarsleff Holding A/S,PE9,PE9,AN,6166,1,Z_EU_Liq2_TG,0
DK0060738599,A2AKB9,Demant AS,WDH1,WDH1,AN,6166,1,Z_EU_Liq1_DETG,1
DK0060816148,A2DT94,Conferize A/S,5IJ,5IJ,AN,6166,1,Z_EU_Liq3_noDETG,0
DK0060854669,A2DSNH,Ringkjøbing Landbobank AS,CJ2,CJ2,AN,6166,1,Z_EU_Liq3_noDETG,0
DK0060907293,A2GSX8,Nilfis Holding A/S,NF1,NF1,AN,6166,1,Z_EU_Liq3_noDETG,0
DK0060945467,A2H8WL,5th Planet Games Inc.,2HG1,2HG1,AN,6166,1,Z_EU_Liq3_noDETG,0
DK0060946788,A2JAHY,Ambu A/S,547A,547A,AN,6166,1,Z_EU_Liq2_TG,1
DK0060952919,A2JM5M,Netcompany Group A/S,60N,60NG,AN,6166,1,Z_EU_Liq2_TG,1
DK0061141215,A2PLD8,Neurosearch AS,NRSA,NRSA,AN,6166,1,Z_EU_Liq3_noDETG,0
DK0061152170,A2PV11,Rovsing A/S,RVY,RVY,AN,6166,1,Z_EU_Liq3_noDETG,0
DK0061277894,A2P2PY,EAC Invest A/S,OA41,OA41,AN,6166,1,Z_EU_Liq3_noDETG,0
DK0061412772,A2QG5D,Cadeler AS,CA2,CA2,AN,6166,1,Z_EU_Liq2_TG,0
DK0061534377,A3CMHK,Risma Systems A/S,8WX,8WX,AN,6166,0,Z_noMM,0
DK0061539921,A3CMNS,Vestas Wind Systems AS,VWSB,VWSB,AN,6166,1,Z_EU_Liq1_DETG,1
DK0061540770,A3CRXZ,DonkeyRepublic Holding A/S,6UJ,6UJ,AN,6166,1,Z_EU_Liq3_noDETG,0
DK0061686714,A3DHB1,Brødrene A&O Johansen AS,XH0,XH0,AN,6166,1,Z_EU_Liq3_noDETG,0
DK0061802139,A3DHX9,ALK-Abelló AS,4AJ0,4AJ0,AN,6166,1,Z_EU_Liq2_TG,1
DK0061804697,A3DMBU,H. Lundbeck A/S Navne-Aktier A,LDBB,LDBB,AN,6166,1,Z_EU_Liq2_TG,1
DK0061804770,A3DMBV,H. Lundbeck A/S Navne-Aktier B,LDBA,LDBA,AN,6166,1,Z_EU_Liq2_TG,1
DK0062266474,A3D9NV,Gubra ApS,PI3,PI3,AN,6166,1,Z_EU_Liq2_TG,1
DK0062498333,A3EU6F,Novo-Nordisk AS,NOV,NOVG,AN,6166,1,Z_EU_Liq1_DETG,1
DK0062502894,A3EYNB,Orphazyme A/S,1TB0,1TB0,AN,6166,1,Z_EU_Liq3_noDETG,0
DK0063855168,A41BEB,Rockwool A/S,R902,R902,AN,6166,1,Z_EU_Liq1_DETG,1
EE0000001105,590308,Tallinna Kaubamaja Grupp AS,UE8,TKM1T,AN,6166,1,Z_EU_Liq3_noDETG,0
EE3100001751,A0DKXK,Silvano Fashion Group AS,FQE,FQE,AN,6166,0,Z_EU_Liq3_noDETG,0
EE3100003443,132962,AS Trigon Property Development,UG4,TPD1T,AN,6166,1,Z_EU_Liq3_noDETG,0
EE3100004250,913978,AS Harju Elekter,HD8,HAE1T,AN,6166,1,Z_EU_Liq3_noDETG,0
EE3100004466,A0HNKY,AS Tallink Grupp,T5N,TAL1T,AN,6166,1,Z_EU_Liq3_noDETG,0
EE3100006040,579797,Pro Kapital Grupp AS,17E,17E,AN,6166,1,Z_EU_Liq3_noDETG,0
EE3100016965,A0MNR0,AS Ekspress Grupp,DYC,EEG1,AN,6166,1,Z_EU_Liq3_noDETG,0
EE3100021635,A2JNCS,Tallinna Sadam AS,K9B,K9B,AN,6166,1,Z_EU_Liq3_noDETG,0
EE3100026436,A0EQ97,AS Tallinna Vesi,A1T,TVEAT,AN,6166,1,Z_EU_Liq3_noDETG,0
EE3100034653,A0MUFV,Arco Vara Kinnisvarabüroo AS,AV1,AV1,AN,6166,1,Z_EU_Liq3_noDETG,0
EE3100096140,A3DK0C,Robus Group AS,LH2,LH2,AN,6166,1,Z_EU_Liq3_noDETG,0
EE3100098328,A0Q639,Merko Ehitus AS,MKS,MRK1,AN,6166,1,Z_EU_Liq3_noDETG,0
EE3100102203,A3DQGJ,AS LHV Group,ASU0,ASU0,AN,6166,1,Z_EU_Liq3_noDETG,0
EE3100149394,A3E3N3,Infortar AS,X8K,X8K,AN,6166,1,Z_EU_Liq3_noDETG,0
ES0105025003,A116WC,Merlin Properties Socimi S.A.,MEQA,MEQA,AW,6166,1,Z_EU_Liq2_TG,1
ES0105027009,A117Q0,Compania De Distribucion Integral Logista Holdings S.A.U.,5CI,5CI,AW,6166,1,Z_EU_Liq2_TG,1
ES0105029005,A14MDC,Facephi Biometria S.A.,8FB,8FB,AW,6166,1,Z_EU_Liq3_noDETG,1
ES0105043006,A14SCM,Naturhouse Health S.A.,2NH,2NH,AW,6166,1,Z_EU_Liq2_TG,0
ES0105046017,A41B4U,Aena SME S.A.,A441,A441,AW,6166,1,Z_EU_Liq1_DETG,1
ES0105065009,A14SE5,Talgo S.A.,XTG,XTG,AW,6166,1,Z_EU_Liq2_TG,1
ES0105066007,A14RZD,Cellnex Telecom S.A.,472,472,AW,6166,1,Z_EU_Liq1_DETG,1
ES0105079000,A14WGE,Grenergy Renovables S.A.,5GR,5GR,AW,6166,1,Z_EU_Liq2_TG,1
ES0105089009,A2JRNJ,Lleidanetworks Serveis Telematics S.A.,9TV,9TV,AW,6166,1,Z_EU_Liq3_noDETG,0
ES0105122024,A2JSF7,Metrovacesa S.A.,MS6N,MS6N,AW,6166,1,Z_EU_Liq2_TG,1
ES0105130001,A2AHZ3,Global Dominion Access S.A.,G08,G08,AW,6166,1,Z_EU_Liq2_TG,1
ES0105148003,A2JJ74,Atrys Health S.A.,A2T,A2T,AW,6166,1,Z_EU_Liq3_noDETG,0
ES0105223004,A2DNEE,Gestamp Automocion S.A.,7GA,7GA,AW,6166,1,Z_EU_Liq2_TG,1
ES0105229001,A2DLP6,Prosegur Cash S.A.,PQN,PQN,AW,6166,1,Z_EU_Liq2_TG,1
ES0105251005,A2DNJB,Neinor Homes S.A.,1NN,1NN,AW,6166,1,Z_EU_Liq2_TG,1
ES0105287009,A2DXN6,Aedas Homes S.A.,1QK,1QK,AW,6166,1,Z_EU_Liq2_TG,1
ES0105376059,A41ZDQ,Arima Real Estate Socimi S.A.,3AZ0,3AZ0,AL,6166,1,Z_USA_Liq3_noDETG,0
ES0105405007,A3CR58,Adriano Care Socimi SA,05S,05S,AW,6166,1,Z_EU_Liq3_noDETG,0
ES0105456026,A2PWA0,HOLALUZ-CLIDOM S.A.,4H2,4H2,AW,6166,1,Z_EU_Liq3_noDETG,0
ES0105463006,A2PZ23,Making Science Group S.A.,MS7,MS7,AW,6166,1,Z_EU_Liq3_noDETG,1
ES0105509006,A2QGAP,Soluciones Cuatroochenta S.A.,5XW,5XW,AW,6166,1,Z_EU_Liq3_noDETG,0
ES0105513008,A2QFYY,Soltec Power Holdings S.A.,5PZ,5PZ,AW,6166,1,Z_EU_Liq3_noDETG,0
ES0105517025,A3DXTC,Energia Innovacion Y Desarrollo Fotovoltaico S.A.,F63,F63,AW,6166,1,Z_EU_Liq3_noDETG,0
ES0105546008,A3CNQZ,Linea Directa Aseguradora SA,8I2,8I2,AW,6166,1,Z_EU_Liq2_TG,0
ES0105548004,A3CM95,Grupo ECOENER S.A.,89W,89W,AW,6166,1,Z_EU_Liq3_noDETG,0
ES0105561007,A3CSLP,Parlem Telecom Companyia de Telecomunicacions SA,4HW,4HW,AW,6166,1,Z_EU_Liq3_noDETG,0
ES0105563003,A3CS39,Corporacion Acciona Energias Renovables S.A.,5BP,5BP,AW,6166,1,Z_EU_Liq2_TG,1
ES0105589008,A3CT9Q,Endurance Motive SA,7VB,7VB,AW,6166,1,Z_EU_Liq3_noDETG,0
ES0105591004,A3CUW4,Llorente & Cuenca S.A.,91P,91P,AW,6166,1,Z_EU_Liq3_noDETG,0
ES0105611000,A3DE96,Singular People S.A.,H0U,H0U,AW,6166,1,Z_EU_Liq3_noDETG,0
ES0105630315,A0J2ML,Cie Automotive S.A.,CAD,CIEA,AW,6166,1,Z_EU_Liq2_TG,1
ES0105634002,A3DGQ9,Enerside Energy S.A.,9O8,9O8,AW,6166,1,Z_EU_Liq3_noDETG,0
ES0105638003,A3DQE7,Labiana Health S.A.,8RK,8RK,AW,6166,1,Z_EU_Liq3_noDETG,0
ES0105650073,A3EVHE,Substrate Artificial Inteligence S.A.,U8S1,U8S1,AW,6166,1,Z_EU_Liq3_noDETG,0
ES0105687000,A3D396,Energy Solar Tech S.A.,DH4,DH4,AW,6166,1,Z_EU_Liq3_noDETG,0
ES0105709002,A3EE0D,Grupo Greening 2022 S.A.,70I,70I,AW,6166,1,Z_EU_Liq3_noDETG,0
ES0105717005,A3EX33,Revenga Ingenieros S.A.,O8T,O8T,AW,6166,0,Z_EU_Liq3_noDETG,0
ES0105777017,A40AE4,Puig Brands S.A.,B1B,B1B,AW,6166,1,Z_EU_Liq2_TG,1
ES0105836003,A40UWN,Inmocemento SA,X8G,X8G,AW,6166,1,Z_EU_Liq2_TG,0
ES0105848008,A40UUC,Cox ABG Group SA,752,752,AW,6166,1,Z_EU_Liq3_noDETG,0
ES0109067019,A1CXN0,Amadeus IT Group S.A.,AI3A,AMA,AW,6166,1,Z_EU_Liq1_DETG,1
ES0109260531,870369,Amper S.A.,APR,APE,AW,6166,1,Z_EU_Liq2_TG,1
ES0109427734,A0EAK5,Atresmedia Corporacion de Medios de Comunicacion S.A.,YT2A,YT2A,AW,6166,1,Z_EU_Liq2_TG,1
ES0109429037,A0LG7Y,ISPD Network S.A.,8XH,8XH,AW,6166,1,Z_EU_Liq3_noDETG,1
ES0110047919,A0ET9G,Deoleo S.A.,SC5A,SOS,AW,6166,1,Z_EU_Liq3_noDETG,0
ES0112320009,A1JA99,Catenon S.A.,8Y9,8Y9,AW,6166,1,Z_EU_Liq3_noDETG,0
ES0112458312,875396,Azkoyen S.A.,AKK,AZK,AW,6166,1,Z_EU_Liq3_noDETG,0
ES0112501012,914506,Ebro Foods S.A.,AZU,EVA,AW,6166,1,Z_EU_Liq2_TG,1
ES0113211835,875773,Banco Bilbao Vizcaya Argentaria S.A. (BBVA),BOY,BBVA,AW,6166,1,Z_Eurostoxx,1
ES0113679I37,A0MW33,Bankinter S.A.,BAKA,BKT,AW,6166,1,Z_EU_Liq2_TG,1
ES0113860A34,A0MRD4,Banco de Sabadell S.A.,BDSB,SABE,AW,6166,1,Z_EU_Liq1_DETG,1
ES0113900J37,858872,Banco Santander S.A.,BSD2,SAN,AW,6166,1,Z_Eurostoxx,1
ES0114820113,A0H1NM,VOCENTO S.A.,VON,VOC,AW,6166,1,Z_EU_Liq3_noDETG,0
ES0116870314,853598,Naturgy Energy Group S.A.,GAN,GAS,AW,6166,1,Z_EU_Liq2_TG,1
ES0118594417,873570,Indra Sistemas S.A.,IDA,IDR,AW,6166,1,Z_EU_Liq1_DETG,1
ES0119037010,A0MNAP,Clinica Baviera S.A.,D9Z,CBAV,AW,6166,1,Z_EU_Liq2_TG,0
ES0121975009,A2DFYS,Construcciones y Auxiliar de Ferrocarriles S.A.,AXF1,AXF1,AW,6166,1,Z_EU_Liq2_TG,1
ES0122060314,883790,Fomento de Construcciones y Contratas S.A.,FCC,FCC,AW,6166,1,Z_EU_Liq2_TG,1
ES0124244E34,A0LCRN,Mapfre S.A.,CMAB,MAP,AW,6166,1,Z_EU_Liq2_TG,1
ES0125140A14,A0YBXV,Ercros S.A.,CRS1,ECR,AW,6166,1,Z_EU_Liq2_TG,1
ES0125220311,865629,Acciona S.A.,AJ3,ANA,AW,6166,1,Z_EU_Liq2_TG,1
ES0126501131,911377,Alantra Partners S.A.,DNY,DING,AW,6166,1,Z_EU_Liq3_noDETG,0
ES0126775008,A411HZ,Distribuidora Internacional de Alimentacion S.A.,DI60,DI60G,AW,6166,1,Z_EU_Liq2_TG,1
ES0127797019,A0Q249,EDP Renovaveis S.A.,EDW,EDPR,AW,6166,1,Z_EU_Liq2_TG,1
ES0129743318,A0Q6GA,Elecnor S.A.,EK5,EK5,AW,6166,1,Z_EU_Liq2_TG,0
ES0130625512,A0MQWE,Ence Energia y Celulosa S.A.,ENCA,ENC,AW,6166,1,Z_EU_Liq2_TG,1
ES0130670112,871028,Endesa S.A.,ENA,ELE,AW,6166,1,Z_EU_Liq1_DETG,1
ES0130960018,662211,Enagas S.A.,EG4,ENAG,AW,6166,1,Z_EU_Liq2_TG,1
ES0132105018,A0B7GP,Acerinox S.A.,ACE1,ACX,AW,6166,1,Z_EU_Liq2_TG,1
ES0132945017,861378,Tubacex S.A.,TCX,TUBA,AW,6166,1,Z_EU_Liq2_TG,1
ES0134950F36,A0MKAC,Faes Farma S.A.,FFEA,FAE,AW,6166,1,Z_EU_Liq2_TG,1
ES0136463017,A0HNCA,Audax Renovables S.A.,54F,FRS,AW,6166,1,Z_EU_Liq2_TG,1
ES0137650018,A0MZNB,Fluidra S.A.,4F1,FLUI,AW,6166,1,Z_EU_Liq2_TG,1
ES0139140174,A2ANXU,Colonial SFL Socimi SA,HSC2,HSC2,AW,6166,1,Z_EU_Liq2_TG,1
ES0140609019,A0MZR4,Caixabank S.A.,48CA,CRIT,AW,6166,1,Z_EU_Liq1_DETG,1
ES0141571192,A2DUYH,General de Alquiler de Maquinaria S.A.,4LX,4LX,AW,6166,1,Z_EU_Liq3_noDETG,0
ES0142090317,882667,Obrascon Huarte Lain S.A.,HUA,OHL,AW,6166,1,Z_EU_Liq2_TG,1
ES0143421073,A2DJNS,Service Point Solutions S.A.,GPPB,GPPB,AW,6166,0,Z_noMM,0
ES0144580Y14,A0M46B,Iberdrola S.A.,IBE1,IBE,AW,6166,1,Z_Eurostoxx,1
ES0147561015,910980,Iberpapel Gestion S.A.,IBG,IBG,AW,6166,1,Z_EU_Liq3_noDETG,0
ES0148396007,A11873,Industria de Diseno Textil S.A.,IXD1,IXD1,AW,6166,1,Z_Eurostoxx,1
ES0150480194,A3DWG7,Nyesa Valores Corporacion S.A.,7NY0,7NY0,AW,6166,1,Z_EU_Liq3_noDETG,0
ES0152768612,A0LBGE,INYPSA Inform.y Proyectos S.A.,IRG,IRGG,AW,6166,1,Z_EU_Liq3_noDETG,0
ES0157097017,A0MU8Y,Almirall S.A.,E2Z,ALM,AW,6166,1,Z_EU_Liq2_TG,1
ES0157261019,A0M0GQ,Laboratorios Farmaceuticos Rovi SA,41L,ROVI,AW,6166,1,Z_EU_Liq2_TG,1
ES0162600003,A2PNL7,Duro Felguera S.A.,DF5B,DF5B,AW,6166,1,Z_EU_Liq3_noDETG,0
ES0164180012,903133,Miquel y Costas y Miquel S.A.,MQ4,MQ4,AW,6166,1,Z_EU_Liq3_noDETG,0
ES0165359029,A140EW,Laboratorio Reig Jofre S.A.,FEQ1,FEQ1,AW,6166,1,Z_EU_Liq3_noDETG,0
ES0165386014,A0MU98,Solaria Energia Y Medio Ambiente S.A.,AOR,SLRS,AW,6166,1,Z_EU_Liq2_TG,1
ES0167050915,A0CBA2,"ACS, Actividades de Construccion y Servicios S.A.",OCI1,ACS,AW,6166,1,Z_EU_Liq2_TG,1
ES0167733015,A2ACV2,Oryzon Genomics S.A.,ORN,ORN,AW,6166,1,Z_EU_Liq2_TG,1
ES0169350016,876639,Pescanova S.A.,PNV,PVA,AW,6166,0,Z_EU_Liq3_noDETG,0
ES0169501022,A2P9YT,Pharma Mar S.A.,PMRA,PMRA,AW,6166,1,Z_EU_Liq2_TG,1
ES0170884417,A0JEEH,Prim S.A.,5P1,PRIM,AW,6166,1,Z_EU_Liq3_noDETG,0
ES0171743901,A14TF0,Promotora de Informaciones S.A.,PZ41,PZ41,AW,6166,1,Z_EU_Liq3_noDETG,0
ES0171996087,A2ABUQ,Grifols S.A.,OZTA,OZTA,AW,6166,1,Z_EU_Liq2_TG,1
ES0171996095,A2ABZN,Grifols S.A.,G0F0,G0F0_p,AW,6166,1,Z_EU_Liq2_TG,0
ES0172708234,A1W97D,Grupo Ezentis S.A.,RDT1,RDT1,AW,6166,1,Z_EU_Liq3_noDETG,0
ES0173093024,A2ANA3,Red Electrica Corporacion S.A.,RE21,RE21,AW,6166,1,Z_EU_Liq1_DETG,1
ES0173358039,A0Q5CB,Renta 4 Banco S.A.,4RE,RTA4,AW,6166,0,Z_EU_Liq3_noDETG,0
ES0173516115,876845,Repsol S.A.,REP,REP,AW,6166,1,Z_EU_Liq1_DETG,1
ES0173908015,A0MUDW,Realia Business S.A.,RBS,RLIA,AW,6166,1,Z_EU_Liq3_noDETG,0
ES0175438003,A1J0XW,Prosegur - Compania de Seguridad S.A.,PRHA,PRHA,AW,6166,1,Z_EU_Liq2_TG,1
ES0175589029,A3D3A0,Seresco S.A.,XV7,XV7,AW,6166,1,Z_EU_Liq3_noDETG,0
ES0176252718,901347,Melia Hotels International S.A.,MEL,MEL,AW,6166,1,Z_EU_Liq2_TG,1
ES0177542018,A1H6AJ,International Consolidated Airlines Group S.A.,INR,ICAG,AW,6166,1,Z_EU_Liq1_DETG,1
ES0178165017,A0J3MX,Tecnicas Reunidas S.A.,T5R,TRE,AW,6166,1,Z_EU_Liq2_TG,1
ES0178430E18,850775,Telefonica S.A.,TNE5,TEF,AW,6166,1,Z_EU_Liq1_DETG,1
ES0180850416,A0M2MR,Tubos Reunidos S.A.,TU1,TU1,AW,6166,1,Z_EU_Liq3_noDETG,0
ES0180907000,A1W97N,"Unicaja Banco, S.A.",7UB,7UB,AW,6166,1,Z_EU_Liq2_TG,1
ES0182280018,866504,Urbas Grupo Financiero S.A.,UZY,UBS,AW,6166,0,Z_EU_Liq3_noDETG,0
ES0182870214,853624,Sacyr S.A.,VHM,SVO,AW,6166,1,Z_EU_Liq2_TG,1
ES0183304080,A2QJQ9,Vertice Trescientos Sesenta Grados SA,0MD,0MD,AW,6166,1,Z_EU_Liq3_noDETG,0
ES0183746314,873772,Vidrala S.A.,VIR,VID,AW,6166,1,Z_EU_Liq2_TG,1
ES0184262212,872335,Viscofan S.A.,VIS,VIS,AW,6166,1,Z_EU_Liq2_TG,1
ES0184980003,A1XB95,Bionaturis-Bioorganic Research and Services S.A.,041,041G,AW,6166,1,Z_noMM,0
FI0009000202,884884,Kesko Oyj,KEK,KESK,AN,6166,1,Z_EU_Liq2_TG,1
FI0009000251,870557,Stockmann Oyj Abp,SOMB,STOAS,AN,6166,1,Z_EU_Liq3_noDETG,0
FI0009000277,870798,Tieto Oyj,TTEB,TIE1V,AN,6166,1,Z_EU_Liq2_TG,1
FI0009000400,871059,Fiskars Oy AB,A8X,FIS1V,AN,6166,1,Z_EU_Liq3_noDETG,0
FI0009000459,870740,Huhtamäki Oyj,HUKI,HVL1V,AN,6166,1,Z_EU_Liq2_TG,1
FI0009000665,876917,Metsä Board Oyj,MSRB,MRLBV,AN,6166,1,Z_EU_Liq2_TG,1
FI0009000681,870737,Nokia Oyj,NOA3,NOK1VEUR,AN,6166,1,Z_EU_Liq1_DETG,1
FI0009002422,885421,Outokumpu Oyj,OUTA,OUTO,AN,6166,1,Z_EU_Liq2_TG,1
FI0009002943,899738,Raisio Oyj,RATV,RAIS,AN,6166,1,Z_EU_Liq2_TG,0
FI0009003727,881050,Wärtsilä Corp.,MTA,MTA1,AN,6166,1,Z_EU_Liq2_TG,1
FI0009004824,893079,Kemira Oy,KEM,KRA1V,AN,6166,1,Z_EU_Liq2_TG,1
FI0009005078,902564,Ponsse Oy,PNS,PON1V,AN,6166,1,Z_EU_Liq3_noDETG,0
FI0009005318,895780,Nokian Renkaat OYJ,NRE,NRE1,AN,6166,1,Z_EU_Liq2_TG,1
FI0009005870,899827,Konecranes Oyj,K34,KCR1,AN,6166,1,Z_EU_Liq2_TG,1
FI0009005961,871004,Stora Enso Oyj.,ENUR,STERV,AN,6166,1,Z_EU_Liq2_TG,1
FI0009005987,881026,UPM Kymmene Corp.,RPL,REPO,AN,6166,1,Z_EU_Liq1_DETG,1
FI0009006308,912673,HKScan Oyj,HK4,HKRAV,AN,6166,1,Z_EU_Liq3_noDETG,0
FI0009007132,916660,Fortum Oyj,FOT,FUM1V,AN,6166,1,Z_EU_Liq2_TG,1
FI0009007264,916295,Bittium Oyj,JOT,EBG1V,AN,6166,1,Z_EU_Liq3_noDETG,0
FI0009007611,919961,Stora Enso Oyj,ENUN,STER,AN,6166,1,Z_EU_Liq2_TG,1
FI0009007660,920479,Marimekko Oyj,N97,N97,AN,6166,1,Z_EU_Liq3_noDETG,0
FI0009007694,922218,Sanoma Oyj,SNQB,SWS1,AN,6166,1,Z_EU_Liq3_noDETG,0
FI0009007728,919696,Teleste Corp.,TS6,TLES,AN,6166,1,Z_EU_Liq3_noDETG,0
FI0009007884,615402,Elisa Oyj,EIA,ELIAV,AN,6166,1,Z_EU_Liq2_TG,1
FI0009007983,928278,Digia OYJ,S2Y,SYS1V,AN,6166,1,Z_EU_Liq3_noDETG,0
FI0009007991,928282,Solteq Oyj,B3M,STQ1,AN,6166,1,Z_EU_Liq3_noDETG,0
FI0009008072,929400,Aspo Oyj,ZYD,ASU1,AN,6166,1,Z_EU_Liq3_noDETG,0
FI0009008080,929401,Aspocomp Group PLC,ACN,ACG1V,AN,6166,1,Z_EU_Liq3_noDETG,0
FI0009008098,929183,Dovre Group Oyj,0BE,0BE,AN,6166,0,Z_EU_Liq3_noDETG,0
FI0009008270,602290,Photo-Me International PLC,XXH,SSH1V,AN,6166,1,Z_EU_Liq3_noDETG,0
FI0009008650,938050,Etteplan Oyj,EPL,ETTE,AN,6166,1,Z_EU_Liq3_noDETG,0
FI0009008924,938508,Sievi Capital Oyj,WE3,WE3,AN,6166,1,Z_EU_Liq3_noDETG,0
FI0009009377,657298,CapMan Oyj,AP6,CPMBV,AN,6166,1,Z_EU_Liq3_noDETG,0
FI0009010912,805985,Revenio Group Corp.,R0V,R0V,AN,6166,1,Z_EU_Liq2_TG,0
FI0009013114,A0HHHL,Alma Media Corp,A4M,ALN1,AN,6166,1,Z_EU_Liq3_noDETG,0
FI0009013296,A0D9U6,Neste Corp.,NEF,NES1V,AN,6166,1,Z_EU_Liq2_TG,1
FI0009013403,A0ET4X,KONE Corp. (New),KC4,KNEBV,AN,6166,1,Z_EU_Liq2_TG,1
FI0009014377,A0J3QM,Orion Corp.,OFK,ORNBb,AN,6166,1,Z_EU_Liq2_TG,1
FI0009014575,A0LBTW,Metso Corp.,M6Q,OTE1V,AN,6166,1,Z_EU_Liq2_TG,1
FI0009800098,918629,Afarak Group Oyj,V5W,RUG1,AN,6166,1,Z_EU_Liq3_noDETG,0
FI0009800643,906227,YIT Oyj,YIT,YTY1V,AN,6166,1,Z_EU_Liq2_TG,1
FI0009900237,918638,Kesla OYJ,KSLA,KELASEURp,AN,6166,1,Z_EU_Liq3_noDETG,0
FI0009900401,898037,Olvi Oy,OVI,OLVAS,AN,6166,1,Z_EU_Liq3_noDETG,0
FI0009900583,887689,Tulikivi Oyj,TUZA,TULAV,AN,6166,1,Z_EU_Liq3_noDETG,0
FI0009900682,897122,Vaisala Oyj,VAYA,VAIAS,AN,6166,1,Z_EU_Liq3_noDETG,0
FI0009900724,918658,Yleiselektroniikka Oyj,YKK,YLEP_p,AN,6166,1,Z_EU_Liq3_noDETG,0
FI4000029905,A1JR54,Scanfil Oyj,S0A,S0A,AN,6166,1,Z_EU_Liq3_noDETG,0
FI4000049812,A110V9,Verkkokauppa.com OYJ,15V,15V,AN,6166,1,Z_EU_Liq3_noDETG,0
FI4000074984,A1XA9J,Valmet Oyj,2VO,2VO,AN,6166,1,Z_EU_Liq2_TG,1
FI4000092523,A12F05,Cleantech Invest Oyj,C72,C72,AN,6166,1,Z_EU_Liq3_noDETG,0
FI4000092556,A14UF2,Pihlajalinna Oy,38P,38P,AN,6166,1,Z_EU_Liq2_TG,0
FI4000123195,A14QWU,Enento Group Oyj,AKA,AKAG,AN,6166,1,Z_EU_Liq2_TG,0
FI4000197934,A2AH6M,Tokmanni Group Corp.,TK9,TK9,AN,6166,1,Z_EU_Liq2_TG,1
FI4000198031,A2AH7G,Qt Group Oyj,2QT,2QT,AN,6166,1,Z_USA_Liq3_noDETG,0
FI4000206750,A2AJ82,Kamux Oyj,4K8,4K8,AN,6166,1,Z_EU_Liq2_TG,0
FI4000251897,A2DS5E,Remedy Entertainment Oyj,8P8,8P8,AN,6166,1,Z_EU_Liq3_noDETG,0
FI4000251954,A3C8X1,Norrhydro Group Oyj,U7X,U7X,AN,6166,1,Z_EU_Liq3_noDETG,0
FI4000283130,A2H5NP,Gofore OYJ,1E2,1E2,AN,6166,1,Z_EU_Liq3_noDETG,0
FI4000292438,A2JG1R,Altia Oyj,28Q,28Q,AN,6166,1,Z_EU_Liq3_noDETG,0
FI4000297767,A2N6F4,Nordea Bank Abp,04Q,04Q,AN,6166,1,Z_Eurostoxx,1
FI4000306873,A2JF1C,Harvia OYJ,G1U,G1U,AN,6166,1,Z_EU_Liq2_TG,1
FI4000312251,A2JN4W,Lumo Kodit Oyj,V4OC,V4OC,AN,6166,1,Z_EU_Liq2_TG,1
FI4000330972,A2P5N7,Nanoform Finland Oyj,4YL,4YL,AN,6166,1,Z_EU_Liq3_noDETG,0
FI4000369947,A2PFV6,Citycon Oyj,TY2B,TY2B,AN,6166,1,Z_EU_Liq3_noDETG,0
FI4000410758,A2PZ0G,Musti Group Oyj,49U,49U,AN,6166,1,Z_EU_Liq3_noDETG,0
FI4000476866,A2QP0S,Kreate Group Oyj,16T,16T,AN,6166,1,Z_EU_Liq3_noDETG,0
FI4000506811,A3CMUG,Nexstim Oyj,5NX,5NX,AN,6166,1,Z_EU_Liq3_noDETG,0
FI4000507124,A3CSVU,Puuilo Oyj,8JQ,8JQ,AN,6166,1,Z_EU_Liq3_noDETG,0
FI4000507595,A3CS01,Spinnova Oyj,9HP,9HP,AN,6166,1,Z_EU_Liq3_noDETG,0
FI4000507934,A3C88G,Aiforia Technologies Oyj,L6J,L6J,AN,6166,1,Z_EU_Liq2_TG,0
FI4000508023,A3D3XJ,Endomines Finland OYJ,H13,H13,AN,6166,1,Z_EU_Liq2_TG,0
FI4000512678,A3C7S5,Lemonsoft Oyj,M36,M36,AN,6166,1,Z_EU_Liq3_noDETG,0
FI4000513593,A3C9H1,Kempower Oyj,D9C,D9C,AN,6166,1,Z_EU_Liq2_TG,0
FI4000519202,A3DHCT,Trainers' House Oyj,IV9,IV9,AN,6166,1,Z_EU_Liq3_noDETG,0
FI4000519228,A3DQSE,WithSecure Corp.,DTV0,DTV0,AN,6166,1,Z_EU_Liq2_TG,0
FI4000519236,A3DQKY,F-SECURE OYJ.,3I6,3I6,AN,6166,1,Z_EU_Liq2_TG,0
FI4000523675,A3DMEA,SRV Yhtiöt Oyj,B7J1,B7J1,AN,6166,1,Z_EU_Liq3_noDETG,0
FI4000533005,A3D135,Koskisen Oyj,EZ8,EZ8,AN,6166,1,Z_EU_Liq3_noDETG,0
FI4000552500,A3EWDB,Sampo OYJ,SMP0,SMP0,AN,6166,1,Z_EU_Liq1_DETG,1
FI4000552526,A3EWDL,Mandatum OYJ,N2S,N2S,AN,6166,1,Z_EU_Liq2_TG,1
FI4000567029,A403WV,Finnair Oyj,FAI0,FAI0,AN,6166,1,Z_EU_Liq2_TG,1
FI4000570890,A40BGL,Tecnotree Oyj,3TT0,3TT0,AN,6166,1,Z_EU_Liq3_noDETG,0
FI4000571013,A40G0F,Cargotec Corp.,C1C1,C1C1,AN,6166,1,Z_EU_Liq2_TG,1
FI4000571054,A40EG6,Kalmar Oyj,XK2,XK2,AN,6166,1,Z_EU_Liq2_TG,1
FI4000577192,A40PU4,Solar Foods Oyj,H4N,H4N,AN,6166,1,Z_EU_Liq3_noDETG,0
FI4000592464,A42051,Luotea PLC,LT50,LT50,AN,6166,1,Z_EU_Liq3_noDETG,0
FO0000000179,A1CVJD,Bakkafrost P/F PLC,6BF,6BFn,AN,6166,1,Z_EU_Liq2_TG,1
FO000A0DN9X4,A0DN9X,Atlantic Petroleum P/F Group,B3W,B3W,AN,6166,1,Z_EU_Liq3_noDETG,0
FR0000030074,872529,Malteries Franco Belges S.A.,91U,91U,AU,6166,1,Z_EU_Liq3_noDETG,1
FR0000031023,850956,Électricité de Strasbourg S.A.,7Z2,7Z2,AU,6166,1,Z_EU_Liq3_noDETG,0
FR0000031577,874929,Virbac S.A.,V16,VIRB,AU,6166,1,Z_EU_Liq2_TG,1
FR0000031775,852366,Societe Anonyme des Ciments Vicat - Vicat,4HM,VCTP,AU,6166,1,Z_EU_Liq2_TG,1
FR0000032526,870481,Guerbet S.A.,4G8,GRBT,AU,6166,1,Z_EU_Liq3_noDETG,1
FR0000032658,903714,Synergie S.A.,YSY,YSY,AU,6166,1,Z_EU_Liq3_noDETG,1
FR0000033003,873839,Touax SCA,TOX,TOXG,AU,6166,1,Z_EU_Liq3_noDETG,1
FR0000033219,881381,Altarea S.C.A.,XAL,XAL,AU,6166,1,Z_EU_Liq3_noDETG,1
FR0000033243,854127,Immobiliere Dassault SA,6KP,6KP,AU,6166,1,Z_EU_Liq3_noDETG,1
FR0000033599,906327,Lexibook Linguistic Electronic System SA,LXB,LXBG,AU,6166,1,Z_EU_Liq3_noDETG,1
FR0000033888,542159,Gevelot S.A.,8XD,8XD,AU,6166,1,Z_EU_Liq3_noDETG,1
FR0000033904,875606,Jacquet Metal Service,I43,I43,AU,6166,1,Z_EU_Liq3_noDETG,1
FR0000034894,852507,Gaumont S.A.,69N,69N,AU,6166,1,Z_EU_Liq3_noDETG,1
FR0000035081,850999,Icade S.A.,3IC,ICAD,AU,6166,1,Z_EU_Liq2_TG,1
FR0000035164,882042,Beneteau S.A.,3GD,CHBE,AU,6166,1,Z_EU_Liq2_TG,1
FR0000035370,907048,"Bastide, Le Confort Med. S.A.",1DJ,1DJ,AU,6166,1,Z_EU_Liq3_noDETG,1
FR0000035784,907473,Transition Evergreen S.A.,36J,36J,AU,6166,0,Z_EU_Liq3_noDETG,0
FR0000036675,930172,Groupe CRIT S.A.,CT2,CT2,AU,6166,1,Z_EU_Liq3_noDETG,1
FR0000036816,854219,Societe de la Tour Eiffel S.A.,UVA,TEIF,AU,6166,1,Z_EU_Liq3_noDETG,1
FR0000038242,910292,Quantel S.A.,QTL,QUTL,AU,6166,1,Z_EU_Liq2_TG,1
FR0000038465,910177,Passat S.A.,6JF,6JF,AU,6166,1,Z_EU_Liq3_noDETG,1
FR0000038531,909944,HF Company,HFC,HFCG,AU,6166,1,Z_EU_Liq3_noDETG,1
FR0000038606,868918,Manitou B.F. S.A.,3MU,MANP,AU,6166,1,Z_EU_Liq2_TG,1
FR0000039091,876736,Robertet S.A.,0R7,0R7,AU,6166,1,Z_EU_Liq2_TG,1
FR0000039109,910933,Seche Environnement S.A.,SCB,CCHE,AU,6166,1,Z_EU_Liq3_noDETG,1
FR0000039232,853927,Aurea S.A.,94P,94P,AU,6166,1,Z_EU_Liq3_noDETG,1
FR0000039299,875558,Bollore S.A.,BOP,MTAF,AU,6166,1,Z_EU_Liq2_TG,1
FR0000039620,852488,Mersen S.A.,CBE,CBLP,AU,6166,1,Z_EU_Liq2_TG,1
FR0000044323,541817,Caisse Regionale de Credit Agricole Mutuel Alpes Provence,8U40,8U40,AU,6166,1,-,1
FR0000044364,792682,Caisse Regionale de Credit Agricole Mutuel de Normandie Seine,6XM0,6XM0,AU,6166,1,Z_EU_Liq3_noDETG,1
FR0000044448,676168,Nexans S.A.,NXS,NEXS,AU,6166,1,Z_EU_Liq1_DETG,1
FR0000044471,676646,Ramsay Générale de Santé S.A.,GD6,GDSF,AU,6166,1,Z_EU_Liq3_noDETG,1
FR0000044943,A0B55J,Logic Instrument,90I,90I,AU,6166,1,Z_EU_Liq3_noDETG,1
FR0000045072,982285,Credit Agricole S.A.,XCA,CAGR,AU,6166,1,Z_EU_Liq1_DETG,1
FR0000045213,659141,Caisse Régionale de Crédit Agricole Mutuel d'Ille et Vilaine,8I10,8I10,AU,6166,1,Z_EU_Liq3_noDETG,1
FR0000045239,792678,Cr Credit Agricole Mutuel Loire Hte Loir,9T60,9T60,AU,6166,1,Z_EU_Liq3_noDETG,1
FR0000045304,766191,Caisse Regionale de Credit Agricole Mutuel de la Touraine et du Poitou,2EP1,2EP1,AU,6166,1,Z_EU_Liq3_noDETG,1
FR0000045346,792686,Caisse Regionale de Credit Agricole Mutuel Sud Rhone Alpes,8N00,8N00,AU,6166,1,Z_EU_Liq3_noDETG,1
FR0000045528,887537,Caisse Régionale de Crédit Agricole Mutuel de Paris et d'Ile de France,9D80,9D80,AU,6166,1,Z_EU_Liq3_noDETG,1
FR0000045544,792687,Caisse Regionale de Credit Agricole Mutuel Toulouse 31 S.A.,6QG0,6QG0,AU,6166,1,Z_EU_Liq3_noDETG,1
FR0000045601,779287,Robertet S.A.,0R70,0R70G,AU,6166,1,Null,1
FR0000050049,876161,Viel & Cie S.A. Actions Port.,VIC,VICG,AU,6166,1,Z_EU_Liq3_noDETG,1
FR0000050353,877300,LISI S.A.,LI3,GFII,AU,6166,1,Z_EU_Liq2_TG,1
FR0000050395,792660,Crosswood S.A.,3PA,3PA,AU,6166,1,Z_EU_Liq3_noDETG,1
FR0000050809,880013,Sopra Steria Group S.A.,OR8,SOPR,AU,6166,1,Z_EU_Liq2_TG,1
FR0000051070,853155,Etablissements Maurel et Prom S.A.,ETX,MAUP,AU,6166,1,Z_EU_Liq2_TG,1
FR0000051393,882160,IDI S.C.A.,8KC,8KC,AU,6166,1,Z_EU_Liq3_noDETG,1
FR0000051807,889287,Téléperformance SE,RCF,ROCH,AU,6166,1,Z_EU_Liq1_DETG,1
FR0000052292,886670,Hermes International S.A.,HMI,HRMS,AU,6166,1,Z_Eurostoxx,1
FR0000052680,889452,Oeneo S.A.,O64,O64,AU,6166,1,Z_EU_Liq3_noDETG,1
FR0000053027,893730,Akwel S.A.,MW4,MW4,AU,6166,1,Z_EU_Liq3_noDETG,1
FR0000053035,912895,Grenobloise d'Électronique et d'Automatismes S.A. - GEA,5Z3,5Z3,AU,6166,1,Z_EU_Liq3_noDETG,1
FR0000053043,792657,Advini S.A.,75V,75V,AU,6166,1,Z_EU_Liq3_noDETG,1
FR0000053225,892790,M6 Metropole Television S.A.,MMT,MMTP,AU,6166,1,Z_EU_Liq2_TG,1
FR0000053324,905176,Compagnie des Alpes S.A.,JCA,CDAF,AU,6166,1,Z_EU_Liq2_TG,1
FR0000053381,893619,Derichebourg S.A.,PNU,DBG,AU,6166,1,Z_EU_Liq2_TG,1
FR0000053506,895036,Cegedim S.A.,C7E,CGDM,AU,6166,1,Z_EU_Liq2_TG,1
FR0000053837,917251,Altamir S.A.,AJY,ALMP,AU,6166,1,Z_noMM,0
FR0000053944,792669,Fonciere Volta S.A.,1HP,1HP,AU,6166,1,Z_EU_Liq3_noDETG,1
FR0000054132,899672,Delfingen Industry S.A.,HBS,DELF,AU,6166,1,Z_EU_Liq3_noDETG,1
FR0000054199,904028,S.T. DUPONT S.A.,7EK,7EK,AU,6166,1,Z_EU_Liq3_noDETG,1
FR0000054231,900218,High Co.,HIH,HIH,AU,6166,1,Z_EU_Liq3_noDETG,1
FR0000054322,903571,Cibox Inter(a)ctive S.A.,1YH,1YH,AU,6166,1,Z_EU_Liq3_noDETG,1
FR0000054470,901581,Ubisoft Entertainment S.A.,UEN,UBIP,AU,6166,1,Z_EU_Liq1_DETG,1
FR0000054900,873608,Television Francaise 1 S.A. (TF1),FSE,TFFP,AU,6166,1,Z_EU_Liq2_TG,1
FR0000060071,885903,Samse SA,78S,78S,AU,6166,1,Z_EU_Liq3_noDETG,1
FR0000060121,912246,Saint Jean Groupe S.A.,6XE,6XE,AU,6166,1,Z_EU_Liq3_noDETG,1
FR0000060303,798307,Covivio Hotels S.C.A.,9FM,9FM,AU,6166,1,Z_EU_Liq3_noDETG,1
FR0000060451,900874,Installux S.A.,5X5,5X5,AU,6166,1,Z_EU_Liq3_noDETG,1
FR0000060535,876663,Fiducial Real Estate SA,934,934,AU,6166,1,Z_EU_Liq3_noDETG,1
FR0000060790,869997,SIGNAUX GIROD S.A.,668,668,AU,6166,1,Z_EU_Liq3_noDETG,1
FR0000060873,904974,Marie Brizard Wine & Spirits S.A.,BED,BEVD,AU,6166,1,Z_EU_Liq3_noDETG,1
FR0000061129,873532,BOIRON S.A.,BON,BOIR,AU,6166,1,Z_EU_Liq3_noDETG,1
FR0000061137,873741,Burelle SA,7SP,7SP,AU,6166,1,Z_EU_Liq3_noDETG,1
FR0000061244,876074,Altheora S.A.,7Q3,7Q3,AU,6166,1,Z_EU_Liq3_noDETG,1
FR0000061459,908817,Gerard Perrier Industrie SA,80T,80T,AU,6166,1,Z_EU_Liq3_noDETG,1
FR0000061608,882352,Piscines Desjoyaux,DJX,DEJX,AU,6166,1,Z_EU_Liq3_noDETG,1
FR0000061780,911209,Augros Cosmetic Packaging S.A.,9ZP,9ZP,AU,6166,1,Z_EU_Liq3_noDETG,1
FR0000062101,861610,Société Fermière du Casino Municipal de Cannes S.A.,3HF,3HF,AU,6166,1,Null,1
FR0000062150,798311,Bleecker S.A.,8S1,8S1,AU,6166,1,Z_EU_Liq3_noDETG,1
FR0000062234,662247,Financiere de L'Odet S.A.,49F,EPMF,AU,6166,1,Z_EU_Liq3_noDETG,1
FR0000062465,887983,Alan Allman Associates S.A.,8PV,8PV,AU,6166,1,Z_EU_Liq3_noDETG,1
FR0000062671,912613,Groupe Gorge S.A.,2G3,2G3,AU,6166,1,Z_EU_Liq2_TG,1
FR0000062788,913428,Barbara Bui S.A.,BU7,BU7,AU,6166,1,Z_EU_Liq3_noDETG,1
FR0000062796,913302,Vranken Pommery Monopole SA,9VP,VRKP,AU,6166,1,Z_EU_Liq3_noDETG,1
FR0000062978,914207,Dekuple S.A.,DLU,DLU,AU,6166,1,Z_EU_Liq3_noDETG,1
FR0000063307,798586,TBSO S.A.,4WB,4WB,AU,6166,1,Z_EU_Liq3_noDETG,1
FR0000063737,915268,Aubay S.A.,BAQ,AUBT,AU,6166,1,Z_EU_Liq3_noDETG,1
FR0000063935,915165,Bonduelle S.A.,BDU,BOND,AU,6166,1,Z_EU_Liq2_TG,1
FR0000064164,880958,Exacompta Clairefontaine S.A.,8KG,8KG,AU,6166,1,Z_EU_Liq3_noDETG,1
FR0000064271,915284,STEF S.A.,STP,STPG,AU,6166,1,Z_EU_Liq3_noDETG,1
FR0000064297,915169,Innelec Multimedia IMM S.A.,1W2,1W2,AU,6166,1,Z_EU_Liq3_noDETG,1
FR0000064446,918957,Catering International Services CIS S.A.,8WG,8WG,AU,6166,1,Z_EU_Liq3_noDETG,1
FR0000064578,659094,Covivio S.A.,F5D,F5D,AU,6166,1,Z_EU_Liq2_TG,1
FR0000064602,592453,Acanthe Developpement S.A.,ADX,CFMP,AU,6166,1,Z_EU_Liq3_noDETG,1
FR0000064784,890719,Peugeot Invest S.A.,FFP,FFPP,AU,6166,1,Z_EU_Liq2_TG,1
FR0000065260,872622,Les Docks de Pétroles d'Ambès S.A.,7B3,7B3,AU,6166,1,Z_EU_Liq3_noDETG,1
FR0000065278,915425,Hopscotch Groupe S.A.,4Z2,4Z2,AU,6166,1,Z_EU_Liq3_noDETG,1
FR0000065393,900897,Courtois S.A.,4J5,4J5,AU,6166,1,Z_EU_Liq3_noDETG,1
FR0000065484,874052,Lectra S.A.,LET,LECS,AU,6166,1,Z_EU_Liq2_TG,1
FR0000065773,810752,Imprimerie Chirat S.A.,5PK,5PK,AU,6166,1,Z_EU_Liq3_noDETG,1
FR0000065864,813308,Sogeclair S.A.,2U0,2U0,AU,6166,1,Z_EU_Liq3_noDETG,1
FR0000065971,792655,Graines Voltz,8XL,8XL,AU,6166,1,Z_EU_Liq3_noDETG,1
FR0000066441,798528,Poujoulat S.A.,72Y,72Y,AU,6166,1,Z_EU_Liq3_noDETG,1
FR0000066540,792674,Herige S.A.,8YW,8YW,AU,6166,1,Z_EU_Liq3_noDETG,1
FR0000066607,792665,Lacroix Group S.A.,51M,51M,AU,6166,1,Z_EU_Liq3_noDETG,1
FR0000066672,632297,GL Events S.A.,0X5,GLTN,AU,6166,1,Z_EU_Liq3_noDETG,1
FR0000066722,917556,Guillemot Corp.,GUL,GTCN,AU,6166,1,Z_EU_Liq2_TG,1
FR0000066755,923269,Haulotte Group S.A.,PHT,PYHE,AU,6166,1,Z_EU_Liq3_noDETG,1
FR0000066961,918026,Bernard Loiseau S.A.,8YV,8YV,AU,6166,1,Z_EU_Liq3_noDETG,1
FR0000071797,918337,Infotel S.A.,3NH,3NH,AU,6166,1,Z_EU_Liq3_noDETG,1
FR0000071946,918312,Alten S.A.,AN3,LTEN,AU,6166,1,Z_EU_Liq2_TG,1
FR0000072373,925631,EGIDE S.A.,EGID,EGID,AU,6166,1,Z_EU_Liq3_noDETG,1
FR0000072597,922593,IT Link S.A.,IL8,ITLI,AU,6166,1,Z_EU_Liq3_noDETG,1
FR0000073041,923268,Pierre & Vacances S.A.,PV6,PVAC,AU,6166,1,Z_EU_Liq2_TG,1
FR0000073272,924781,Safran S.A.,SEJ1,SAF,AU,6166,1,Z_Eurostoxx,1
FR0000073298,923860,Ipsos S.A.,IPZ,ISOS,AU,6166,1,Z_EU_Liq2_TG,1
FR0000074072,931084,BigBen Interactive S.A.,BX9,BX9,AU,6166,1,Z_EU_Liq3_noDETG,0
FR0000074148,928721,Assystem S.A.,BZ1,BZ1,AU,6166,1,Z_EU_Liq3_noDETG,1
FR0000074197,936375,Union Technologies Informatique Group S.A.,UI9,UI9,AU,6166,1,Z_EU_Liq3_noDETG,1
FR0000074254,929082,Bourse Direct S.A.,BD6,BDRP,AU,6166,1,Z_EU_Liq3_noDETG,1
FR0000074759,933769,Fleury Michon S.A.,4XZ,4XZ,AU,6166,1,Z_EU_Liq3_noDETG,1
FR0000074775,811688,Stradim Espace Finance S.A.,7YY,7YY,AU,6166,1,Z_EU_Liq3_noDETG,1
FR0000074783,932046,Artprice.com S.A.,AJP,AJPG,AU,6166,1,Z_EU_Liq3_noDETG,1
FR0000075343,806302,Laboratoires Euromedis S.A.,61R,61R,AU,6166,1,Z_EU_Liq3_noDETG,1
FR0000075442,810855,Groupe LDLC S.A.,6CE,6CE,AU,6166,1,Z_EU_Liq3_noDETG,1
FR0000075954,938526,Riber S.A.,RI7,RIBE,AU,6166,1,Z_EU_Liq3_noDETG,1
FR0000076655,564723,Actia Group S.A.,AG9,AG9,AU,6166,1,Z_EU_Liq3_noDETG,1
FR0000076861,502344,Acteos S.A.,A3C,DTNC,AU,6166,1,Z_EU_Liq3_noDETG,1
FR0000077919,578972,JC Decaux SE,DCS,JCDX,AU,6166,1,Z_EU_Liq2_TG,1
FR0000077992,589968,Pacte Novation S.A.,2IF,2IF,AU,6166,1,Z_EU_Liq3_noDETG,1
FR0000078321,592210,Soditech S.A.,ODC,Fehlt,AU,6166,1,Null,1
FR0000079147,810902,U10 Corp.,9Y7,9Y7,AU,6166,1,Z_EU_Liq3_noDETG,1
FR0000120073,850133,Air Liquide SA,AIL,AIRP,AU,6166,1,Z_Eurostoxx,1
FR0000120107,865541,Savencia S.A.,BGJ,BONG,AU,6166,1,Z_EU_Liq3_noDETG,1
FR0000120172,852362,Carrefour S.A.,CAR,CARR,AU,6166,1,Z_EU_Liq1_DETG,1
FR0000120271,850727,TotalEnergies SE,TOTB,TOTF,AU,6166,1,Z_Eurostoxx,1
FR0000120321,853888,L'Oréal S.A.,LOR,OREP,AU,6166,1,Z_Eurostoxx,1
FR0000120404,860206,Accor S.A.,ACR,ACCP,AU,6166,1,Z_EU_Liq1_DETG,1
FR0000120503,858821,Bouygues S.A.,BYG,BOUY,AU,6166,1,Z_EU_Liq2_TG,1
FR0000120560,919272,Quadient S.A.,NEQ,NEQ,AU,6166,1,Z_EU_Liq2_TG,1
FR0000120578,920657,Sanofi S.A.,SNW,SASY,AU,6166,1,Z_Eurostoxx,1
FR0000120628,855705,AXA S.A.,AXA,AXAF,AU,6166,1,Z_Eurostoxx,1
FR0000120644,851194,Danone S.A.,BSN,DANO,AU,6166,1,Z_Eurostoxx,1
FR0000120669,851011,Esso S.A.F.,EH8,ESSF,AU,6166,1,Z_EU_Liq2_TG,1
FR0000120693,853373,Pernod-Ricard S.A.,PER,PERP,AU,6166,1,A_EUROSTOXX_2,1
FR0000120859,851898,Imerys S.A.,IY4,IMTP,AU,6166,1,Z_EU_Liq2_TG,1
FR0000120966,860804,Bic S.A.,BIF,BICP,AU,6166,1,Z_EU_Liq2_TG,1
FR0000121014,853292,LVMH Moet Hennessy Louis Vuitton SE,MOH,LVMH,AU,6166,1,Z_Eurostoxx,1
FR0000121121,860642,Eurazeo SE,EUQ,EURA,AU,6166,1,Z_EU_Liq2_TG,1
FR0000121147,867025,Forvia SE,FAU,FAU1,AU,6166,1,Z_EU_Liq1_DETG,1
FR0000121204,850709,Wendel S.A.,WIS,MWDP,AU,6166,1,Z_EU_Liq2_TG,1
FR0000121220,870935,Sodexo S.A.,SJ7,EXHO,AU,6166,1,Z_EU_Liq2_TG,1
FR0000121295,855602,Compagnie Lebon S.A.,88J,88J,AU,6166,1,Z_EU_Liq3_noDETG,0
FR0000121329,850842,Thales S.A.,CSF,TCFP,AU,6166,1,Z_EU_Liq1_DETG,1
FR0000121485,851223,Kering S.A.,PPX,PPX,AU,6166,1,A_EUROSTOXX,1
FR0000121667,863195,EssilorLuxottica S.A.,ESL,ESSI,AU,6166,1,Z_Eurostoxx,1
FR0000121691,938989,NRJ Group S.A.,NR8,SONO,AU,6166,1,Z_EU_Liq3_noDETG,1
FR0000121709,862948,SEB S.A.,GRB,SEBF,AU,6166,1,Z_EU_Liq2_TG,1
FR0000121964,863272,Klepierre S.A.,KPR,LOIM,AU,6166,1,Z_EU_Liq2_TG,1
FR0000121972,860180,Schneider Electric SE,SND,SCHN,AU,6166,1,Z_Eurostoxx,1
FR0000124141,501451,Veolia Environnement S.A.,VVD,VIE,AU,6166,1,Z_EU_Liq1_DETG,1
FR0000124414,869297,Gascogne S.A.,G5O,G5O,AU,6166,1,Z_EU_Liq3_noDETG,1
FR0000124570,871780,Compagnie Plastic Omnium S.A.,EZM,PLOF,AU,6166,1,Z_EU_Liq2_TG,1
FR0000125007,872087,Compagnie de Saint-Gobain S.A.,GOB,SGOB,AU,6166,1,Z_Eurostoxx,1
FR0000125338,869858,Capgemini SE,CGM,CAPP,AU,6166,1,Z_EU_Liq1_DETG,1
FR0000125486,867475,Vinci S.A.,SQU,SGEF,AU,6166,1,Z_Eurostoxx,1
FR0000127771,591068,Vivendi S.A.,VVU,VIV,AU,6166,1,Z_Eurostoxx,1
FR0000130213,866786,Lagardere S.A.,LAG,LAGA,AU,6166,1,Z_EU_Liq2_TG,1
FR0000130395,883206,Remy Cointreau S.A.,RMC,RCOP,AU,6166,1,Z_EU_Liq2_TG,1
FR0000130403,883123,Christian Dior SE,DIO,DIOR,AU,6166,1,Z_EU_Liq1_DETG,1
FR0000130452,853452,Eiffage S.A.,EF3,FOUG,AU,6166,1,Z_EU_Liq1_DETG,1
FR0000130577,859386,Publicis Groupe S.A.,PU4,PUBP,AU,6166,1,Z_EU_Liq1_DETG,1
FR0000130692,901535,CHARGEURS S.A.,GET,CRIP,AU,6166,1,Z_EU_Liq3_noDETG,1
FR0000130809,873403,Societe Generale S.A.,SGE,SOGN,AU,6166,1,Z_EU_Liq1_DETG,1
FR0000131104,887771,BNP Paribas S.A.,BNP,BNPP,AU,6166,1,Z_Eurostoxx,1
FR0000131757,892800,Eramet S.A.,ER7,ERMT,AU,6166,1,Z_EU_Liq1_DETG,1
FR0000131906,893113,Renault S.A.,RNL,RENA,AU,6166,1,Z_EU_Liq1_DETG,1
FR0000133308,906849,Orange S.A.,FTE,FTE,AU,6166,1,Z_EU_Liq1_DETG,1
FR0000185423,691196,Damartex SA,6C3,6C3,AU,6166,1,Z_EU_Liq3_noDETG,1
FR0000185464,A0B552,NovaTech Industries S.A.,9I7,9I7,AU,6166,1,Z_EU_Liq3_noDETG,1
FR0000185506,692139,Caisse Régionale de Crédit Agricole Mutuel Atlantique Vendée,4TF0,4TF0,AU,6166,1,Z_EU_Liq3_noDETG,1
FR0000185514,722759,Caisse Regionale de Credit Agricole Mutuel Nord de France,8L30,8L30,AU,6166,1,Z_EU_Liq3_noDETG,1
FR0004007813,934515,Kaufman & Broad S.A.,3GH,KOF,AU,6166,1,Z_EU_Liq3_noDETG,1
FR0004010338,879441,Groupe JAJ S.A.,6VJ,6VJ,AU,6166,1,Z_EU_Liq3_noDETG,1
FR0004016699,A0D8Z4,Societe Marseillaise Du Tunnel Prado-Carenage,9P4,9P4,AU,6166,1,Z_EU_Liq3_noDETG,1
FR0004023208,A0LE61,Bassac SA,78Y,78Y,AU,6166,1,Z_EU_Liq3_noDETG,1
FR0004024222,907907,Interparfums S.A.,I8P,IPAR,AU,6166,1,Z_EU_Liq3_noDETG,1
FR0004027068,907084,Lanson-BCC,GQ6,BCCP,AU,6166,1,Z_EU_Liq3_noDETG,1
FR0004029411,940112,Keyrus S.A.,5UP,5UP,AU,6166,1,Z_EU_Liq3_noDETG,1
FR0004030708,936083,ENCRES DUBUIT S.A.,1F2,1F2,AU,6166,1,Z_EU_Liq3_noDETG,1
FR0004031763,931114,Coheris S.A.,OHE,COHE,AU,6166,1,Z_EU_Liq3_noDETG,1
FR0004034072,533963,Xilam Animation S.A.,XIH,XIH,AU,6166,1,Z_EU_Liq3_noDETG,1
FR0004034320,930081,Mr. Bricolage S.A.,4OL,4OL,AU,6166,1,Z_EU_Liq3_noDETG,1
FR0004038263,A0J3D7,Parrot S.A.,P2W,PAARO,AU,6166,1,Z_EU_Liq2_TG,1
FR0004040608,924061,ABC Arbitrage S.A.,9BA,BITI,AU,6166,1,Z_EU_Liq3_noDETG,1
FR0004044600,935256,Prismaflex International S.A.,RFX,RIGI,AU,6166,1,Z_EU_Liq3_noDETG,1
FR0004045847,A0LD7X,Voyageurs du Monde S.A.,8Z4,8Z4,AU,6166,1,Z_EU_Liq3_noDETG,1
FR0004050250,938282,Neurones S.A.,NE9,NE9,AU,6166,1,Z_EU_Liq3_noDETG,1
FR0004052561,565818,Proactis S.A.,HUO,HUOG,AU,6166,1,Z_EU_Liq3_noDETG,1
FR0004053510,A0MRJ4,Genoway S.A.,JEH,ALGEN,AU,6166,1,Z_EU_Liq3_noDETG,1
FR0004056851,A0MVJZ,Valneva SE,AYJ,AYJ,AU,6166,1,Z_EU_Liq1_DETG,1
FR0004065605,A2N6VA,Medincell S.A.,MEB,MEBG,AU,6166,1,Z_EU_Liq2_TG,1
FR0004065639,A0LCVP,NSE S.A.,7YM,7YM,AU,6166,1,Z_EU_Liq3_noDETG,1
FR0004125920,A143DP,Amundi S.A.,ANI,ANI,AU,6166,1,Z_EU_Liq1_DETG,1
FR0004153930,A0M9ZU,Hybrigenics S.A.,3HB,ALHYG,AU,6166,1,Z_EU_Liq3_noDETG,1
FR0004154060,927122,Netgem S.A.,NGP,ETGM,AU,6166,1,Z_EU_Liq3_noDETG,1
FR0004155000,927106,Groupe SFPI S.A.,EKN,EKN,AU,6166,1,Z_EU_Liq3_noDETG,1
FR0004155687,A0LD7Y,Mastrad S.A.,7ZV,7ZV,AU,6166,1,Z_EU_Liq3_noDETG,1
FR0004156297,938367,Linedata Services S.A.,LN4,LN4,AU,6166,1,Z_EU_Liq3_noDETG,1
FR0004159473,550812,Maisons France Confort S.A.,88M,88M,AU,6166,1,Z_EU_Liq3_noDETG,1
FR0004163111,A0LGJ2,Genfit S.A.,XUP,ALGF,AU,6166,1,Z_EU_Liq1_DETG,1
FR0004170017,A0LD70,LNA Santé S.A.,2N3,2N3,AU,6166,1,Z_EU_Liq3_noDETG,1
FR0004171346,A0JKUJ,Nextedia S.A.,9KA,9KA,AU,6166,1,Z_EU_Liq3_noDETG,1
FR0004172450,A0LD72,Budget Telecom Actions Nominatives S.A.,9BU,9BU,AU,6166,1,Z_EU_Liq3_noDETG,1
FR0004174233,A0LD76,Bilendi SA,830,830,AU,6166,1,Z_EU_Liq3_noDETG,1
FR0004175842,A0LD78,Selectirente S.A.,6W3,6W3,AU,6166,1,Z_EU_Liq3_noDETG,1
FR0004180578,A0B585,Sword Group SE,9RS,SWOR,AU,6166,1,Z_EU_Liq2_TG,1
FR0004186856,A0LEWB,Vetoquinol S.A.,8JM,8JM,AU,6166,1,Z_EU_Liq3_noDETG,1
FR0004187367,A0HL4T,Freelance.com,9B4,9B4,AU,6166,1,Z_EU_Liq3_noDETG,1
FR0004527638,907602,Exel Industries S.A.,8YK,8YK,AU,6166,1,Z_EU_Liq3_noDETG,1
FR0005175080,913048,Transgene S.A.,TGNA,TRNG,AU,6166,1,Z_EU_Liq3_noDETG,1
FR0005691656,913141,Trigano S.A.,TGO,TRIA,AU,6166,1,Z_EU_Liq2_TG,1
FR0005843125,806345,Hydro-Exploitations S.A.,97B,97B,AU,6166,1,Z_EU_Liq3_noDETG,1
FR0005854700,A0M5ZR,I2S SA,4I2,4I2,AU,6166,1,Z_EU_Liq3_noDETG,1
FR0006174348,A0M45W,Bureau Veritas SA,4BV,BVI,AU,6166,1,Z_EU_Liq2_TG,1
FR0006864484,923069,Laurent-Perrier S.A.,LPE,LPER,AU,6166,1,Z_EU_Liq3_noDETG,1
FR0007080254,889694,Les Hotels Baverez S.A.,62V,62V,AU,6166,1,Z_EU_Liq3_noDETG,1
FR0010040865,A0BLMY,Gecina S.A.,GI6A,GFCP,AU,6166,1,Z_EU_Liq2_TG,1
FR0010095596,A0HMXA,BioAlliance Pharma,C4X,C4X,AU,6166,0,Z_EU_Liq3_noDETG,0
FR0010112524,A0DK2J,Nexity S.A.,NQ9,NEXI,AU,6166,1,Z_EU_Liq2_TG,1
FR0010120402,A112C8,Theraclion S.A.,941,941,AU,6166,1,Z_EU_Liq3_noDETG,1
FR0010131409,A14U3H,Wallix Group S.A.,3WG,3WG,AU,6166,1,Z_EU_Liq3_noDETG,1
FR0010151589,A0DPXB,Cafom S.A.,CAA,CAAG,AU,6166,1,Z_EU_Liq3_noDETG,1
FR0010157115,A0KFSS,Euroland Corporate S.A.,6KV,6KV,AU,6166,1,Z_EU_Liq3_noDETG,1
FR0010169920,A2PBF1,Predilife SA,0GA,0GA,AU,6166,1,Z_EU_Liq3_noDETG,1
FR0010193052,A0ERJT,Catana Group S.A.,2HU,2HU,AU,6166,1,Z_EU_Liq3_noDETG,1
FR0010193979,A0E9TF,CBO Territoria,0B0,0B0,AU,6166,1,Z_EU_Liq3_noDETG,1
FR0010202606,A0LE7Q,Sidetrade S.A.,7QG,7QG,AU,6166,1,Z_EU_Liq3_noDETG,1
FR0010208488,A0ER6Q,Engie S.A.,GZF,GSZ,AU,6166,1,Z_EU_Liq1_DETG,1
FR0010209809,A0ETF5,Societe Francaise de Casinos S.A.,TET1,TET1,AU,6166,1,Z_EU_Liq3_noDETG,1
FR0010214064,A0HF10,GPE Groupe Pizzorno Environment,9X8,9X8,AU,6166,1,Z_EU_Liq3_noDETG,1
FR0010220475,A0F7BK,Alstom S.A.,AOMD,ALSO,AU,6166,1,Z_EU_Liq1_DETG,1
FR0010221234,A0HGPT,Eutelsat Communications S.A.,E3B,E3B,AU,6166,1,Z_EU_Liq1_DETG,1
FR0010241638,A0HFXW,Mercialys S.A.,M8Y,MERY,AU,6166,1,Z_EU_Liq2_TG,1
FR0010259150,A0ESMG,Ipsen S.A.,I7G,IPN,AU,6166,1,Z_EU_Liq2_TG,1
FR0010263202,A0HNDR,Paris Realty Fund SA,G5I,PARF,AU,6166,1,Z_EU_Liq3_noDETG,1
FR0010282822,A0JC1Z,Vusion S.A.,S4M,S4M,AU,6166,1,Z_EU_Liq2_TG,1
FR0010291245,A1JTXZ,Inside Secure S.A.,I3Q,I3Q,AU,6166,1,Z_EU_Liq3_noDETG,1
FR0010298620,A0JJWS,Memscap S.A.,MSBA,MEMS,AU,6166,1,Z_EU_Liq3_noDETG,1
FR0010307819,A0JKB2,Legrand S.A.,LRC,LEGD,AU,6166,1,Z_EU_Liq1_DETG,1
FR0010309096,A0JJ3N,Vitura S.A.,D2L,D2L,AU,6166,1,Z_EU_Liq3_noDETG,1
FR0010313833,A0JLZ0,Arkema S.A.,V1S,AKE,AU,6166,1,Z_EU_Liq2_TG,1
FR0010331421,A0LCUJ,Innate Pharma S.A.,IDD,IPH,AU,6166,1,Z_EU_Liq1_DETG,1
FR0010337865,A0LGW5,UPERGY S.A.,8UQ,8UQ,AU,6166,1,Z_EU_Liq3_noDETG,1
FR0010340141,A0J2WM,Aéroports de Paris,W7L,W7LG,AU,6166,1,Z_EU_Liq2_TG,1
FR0010340711,A0LEPA,Aquila SA,19D,19D,AU,6166,1,Z_EU_Liq3_noDETG,1
FR0010341032,A0MLBG,Fonciere Inea S.A.,37P,37P,AU,6166,1,Z_EU_Liq3_noDETG,1
FR0010353888,A0LHLN,MGI Digital Graphic Technology S.A.,2EI,2EI,AU,6166,1,Z_EU_Liq3_noDETG,1
FR0010380626,A0LHB8,Prologue S.A.,69P,69P,AU,6166,1,Z_EU_Liq3_noDETG,1
FR0010386334,A0LE05,Korian S.A.,KO2,KORI,AU,6166,1,Z_EU_Liq2_TG,1
FR0010396309,A0LFJ9,Hitechpros SA,9X3,9X3,AU,6166,1,Z_EU_Liq3_noDETG,1
FR0010397232,A12CFH,Novacyt S.A.,NYZ,NYZ,AU,6166,1,Z_EU_Liq2_TG,1
FR0010397901,A0LFJ3,Trilogiq S.A.,0LG,0LG,AU,6166,1,Z_EU_Liq3_noDETG,1
FR0010404368,A0LF6P,DLSI S.A.,7P4,7P4,AU,6166,1,Z_EU_Liq3_noDETG,1
FR0010411983,A0LGQX,Scor SE,SDRC,SCOR,AU,6166,1,Z_EU_Liq1_DETG,1
FR0010417345,A1JWB7,DBV technologies S.A.,DBV,DBV,AU,6166,1,Z_EU_Liq1_DETG,1
FR0010424697,A0MKPQ,Entreparticuliers.com,99Q,99Q,AU,6166,1,Z_EU_Liq3_noDETG,1
FR0010425595,A0MKPR,Cellectis S.A.,ZVA,ALCLS,AU,6166,1,Z_EU_Liq2_TG,1
FR0010428771,A0MJ2F,Eagle Football Group S.A,XXT,XXT,AU,6166,1,Z_EU_Liq3_noDETG,1
FR0010436584,A0MMT4,DNXCORP SE,DWP,DWP,AU,6166,1,Z_EU_Liq3_noDETG,1
FR0010447086,A0NFME,Cheops Technology France S.A.,7WU,7WU,AU,6166,1,Z_EU_Liq3_noDETG,1
FR0010451203,A0MM7Q,Rexel S.A.,E7V,E7V,AU,6166,1,Z_EU_Liq2_TG,1
FR0010461053,A0MRKW,Caisse Regionale de Credit Agricole Mutuel du Languedoc,8FZ0,8FZ0,AU,6166,1,Z_EU_Liq3_noDETG,1
FR0010465534,A0MSNT,EO2 S.A.,EO4,EO4,AU,6166,1,Z_EU_Liq3_noDETG,1
FR0010478248,A0NEZJ,Atari S.A.,IFGA,IFOE,AU,6166,1,Z_EU_Liq2_TG,1
FR0010481960,A0MVRB,Argan,871,871,AU,6166,1,Z_EU_Liq3_noDETG,1
FR0010483768,A0MUJB,Caisse Régionale de Crédit Agricole Mutuel de Brie Picardie,7MQ0,7MQ0,AU,6166,1,Z_EU_Liq3_noDETG,1
FR0010485268,A0X8WD,Fountaine Pajot SA,65T,65T,AU,6166,1,Z_EU_Liq3_noDETG,1
FR0010490920,A0MWCT,EuropaCorp S.A.,AZ6,ECP,AU,6166,1,Z_EU_Liq3_noDETG,1
FR0010492199,A0MYBD,Foraco International SA,3F3,3F3,AU,6166,1,Z_EU_Liq3_noDETG,0
FR0010523167,A0N9T5,Le Bourget-du-Lac,4CP,4CP,AU,6166,1,Z_EU_Liq3_noDETG,1
FR0010528059,A0Q665,Streamwide SA,07R,07R,AU,6166,1,Z_EU_Liq3_noDETG,1
FR0010533075,A0M6L1,Getlink SE,TNU3,GETP,AU,6166,1,Z_EU_Liq2_TG,1
FR0010557264,A1CXBG,AB Science S.A.,A8D,ABS,AU,6166,1,Z_EU_Liq2_TG,1
FR0010588079,A0QYPA,Frey SA,943,943,AU,6166,1,Z_EU_Liq3_noDETG,1
FR0010609206,A0QZKU,Orege S.A.,4ZF,4ZF,AU,6166,1,Z_EU_Liq3_noDETG,1
FR0010609263,A1JCLA,Mauna Kea Technologies S.A.,1MK,1MK,AU,6166,1,Z_EU_Liq3_noDETG,1
FR0010641449,A1CTQQ,AgroGeneration SA,81E,81E,AU,6166,1,Z_EU_Liq3_noDETG,1
FR0010654087,A0N9SK,Txcom S.A.,0EY,0EY,AU,6166,1,Z_EU_Liq3_noDETG,1
FR0010667147,A1XDS6,Coface S.A.,65C,65C,AU,6166,1,Z_EU_Liq2_TG,1
FR0010688465,A0N9SS,Weaccess Group SA,2BS,2BS,AU,6166,1,Z_EU_Liq3_noDETG,1
FR0010722819,A2JNET,Kalray S.A.,3FS,3FS,AU,6166,0,Z_EU_Liq3_noDETG,0
FR0010766667,A2JHN6,Vente-Unique.Com S.A.,8M8,8M8,AU,6166,1,Z_EU_Liq3_noDETG,1
FR0010768770,A12CFR,Weya SA,P17,P17,AU,6166,1,Null,1
FR0010776617,A110S1,Sapmer S.A.,7YD,7YD,AU,6166,1,Z_EU_Liq3_noDETG,1
FR0010785790,A12CFV,Plant Advanced Technologies,9FQ,9FQ,AU,6166,1,Z_EU_Liq3_noDETG,1
FR0010812230,A1J4UX,Madvertise,MAV,MAVG,AU,6166,1,Z_EU_Liq3_noDETG,1
FR0010820274,A12CFW,ReWorld Media S.A.,6H1,6H1,AU,6166,1,Z_EU_Liq3_noDETG,1
FR0010823724,A12CFX,France Tourisme Immobilier S.A.,2MR,2MR,AU,6166,1,Z_EU_Liq3_noDETG,1
FR0010828137,A0YFKD,Carmila S.A.S.,CUX1,CARPD,AU,6166,1,Z_EU_Liq3_noDETG,1
FR0010882886,A12CF0,Eduform'Action S.A.,9V7,9V7,AU,6166,1,Z_EU_Liq3_noDETG,1
FR0010889386,A12CF1,Qwamplify,6WR,6WR,AU,6166,1,Z_EU_Liq3_noDETG,1
FR0010907956,A1C017,Carmat S.A.,CXT,ALCAR,AU,6166,0,Z_EU_Liq3_noDETG,0
FR0010908533,A1C0JG,Edenred S.A.,QSV,EDEN,AU,6166,1,Z_EU_Liq2_TG,1
FR0010908723,A1J1JV,IntegraGen S.A.,7N8,7N8,AU,6166,1,Z_EU_Liq3_noDETG,1
FR0010929125,A1JWG9,ID Logistics Group,1ID,1ID,AU,6166,1,Z_EU_Liq2_TG,1
FR0010979377,A12CGA,Activium Group S.A.,7TP,7TP,AU,6166,1,Z_EU_Liq3_noDETG,1
FR0011005933,A1H8G1,Biosynex S.A.,0DL,0DL,AU,6166,1,Z_EU_Liq3_noDETG,1
FR0011027135,A1JGAJ,Patrimoine & Commerce S.C.A.,6DN,6DN,AU,6166,1,Z_EU_Liq3_noDETG,1
FR0011033083,A12CGC,Moulinvest S.A.,7W5,7W5,AU,6166,1,Z_EU_Liq3_noDETG,1
FR0011038348,A1JFY3,Groupe Actiplay SA,4YA,4YA,AU,6166,1,Z_EU_Liq3_noDETG,1
FR0011040500,A1JBGJ,Axway Software Actions Port.,1XV,1XV,AU,6166,1,Z_EU_Liq3_noDETG,1
FR0011049824,A1JCLB,Median Technologies S.A.,4ZG,4ZG,AU,6166,1,Z_EU_Liq3_noDETG,1
FR0011051598,A14WL9,Amoeba SAS,A1H,A1H,AU,6166,1,Z_EU_Liq3_noDETG,1
FR0011052257,A1JBVH,Global Bioenergies S.A.,1DK,1DK,AU,6166,0,Z_EU_Liq3_noDETG,0
FR0011053636,A1JG36,Capital B S.A.,BC7,BC7,AU,6166,1,Z_EU_Liq2_TG,1
FR0011071570,A12CGH,Cogra 48,W32,W32,AU,6166,1,-,1
FR0011092089,A2PVJR,Maison Clio Blue S.A.,7IL,7IL,AU,6166,1,Z_EU_Liq3_noDETG,1
FR0011179886,A1W6V5,Intrasense S.A.S.,I8S,I8S,AU,6166,1,Z_EU_Liq3_noDETG,1
FR0011184241,A1JTC2,Adocia SAS,A89,A89,AU,6166,1,Z_EU_Liq2_TG,1
FR0011208693,A1JUS3,Gold by Gold S.A.,2GG,2GG,AU,6166,1,Z_EU_Liq3_noDETG,1
FR0011217710,A12CGM,Methanor SCA,9Z4,9Z4,AU,6166,1,Z_EU_Liq3_noDETG,1
FR0011271600,A1103M,Fermentalg SA,1F6,1F6,AU,6166,1,Z_EU_Liq3_noDETG,1
FR0011341205,A1J7EB,Nanobiotix S.A.,5NR,5NR,AU,6166,1,Z_EU_Liq2_TG,1
FR0011365907,A3CTPN,BOA CONCEPT S.A.,74Z,74Z,AU,6166,1,Z_EU_Liq3_noDETG,1
FR0011464452,A1T9RS,SpineGuard S.A.,6W5,6W5,AU,6166,1,Z_EU_Liq3_noDETG,1
FR0011466069,A1W7NS,Ekinops S.A.S.,E0J,EKI,AU,6166,1,Z_EU_Liq3_noDETG,1
FR0011476928,A1T95K,Fnac Darty S.A.,1FN,1FN,AU,6166,1,Z_EU_Liq2_TG,1
FR0011490648,A14NWZ,Ecoslops S.A.,7T0,7T0,AU,6166,1,Z_EU_Liq3_noDETG,1
FR0011532225,A2PAC3,Vogo S.A.,7CY,7CY,AU,6166,1,Z_EU_Liq3_noDETG,1
FR0011605617,A12CGT,Fonciere Vindi S.A.,9U5,9U5,AU,6166,1,Z_EU_Liq3_noDETG,1
FR0011636083,A2DUMT,Neolife S.A.S,8JB,8JB,AU,6166,1,Z_EU_Liq3_noDETG,1
FR0011648716,A1XA4J,Carbios S.A.,3C1,3C1,AU,6166,1,Z_EU_Liq2_TG,1
FR0011648971,A1XAEB,Quantum Genomics SAS,2QG,2QG,AU,6166,0,Z_EU_Liq3_noDETG,0
FR0011665280,A1XBG1,Figeac Aero S.A.,1F1,1F1,AU,6166,1,Z_EU_Liq3_noDETG,1
FR0011716265,A1XEH4,CROSSJECT S.A.,74C,74C,AU,6166,1,Z_EU_Liq2_TG,1
FR0011726835,A1XEHR,Gaztransport Technigaz SAS,9TG,9TG,AU,6166,1,Z_EU_Liq2_TG,1
FR0011776889,A2AJ6D,Umalis Group,UQ9,UQ9,AU,6166,0,Z_EU_Liq3_noDETG,0
FR0011858190,A1131S,Realites,2ZQ,2ZQ,AU,6166,1,Z_EU_Liq3_noDETG,1
FR0011884378,A117T7,Lucibel SA,6SA,6SA,AU,6166,0,Z_EU_Liq3_noDETG,0
FR0011898584,A2DVBJ,UV Germi S.A.,1NY,1NY,AU,6166,1,Z_EU_Liq3_noDETG,1
FR0011950682,A116CB,SergeFerrari Group S.A.,SFK,SFKG,AU,6166,1,Z_EU_Liq3_noDETG,1
FR0011950732,A115FW,Elior Group SCA,21E,21E,AU,6166,1,Z_EU_Liq2_TG,1
FR0011981968,A116LR,Worldline SA,WO6,WO6,AU,6166,0,Z_EU_Liq1_DETG,1
FR0011992700,A12AAH,Assistance Technique et Etudes de Materiels Electroniques S.A.,AYD,AYDG,AU,6166,1,Z_EU_Liq3_noDETG,1
FR0011995588,A1161Y,Voltalia S.A.,VLA,VLA,AU,6166,1,Z_EU_Liq3_noDETG,1
FR0012127173,A14QXP,OSE - Pharma S.A.,6OP,6OP,AU,6166,1,Z_EU_Liq2_TG,1
FR0012185536,A12FJM,Artéa S.A.,83U,83U,AU,6166,1,Z_EU_Liq3_noDETG,1
FR0012202497,A2AMFU,Diagnostic Medical Systems S.A.,DMS1,DMS1,AU,6166,1,Z_EU_Liq3_noDETG,1
FR0012333284,A14UQC,Abivax S.A.,2X1,2X1,AU,6166,1,Z_EU_Liq1_DETG,1
FR0012419307,A14NXK,Focus Home Interactive S.A.,0HF,0HF,AU,6166,1,Z_EU_Liq2_TG,1
FR0012432516,A14M04,Poxel S.A.,7PO,7PO,AU,6166,1,Z_EU_Liq3_noDETG,1
FR0012435121,A14M93,Elis S.A.,7EL,7EL,AU,6166,1,Z_EU_Liq2_TG,1
FR0012532810,A3C5KU,Waga Energy SA,0AV,0AV,AU,6166,1,Z_EU_Liq2_TG,1
FR0012596468,A14SVV,Sensorion S.A.,RFM,RFMG,AU,6166,1,Z_EU_Liq3_noDETG,1
FR0012612646,A14QF9,Groupe Partouche S.A.,PZ21,PZ21,AU,6166,1,Z_EU_Liq3_noDETG,1
FR0012613610,A2DQ77,Prodways Group S.A.,5PD,5PD,AU,6166,1,Z_EU_Liq3_noDETG,1
FR0012616852,A14QR9,Cerenis Therapeutics Holdings S.A.,609,609,AU,6166,1,Z_EU_Liq2_TG,1
FR0012634822,A3C7A5,MaaT Pharma S.A.,4RD,4RD,AU,6166,1,Z_EU_Liq3_noDETG,1
FR0012709160,A2PVJP,Uniti S.A.,15S,15S,AU,6166,1,Z_EU_Liq3_noDETG,1
FR0012757854,A14UTB,Spie S.A.,4SP,4SP,AU,6166,1,Z_EU_Liq2_TG,1
FR0012819381,A14VXU,Groupe Guillin S.A.,ZUY,ZUY,AU,6166,1,Z_EU_Liq3_noDETG,1
FR0012821890,A14V4C,AdUX S.A.,HJMA,HJMA,AU,6166,0,Z_EU_Liq3_noDETG,1
FR0012821916,A14V8U,Hipay Group S.A.,9LH,9LH,AU,6166,1,Z_EU_Liq3_noDETG,1
FR0012872141,A14XDG,Jacques Bogart SA,6XW,6XW,AU,6166,1,Z_EU_Liq3_noDETG,1
FR0012882389,A14XZH,Equasens S.A.,PHF,PHF,AU,6166,1,Z_EU_Liq2_TG,1
FR0013006558,A142R6,SRP Groupe S.A.,19R,19R,AU,6166,1,Z_EU_Liq3_noDETG,1
FR0013015583,A14Z92,Poulaillon S.A.,1DQ,1DQ,AU,6166,1,Z_EU_Liq3_noDETG,1
FR0013018124,A143G8,Nicox S.A.,NXOA,NXOA,AU,6166,1,Z_EU_Liq3_noDETG,1
FR0013030152,A2AA65,La Francaise de L'Energie S.A.,LFX,LFX,AU,6166,1,Z_EU_Liq2_TG,1
FR0013053535,A2ACHN,Miliboo S.A.,7X2,7X2,AU,6166,1,Z_EU_Liq3_noDETG,1
FR0013060100,A2AFKD,Immersion SA,64U,64U,AU,6166,1,Z_EU_Liq3_noDETG,1
FR0013079092,A2ACQC,WE Connect,77P,77P,AU,6166,1,Z_EU_Liq3_noDETG,1
FR0013143872,A2AGUC,WITBE,2B2,2B2,AU,6166,1,Z_EU_Liq3_noDETG,1
FR0013153541,A2AKJL,Maisons du Monde S.A.S,ZMM,ZMM,AU,6166,1,Z_EU_Liq2_TG,1
FR0013154002,A2AJKS,Sartorius Stedim Biotech S.A.,56S1,56S1,AU,6166,1,Z_EU_Liq1_DETG,1
FR0013155975,A2ALNH,La Savonnerie de Nyons,9VF,9VF,AU,6166,1,Z_EU_Liq3_noDETG,1
FR0013156007,A2AJ7M,Kerlink SA,344,344,AU,6166,1,Z_EU_Liq3_noDETG,1
FR0013176526,A2ALDB,Valeo SE,VSA2,VSA2,AU,6166,1,Z_EU_Liq2_TG,1
FR0013178712,A2AMCG,Cerinnov Group SA,92E,92EG,AU,6166,0,Z_EU_Liq3_noDETG,0
FR0013183985,A2ANGZ,Gensight Biologics S.A.,G49N,G49N,AU,6166,1,Z_EU_Liq3_noDETG,1
FR0013185857,A2ASR9,Abeo S.A.,4A8,4A8,AU,6166,1,Z_EU_Liq3_noDETG,1
FR0013214145,A2H5K5,SMCP S.A.S.,SFC,SFCG,AU,6166,1,Z_EU_Liq2_TG,1
FR0013227113,A2DKAC,Soitec S.A.,SOH1,SOH1,AU,6166,1,Z_EU_Liq1_DETG,1
FR0013230612,A2DMZM,Tikehau Capital S.C.A.,7TI,7TI,AU,6166,1,Z_EU_Liq3_noDETG,1
FR0013230950,A40V1B,LightOn,I63,I63,AU,6166,1,Z_EU_Liq2_TG,1
FR0013233012,A2DLV9,Inventiva S.A.,6IV,6IV,AU,6166,1,Z_EU_Liq1_DETG,1
FR0013240934,A2DVTN,Eurobio Scientific SA,E8TN,E8TN,AU,6166,1,Z_EU_Liq3_noDETG,1
FR0013252186,A2DNQP,Plastiques du Val de Loire S.A.,1R9,1R9,AU,6166,1,Z_EU_Liq3_noDETG,1
FR0013254851,A2DS5F,Valbiotis S.A,8JD,8JD,AU,6166,1,Z_EU_Liq3_noDETG,1
FR0013257409,A2DYZF,Cofidur S.A.,7ZW,7ZW,AU,6166,1,Z_EU_Liq3_noDETG,1
FR0013258399,A2DSXQ,Balyo S.A.,1BO,1BOG,AU,6166,1,Z_EU_Liq3_noDETG,1
FR0013258662,A2DSXM,Ayvens S.A.,3AL,3AL,AU,6166,1,Z_EU_Liq2_TG,1
FR0013266772,A2DVBK,Immo Blockchain S.A,QT5,QT5,AU,6166,1,Z_EU_Liq3_noDETG,1
FR0013269123,A2DUVQ,Rubis S.A.,BYNN,BYNN,AU,6166,1,Z_EU_Liq2_TG,1
FR0013280286,A2DXZH,BioMerieux,EYWN,EYWN,AU,6166,1,Z_EU_Liq2_TG,1
FR0013283108,A2DYPZ,Delta Plus Group S.A.,7E1,7E1,AU,6166,1,Z_EU_Liq3_noDETG,1
FR0013284627,A2H5VB,Adeunis SA,9D1,9D1,AU,6166,0,Null,1
FR0013286259,A2H6LX,Theranexus S.A.,3VG,3VG,AU,6166,1,Z_EU_Liq3_noDETG,1
FR0013295789,A2JSL8,TFF Group S.A.,5L1,5L1,AU,6166,1,Z_EU_Liq2_TG,1
FR0013296746,A2H8SU,Advicenne SA,3MM,3MM,AU,6166,1,Z_EU_Liq3_noDETG,1
FR0013308582,A3CNLG,Largo SA,2XH,2XH,AU,6166,1,Z_EU_Liq3_noDETG,1
FR0013310281,A2JGS9,OCTOPUS ROBOTS S.A.,OCR,OCR,AU,6166,0,Z_EU_Liq3_noDETG,0
FR0013318052,A2JQPR,Ordissimo S.A.,7LK,7LK,AU,6166,1,Z_EU_Liq3_noDETG,1
FR0013326246,A2JH5S,Unibail-Rodamco-Westfield SE,1BR1,1BR1,AU,6166,1,Z_EU_Liq1_DETG,1
FR0013330792,A2JM7Q,Enensys Technologies,20U,20U,AU,6166,1,Z_EU_Liq3_noDETG,1
FR0013331212,A2JMK3,Don't Nod Entertainment S.A.,RFV,RFV,AU,6166,1,Z_EU_Liq3_noDETG,1
FR0013333077,A3CRZT,CARVOLIX S.A.,0JZ,0JZ,AU,6166,1,Z_EU_Liq3_noDETG,1
FR0013333432,A2JLWC,Thermador Groupe S.A.,T8DA,T8DA,AU,6166,1,Z_EU_Liq3_noDETG,1
FR0013341781,A2JN55,2CRSI S.A.,52C,52C,AU,6166,1,Z_EU_Liq2_TG,1
FR0013344173,A2JQRU,Roche Bobois S.A.,5RO,5RO,AU,6166,1,Z_EU_Liq3_noDETG,1
FR0013345493,A2JQPS,BIO-UV Group SAS,4Y4,4Y4,AU,6166,1,Z_EU_Liq3_noDETG,1
FR0013356755,A2N7CL,Emova Group S.A.,2JV1,2JV1,AU,6166,1,Z_EU_Liq3_noDETG,1
FR0013357621,A2JSDZ,Wavestone S.A.,2WSA,2WSG,AU,6166,1,Z_EU_Liq3_noDETG,1
FR0013374667,A2N9LB,KKO International SA,5KI1,5KI1,AU,6166,1,Z_EU_Liq3_noDETG,1
FR0013379484,A2N8PV,Solutions 30 SE,30L3,30L3,AU,6166,1,Z_EU_Liq2_TG,1
FR0013384369,A2PAHY,Baikowski SAS,3BK,3BK,AU,6166,1,Z_EU_Liq3_noDETG,1
FR0013398997,A2PEV8,Arcure S.A.,340,340,AU,6166,1,Z_EU_Liq3_noDETG,1
FR0013399359,A2P86Q,Energisme SA,54Z,54Z,AU,6166,1,Z_EU_Liq3_noDETG,1
FR0013400835,A2PWP4,Mare Nostrum S.A.,6C0,6C0,AU,6166,1,Z_EU_Liq3_noDETG,1
FR0013406881,A2PN6S,CMG Cleantech S.A.,6PV,6PV,AU,6166,1,Z_noMM,0
FR0013419876,A2PLHP,Kumulus Vape S.A.,8E9,8E9,AU,6166,1,Z_EU_Liq3_noDETG,1
FR0013426004,A2PNDC,Claranova S.A.,BV51,BV51,AU,6166,1,Z_EU_Liq3_noDETG,1
FR0013429404,A2PNH1,Groupe Tera SA,GT2,GT2,AU,6166,1,Z_EU_Liq3_noDETG,1
FR0013439627,A3DNW9,Groupe OKWind,4QX,4QX,AU,6166,1,Z_EU_Liq3_noDETG,1
FR0013447729,A2PSEA,Verallia SA,1VRA,1VRA,AU,6166,1,Z_EU_Liq2_TG,1
FR0013451044,A2PTXS,Hoffmann Green Cement Technolo,0VW,0VW,AU,6166,1,Z_EU_Liq2_TG,1
FR0013451333,A2PU5K,FDJ United,1WE,1WE,AU,6166,1,Z_EU_Liq2_TG,1
FR0013452281,A2PVJS,Agripower France S.A.,9PS,9PS,AU,6166,1,Z_EU_Liq3_noDETG,0
FR0013455482,A2QEY8,Atland S.A.,8L9,8L9,AU,6166,1,Z_EU_Liq3_noDETG,1
FR0013462231,A2P2M9,MUNIC S.A.,MNS,MNSG,AU,6166,1,Z_EU_Liq3_noDETG,1
FR0013467479,A2PWZL,Constellium SE,3OK,3OK,AU,6166,1,Z_EU_Liq3_noDETG,0
FR0013470168,A2PXUH,Implanet SA,IM11,IM11,AU,6166,1,Z_EU_Liq3_noDETG,1
FR0013481835,A2PZ7S,Visiomed Group SA,7V91,7V91,AU,6166,1,Z_EU_Liq2_TG,1
FR0013482791,A2P0XB,Nacon S.A.,4AW,4AW,AU,6166,1,Z_EU_Liq2_TG,1
FR0013505062,A2P2HK,Vantiva S.A.,TNM2,TNM2,AU,6166,1,Z_EU_Liq3_noDETG,1
FR0013506730,A2P22Y,Vallourec S.A.,VACD,VACD,AU,6166,1,Z_EU_Liq2_TG,1
FR0013530102,A2QA55,AwoX S.A.,2AW1,2AW1,AU,6166,1,Z_EU_Liq3_noDETG,1
FR0013534617,A2QE58,Ecomiam S.A.,602,602,AU,6166,1,Z_EU_Liq3_noDETG,1
FR0014000MR3,A2QJCT,Eurofins Scientific S.E.,ESF0,ESF0,AU,6166,1,Z_EU_Liq1_DETG,1
FR0014000P11,A2QJ8C,Winfarm SA,6WW,6WW,AU,6166,1,Z_EU_Liq3_noDETG,1
FR0014000RP6,A2QJRR,Groupimo S.A.,9KL0,9KL0,AU,6166,1,Z_EU_Liq3_noDETG,1
FR0014001PM5,A2QNN5,Hydrogen-Refueling-Solutions SA,1FO,1FO,AU,6166,1,Z_EU_Liq2_TG,1
FR0014003711,A3CQ3Z,Obiz S.A.,2GD,2GD,AU,6166,1,Z_EU_Liq3_noDETG,1
FR0014003AQ4,A3CMR4,Soc de Produits Chimiques S.A.,9Z50,9Z50,AU,6166,1,Z_EU_Liq3_noDETG,1
FR0014003J32,A3CRZU,nam.R S.A.,8GQ,8GQ,AU,6166,0,Z_EU_Liq3_noDETG,0
FR0014003T71,A3CSTG,Omer - Decugis & Cie S.A.,0VC,0VC,AU,6166,1,Z_EU_Liq3_noDETG,1
FR0014003TT8,A3CRC5,Dassault Systemes SE,DSYA,DSYA,AU,6166,1,Z_EU_Liq1_DETG,1
FR0014003U94,A3CSFJ,Aramis Group SAS,6T6,6T6,AU,6166,1,Z_EU_Liq2_TG,1
FR0014003V77,A3DGYT,Airwell Distribution S.A.S.,Z20,Z20,AU,6166,1,Z_EU_Liq3_noDETG,1
FR0014003VY4,A3CS48,Hydrogene De France,9QW,9QW,AU,6166,1,Z_EU_Liq3_noDETG,1
FR0014003XT0,A3CTQ0,NFL Biosciences S.A.,82F,82F,AU,6166,1,Z_EU_Liq3_noDETG,1
FR0014004339,A3CY48,E-Pango S.A.,8SA,8SA,AU,6166,1,Z_EU_Liq3_noDETG,1
FR0014004362,A3C4P7,Entech SE,0AS,0AS,AU,6166,1,Z_EU_Liq3_noDETG,1
FR00140043Y1,A3CT8Y,Spartoo S.A.S.,7ZP,7ZP,AU,6166,1,Z_EU_Liq3_noDETG,1
FR00140048X2,A3CVR6,Ikonisys SA,9W8,9W8,AU,6166,0,Z_EU_Liq3_noDETG,0
FR0014004974,A3CU5X,Enogia SAS,7BZ,7BZ,AU,6166,1,Z_EU_Liq3_noDETG,1
FR0014004EC4,A3CVFJ,Précia S.A.,P1E0,P1E0,AU,6166,1,Z_EU_Liq3_noDETG,1
FR0014004L86,A3C9Y0,Dassault Aviation S.A.,DAU0,DAU0,AU,6166,1,Z_EU_Liq2_TG,1
FR0014004QR6,A3CVHY,Cybergun S.A.,8CY,8CY,AU,6166,0,Z_EU_Liq3_noDETG,0
FR00140059B5,A3C5FU,Audacia SA,2JA,2JA,AU,6166,1,Z_EU_Liq3_noDETG,1
FR0014005AC9,A3C29M,AFYREN SAS,90N,90N,AU,6166,1,Z_EU_Liq2_TG,1
FR0014005AL0,A3C3AG,Antin Infrastructure Partners SAS,8ZU,8ZU,AU,6166,1,Z_EU_Liq2_TG,1
FR0014005HJ9,A3C45N,OVH GROUPE S.A.S.,7U7,7U7,AU,6166,1,Z_EU_Liq2_TG,1
FR0014005I80,A3DJVB,S.M.A.I.O. S.A.,G3O,G3O,AU,6166,1,Z_EU_Liq3_noDETG,1
FR0014005SB3,A3C5NE,Forsee Power S.A.S.,4OY,4OY,AU,6166,1,Z_EU_Liq3_noDETG,1
FR0014005ZM5,A3C8TP,Grolleau SA,30U,30U,AU,6166,1,Z_EU_Liq3_noDETG,1
FR00140062B9,A3C9C9,Toosla SACA,W6Q,W6Q,AU,6166,1,Z_EU_Liq3_noDETG,1
FR00140066X4,A3DE95,Metavisio S.A.,Y2Z,Y2Z,AU,6166,1,Z_EU_Liq3_noDETG,1
FR0014007LQ2,A3DFA4,Hunyvers S.A.,F6Q,F6Q,AU,6166,1,Z_EU_Liq3_noDETG,1
FR0014007LW0,A3DV9T,Crypto Blockchain Industries,7DO0,7DO0,AU,6166,1,Z_EU_Liq2_TG,1
FR0014007ND6,A3DEJR,Haffner Energy S.A.,X1B,X1B,AU,6166,1,Z_EU_Liq3_noDETG,1
FR0014007ZB4,A3DE66,Aelis Farma SA,69O,69O,AU,6166,1,Z_EU_Liq3_noDETG,1
FR0014008VX5,A3DJQ8,EuroAPI SAS,940,940,AU,6166,1,Z_EU_Liq2_TG,1
FR0014009YQ1,A3DK4Z,LHYFE S.A.,F1B,F1B,AU,6166,1,Z_EU_Liq2_TG,1
FR001400A3Q3,A3DQA9,ICAPE HOLDING,Z8J,Z8J,AU,6166,1,Z_EU_Liq3_noDETG,1
FR001400AEM6,A3DP0F,fill up media S.A.S.,X3D,X3D,AU,6166,1,Z_EU_Liq3_noDETG,1
FR001400AHX6,A3DL82,ABL Diagnostics S.A.,9BK0,9BK0,AU,6166,1,Z_EU_Liq3_noDETG,1
FR001400AJ45,A3DL84,Cie Génle Éts Michelin SCpA,MCHA,MCHAG,AU,6166,1,Z_EU_Liq1_DETG,1
FR001400AJ60,A3DQCT,Charwood Energy,L5Q,L5Q,AU,6166,1,Z_EU_Liq3_noDETG,1
FR001400AJZ7,A3DNDZ,Broadpeak SA,J73,J73,AU,6166,1,Z_EU_Liq3_noDETG,1
FR001400AXT1,A3EQSP,Vinpai S.A.,J7Y,J7Y,AU,6166,1,Z_EU_Liq3_noDETG,1
FR001400AYG6,A3DQHC,I2PO S.A.,L0A,L0A,AU,6166,1,Z_EU_Liq3_noDETG,1
FR001400B4H9,A3G0SV,Pierre et Vacances S.A.,,VACBSt,AU,6166,1,Z_EU_Liq3_noDETG,1
FR001400BMH7,A3DRSF,Teract,6O8,6O8,AU,6166,1,Z_EU_Liq3_noDETG,1
FR001400CFI7,A3DWF6,Avenir Telecom S.A.,AW5,AW5,AU,6166,1,Z_EU_Liq3_noDETG,1
FR001400CM63,A3DVNM,Oncodesign Precision Medicine S.A.,ZR8,ZR8,AU,6166,1,Z_EU_Liq3_noDETG,1
FR001400DIY6,A3D2C4,Cabasse S.A.,LB0,LB0,AU,6166,1,Z_EU_Liq3_noDETG,1
FR001400F2Z1,A3D6S3,Lepermislibre S.A.,I5T,I5T,AU,6166,1,Z_EU_Liq3_noDETG,1
FR001400GO75,A3D9Z5,Florentaise SA,QR0,QR0,AU,6166,1,Z_EU_Liq3_noDETG,1
FR001400H2X4,A3D69Y,Delta Drone S.A.,1DD,1DD,AU,6166,1,Z_EU_Liq3_noDETG,1
FR001400H3A0,A3EF01,Mon Courtier Energie Groupe,O4Z,O4Z,AU,6166,1,Z_EU_Liq3_noDETG,1
FR001400IE67,A3EJFQ,MyHotelMatch S.A.,6GD0,6GD0,AU,6166,1,Z_EU_Liq3_noDETG,1
FR001400IUV6,A3ENLU,Osmosun S.A.,V05,V05,AU,6166,1,Z_EU_Liq3_noDETG,1
FR001400J770,A3EJGH,Air France-KLM S.A.,AFR0,AFR0,AU,6166,1,Z_EU_Liq1_DETG,1
FR001400JWR8,A3EVME,Arverne Group S.A.,5H1,5H1_p,AU,6166,1,-,1
FR001400JY13,A3EJHQ,Latécoère S.A.,12J0,12J0,AU,6166,1,Z_EU_Liq3_noDETG,1
FR001400KO61,A3EUNY,Archos S.A.,AYH,AYH,AU,6166,1,Z_EU_Liq3_noDETG,1
FR001400LO86,A3E2CR,DBT S.A.,4Y50,4Y50,AU,6166,0,Z_EU_Liq3_noDETG,1
FR001400M1R1,A3E2CS,Geci International S.A.,G8C0,G8C0,AU,6166,1,Z_EU_Liq3_noDETG,1
FR001400MDW2,A3E4JL,STIF SAS,D08,D08,AU,6166,1,Z_EU_Liq2_TG,1
FR001400N2P2,A400E3,Spineway,37S,37S,AU,6166,1,Z_EU_Liq3_noDETG,1
FR001400NLM4,A403M5,Orpea,OPA1,OPA1,AU,6166,1,Z_EU_Liq2_TG,1
FR001400OKR3,A40CWP,"Casino, Guichard-Perrachon S.A.",CAJ1,CAJ1,AU,6166,1,Z_EU_Liq2_TG,1
FR001400OLP5,A403QV,Biophytis S.A.,6XB3,6XB3,AU,6166,1,Z_EU_Liq3_noDETG,1
FR001400PFU4,A40B0L,Planisware,Z421,Z421,AU,6166,1,Z_EU_Liq2_TG,1
FR001400PVN6,A40H3F,Viridien S.A.,GDG,GDGG,AU,6166,1,Z_EU_Liq2_TG,1
FR001400Q9V2,A40F75,Exosens,H8Y,H8Y,AU,6166,1,Z_EU_Liq2_TG,1
FR001400RIB4,A4AH23,Tonner Drones S.A.,,TDBS,AU,6166,1,Z_EU_Liq3_noDETG,1
FR001400SA10,A40P0F,Solocal Group,QS30,QS30,AU,6166,1,Z_EU_Liq3_noDETG,1
FR001400SF56,A40QVN,Societe LDC S.A.,LC4,LC4G,AU,6166,1,Z_EU_Liq2_TG,1
FR001400SP13,A40P0Q,Dolfines S.A.,JPZ,JPZ,AU,6166,1,Z_EU_Liq3_noDETG,1
FR001400SU99,A40P3C,Financière Moncey S.A.,96Q0,96Q0,AU,6166,1,Z_EU_Liq3_noDETG,1
FR001400SUB7,A40P3D,Compagnie du Cambodge SA,7IW0,7IW0,AU,6166,1,Z_EU_Liq3_noDETG,1
FR001400SVN0,A40P4Q,Drone Volt Saca S.A.C.,2DV0,2DV0,AU,6166,1,Z_EU_Liq2_TG,1
FR001400T0D6,A40UCY,Canal+ S.A.,YA3,YA3,AU,6166,1,Z_EU_Liq2_TG,1
FR001400TL40,A40V35,Louis Hachette Group,CW3,CW3,AU,6166,1,Z_EU_Liq2_TG,1
FR001400U4P9,A40WZA,Odyssee Technologies .A.,V4Y,V4Y,AU,6166,1,Z_EU_Liq3_noDETG,1
FR001400X2S4,A411MH,Atos SE,AXI1,AXI1,AU,6166,1,Z_EU_Liq2_TG,1
FR001400ZU25,A41AHG,Safe S.A.,OR9,OR9,AU,6166,1,Z_EU_Liq3_noDETG,1
FR0014010856,A41BPL,Neovacs S.A.,0LW0,0LW0G,AU,6166,1,Z_EU_Liq3_noDETG,1
FR0014010H01,A41CD8,Semco Technologies SAS,F2Z,F2Z,AU,6166,1,Z_EU_Liq2_TG,1
FR0014010YR7,A41H70,Vergnet S.A.,VRQ0,VRQ0,AU,6166,0,Z_EU_Liq3_noDETG,0
FR0014011O84,A41DG7,Acheter-Louer.fr S.A.,2ZT1,2ZT1,AU,6166,1,Z_EU_Liq3_noDETG,1
FR0014011QJ8,A41HNM,Europlasma S.A.,1EZ0,1EZ0,AU,6166,1,Z_EU_Liq3_noDETG,1
FR0014013HG9,A41TQH,Lucibel SA,6SA0,6SA0,AU,6166,1,Z_noMM,1
FR00140140W9,A4AQUF,Mauna Kea Technologies,,MKTBS,AU,6166,1,Z_EU_Liq3_noDETG,1
FR00140153G5,A4205N,Boostheat SAS,3QK1,3QK1,AU,6166,1,Z_EU_Liq3_noDETG,0
GA0000121459,852437,Total Gabon S.A.,RZW,RZW,AQ,6166,1,Z_EU_Liq3_noDETG,1
GB0000055888,876004,Acal PLC,9A5,9A5,AP,6166,1,Z_EU_Liq3_noDETG,0
GB0000060532,931062,Netcall PLC,NEW,NETC,AP,6166,1,Z_EU_Liq3_noDETG,0
GB0000066554,904647,Aberforth Smaller Companies Trust PLC,0KJ,0KJ,AP,6166,1,Z_EU_Liq3_noDETG,0
GB0000075845,A0RGBA,Adnams PLC,Q7O,Q7O,AP,6166,1,Z_noMM,0
GB0000163088,905381,Speedy Hire PLC,5HN,5HN,AP,6166,1,Z_EU_Liq3_noDETG,0
GB0000197722,592571,European Opportunities Trust PLC,4ZY,4ZY,AP,6166,1,Z_EU_Liq3_noDETG,0
GB0000280353,907523,Alumasc Group PLC,0JL,0JL,AP,6166,1,Z_EU_Liq3_noDETG,0
GB0000456144,867578,Antofagasta PLC,FG1,ANTO,AP,6166,1,Z_EU_Liq2_TG,1
GB0000600931,938752,Braemar Shipping Services PLC,5K9,5K9,AP,6166,1,Z_EU_Liq3_noDETG,0
GB0000667013,854768,Avon Rubber PLC,1OK,1OK,AP,6166,1,Z_EU_Liq3_noDETG,0
GB0000811801,859551,Barratt Developments PLC,3BA,BDEV,AP,6166,1,Z_EU_Liq2_TG,1
GB0000904986,869646,Bellway PLC,41B,BWY,AP,6166,1,Z_EU_Liq2_TG,1
GB0000961622,855539,Balfour Beatty PLC,BIH,BALF,AP,6166,1,Z_EU_Liq3_noDETG,0
GB0001110096,579006,Henry Boot PLC,0KH,0KH,AP,6166,1,Z_EU_Liq3_noDETG,0
GB0001351955,603036,D4t4 Solutions PLC,5H9,5H9,AP,6166,1,Z_EU_Liq3_noDETG,0
GB0001367019,852556,The British Land Co. PLC,BLD,BLND,AP,6166,1,Z_EU_Liq2_TG,1
GB0001500809,591219,Tullow Oil PLC,TQW,TLW,AP,6166,1,Z_EU_Liq2_TG,1
GB0001570810,911961,Xaar PLC,XAR,XAR,AP,6166,1,Z_EU_Liq3_noDETG,0
GB0001602944,868706,CML Microsystems PLC,92M,92M,AP,6166,1,Z_EU_Liq3_noDETG,0
GB0001638955,885372,Wetherspoon (J D),0QW,0QW,AP,6166,1,Z_EU_Liq3_noDETG,0
GB0001646941,A0Q7CY,Eden Research PLC,9T7,9T7,AP,6166,1,Z_EU_Liq3_noDETG,0
GB0001667087,865930,Camellia PLC,CMF,CMFG,AP,6166,1,Z_EU_Liq3_noDETG,0
GB0001751915,872295,CARCLO PLC,C1Y,C1Y,AP,6166,0,Z_EU_Liq3_noDETG,0
GB0001771426,914199,accesso Technology Group PLC,LQG,LQG,AP,6166,1,Z_EU_Liq3_noDETG,0
GB0001795680,935246,Castings PLC,9Z9,9Z9,AP,6166,1,Z_noMM,0
GB0001826634,930196,Diploma PLC,DP9,DP9,AP,6166,1,Z_EU_Liq2_TG,1
GB0001859296,911164,Bovis Homes Group PLC,44B,BVS,AP,6166,1,Z_EU_Liq2_TG,1
GB0001961035,928847,Churchill China PLC,EQW,EQW,AP,6166,1,Z_noMM,0
GB0001990497,907637,City of London Investment Trust PLC,CLN,CTY,AP,6166,1,Z_EU_Liq3_noDETG,0
GB0002018363,872503,Clarkson PLC,1DH,1DH1,AP,6166,1,Z_EU_Liq3_noDETG,0
GB0002074580,762548,Genus PLC,GBE,GENS,AP,6166,1,Z_EU_Liq3_noDETG,1
GB0002183191,929339,Concurrent Technologies PLC,FJV,FJVG,AP,6166,1,Z_EU_Liq3_noDETG,0
GB0002235736,A0B97V,Coral Products PLC,0EN,0EN,AP,6166,1,Z_EU_Liq3_noDETG,0
GB0002259116,911933,Gooch & Housego PLC,GPL,GHH,AP,6166,1,Z_EU_Liq3_noDETG,0
GB0002318888,882401,Cranswick PLC,0U6,0U6,AP,6166,1,Z_EU_Liq3_noDETG,0
GB0002341666,875658,Creightons PLC,5K8,5K8,AP,6166,1,Z_EU_Liq3_noDETG,0
GB0002346053,A0DJ5X,James Cropper PLC,6JC,6JC,AP,6166,1,Z_EU_Liq3_noDETG,0
GB0002374006,851247,Diageo PLC,GUI,DGE,AP,6166,1,Z_EU_Liq1_DETG,1
GB0002418548,912541,Elementis PLC,E3E,ELML,AP,6166,1,Z_EU_Liq3_noDETG,0
GB0002634946,866131,BAE SYSTEMS PLC,BSP,BAES,AP,6166,1,Z_EU_Liq1_DETG,1
GB0002652740,897679,Derwent London PLC,DVK,DLN,AP,6166,1,Z_EU_Liq3_noDETG,1
GB0002869419,539971,Big Yellow Group PLC,B9Y,BYG,AP,6166,1,Z_EU_Liq3_noDETG,1
GB0002875804,916018,British American Tobacco PLC,BMT,BATS,AP,6166,1,Z_EU_Liq1_DETG,1
GB0002892528,157713,Surface Transforms PLC,XE4,XE4,AP,6166,0,Z_EU_Liq3_noDETG,0
GB0002998192,675545,Idox PLC,LWL,LWL1,AP,6166,1,Z_EU_Liq3_noDETG,0
GB0003061511,876078,Walker Greenbank PLC,5H7,5H7,AP,6166,1,Z_EU_Liq3_noDETG,0
GB0003081246,919028,Eleco PLC,5H3,5H3,AP,6166,1,Z_EU_Liq3_noDETG,0
GB0003096442,862727,Electrocomponents PLC,ECN,ECNG,AP,6166,1,Z_EU_Liq2_TG,1
GB0003104196,935051,Proteome Sciences PLC,PI2,PRM,AP,6166,1,Z_EU_Liq3_noDETG,0
GB0003287249,912553,Intercede Group PLC,LYD,LYDG,AP,6166,1,Z_EU_Liq3_noDETG,0
GB0003362992,897725,Filtronic PLC,FTI,FTC,AP,6166,1,Z_EU_Liq3_noDETG,0
GB0003395000,871184,James Fisher and Sons PLC,6FJ,6FJ,AP,6166,1,Z_EU_Liq3_noDETG,0
GB0003450359,891669,JPMorgan Indian Invt Trust PLC,3J8,JII,AP,6166,1,Z_EU_Liq3_noDETG,0
GB0003452173,896516,Firstgroup PLC,FGR,FGP,AP,6166,1,Z_EU_Liq2_TG,1
GB0003466074,874698,Foreign & Colonial Investment Trust PLC,0XW,0XW,AP,6166,1,Z_EU_Liq3_noDETG,0
GB0003656021,883229,Baillie Gifford Ch. Growth Tr,WJ1,WJ1,AP,6166,1,Z_EU_Liq3_noDETG,0
GB0003718474,900512,Games Workshop Group PLC,G7W,G7W,AP,6166,1,Z_EU_Liq2_TG,1
GB0003781050,A0B60R,Goodwin PLC,GDW,GDW,AP,6166,1,Z_EU_Liq3_noDETG,0
GB0004052071,865047,HALMA PLC,H11,HLMA,AP,6166,1,Z_EU_Liq2_TG,1
GB0004082847,859123,Standard Chartered PLC,STD,STAN,AP,6166,1,Z_EU_Liq1_DETG,1
GB0004126057,762554,Ebiquity PLC,YO4,EBQ,AP,6166,1,Z_EU_Liq3_noDETG,0
GB0004161021,881825,Hays PLC,HAY,HAYS,AP,6166,1,Z_EU_Liq3_noDETG,1
GB0004182506,912448,The Hevitree Brewery PLC,HVQ,HVQ,AP,6166,1,Z_noMM,0
GB0004270301,608307,Hill & Smith Holdings PLC,7HL,7HL,AP,6166,1,Z_EU_Liq3_noDETG,0
GB0004281639,912567,Iomart Group PLC,LYU,LYU,AP,6166,1,Z_EU_Liq3_noDETG,0
GB0004300496,913531,Pan African Resources PLC,RTZ,PAFR,AP,6166,1,Z_EU_Liq2_TG,0
GB0004339189,905326,Celtic PLC,CCP,CCP,AP,6166,1,Z_EU_Liq3_noDETG,0
GB0004478896,867085,Hunting PLC,0YT,0YT,AP,6166,1,Z_EU_Liq3_noDETG,0
GB0004495403,A12CG2,Hydro Hotel Eastbourne PLC,3WP,3WP,AP,6166,1,Z_noMM,0
GB0004526900,912554,IG Design Group PLC,LYG,LYGG,AP,6166,1,Z_EU_Liq3_noDETG,0
GB0004536594,905598,Advanced Medical Solutions Group PLC,AQA,AMSU,AP,6166,1,Z_EU_Liq3_noDETG,0
GB0004544929,903000,Imperial Brands PLC,ITB,IMT,AP,6166,1,Z_EU_Liq1_DETG,1
GB0004657408,864585,Mitie Group PLC,MZ4,MTO,AP,6166,1,Z_EU_Liq3_noDETG,0
GB0004740477,935959,Blackbird PLC,FBD,FBT,AP,6166,1,Z_EU_Liq3_noDETG,0
GB0004762810,864483,Johnson Service Group PLC,5K7,5K7,AP,6166,1,Z_EU_Liq3_noDETG,0
GB0004866223,890808,Keller Group PLC,01K,KLR,AP,6166,1,Z_EU_Liq3_noDETG,0
GB0004905260,912542,Impax Asset Management Group PLC,LW4,LW4,AP,6166,1,Z_EU_Liq3_noDETG,0
GB0004915632,918585,Kier Group PLC,10I,10I,AP,6166,1,Z_EU_Liq3_noDETG,0
GB0005359004,864291,Renew Holdings PLC,LLP,LLP,AP,6166,1,Z_EU_Liq3_noDETG,0
GB0005405286,923893,HSBC Holdings PLC,HBC1,HSBA,AP,6166,1,Z_EU_Liq1_DETG,1
GB0005518872,905201,Macfarlane Group PLC,5K6,5K6,AP,6166,1,Z_EU_Liq3_noDETG,0
GB0005576813,884600,Howden Joinery Group PLC,10J,HWDN,AP,6166,1,Z_EU_Liq2_TG,1
GB0005603997,851584,Legal & General Group PLC,LGI,LGEN,AP,6166,1,Z_EU_Liq1_DETG,1
GB0005630420,913631,Mears Group PLC,MM7,MM7,AP,6166,1,Z_EU_Liq2_TG,1
GB0005746358,896261,McBride PLC,10W,10W,AP,6166,1,Z_EU_Liq3_noDETG,0
GB0005774855,889250,BlackRock World Mining Trust PLC,14F,14F,AP,6166,1,Z_EU_Liq3_noDETG,0
GB0005957005,865031,MS International PLC,6QK,6QK,AP,6166,1,Z_EU_Liq3_noDETG,0
GB0006027295,857412,Morgan Advanced Materials PLC,MGJ,MGCR,AP,6166,1,Z_EU_Liq3_noDETG,0
GB0006094303,900941,Mulberry Group PLC,MUY,MUY,AP,6166,1,Z_EU_Liq3_noDETG,0
GB0006215205,888871,Mobico Group PLC,3NA,3NA,AP,6166,1,Z_EU_Liq3_noDETG,0
GB0006389398,895696,Nichols PLC,NRV,NRV,AP,6166,1,Z_EU_Liq3_noDETG,0
GB0006449366,871733,Anglo Pacific Group PLC,HGR,APFA,AP,6166,1,Z_EU_Liq2_TG,1
GB0006523608,913250,NWF Group PLC,NYY,NYY,AP,6166,1,Z_EU_Liq3_noDETG,0
GB0006640972,916232,4imprint Group PLC,IMW,FOUR,AP,6166,1,Z_EU_Liq3_noDETG,0
GB0006650450,868366,Oxford Instruments PLC,OX3,OXIG,AP,6166,1,Z_EU_Liq3_noDETG,0
GB0006731235,920876,Associated British Foods PLC,AFO1,ABF,AP,6166,1,Z_EU_Liq2_TG,1
GB0006776081,858266,Pearson PLC,PES,PSON,AP,6166,1,Z_EU_Liq1_DETG,1
GB0006825383,882058,Persimmon PLC,OHP,PSN,AP,6166,1,Z_EU_Liq2_TG,1
GB0006870611,914859,GB Group PLC,0GB,0GB,AP,6166,1,Z_EU_Liq3_noDETG,0
GB0006928617,634811,Unite Group PLC,U1B,UTG,AP,6166,1,Z_EU_Liq2_TG,1
GB0007099541,852069,Prudential PLC,PRU,PRU,AP,6166,1,Z_EU_Liq1_DETG,1
GB0007156838,877460,Synectics PLC,RNR,QDG,AP,6166,1,Z_EU_Liq3_noDETG,0
GB0007188757,852147,Rio Tinto PLC,RIO1,RIO,AP,6166,1,Z_EU_Liq1_DETG,1
GB0007323586,868884,Renishaw PLC,REW,RSW,AP,6166,1,Z_EU_Liq2_TG,1
GB0007366395,878204,RIT Capital Partners PLC,1IH,1IH,AP,6166,1,Z_EU_Liq3_noDETG,0
GB0007538100,868448,M.P. Evans Group PLC,NYP,NYP,AP,6166,1,Z_EU_Liq3_noDETG,0
GB0007655037,A0BKSX,S & U PLC,97V,97V,AP,6166,1,Z_EU_Liq3_noDETG,0
GB0007668071,874082,Close Brothers Group PLC,CS3,CBRO,AP,6166,1,Z_EU_Liq3_noDETG,0
GB0007669376,888460,St. James's Place PLC,1IV,1IV,AP,6166,1,Z_EU_Liq2_TG,1
GB0007908733,881905,SSE PLC,SCT,SSE,AP,6166,1,Z_EU_Liq1_DETG,1
GB0007922338,936286,Arbuthnot Banking Group PLC,RX2,ARBB,AP,6166,1,Z_noMM,0
GB0007958233,852271,Senior plc,1JD,1JD,AP,6166,1,Z_EU_Liq3_noDETG,0
GB0007973794,899328,Serco Group PLC,SEO,SRP,AP,6166,1,Z_EU_Liq2_TG,1
GB0007980591,850517,BP PLC,BPE5,BP,AP,6166,1,Z_EU_Liq1_DETG,1
GB0008025412,888153,SIG PLC,QIG,SHI,AP,6166,1,Z_EU_Liq3_noDETG,0
GB0008085614,936287,Morgan Sindall Group PLC,0KN,0KN,AP,6166,1,Z_EU_Liq3_noDETG,0
GB0008237132,912105,Solid State PLC,OUY,OUY,AP,6166,1,Z_EU_Liq3_noDETG,0
GB0008475088,502815,Robert Walters PLC,RBW,RWA,AP,6166,1,Z_EU_Liq3_noDETG,0
GB0008481250,854667,Photo-Me International,PHQ,PHTM,AP,6166,0,Z_EU_Liq2_TG,1
GB0008497975,A0KEXA,Minoan Group PLC,61T,61T,AP,6166,0,Z_EU_Liq3_noDETG,0
GB0008659202,912151,Sutton Harbour Group PLC,XN5,XN5,AP,6166,1,Z_noMM,0
GB0008706128,871784,Lloyds Banking Group PLC,LLD,LLOY,AP,6166,1,Z_EU_Liq1_DETG,1
GB0008711763,881799,TT Electronics PLC,7TT,7TT,AP,6166,1,Z_EU_Liq3_noDETG,0
GB0008782301,852015,Taylor Wimpey PLC,TWW,TW,AP,6166,1,Z_EU_Liq2_TG,1
GB0008794710,762555,Telecom Plus PLC,T8T,TEP,AP,6166,1,Z_EU_Liq3_noDETG,0
GB0008854563,794368,Tertiary Minerals PLC,TMU,TYM,AP,6166,1,Z_EU_Liq3_noDETG,0
GB0008883927,931901,Trifast PLC,25D,25D,AP,6166,1,Z_EU_Liq3_noDETG,0
GB0008910779,A0RG1C,Daniel Thwaites PLC,7KW,7KW,AP,6166,1,Z_EU_Liq3_noDETG,0
GB0008941402,A0DPH4,Titon Holdings PLC,96E,96E,AP,6166,1,Z_noMM,0
GB0008976119,913633,The Character Group PLC,CG4,CG4,AP,6166,1,Z_EU_Liq3_noDETG,0
GB0009035741,900444,Triad Group PLC,TD8,TRD,AP,6166,1,Z_EU_Liq3_noDETG,0
GB0009039941,885738,Reach PLC,MRR,TNI,AP,6166,1,Z_EU_Liq2_TG,1
GB0009188797,873350,Avingtrans PLC,DZR,DZR,AP,6166,1,Z_EU_Liq3_noDETG,0
GB0009223206,502816,Smith & Nephew PLC,NPW1,SN,AP,6166,1,Z_EU_Liq1_DETG,1
GB0009292243,898554,Victrex PLC,1OY,1OY,AP,6166,1,Z_EU_Liq3_noDETG,1
GB0009390070,896733,Volex PLC,64K,64K,AP,6166,1,Z_EU_Liq2_TG,0
GB0009465807,857968,The Weir Group PLC,42W,WEIR,AP,6166,1,Z_EU_Liq2_TG,1
GB0009589168,633815,Symphony Plastic Techs PLC,XP7,SYMU,AP,6166,1,Z_EU_Liq3_noDETG,0
GB0009692319,913825,Wilmington PLC,WI6,WI6,AP,6166,1,Z_noMM,0
GB0009697037,877431,Babcock International Group PLC,BW3,BAB,AP,6166,1,Z_EU_Liq2_TG,1
GB0009737155,911547,PCI Pal PLC,FVA,FVA,AP,6166,1,Z_EU_Liq3_noDETG,0
GB0009895292,886455,AstraZeneca PLC,ZEG,AZN,AP,6166,1,Z_EU_Liq1_DETG,1
GB0009896605,902407,Zotefoams PLC,23Z,23Z,AP,6166,1,Z_EU_Liq3_noDETG,0
GB0022569080,915119,Amdocs Ltd.,AOS,DOX,AC,6166,1,Z_USA_Liq2_TG,0
GB0030026057,929977,Next Fifteen Communications Group PLC,8LS,8LS,AP,6166,1,Z_EU_Liq3_noDETG,0
GB0030181522,626538,Tribal Group PLC,T3G,T3G,AP,6166,1,Z_EU_Liq3_noDETG,0
GB0030232317,658848,PageGroup PLC,3MI,MPI,AP,6166,1,Z_EU_Liq3_noDETG,0
GB0030312788,693492,Oxford Metrics PLC,RNI,RNI,AP,6166,1,Z_EU_Liq3_noDETG,0
GB0030426455,693533,Ironveld PLC,NYJ,NYJ,AP,6166,0,Z_EU_Liq3_noDETG,0
GB0030913577,794796,BT Group PLC,BTQ,BT,AP,6166,1,Z_EU_Liq2_TG,1
GB0030927254,912703,ASOS PLC,DYQ,DYQ,AP,6166,1,Z_EU_Liq2_TG,1
GB0031215220,120071,Carnival PLC,POH1,CCL,AP,6166,1,Z_EU_Liq1_DETG,1
GB0031232498,A0EALR,Impax Environmental Markets PLC,1QR,1QR,AP,6166,1,Z_EU_Liq3_noDETG,0
GB0031274896,534418,Marks & Spencer Group PLC,MA6,MKS,AP,6166,1,Z_EU_Liq2_TG,1
GB0031348658,850403,Barclays PLC,BCY,BARC,AP,6166,1,Z_EU_Liq1_DETG,1
GB0031410581,912537,Image Scan Holdings PLC,LWN,LWN,AP,6166,1,Z_EU_Liq3_noDETG,0
GB0031429219,889113,Law Debenture Corp PLC,1R4,1R4,AP,6166,1,Z_EU_Liq3_noDETG,0
GB0031509804,622434,EKF Diagnostics Holdings PLC,LYF,EKF,AP,6166,1,Z_EU_Liq3_noDETG,0
GB0031638363,633526,Intertek Group PLC,IT1,ITRK,AP,6166,1,Z_EU_Liq2_TG,1
GB0031743007,691197,Burberry Group PLC,BB2,BRBY,AP,6166,1,Z_EU_Liq2_TG,1
GB0031775819,813713,Regal Petroleum PLC,RHN,RPT,AP,6166,1,Z_EU_Liq3_noDETG,0
GB0031852162,912589,Jubilee Metals Group PLC,JI5,JLP,AP,6166,1,Z_EU_Liq3_noDETG,0
GB0032036807,135655,Eco Animal Health Group PLC,LWA,EAH,AP,6166,1,Z_EU_Liq3_noDETG,0
GB0032089863,779551,NEXT PLC,NXG,NXT,AP,6166,1,Z_EU_Liq2_TG,1
GB0032164732,165408,JPMorgan Russian Securities,1JR,1JR,AP,6166,0,Z_noMM,0
GB0032350695,A1C7WL,Animalcare Group PLC,WQ7,WQ7,AP,6166,1,Z_noMM,0
GB0032398678,912588,Judges Scientific PLC,IUF,IUF,AP,6166,1,Z_EU_Liq3_noDETG,0
GB0032706284,A0NEEB,Chapel Down Group PLC,1U6,1U6,AP,6166,1,Z_EU_Liq3_noDETG,0
GB0033057794,812820,Dialight PLC,3HQ,3HQ,AP,6166,1,Z_EU_Liq3_noDETG,0
GB0033147751,460093,Bloomsbury Publishing PLC,5JZ,5JZ,AP,6166,1,Z_EU_Liq3_noDETG,0
GB0033195214,812861,Kingfisher PLC,KFI1,KGF,AP,6166,1,Z_EU_Liq1_DETG,1
GB0033278473,911670,Futura Medical PLC,GYX,FUM,AP,6166,1,Z_EU_Liq3_noDETG,0
GB0033711010,A0BMC4,ImmuPharma PLC,25I,25I,AP,6166,1,Z_EU_Liq3_noDETG,0
GB0033881904,A0B6UC,Immedia Group PLC,LWW,LWW,AP,6166,0,Z_EU_Liq3_noDETG,0
GB0033986497,A0BLQP,ITV PLC,IJ7,ITV,AP,6166,1,Z_EU_Liq2_TG,1
GB0034212331,A0B6T0,Wynnstay Group PLC,80Y,80Y,AP,6166,1,Z_EU_Liq3_noDETG,0
GB00B00FPT80,A0B9NW,Chesnara PLC,6DE,6DE,AP,6166,1,Z_EU_Liq2_TG,0
GB00B00K4418,A0B6TW,Robinson PLC,RSV,RSVG,AP,6166,1,Z_EU_Liq3_noDETG,0
GB00B00KV284,A0CA7J,GCM Resources PLC,LFD,LFD,AP,6166,1,Z_EU_Liq3_noDETG,0
GB00B012BV22,A0B59C,Marshalls plc,1QG,1QG,AP,6166,1,Z_EU_Liq3_noDETG,0
GB00B012TP20,A0B5TU,Halfords Group PLC,HDK,HFD,AP,6166,1,Z_EU_Liq3_noDETG,0
GB00B0130H42,A0B57L,ITM Power PLC,IJ8,ITM,AP,6166,1,Z_EU_Liq1_DETG,1
GB00B013SN63,A0B6VJ,Amino Technologies PLC,DWJ,DWJ,AP,6166,0,Z_EU_Liq3_noDETG,0
GB00B019KW72,A0B6G0,J. Sainsbury PLC,SUY1,SBRY,AP,6166,1,Z_EU_Liq2_TG,1
GB00B01F7T14,A0DLHB,M&C Saatchi PLC,IZH,SAA,AP,6166,1,Z_EU_Liq3_noDETG,0
GB00B01JLR99,A0EASE,Nanoco Group PLC,GXG,EVCL,AP,6166,1,Z_EU_Liq2_TG,0
GB00B01QGH57,A0DK4Z,Baron Oil PLC,GHA,GHA,AP,6166,1,Z_EU_Liq3_noDETG,0
GB00B01QGK86,A0EAWX,NCC Group PLC,NZB,NZBG,AP,6166,1,Z_EU_Liq3_noDETG,0
GB00B021F836,A0B7SL,Naked Wines PLC,MWJ,MWJ,AP,6166,1,Z_EU_Liq2_TG,0
GB00B02J6398,A0DJ58,Admiral Group PLC,FLN,ADML,AP,6166,1,Z_EU_Liq2_TG,1
GB00B02LCQ05,A0EAWN,Allergy Therapeutics PLC,HHU,HHU,AP,6166,1,Z_EU_Liq3_noDETG,0
GB00B0305S97,A0D9NA,Begbies Traynor Group PLC,BTA,BTAG,AP,6166,1,Z_EU_Liq3_noDETG,0
GB00B033F229,A0DK6K,Centrica PLC,CENB,CNA,AP,6166,1,Z_EU_Liq2_TG,1
GB00B0394F60,A0DPHS,Metals Exploration PLC,MJ4,MTL,AP,6166,1,Z_EU_Liq3_noDETG,0
GB00B03CJS30,A0D9KS,Europa Oil & Gas Holdings PLC,EGN,EOG,AP,6166,1,Z_EU_Liq3_noDETG,0
GB00B040L800,A0D9LZ,Staffline Group PLC,OSU,OSUG,AP,6166,1,Z_EU_Liq3_noDETG,0
GB00B04V1276,A0DN8N,Grainger Plc,1U4,1U4,AP,6166,0,Z_EU_Liq3_noDETG,0
GB00B06QFB75,A0EARV,IG Group Holdings PLC,I5G,IGG,AP,6166,1,Z_EU_Liq2_TG,1
GB00B0744359,A0ET3D,Essentra PLC,HOF,FLTR,AP,6166,1,Z_EU_Liq3_noDETG,0
GB00B0744B38,A0ET3E,Bunzl PLC,BUZ1,BNZL,AP,6166,1,Z_EU_Liq2_TG,1
GB00B07RVT99,A0JDM7,Tristel PLC,R1V,R1V,AP,6166,1,Z_EU_Liq3_noDETG,0
GB00B082RF11,A0EQ3A,Rentokil Initial PLC,RTO1,RTO,AP,6166,1,Z_EU_Liq1_DETG,1
GB00B085SD50,A0MS1U,Ariana Resources PLC,4A6,ARNR,AP,6166,1,Z_EU_Liq3_noDETG,0
GB00B08F4599,A0ERTR,Borders & Southern Petroleum PLC,B5T,B5T,AP,6166,1,Z_EU_Liq3_noDETG,0
GB00B0923P27,A0ETZW,Provexis PLC,NZCA,PXSL,AP,6166,1,Z_EU_Liq3_noDETG,0
GB00B09G2351,A0HGP0,Empyrean Energy PLC,E1E,EMEL,AG,6166,1,Z_ASIA_Liq3_noDETG,0
GB00B09G3N23,A0ETYY,STS Global Income & Growth Trust PLC,6XO,6XO,AP,6166,1,Z_EU_Liq3_noDETG,0
GB00B0BRN552,A0HGYU,Bango PLC,B1O,BGOL,AP,6166,1,Z_EU_Liq3_noDETG,0
GB00B0C18177,A0HGPZ,Anglo Asian Mining PLC,A4A,AAZ,AG,6166,1,Z_ASIA_Liq3_noDETG,0
GB00B0C5RG72,A0ETUX,Checkit PLC,EKC1,EKC1,AP,6166,1,Z_EU_Liq3_noDETG,0
GB00B0CY5V57,A0F664,Serica Energy PLC,A3P,SQZ,AP,6166,1,Z_EU_Liq3_noDETG,0
GB00B0FVQX23,A0F6YF,Rockhopper Exploration PLC,R4Y,RKH,AP,6166,1,Z_EU_Liq2_TG,0
GB00B0FYMT95,A0F7D5,Helical PLC,1Y7,1Y7,AP,6166,1,Z_EU_Liq3_noDETG,0
GB00B0HCWM45,A0KDV2,Goldplat PLC,G7N,G7N,AP,6166,1,Z_EU_Liq3_noDETG,0
GB00B0HZVP95,A0HFW3,Getech Group PLC,3AS,3AS,AP,6166,1,Z_EU_Liq3_noDETG,0
GB00B0KM9T71,A0HL48,Sthree PLC,S8T,STHR,AP,6166,1,Z_EU_Liq2_TG,1
GB00B0LCW083,A0HG69,Hikma Pharmaceuticals PLC,H5P,HIK,AP,6166,1,Z_EU_Liq2_TG,1
GB00B0LS8535,A0JD96,James Halstead PLC,HSJA,HSJA,AP,6166,1,Z_EU_Liq3_noDETG,0
GB00B0LSFV82,A0HHJV,Altitude Group PLC,D9E,D9E,AP,6166,1,Z_EU_Liq3_noDETG,0
GB00B0M8KM36,A0MS2G,SRT Marine Systems PLC,6S7,6S7,AP,6166,1,Z_EU_Liq3_noDETG,0
GB00B0MTC970,A0HMDY,Hargreaves Services PLC,H6W,HASE,AP,6166,1,Z_EU_Liq2_TG,0
GB00B0P8RJ60,A0JMXQ,India Capital Growth Funbd Ltd.,B8H,IGC,AP,6166,1,Z_EU_Liq3_noDETG,0
GB00B0S5KR31,A0H0J8,Westmount Energy PLC,W6M,W6M,AP,6166,1,Z_EU_Liq3_noDETG,0
GB00B0SWJX34,A0JEJF,London Stock Exchange Group PLC,LS4C,LSE,AP,6166,1,Z_EU_Liq1_DETG,1
GB00B0T29327,A0HM5M,Oriole Resources PLC,S1Y,STIL,AP,6166,1,Z_EU_Liq3_noDETG,0
GB00B0WJ3L68,A0JDJP,Mobile Streams PLC,M4G,MOSE,AP,6166,1,Z_EU_Liq3_noDETG,0
GB00B0WMWD03,A0JDDS,Qinetiq Group PLC,QY6,QQ,AP,6166,1,Z_EU_Liq2_TG,0
GB00B0YD2B94,A0JDZC,Cohort PLC,C7K,C7K,AP,6166,1,Z_EU_Liq3_noDETG,0
GB00B115T142,A1JMJR,Galileo Resources PLC,2GA,2GAG,AP,6166,1,Z_EU_Liq3_noDETG,0
GB00B11DDB67,A0JJ7Z,Quadrise Fuels Intl. PLC,8QF,8QF,AP,6166,1,Z_EU_Liq3_noDETG,0
GB00B11FD453,A0JL3L,The Mission Group PLC,M7K,M7K,AP,6166,1,Z_EU_Liq3_noDETG,0
GB00B11V7W98,A0JJ28,Alliance Witan PLC,1YC,1YC,AP,6166,1,Z_EU_Liq3_noDETG,0
GB00B1250X28,A0JL3F,Lansdowne Oil & Gas PLC,L2J,LOGP,AP,6166,0,Z_EU_Liq3_noDETG,0
GB00B125SX82,A0JKKZ,Pantheon Resources PLC,P3K,P3K,AP,6166,1,Z_EU_Liq2_TG,0
GB00B128J450,A0JKX1,IP Group PLC,IOOA,IOOA,AP,6166,1,Z_EU_Liq3_noDETG,0
GB00B12WC938,A0MWMF,Cadogan Petroleum PLC,CPD,CADP,AP,6166,1,Z_EU_Liq3_noDETG,0
GB00B132NW22,A0LB2S,Ashmore Group Ltd.,A1B,ASHM,AP,6166,1,Z_EU_Liq2_TG,1
GB00B135BJ46,A0JLZC,Savills PLC,1YZ,1YZ,AP,6166,1,Z_EU_Liq3_noDETG,0
GB00B13QQB40,A0J3FJ,Dillistone Group PLC,D2Y,DSG,AP,6166,1,Z_noMM,0
GB00B13YVN56,A0LCUM,Vianet Group PLC,AS2,AS2,AP,6166,1,Z_EU_Liq3_noDETG,0
GB00B14SKR37,A0J2VP,CMC Markets PLC,T8Q,T8Q,AP,6166,1,Z_EU_Liq2_TG,1
GB00B1722W11,A0J37H,Jet2 PLC,DG1,DG1,AP,6166,1,Z_EU_Liq3_noDETG,0
GB00B17BBQ50,A0J32R,Investec PLC,IVKA,INVP,AP,6166,1,Z_EU_Liq3_noDETG,1
GB00B17MN067,A0J34G,Tasty PLC,T9V,TAST,AP,6166,1,Z_EU_Liq3_noDETG,0
GB00B17WCR61,A0J3U3,Smiths News PLC,T6N,T6N,AP,6166,1,Z_EU_Liq3_noDETG,0
GB00B18P5K83,A0KDRM,Topps Tiles PLC,929,929,AP,6166,1,Z_EU_Liq3_noDETG,0
GB00B18S7B29,A0MNJ0,AFC Energy PLC,QC8,AFEN,AP,6166,1,Z_EU_Liq2_TG,0
GB00B196F554,A0KDZA,Avation PLC,9K0,9K0,AG,6166,1,Z_ASIA_Liq3_noDETG,0
GB00B19NLV48,A0KDZM,Experian Group PLC,J2B,EXPN,AP,6166,1,Z_EU_Liq2_TG,1
GB00B19Z1432,A0LAV3,PZ Cussons PLC,1ZQ,1ZQ,AP,6166,1,Z_EU_Liq3_noDETG,0
GB00B1CKQ739,A0LCM4,Dunelm Group PLC,DFQ,DNLM,AP,6166,1,Z_EU_Liq3_noDETG,0
GB00B1CKQD97,A0LAVD,Bezant Resources PLC,BN5,BZT,AP,6166,1,Z_EU_Liq3_noDETG,0
GB00B1DRDZ07,A1W7RP,One Media iP Group PLC,1M9,1M9,AP,6166,1,Z_EU_Liq3_noDETG,0
GB00B1FH8J72,A0LBHG,Severn Trent PLC,SVT1,SVT,AP,6166,1,Z_EU_Liq2_TG,1
GB00B1FMDQ43,A0LCVL,Gattaca PLC,MNZ,MTEC,AP,6166,1,Z_EU_Liq3_noDETG,0
GB00B1FP6H53,A0LB7F,Mitchells & Butlers PLC,MABB,MAB,AP,6166,1,Z_EU_Liq3_noDETG,0
GB00B1FQDL10,A0LC9G,Zoo Digital Group PLC,2ZD,2ZD,AP,6166,1,Z_EU_Liq3_noDETG,0
GB00B1FW5029,A0LC38,Hochschild Mining PLC,H3M,HOCM,AP,6166,1,Z_EU_Liq2_TG,1
GB00B1GCLT25,A0MKEV,Polar Capital Holdings PLC,XZF,POLR,AP,6166,1,Z_EU_Liq3_noDETG,0
GB00B1GK4645,A0LGJ6,Vertu Motors PLC,V2N,VTU,AP,6166,1,Z_EU_Liq3_noDETG,0
GB00B1GVQH21,A0LF1L,System1 Group PLC,BBA,BBA1,AP,6166,1,Z_EU_Liq3_noDETG,0
GB00B1JQDM80,A0LGA4,Marston's PLC,WVDA,MARS,AP,6166,1,Z_EU_Liq2_TG,1
GB00B1KJJ408,A0LGB1,Whitbread PLC,WHF4,WTB,AP,6166,1,Z_EU_Liq2_TG,1
GB00B1L5QH97,A0LGPG,The Rank Group PLC,RNKA,RNK,AP,6166,1,Z_EU_Liq3_noDETG,0
GB00B1N7Z094,A0MLXJ,Safestore Holdings PLC,IHF,SAFE,AP,6166,1,Z_EU_Liq3_noDETG,1
GB00B1QH8P22,A0MK5S,Sports Direct International PLC,ZVX,ZVX,AP,6166,1,Z_EU_Liq2_TG,1
GB00B1V9NW54,A0MR59,Hilton Food Group PLC,FAG,HFGU,AP,6166,1,Z_EU_Liq3_noDETG,0
GB00B1VKB244,A0ML2T,Genedrive PLC,D6M,D6M,AP,6166,1,Z_EU_Liq3_noDETG,0
GB00B1VNSX38,A0MK9W,Drax Group PLC,D9F2,DRX,AP,6166,1,Z_EU_Liq2_TG,1
GB00B1VQ6H25,A0MM98,YouGov PLC,Y1G,Y1G,AP,6166,1,Z_EU_Liq2_TG,0
GB00B1W0VW36,A0MSCF,Caspian Sunrise PLC,RO1,RXP,AP,6166,1,Z_EU_Liq3_noDETG,0
GB00B1WY2338,A0MSHN,Smiths Group PLC,QS2A,SMIN,AP,6166,1,Z_EU_Liq2_TG,1
GB00B1XFKR57,A0MUGB,Pressure Technologies PLC,PRS,PRES,AP,6166,1,Z_EU_Liq3_noDETG,0
GB00B1XH2C03,A0MRG2,Ferrexpo PLC,FEX,FXPO,AP,6166,1,Z_EU_Liq2_TG,1
GB00B1YKG049,A0MV91,International Personal Finance PLC,3I8,IPF,AP,6166,1,Z_EU_Liq3_noDETG,0
GB00B1YPC344,A0MXAU,Fuller Smith & Turner PLC,1ZJ,1ZJ,AP,6166,1,Z_EU_Liq3_noDETG,0
GB00B1YW4409,A0MU9Q,3i Group PLC,IGQ5,III,AP,6166,1,Z_EU_Liq2_TG,1
GB00B1Z4ST84,A0MV90,Provident Financial PLC,PRVA,PFG,AP,6166,1,Z_EU_Liq2_TG,1
GB00B1ZBKY84,A0MW73,Moneysupermarket.com Group PLC,39M,MONY,AP,6166,1,Z_EU_Liq2_TG,1
GB00B23JN426,A0YH55,Oracle Coalfields PLC,9OC,9OC,AP,6166,1,Z_EU_Liq3_noDETG,0
GB00B2425G68,A0MS3H,Craneware PLC,3X6,CRW,AP,6166,1,Z_EU_Liq3_noDETG,0
GB00B27YGJ97,A0M10S,Severfield PLC,0L3,0L3,AP,6166,1,Z_EU_Liq3_noDETG,0
GB00B2863827,A0M5AJ,CVS Group PLC,4C9,CVSG,AP,6166,1,Z_EU_Liq3_noDETG,0
GB00B28HSF71,A0M8FT,TRACSIS PLC,4T2,TRCS,AP,6166,1,Z_EU_Liq3_noDETG,0
GB00B2B0DG97,A0M95J,Relx PLC,RDEB,REL,AP,6166,1,Z_EU_Liq1_DETG,1
GB00B2NDK765,A0NBNJ,Young and Co.s Brewery PLC,YBY,YBY,AP,6166,1,Z_EU_Liq3_noDETG,0
GB00B2NGPM57,A0NBD6,Paragon Banking Group PLC,46P1,PARA,AP,6166,1,Z_EU_Liq3_noDETG,0
GB00B2PDGW16,A0NCXL,WH Smith PLC,21Q,21Q,AP,6166,1,Z_EU_Liq3_noDETG,0
GB00B2Q6HZ92,A12CH7,DXS International PLC,7EE,7EE,AP,6166,1,Z_noMM,0
GB00B2Q99X01,A0NG51,Northamber PLC,8GJ,8GJ,AP,6166,1,Z_noMM,0
GB00B2QL5C79,A0QZ9D,Iofina PLC,IF7,IOFI,AP,6166,1,Z_EU_Liq3_noDETG,0
GB00B2QPKJ12,A0MVZE,Fresnillo PLC,FNL,FRES,AL,6166,1,Z_USA_Liq2_TG,1
GB00B39J2M42,A0Q4EC,United Utilities Group PLC,UUEC,UU,AP,6166,1,Z_EU_Liq2_TG,1
GB00B3CX3644,A0Q9SF,STV Group PLC,3YC,3YC,AP,6166,1,Z_EU_Liq3_noDETG,0
GB00B3FBWW43,A0RDUF,Scientific Digital Imaging PLC,SD0,SDIS,AP,6166,1,Z_EU_Liq3_noDETG,0
GB00B3FLWH99,A0RDRL,Bodycote PLC,21T,21T,AP,6166,1,Z_EU_Liq3_noDETG,0
GB00B3MBS747,A1C2GZ,Ocado Group PLC,0OC,OCDO,AP,6166,1,Z_EU_Liq2_TG,1
GB00B3NWT178,A1C4Q5,Anpario PLC,KI9A,KIO,AP,6166,1,Z_EU_Liq3_noDETG,0
GB00B3Q74M51,A1C209,DP Poland PLC,2OP,2OP,AP,6166,1,Z_EU_Liq3_noDETG,0
GB00B3W40C23,A1H6LT,DotDigital Group PLC,3DO,3DO,AP,6166,1,Z_EU_Liq3_noDETG,0
GB00B41H7391,A0YAV3,Redde Northgate PLC,21W,21W,AP,6166,1,Z_EU_Liq3_noDETG,0
GB00B42TN250,A1JVA0,Rockfire Resources PLC,P2P,P2P,AP,6166,1,Z_EU_Liq3_noDETG,0
GB00B45C9X44,A1JFNS,Chemring Group PLC,CMN1,CHG,AP,6166,1,Z_EU_Liq2_TG,1
GB00B4QHFM95,A0X8UX,"Tanfield Group PLC Registered Shares LS -,01",XS3A,TAN,AP,6166,1,Z_EU_Liq3_noDETG,0
GB00B4QVDF07,A113DD,Bioventix PLC,51B,51B,AP,6166,1,Z_EU_Liq3_noDETG,0
GB00B4W8PD74,A1JET3,Strategic Minerals PLC,24S,24S,AP,6166,1,Z_EU_Liq3_noDETG,0
GB00B4WFW713,A1C37D,LondonMetric Property PLC,5PP,LSP,AP,6166,1,Z_EU_Liq2_TG,0
GB00B4WQVY43,A1JJGH,PowerHouse Energy Group plc,BT81,BT81,AP,6166,1,Z_EU_Liq3_noDETG,1
GB00B4X3Q493,A0YF88,Sterling Energy PLC,TB8A,TB8A,AP,6166,1,Z_EU_Liq3_noDETG,0
GB00B4Y7R145,A1CSN7,Currys PLC,CWB,CPW,AP,6166,1,Z_EU_Liq2_TG,1
GB00B4YZN328,A1JA3L,Coats Group PLC,4TC,4TC,AP,6166,1,Z_EU_Liq3_noDETG,0
GB00B50P5B53,A1CYK3,Clear Leisure PLC,BYA1,BYA1,AP,6166,1,Z_EU_Liq3_noDETG,0
GB00B53P2009,A1C0S3,JUPITER FUND MANAGEMENT,4JF,JUP,AP,6166,1,Z_EU_Liq3_noDETG,0
GB00B54X0432,A0RPMU,Corero Network Security PLC,NYA1,NYA1,AP,6166,1,Z_EU_Liq3_noDETG,0
GB00B572ZV91,A1CWVZ,SOCO International PLC,OCS1,SIA,AP,6166,1,Z_EU_Liq3_noDETG,0
GB00B5NR1S72,A1C055,Restore PLC,MWDA,MVW,AP,6166,1,Z_EU_Liq3_noDETG,0
GB00B5TFC825,A1C8J2,Botswana Diamonds PLC,EG5,EG5,AP,6166,1,Z_EU_Liq3_noDETG,0
GB00B5ZN1N88,A0N9B0,Segro PLC,S4VC,SGRO,AP,6166,1,Z_EU_Liq2_TG,1
GB00B608Z994,A1CYM5,Ilika PLC,I8A,I8A,AP,6166,1,Z_EU_Liq3_noDETG,0
GB00B61TVQ02,A1CWUA,Inchcape PLC,IJCA,INCH,AP,6166,1,Z_EU_Liq3_noDETG,1
GB00B62G9D36,A1CUUR,Capital & Counties Properties PLC,C20,C20,AP,6166,1,Z_EU_Liq3_noDETG,0
GB00B62Z3C74,A1CWBW,Fidelity China Special Situations PLC,21Y,21Y,AP,6166,1,Z_EU_Liq3_noDETG,0
GB00B635TG28,A1CTAH,Enquest PLC,3EQ,ENQ,AP,6166,1,Z_EU_Liq3_noDETG,0
GB00B63H8491,A1H81L,Rolls Royce Holdings PLC,RRU,RR,AP,6166,1,Z_EU_Liq1_DETG,1
GB00B63PS212,A1C8NE,Frontier IP Group PLC,8WT,8WT,AP,6166,1,Z_EU_Liq3_noDETG,0
GB00B63QSB39,A0RMZD,Greggs PLC,41G1,GRG,AP,6166,1,Z_EU_Liq2_TG,1
GB00B647W791,A1C8XS,Savannah Resources PLC,SAV,SAV1,AP,6166,1,Z_EU_Liq3_noDETG,0
GB00B64NSP76,A1CUSQ,Costain Group PLC,5JY,5JY,AP,6166,1,Z_EU_Liq3_noDETG,0
GB00B67G5X01,A1JHAB,Workspace Group PLC,WRX1,WRX1,AP,6166,1,Z_EU_Liq3_noDETG,0
GB00B67KBV28,A1C6T4,Central Asia Metals PLC,9C3,CAML,AP,6166,1,Z_EU_Liq3_noDETG,0
GB00B6XZKY75,A1JXU7,A.G. Barr PLC,AF72,AF72,AP,6166,1,Z_EU_Liq2_TG,0
GB00B7KR2P84,A1JTC1,Easyjet PLC,EJT1,EJT1,AP,6166,1,Z_EU_Liq1_DETG,1
GB00B7N0K053,A1JWNB,Premier Foods PLC,FOJ1,FOJ1,AP,6166,1,Z_EU_Liq3_noDETG,0
GB00B7TW1V39,A1KC94,Redcentric PLC,6YD,6YD,AP,6166,1,Z_EU_Liq3_noDETG,0
GB00B82YXW83,A1J7UJ,Vesuvius PLC,V4S,V4S,AP,6166,1,Z_EU_Liq3_noDETG,0
GB00B830HW33,A1J7F7,Kazera Global PLC,W3L1,W3L1,AP,6166,1,Z_EU_Liq3_noDETG,0
GB00B86TNX04,A1WYUL,Ceps PLC,DI5B,DI5B,AP,6166,1,Z_EU_Liq3_noDETG,0
GB00B8C3BL03,A1WYYZ,The Sage Group PLC,SGK1,SGK1,AP,6166,1,Z_EU_Liq2_TG,1
GB00B8DV9647,A1T9LW,Cambridge Cognition Holdings PLC,1M7,1M7,AP,6166,1,Z_EU_Liq3_noDETG,0
GB00B8GRBX01,A1T7LK,Cloudcoco Group PLC,GV2A,GV2A,AP,6166,1,Z_EU_Liq3_noDETG,0
GB00B8SC6K54,A1T7LN,Greencoat U.K. Wind PLC,3GC,3GC,AP,6166,1,Z_EU_Liq3_noDETG,0
GB00B8VZXT93,A1KCZN,Crest Nicholson Holdings Plc.,C38,C38,AP,6166,1,Z_EU_Liq2_TG,1
GB00B8YZTJ80,A1W0Q1,Versarien PLC,9RV,9RV,AP,6166,0,Z_EU_Liq3_noDETG,0
GB00B9275X97,A1KAME,Venn Life Sciences Holdings PLC,CRO,CRO,AP,6166,1,Z_EU_Liq3_noDETG,0
GB00B95L0551,A1KA04,Reabold Resources PLC,AWL1,AWL1,AP,6166,1,Z_EU_Liq3_noDETG,0
GB00B99PCP71,A1W4DC,Nexteq PLC,R87,R87,AP,6166,1,Z_EU_Liq3_noDETG,0
GB00B9GQVG73,A1W36D,AB Dynamics PLC,6DY,6DY,AP,6166,1,Z_EU_Liq3_noDETG,0
GB00B9XQT119,A1W5Z9,Polar Capital Global Financials Trust PLC,5Y30,5Y30,AP,6166,1,Z_EU_Liq3_noDETG,0
GB00BBHXD542,A1W2VW,Gaming Realms PLC,RNE1,RNE1,AP,6166,1,Z_EU_Liq3_noDETG,0
GB00BBT32N39,A1W2R3,Frontier Developments PLC,5FD,5FD,AP,6166,1,Z_EU_Liq3_noDETG,0
GB00BCCW4X83,A1W4X9,CentralNic Group PLC,4CN,4CN,AP,6166,1,Z_EU_Liq3_noDETG,0
GB00BCDBXK43,A1W16J,Time Finance PLC,B5D1,B5D1,AP,6166,1,Z_EU_Liq3_noDETG,0
GB00BCKFY513,A1W5AS,Foxtons Group PLC,FXG,FXG,AP,6166,1,Z_EU_Liq3_noDETG,0
GB00BCRX1J15,A1W8J6,Just Group PLC,JR0,JR0,AP,6166,1,Z_EU_Liq3_noDETG,0
GB00BD0CWJ91,A2ACT7,FIH Group PLC,FBLM,FBLM,AP,6166,1,Z_EU_Liq3_noDETG,0
GB00BD0NVK62,A2ASCD,Hollywood Bowl Group PLC,2H4,2H4,AP,6166,1,Z_EU_Liq3_noDETG,0
GB00BD0SFR60,A2AJ6G,Motorpoint Group PLC,1X4,1X4,AP,6166,1,Z_EU_Liq3_noDETG,0
GB00BD0SN947,A2QLY5,Pineapple Power Corporation PLC,8JZ,8JZ,AP,6166,0,Z_noMM,0
GB00BD37ZH08,A2AQQ2,Autins Group PLC,8A3,8A3,AP,6166,1,Z_noMM,0
GB00BD3VDH82,A2DJ2T,VivoPower International PLC,51J,51J,AP,6166,1,Z_EU_Liq2_TG,0
GB00BD3VFW73,A2AUD3,ConvaTec Group PLC,2CV,2CV,AP,6166,1,Z_EU_Liq2_TG,1
GB00BD45SH49,A2JE64,IntegraFin Holdings PLC,84N,84N,AP,6166,1,Z_EU_Liq3_noDETG,0
GB00BD4FCK53,A2AS63,Mila Resources PLC,HN0,HN0,AP,6166,1,Z_EU_Liq3_noDETG,0
GB00BD5H8572,A2DH0R,Oxford BioDynamics PLC,LMQ,LMQ,AP,6166,1,Z_EU_Liq3_noDETG,0
GB00BD5JRP64,A2JQYV,Immotion Group PLC,6XK,6XK,AP,6166,1,Z_EU_Liq3_noDETG,0
GB00BD6K4575,A2DR6K,Compass Group PLC,XGR2,XGR2,AP,6166,1,Z_EU_Liq1_DETG,1
GB00BD6RF223,A2AF17,Watkin Jones PLC,0W0,WKNJ,AP,6166,1,Z_EU_Liq3_noDETG,0
GB00BD7V5D43,A1W64P,Kromek Group PLC,4KM,4KM,AP,6166,1,Z_EU_Liq3_noDETG,0
GB00BD7XPJ64,A2AQK3,NewRiver REIT,087,087,AP,6166,1,Z_EU_Liq3_noDETG,0
GB00BD8GP619,A2DL1A,KEFI Minerals PLC,KMSA,KMSA,AP,6166,1,Z_EU_Liq3_noDETG,0
GB00BD8QVC95,A2DQKJ,Eddie Stobart Logistics PLC,9ES,ESLG,AP,6166,1,Z_EU_Liq3_noDETG,0
GB00BD9G2S12,A2JCGV,Gates Industrial Corporation PLC,1JL,1JL,AP,6166,1,Z_EU_Liq2_TG,0
GB00BD9PXH49,A2H9XM,Aberdeen Standard European Logistics Income PLC,5JX,5JX,AP,6166,1,Z_EU_Liq3_noDETG,0
GB00BD9YDB55,A2AH8U,Touchstar PLC,BTVA,BTVA,AP,6166,1,Z_noMM,0
GB00BDB79J29,A2AM0X,XP Factory PLC,1EQ,1EQ,AP,6166,1,Z_EU_Liq3_noDETG,0
GB00BDBBJZ03,A2AQ51,Arcontech Group PLC,KTSA,KTSA,AP,6166,1,Z_EU_Liq3_noDETG,0
GB00BDCPN049,A2AJ8Q,Coca-Cola European Partners PLC,CK0,CK0,AP,6166,1,Z_EU_Liq2_TG,1
GB00BDDN1T20,A2DLV1,XPS Pensions Group PLC,406,406,AP,6166,1,Z_EU_Liq3_noDETG,0
GB00BDFBVT43,A2JLRX,Oxford Biomedica PLC,OXOA,OXOA,AP,6166,1,Z_EU_Liq3_noDETG,0
GB00BDFGGK53,A2JND8,Tekmar Group PLC,6UA,6UA,AP,6166,1,Z_EU_Liq3_noDETG,0
GB00BDGKMY29,A2DN3S,BioPharma Credit PLC,B3P,B3P,AP,6166,1,Z_EU_Liq3_noDETG,0
GB00BDGS8G04,A2H5P6,Sosandar PLC,HXKB,HXKB,AP,6166,1,Z_EU_Liq3_noDETG,0
GB00BDHXPG30,A2DSNR,Alfa Financial Software Holdings Ltd,A9F,A9F,AP,6166,1,Z_EU_Liq3_noDETG,0
GB00BDQPXQ60,A3CRU4,Ananda Developments PLC,1FX,1FX,AP,6166,1,Z_noMM,0
GB00BDR05C01,A2DQWX,National Grid PLC,NNGF,NNGF,AP,6166,1,Z_EU_Liq1_DETG,1
GB00BDR6W943,A2DG6B,Physiomics PLC,RVW1,RVW1,AP,6166,1,Z_EU_Liq3_noDETG,0
GB00BDSFG982,A2DJQK,TechnipFMC Ltd.,1T1,1T1,AP,6166,1,Z_EU_Liq2_TG,1
GB00BF01VL55,A2DNAP,Ace Liberty & Stone PLC,8MW,8MW,AP,6166,1,Z_EU_Liq3_noDETG,0
GB00BF044593,A2DN5Y,CLS Holdings PLC,838,838,AP,6166,1,Z_EU_Liq3_noDETG,0
GB00BF1QPG26,A2H5UP,Springfield Properties PLC,9MZ,9MZ,AP,6166,1,Z_EU_Liq3_noDETG,0
GB00BF2P1260,A2DUBR,Silver Bear Reources PLC,68U,68U,AP,6166,0,Z_EU_Liq3_noDETG,0
GB00BF33H870,A2DPW8,SkinBio Therapeutics PLC,5KW,5KW,AP,6166,1,Z_EU_Liq3_noDETG,0
GB00BF345X11,A2DVHX,Supermarket Income REIT PLC,DU9,DU9,AP,6166,1,Z_EU_Liq3_noDETG,0
GB00BF3TBT48,A2JN6Q,Block Energy PLC,BE9,BE9,AP,6166,1,Z_EU_Liq3_noDETG,0
GB00BF44KY60,A2DW60,Rose Petroleum PLC,VD5N,VD5N,AP,6166,1,Z_EU_Liq3_noDETG,0
GB00BF4HYT85,A2JHMB,Bank of Georgia Group PLC,GEB,GEB,AP,6166,1,Z_EU_Liq3_noDETG,0
GB00BF4HYV08,A2JH0G,Georgia Capital PLC,2IX,2IX,AP,6166,1,Z_EU_Liq3_noDETG,0
GB00BF52QY14,A2JAFN,Mirriad Advertising PLC,8WQ,8WQ,AP,6166,1,Z_EU_Liq3_noDETG,0
GB00BF5H9P87,A2JFRE,Great Portland Estates PLC,G9KB,G9KB,AP,6166,1,Z_EU_Liq3_noDETG,0
GB00BF5HBF20,A2JQ4Y,TheWorks.co.uk PLC,6EU,6EU,AP,6166,1,Z_EU_Liq3_noDETG,0
GB00BF781319,A2QJ8Y,Schroder Bsc Social Impact Trust PLC,783,783,AP,6166,1,Z_EU_Liq3_noDETG,0
GB00BF8Q6K64,A2N7PB,Standard Life Aberdeen PLC,T3V2,T3V2,AP,6166,1,Z_EU_Liq2_TG,1
GB00BF93WP34,A2DYRC,Cyanconnode Holdings PLC,CUAN,CUAN,AP,6166,1,Z_EU_Liq3_noDETG,0
GB00BFD3VF20,A1W8Q8,Finnaust Mining PLC,S5WA,S5WA,AP,6166,1,Z_EU_Liq3_noDETG,0
GB00BFFK7H57,A2JK6F,Odyssean Investment Trust PLC,2HZ,2HZ,AP,6166,1,Z_EU_Liq3_noDETG,0
GB00BFFK8T45,A2JCN9,Amigo Holdings PLC,0VG,0VG,AP,6166,1,Z_EU_Liq3_noDETG,0
GB00BFMBMT84,A2JES0,Sensata Technologies Holding Plc.,S94,S94,AL,6166,1,Z_USA_Liq2_TG,0
GB00BFMDJC60,A2LQVC,Supply@ME Capital PLC,IE6B,IE6B,AP,6166,0,Z_EU_Liq3_noDETG,0
GB00BFN4GY99,A2DWS6,Zinnwald Lithium PLC,7WW,7WW,AP,6166,1,Z_EU_Liq3_noDETG,0
GB00BFPM8908,A110ZQ,Venture Life Group PLC,17V,17V,AP,6166,1,Z_EU_Liq3_noDETG,0
GB00BFPMV798,A1W658,Tern PLC,QEG2,QEG2,AP,6166,1,Z_EU_Liq3_noDETG,0
GB00BFXR4C20,A2N478,IXICO PLC,PYPB,PYPB,AP,6166,1,Z_EU_Liq3_noDETG,0
GB00BFYF6298,A2JCPL,Knights Group Holdings PLC,77Q,77Q,AP,6166,1,Z_EU_Liq3_noDETG,0
GB00BFYMWJ95,A2QK6L,Tirupati Graphite PLC,0WL,0WL,AP,6166,0,Z_EU_Liq3_noDETG,0
GB00BFZ45C84,A2NB01,1Spatial PLC,G7Z1,G7Z1,AP,6166,1,Z_EU_Liq3_noDETG,0
GB00BFZNKV91,A2N6NH,Altona Rare Earths PLC,A8LA,A8LA,AP,6166,1,Z_EU_Liq3_noDETG,0
GB00BFZNLB60,A2PAS5,AJ Bell PLC,3FY,3FY,AP,6166,1,Z_EU_Liq3_noDETG,0
GB00BFZZM640,A2N6F1,S4 Capital PLC,9S4,9S4,AP,6166,1,Z_EU_Liq2_TG,1
GB00BG0TPX62,A2N6WD,Funding Circle Holdings PLC,FCA,FCA,AP,6166,1,Z_EU_Liq3_noDETG,0
GB00BG0TSD71,A2PW5T,Getbusy PLC,1H91,1H91,AP,6166,1,Z_EU_Liq3_noDETG,0
GB00BG12Y042,A2JGLJ,Energean Oil & Gas PLC,1YE,1YE,AP,6166,1,Z_EU_Liq2_TG,1
GB00BG49KP99,A1XF2N,Tritax Big Box REIT PLC,4ZQ,4ZQ,AP,6166,1,Z_EU_Liq3_noDETG,0
GB00BG5KQW09,A2NB49,Ceres Power Holdings PLC,CFJA,CFJA,AP,6166,1,Z_EU_Liq2_TG,1
GB00BG5NDX91,A2JMGK,Serabi Gold PLC,B9O2,B9O2,AP,6166,1,Z_EU_Liq3_noDETG,0
GB00BGBN7C04,A2PDL4,SSP Group plc,83S2,83S2,AP,6166,1,Z_EU_Liq3_noDETG,0
GB00BGCYZL73,A1W9RR,Parkmead Group PLC,LYK1,LYK1,AP,6166,1,Z_EU_Liq3_noDETG,0
GB00BGDT3G23,A2NB0W,Rightmove PLC,3JDA,3JDA,AP,6166,1,Z_EU_Liq2_TG,1
GB00BGGK0V60,A2PALA,The Panoply Holdings PLC,9L7,9L7,AP,6166,1,Z_EU_Liq3_noDETG,0
GB00BGLP8L22,A1XCMM,IMI PLC,IMI1,IMI1,AP,6166,1,Z_EU_Liq2_TG,1
GB00BGQVB052,A2N7KW,Pulsar Group PLC,8TB,8TB,AP,6166,1,Z_EU_Liq3_noDETG,0
GB00BGXQNP29,A2N805,Phoenix Group Holdings PLC,1BF,1BF,AP,6166,1,Z_EU_Liq2_TG,1
GB00BH3X7Y70,A1XBMR,Kodal Minerals PLC,7UE,7UE,AP,6166,1,Z_EU_Liq3_noDETG,0
GB00BH4HKS39,A1XA83,Vodafone Group PLC,VODI,VODI,AP,6166,1,Z_EU_Liq1_DETG,1
GB00BHJYC057,A2PA4R,Intercontinental Hotels Group PLC,IC1H,IC1H,AP,6166,1,Z_EU_Liq1_DETG,1
GB00BHNWH003,A3CYVZ,Likewise Group PLC,7RL,7RL,AP,6166,1,Z_EU_Liq3_noDETG,0
GB00BHSRZC82,A2PA71,Edinburgh Worldwide Investment Trust PLC,2TI,2TI,AP,6166,1,Z_EU_Liq3_noDETG,0
GB00BJ0LT190,A2PKX2,HgCapital Trust PLC,5AC,5AC,AP,6166,1,Z_EU_Liq2_TG,0
GB00BJ62K685,A1XFE7,Pets At Home Group PLC,6P8,6P8,AP,6166,1,Z_EU_Liq2_TG,1
GB00BJDQQ870,A2PLJE,Watches of Switzerland Group Ltd.,5WS,5WS,AP,6166,1,Z_EU_Liq2_TG,1
GB00BJFDXW97,A2PLC1,ADM Energy PLC,P4JC,P4JC,AP,6166,1,Z_EU_Liq3_noDETG,0
GB00BJFFLV09,A2PF9D,Croda International PLC,6CMB,6CMB,AP,6166,1,Z_EU_Liq2_TG,1
GB00BJFLFT45,A116ZH,Custodian REIT PLC,IT3,IT3,AP,6166,1,Z_EU_Liq3_noDETG,0
GB00BJHPLV88,A2PW4P,Ninety One PLC,3XH,3XH,AP,6166,1,Z_EU_Liq3_noDETG,0
GB00BJJPX768,A2PEAK,Hardide PLC,9V0,9V0,AP,6166,1,Z_EU_Liq3_noDETG,0
GB00BJK9H642,A2PEDJ,Digitalbox PLC,RLXB,RLXB,AP,6166,1,Z_EU_Liq3_noDETG,0
GB00BJL1ZF49,A2PK8A,Essensys PLC,3L8,3L8,AP,6166,1,Z_EU_Liq3_noDETG,0
GB00BJLP1Y77,A2PFJ2,HICL Infrastructure PLC,2U4,2U4,AP,6166,1,Z_EU_Liq3_noDETG,0
GB00BJN59X09,A3DWGX,Feedback PLC,GZM0,GZM0,AP,6166,1,Z_EU_Liq3_noDETG,0
GB00BJP0B151,A2PRBH,Cadence Minerals PLC,2REA,2RE1,AP,6166,1,Z_EU_Liq3_noDETG,0
GB00BJP1KD31,A2PX3J,Alexander Mining PLC,A1Z1,A1Z1,AP,6166,1,Z_EU_Liq3_noDETG,0
GB00BJP5HK17,A2QFC0,Home REIT PLC,65Z,65Z,AP,6166,0,Z_noMM,0
GB00BJT0FF39,A1XEY8,RM PLC,RMP1,RMP1,AP,6166,1,Z_EU_Liq3_noDETG,0
GB00BJT16S69,A2PGGB,Tronox Holdings PLC,T5X,T5X,AC,6166,1,Z_USA_Liq2_TG,0
GB00BJTNFH41,A1XEN9,AO World PLC,81A,81A,AP,6166,1,Z_EU_Liq3_noDETG,0
GB00BJV2F804,A2PRQQ,Microgen PLC,MH5B,MH5B,AP,6166,1,Z_EU_Liq3_noDETG,0
GB00BJVD3B28,A1XFBM,Circassia Pharmaceuticals PLC,82C,82C,AP,6166,1,Z_EU_Liq3_noDETG,0
GB00BJVH7905,A2P1D6,Ascent Resources PLC,A2N,A2N,AP,6166,1,Z_EU_Liq3_noDETG,0
GB00BJVLR251,A2PYPE,Zinc Media Group PLC,YE42,YE42,AP,6166,1,Z_EU_Liq3_noDETG,0
GB00BJVQC708,A2PTUX,Helios Towers PLC,8HT,8HT,AP,6166,1,Z_EU_Liq2_TG,1
GB00BJVQQP66,A2PW88,SulNOx Group PLC,3U4,3U4,AP,6166,1,Z_EU_Liq3_noDETG,0
GB00BJVWTM27,A1XFA0,Gulf Marine Services Plc,G0M,G0M,AG,6166,1,Z_ASIA_Liq3_noDETG,0
GB00BK63S759,A2PQ6Q,Brickability Group PLC,71T,71T,AP,6166,1,Z_EU_Liq3_noDETG,0
GB00BK9RKT01,A3CN01,Travis Perkins PLC,LFPB,LFPB,AP,6166,1,Z_EU_Liq3_noDETG,1
GB00BKDRYJ47,A2PM3F,Airtel Africa Plc.,9AA,9AA,AP,6166,1,Z_EU_Liq2_TG,1
GB00BKDTK925,A2PMMM,Trainline PLC,2T9A,2T9A,AP,6166,1,Z_EU_Liq3_noDETG,0
GB00BKFB1C65,A2PSZW,M&G Prudential PLC,7MP,7MP,AP,6166,1,Z_EU_Liq2_TG,1
GB00BKFW2482,A2PV81,Longboat Energy PLC,8YG,8YG,AP,6166,1,Z_EU_Liq3_noDETG,0
GB00BKKD0862,A2P0AB,Riverfort Global Opportunities PLC,73N,73N,AP,6166,1,Z_EU_Liq3_noDETG,0
GB00BKLGLS10,A2PZ54,NIPPON Active Value Fund PLC,4BL,4BLG,AP,6166,1,Z_EU_Liq3_noDETG,0
GB00BKM0ZJ18,A2PZ3W,Pensana Rare Earths PLC,48W,48W,AP,6166,1,Z_EU_Liq2_TG,0
GB00BKM69866,A2PWSG,Regency Mines PLC,RM4B,RM4B,AP,6166,1,Z_EU_Liq3_noDETG,0
GB00BKPG0138,A3CS5Y,Seraphim Space Investment Trust,75N,75N,AP,6166,1,Z_EU_Liq2_TG,0
GB00BKPG0S09,A3CREE,Templeton Emerg.Mar.Inv.Tr.PLC,1NK0,1NK0,AP,6166,1,Z_EU_Liq3_noDETG,0
GB00BKPG7Z60,A3CVN5,Poolbeg Pharma PLC,7JN,7JN,AP,6166,1,Z_EU_Liq3_noDETG,0
GB00BKPH9N11,A3DJ2X,Aura Renewable Acquisitions PLC,GW6,GW6,AP,6166,1,Z_EU_Liq3_noDETG,0
GB00BKPH9R58,A3C9EL,LBG Media PLC,S83,S83,AP,6166,1,Z_EU_Liq3_noDETG,0
GB00BKRC5K31,A1113H,Genuit Group PLC,0P5,0P5,AP,6166,1,Z_EU_Liq3_noDETG,0
GB00BKS7YK08,A112AM,Treatt PLC,5TT,5TT,AP,6166,1,Z_EU_Liq3_noDETG,0
GB00BKT0J702,A113GL,Safestay PLC,5RI,5RI,AP,6166,1,Z_EU_Liq3_noDETG,0
GB00BKT6VH21,A2PRX8,Shearwater Group PLC,DTW1,DTW1,AP,6166,1,Z_EU_Liq3_noDETG,0
GB00BKTCLJ25,A2PS6S,Primorus Investments PLC,FVQ1,FVQ1,AP,6166,1,Z_EU_Liq3_noDETG,0
GB00BKWQ1135,A11193,Haydale Graphene Industries Plc,6HG,6HG,AP,6166,1,Z_EU_Liq3_noDETG,0
GB00BKX8NT01,A2QEG7,Mode Global Holdings PLC,MOC,MOCG,AP,6166,0,Z_EU_Liq3_noDETG,0
GB00BKXGY798,A111FF,Tekcapital plc,8T5,8T5,AP,6166,1,Z_EU_Liq3_noDETG,0
GB00BKY40Q38,A2PXFJ,Galliford Try Holdings PLC,3WC,3WC,AP,6166,1,Z_EU_Liq3_noDETG,0
GB00BL6C2002,A3CUC1,Wickes Group PLC,0FD,0FD,AP,6166,1,Z_EU_Liq3_noDETG,0
GB00BL6K5J42,A3CSCF,Endeavour Mining PLC,6E2,6E2,AP,6166,1,Z_EU_Liq2_TG,1
GB00BL6K7L04,A3CWKE,HydrogenOne Capital Growth,65U,65U,AP,6166,1,Z_EU_Liq3_noDETG,0
GB00BL6NGV24,A2QNAR,Dr. Martens PLC,3U2,3U2,AP,6166,1,Z_EU_Liq2_TG,1
GB00BL979W39,A3CTRN,URA Holdings PLC,UZS,UZS,AP,6166,1,Z_EU_Liq3_noDETG,0
GB00BL97B504,A3C31Y,GENinCode PLC,9PL,9PL,AP,6166,1,Z_EU_Liq3_noDETG,0
GB00BL97B942,A3CWBL,Northcoders Group PLC,5BN,5BN,AP,6166,1,Z_EU_Liq3_noDETG,0
GB00BL9BW044,A2P0DW,FRP Advisory Group PLC,6S6,6S6,AP,6166,1,Z_EU_Liq3_noDETG,0
GB00BL9YR756,A3CTVY,Wise PLC,6WS,6WS,AP,6166,1,Z_EU_Liq2_TG,1
GB00BLB5BF24,A3D02Q,Great Southern Copper PLC,E9E,E9E,AP,6166,1,Z_EU_Liq3_noDETG,0
GB00BLD3C518,A3C4C0,GreenRoc Mining PLC,3WF,3WF,AP,6166,1,Z_EU_Liq3_noDETG,0
GB00BLDRH360,A2QFHP,OSB Group PLC,2UK,2UK,AP,6166,1,Z_EU_Liq3_noDETG,1
GB00BLDYK618,A115BA,Scottish Mortgage Investment Trust PLC,1IZ1,1IZ1,AP,6166,1,Z_EU_Liq2_TG,1
GB00BLGXWY71,A3C482,W.A.G Payment Solutions PLC,9VU,9VU,AP,6166,1,Z_EU_Liq3_noDETG,0
GB00BLGYDT21,A3C3BX,Made Tech Group PLC,5UH,5UH,AP,6166,1,Z_EU_Liq3_noDETG,0
GB00BLGZ9862,A2QQMK,Tesco PLC,TCO0,TCO0,AP,6166,1,Z_EU_Liq1_DETG,1
GB00BLH13C52,A2P1SH,ValiRx PLC,EAJF,EAJF,AP,6166,1,Z_EU_Liq3_noDETG,0
GB00BLH1S316,A2QQQV,Union Jack Oil PLC,1UJ0,1UJ0,AP,6166,1,Z_EU_Liq3_noDETG,0
GB00BLH32M40,A3CQX3,Dianomi PLC,3NJ,3NJ,AP,6166,1,Z_EU_Liq3_noDETG,0
GB00BLH37Y17,A2QSET,ActiveOps PLC,95D,95D,AP,6166,1,Z_EU_Liq3_noDETG,0
GB00BLH42507,A3C8HH,Ashtead Technology Holdings PLC,Y9R,Y9R,AP,6166,1,Z_EU_Liq3_noDETG,0
GB00BLNBFR86,A3DH8E,Probiotix Health Ltd.,X90,X90,AP,6166,1,Z_EU_Liq3_noDETG,0
GB00BLNNFL88,A3C6DM,Pantheon Infrastructure PLC,56N,56N,AP,6166,1,Z_EU_Liq3_noDETG,0
GB00BLPHTX84,A2P886,Elixirr International PLC,54K,54K,AP,6166,1,Z_EU_Liq3_noDETG,0
GB00BLPK4430,A2QKU4,Ecofin U.S. Renewables Infrastructure Trust PLC,9FV,9FV,AP,6166,1,Z_EU_Liq3_noDETG,0
GB00BLR71299,A3CM42,Jadestone Energy PLC,8KW,8KW,AG,6166,1,Z_ASIA_Liq3_noDETG,0
GB00BLR8L223,A3CVR7,Microlise Group PLC,2DI,2DI,AP,6166,1,Z_EU_Liq3_noDETG,0
GB00BLTVCF91,A115LD,Shoe Zone PLC,86W,86W,AP,6166,1,Z_EU_Liq3_noDETG,0
GB00BLWDVP51,A116TF,FDM Group [Holdings] PLC,17F,17F,AP,6166,1,Z_EU_Liq3_noDETG,0
GB00BLY2F708,A114CM,Card Factory PLC,0CT,0CT,AP,6166,1,Z_EU_Liq2_TG,1
GB00BM4NR742,A114T7,Flowtech FluidPower PLC,2FW,2FW,AP,6166,1,Z_EU_Liq3_noDETG,0
GB00BM8B5H06,A3DR4M,Personal Assets Trust PLC,E4J,E4J,AP,6166,1,Z_EU_Liq3_noDETG,0
GB00BM8HZD43,A2QGXF,Verici Dx PLC,63V,63V,AP,6166,1,Z_EU_Liq3_noDETG,0
GB00BM8NFJ84,A3EESQ,Breedon Group PLC,CQB0,CQB0,AP,6166,1,Z_EU_Liq2_TG,0
GB00BM8PJY71,A3DS0H,NatWest Group PLC,RYSD,RYSD,AP,6166,1,Z_EU_Liq1_DETG,1
GB00BM8Q5G47,A3D01Y,Marks Electrical Group PLC,KV7,KV7,AP,6166,1,Z_EU_Liq3_noDETG,0
GB00BM8Q5M07,A3C480,JD Sports Fashion PLC,9JD,9JD,AP,6166,1,Z_EU_Liq2_TG,1
GB00BM8SQP62,A3D4AU,Medcaw Investments PLC,U09,U09,AP,6166,0,Z_EU_Liq3_noDETG,0
GB00BM9BZK23,A2QELW,Various Eateries PLC,63U,63U,AP,6166,1,Z_EU_Liq3_noDETG,0
GB00BM9CLS53,A3CVQA,Lords Group Trading,7S6,7S6,AP,6166,1,Z_EU_Liq3_noDETG,0
GB00BM9XQ619,A3DTUQ,Vidac Pharma PLC,T9G,T9G,AP,6166,1,Z_EU_Liq3_noDETG,0
GB00BMBK7016,A2QEGT,Calnex Solutions PLC,CSO,CSOG,AP,6166,1,Z_EU_Liq3_noDETG,0
GB00BMBVGQ36,A3CRBA,Harbour Energy PLC,PQQ0,PQQ0,AP,6166,1,Z_EU_Liq2_TG,1
GB00BMBVXB73,A3DSJF,Equipmake Holdings PLC,U8O,U8O,AP,6166,1,Z_EU_Liq3_noDETG,0
GB00BMC2XX17,A3CTPM,LendInvest Ltd.,82H,82H,AP,6166,1,Z_EU_Liq3_noDETG,0
GB00BMC3RJ87,A3DWCH,Sareum Holdings PLC,RYH0,RYH0,AP,6166,1,Z_EU_Liq3_noDETG,0
GB00BMCLYF79,A3CWA4,4basebio PLC,88Q,88Q,AP,6166,1,Z_EU_Liq3_noDETG,0
GB00BMCYKB41,A3EP8Y,CAB Payments Holdings Ltd.,2SY,2SY,AP,6166,1,Z_EU_Liq3_noDETG,0
GB00BMCZLK30,A2QCGN,Kooth PLC,KO0,KO0,AP,6166,1,Z_EU_Liq3_noDETG,0
GB00BMD1Z199,A3DCC0,Graft Polymer (UK) PLC,J4I,J4I,AP,6166,1,Z_EU_Liq3_noDETG,0
GB00BMD2H500,A3CTJH,ITIM Group PLC,32I,32I,AP,6166,1,Z_EU_Liq3_noDETG,0
GB00BMD6C023,A3C4CU,Alkemy Capital Investments PLC,JV2,JV2,AP,6166,1,Z_EU_Liq3_noDETG,0
GB00BMD6PM55,A2P3LN,Gunsynd PLC,5AV,5AV,AP,6166,1,Z_EU_Liq3_noDETG,0
GB00BMDQ4L78,A2QR1Y,Caerus Mineral Resources PLC,98J,98J,AP,6166,1,Z_EU_Liq3_noDETG,0
GB00BMDX5Z93,A2P42W,CPP Group PLC,4CV1,4CV1,AP,6166,1,Z_EU_Liq3_noDETG,0
GB00BMF1L080,A3CS23,Literacy Capital PLC,26W,26W,AP,6166,1,Z_EU_Liq3_noDETG,0
GB00BMF75608,A2QQGW,Equatorial Palm Oil PLC,N9R,N9R,AP,6166,1,Z_EU_Liq3_noDETG,0
GB00BMFCRZ80,A3DVGD,Streaks Gaming PLC,NM1,NM1,AP,6166,1,Z_EU_Liq3_noDETG,0
GB00BMFR8J48,A3DCBN,Hydrogen Utopia International PLC,D60,D60,AP,6166,1,Z_EU_Liq3_noDETG,0
GB00BMFSSJ73,A403N7,Power Metal Resources PLC,2M50,2M50,AP,6166,1,Z_EU_Liq3_noDETG,0
GB00BMG8BL95,A3DH6R,RC365 Holding PLC,L2G,L2G,AP,6166,1,Z_EU_Liq3_noDETG,0
GB00BMGRFP88,A3CY74,Citius Resources PLC,951,951,AP,6166,1,Z_noMM,0
GB00BMGS6031,A2QJSA,Trafalgar Property Group PLC,8Q5,8Q5,AP,6166,1,Z_EU_Liq3_noDETG,0
GB00BMGYBJ57,A2QJA8,Xeros Technology Group PLC,2X40,2X40,AP,6166,1,Z_EU_Liq3_noDETG,0
GB00BMH18Q19,A2QKSG,Bytes Technology Group PLC,9NY,9NY,AP,6166,1,Z_EU_Liq3_noDETG,0
GB00BMH19X50,A2QJES,Altyn PLC,FPP0,FPP0,AP,6166,1,Z_EU_Liq2_TG,0
GB00BMHN9M05,A3DE64,Strip Tinning Holdings PLC,VH3,VH3,AP,6166,1,Z_EU_Liq3_noDETG,0
GB00BMHRMV23,A3C67V,Stelrad Group PLC,6OJ,6OJ,AP,6166,1,Z_EU_Liq3_noDETG,0
GB00BMHVL512,A414N7,Klarna Group PLC,H1W,H1W,AB,6166,1,Z_USA_Liq1_DETG,1
GB00BMHYGR77,A3DA9T,CT Automotive Group PLC,X7X,X7X,AP,6166,1,Z_EU_Liq3_noDETG,0
GB00BMJ6DW54,A114PL,Informa PLC,IEA,IEA,AP,6166,1,Z_EU_Liq2_TG,1
GB00BMQC7357,A2QLNV,Wildcat Petroleum PLC,8Y6,8Y6,AP,6166,1,Z_EU_Liq3_noDETG,0
GB00BMQX2R72,A1156F,Shepherd Neame Ltd.,43Y,43Y,AP,6166,1,Z_EU_Liq3_noDETG,0
GB00BMT9K014,A2QNEN,Moonpig Group PLC,769,769,AP,6166,1,Z_EU_Liq3_noDETG,0
GB00BMTV7393,A2QCFV,THG Holdings PLC,HG0,HG0,AP,6166,1,Z_EU_Liq2_TG,1
GB00BMV2DB09,A3EUL4,Rosslyn Data Technologies PLC,7IU0,7IU0,AP,6166,1,Z_EU_Liq3_noDETG,0
GB00BMV2DK99,A3ES86,Tan Delta Systems Ltd.,TB4,TB4,AP,6166,1,Z_EU_Liq3_noDETG,0
GB00BMV92D64,A3DH8H,Temple Bar Investment Trust PLC,1N00,1N00,AP,6166,1,Z_EU_Liq3_noDETG,0
GB00BMVP7Y09,A2P62D,Royalty Pharma PLC,RPD,RPDG,AC,6166,1,Z_USA_Liq2_TG,1
GB00BMVQDZ64,A2QP3Y,Auction Technology Group PLC,684,684,AP,6166,1,Z_EU_Liq3_noDETG,0
GB00BMVSDN09,A2P748,Quetzal Capital PLC,8J9,8J9,AP,6166,1,Z_EU_Liq3_noDETG,0
GB00BMWC6P49,A3E2FD,Mondi PLC,KYC0,KYC0,AP,6166,1,Z_EU_Liq2_TG,1
GB00BMWLC750,A3DW2P,Milton Capital PLC,J51,J51,AP,6166,1,Z_EU_Liq3_noDETG,0
GB00BMWLM973,A3CRY2,Arecor Therapeutics PLC,6UI,6UI,AP,6166,1,Z_EU_Liq3_noDETG,0
GB00BMWVF760,A2QEBZ,Guild Esports PLC,GU0,GU0,AP,6166,1,Z_EU_Liq3_noDETG,0
GB00BMX3W479,A3D662,Metro Bank Holdings PLC,6MB0,6MB0,AP,6166,1,Z_EU_Liq3_noDETG,0
GB00BMX64W89,A2QESG,Saga PLC,65J,65J,AP,6166,1,Z_EU_Liq2_TG,0
GB00BMX86B70,A3DNZQ,Haleon PLC,H6D0,H6D0,AP,6166,1,Z_EU_Liq1_DETG,1
GB00BMXH3352,A3C6A1,MotorK Ltd.,5FS,5FS,AP,6166,1,Z_USA_Liq3_noDETG,1
GB00BMXNWH07,A3DV8N,Noble Corp. PLC,85V1,85V1,AC,6166,1,Z_USA_Liq2_TG,0
GB00BN0TY502,A3CU46,Orcadian Energy PLC,9J1,9J1,AP,6166,1,Z_EU_Liq3_noDETG,0
GB00BN0VZ646,A4122L,Ferrari Group PLC,046,046,AP,6166,1,Z_EU_Liq2_TG,0
GB00BN11T727,A3DCHT,Electric Guitar PLC,M4V,M4V,AP,6166,0,Z_EU_Liq3_noDETG,0
GB00BN2TR932,A3CVRU,Big Technologies PLC,7I8,7I8,AP,6166,1,Z_EU_Liq3_noDETG,0
GB00BN33TR63,A2QQCB,Virgin Wines UK PLC,3RW,3RW,AP,6166,1,Z_EU_Liq3_noDETG,0
GB00BN3ZZ526,A116RY,Volution Group PLC,VO1,VO1,AP,6166,1,Z_EU_Liq3_noDETG,0
GB00BN44P254,A3CTL3,Baltic Classifieds Group PLC,983,983,AP,6166,1,Z_EU_Liq3_noDETG,0
GB00BN455J50,A3EJG1,Worldwide Healthcare Trust PLC,P8W0,P8W0,AP,6166,1,Z_EU_Liq3_noDETG,0
GB00BN47NP32,A2QJSR,Edenville Energy PLC,UZH0,UZH0,AP,6166,1,Z_EU_Liq3_noDETG,0
GB00BN4M3M55,A3DWJ9,Tialis Essential IT PLC,U6M,U6M,AP,6166,1,Z_EU_Liq3_noDETG,0
GB00BN4R5Q82,A2QA1Z,NetScientific PLC,NTK1,NTK1,AP,6166,1,Z_EU_Liq3_noDETG,0
GB00BN6JG812,A3CMK7,Sabien Technology Group PLC,SUJ0,SUJ0,AP,6166,1,Z_EU_Liq3_noDETG,0
GB00BN6JYS78,A3CRV7,Aquila Energy Efficiency Trust PLC,9YE,9YE,AP,6166,1,Z_EU_Liq3_noDETG,0
GB00BN70RC41,A3D77C,WORLD CHESS PLC,QZ9,QZ9,AP,6166,1,Z_EU_Liq3_noDETG,0
GB00BN789668,A2QFET,Fonix Mobile PLC,FOS,FOSG,AP,6166,1,Z_EU_Liq3_noDETG,0
GB00BN7CG237,A2QJD4,Aston Martin Lagonda Global Holdings PLC,A5SA,A5SA,AP,6166,1,Z_EU_Liq2_TG,1
GB00BN7DVG54,A401WG,Catenae Innovation PLC,NZS,NZSG,AP,6166,1,Z_EU_Liq3_noDETG,0
GB00BN7F1618,A3DNGR,EnSilica PLC,F0Z,F0Z,AP,6166,1,Z_EU_Liq3_noDETG,0
GB00BN7JZR28,A2QKKA,Schroder British Opportunities Trust PLC,9RL,9RL,AP,6166,1,Z_EU_Liq3_noDETG,0
GB00BN7K5L93,A3D686,MyHealthChecked PLC,0I10,0I10G,AP,6166,1,Z_EU_Liq3_noDETG,0
GB00BN7SWP63,A3DMB5,GSK PLC,GS71,GS71,AP,6166,1,Z_EU_Liq1_DETG,1
GB00BN92HZ16,A3CPAJ,East Star Resources PLC,5MM,5MM,AP,6166,1,Z_EU_Liq3_noDETG,0
GB00BNBQZD59,A3C8RH,Gelion PLC,X0S,X0S,AG,6166,1,Z_ASIA_Liq3_noDETG,0
GB00BNBQZW49,A3C7AP,Kendrick Resources PLC,UKI,UKI,AP,6166,1,Z_EU_Liq3_noDETG,0
GB00BNBS4S95,A3DMCV,Marula Mining PLC,48U0,48U0,AQ,6166,0,Z_EU_Liq3_noDETG,0
GB00BND88V85,A3CU5W,Bridgepoint Advisers Group PLC,8XW,8XW,AP,6166,1,Z_EU_Liq3_noDETG,1
GB00BNDQJN14,A3C5J3,Light Science Technologies Holdings PLC,9FD,9FD,AP,6166,1,Z_EU_Liq3_noDETG,0
GB00BNDRLN84,A3CNLK,PensionBee Group PLC,6HD,6HD,AP,6166,1,Z_EU_Liq3_noDETG,0
GB00BNG2M159,A3CNYX,Allianz Technology Trust PLC,28X,28X,AP,6166,1,Z_EU_Liq3_noDETG,0
GB00BNG59574,A3DLJU,Lift Global Ventures PLC,7XO,7XO,AP,6166,1,Z_EU_Liq3_noDETG,0
GB00BNG73286,A3DVNT,Aurrigo International PLC,CI0,CI0,AP,6166,1,Z_EU_Liq3_noDETG,0
GB00BNG90H86,A41BR5,Mast Energy Developments PLC,97D0,97D0,AP,6166,1,Z_EU_Liq3_noDETG,0
GB00BNGDN821,A3D648,Melrose Industries PLC,27M,27M,AP,6166,1,Z_EU_Liq2_TG,1
GB00BNHSJN34,A3DHCS,Quilter PLC,2FQ0,2FQ0,AP,6166,1,Z_EU_Liq3_noDETG,0
GB00BNK03D49,A2JSKT,Luxfer Holdings PLC,LX4A,LX4A,AL,6166,1,Z_USA_Liq3_noDETG,0
GB00BNK8T635,A3C3AD,Net Zero Infrastructure PLC,76Y,76Y,AP,6166,0,Z_EU_Liq3_noDETG,0
GB00BNK9TP58,A2QRZ2,Trustpilot Group PLC,6VZ,6VZ,AP,6166,1,Z_EU_Liq2_TG,1
GB00BNKT5L33,A403SD,Capricorn Energy PLC,FKG0,FKG0,AP,6166,1,Z_EU_Liq2_TG,1
GB00BNLPYF73,A117ZX,Spire Healthcare Group PLC,S00,S00,AP,6166,1,Z_EU_Liq3_noDETG,0
GB00BNLXS042,A3C8YQ,Skillcast Group PLC,K9I,K9I,AP,6166,1,Z_EU_Liq3_noDETG,0
GB00BNM4K334,A3EH2H,Ashington Innovation PLC,6FW,6FW,AP,6166,1,Z_EU_Liq3_noDETG,0
GB00BNNFM402,A3CR1T,Trellus Health PLC,85Q,85Q,AP,6166,1,Z_EU_Liq3_noDETG,0
GB00BNNTLN49,A3CR01,Pennon Group PLC,3PN,3PN,AP,6166,1,Z_EU_Liq2_TG,1
GB00BNQMPN80,A3CSZZ,ReNew Energy Global PLC,7JU,7JU,AP,6166,1,Z_EU_Liq2_TG,1
GB00BNR45554,A3CWWW,First Tin PLC,1SN,1SN,AP,6166,1,Z_EU_Liq3_noDETG,0
GB00BNRR8331,A3C7FC,ProCook Group PLC,P15,P15,AP,6166,1,Z_EU_Liq3_noDETG,0
GB00BNRRP542,A3DB1Q,Aptamer Group Ltd.,P0J,P0J,AP,6166,1,Z_EU_Liq3_noDETG,0
GB00BNTJ3546,A3CNAB,Allfunds Group Ltd.,6UY,6UY,AP,6166,1,Z_EU_Liq2_TG,1
GB00BNTVWJ75,A3EUL7,Synthomer PLC,7YC2,7YC2,AP,6166,1,Z_EU_Liq2_TG,1
GB00BNTXR104,A3D7AF,Tissue Regenix Group PLC,LSW,LSW,AP,6166,0,Z_EU_Liq3_noDETG,0
GB00BNTY2N01,A3EEQY,Deltic Energy PLC,7RC0,7RC0,AP,6166,1,Z_EU_Liq3_noDETG,0
GB00BNVSX371,A3DDV2,ACP Energy PLC,DU5,DU5,AP,6166,0,Z_noMM,0
GB00BNVVGD77,A3CWEQ,Spinnaker Acquisitions,1AI,1AI,AP,6166,1,Z_EU_Liq3_noDETG,0
GB00BNVVHD43,A3CST9,Victorian Plumbing Group Plc,637,637,AP,6166,1,Z_EU_Liq3_noDETG,0
GB00BNXJB679,A411B0,HBX Group International PLC,Q1D,Q1D,AP,6166,1,Z_EU_Liq2_TG,0
GB00BNXM0Z89,A3CTJV,Silver Bullet Data Servic.Grp,68Q,68Q,AP,6166,1,Z_EU_Liq3_noDETG,0
GB00BNXM3P96,A3CRQ8,Artisanal Spirits Company PLC,045,045,AP,6166,1,Z_EU_Liq3_noDETG,0
GB00BNYDGZ21,A3C48E,Tortilla Mexican Grill PLC,73D,73D,AP,6166,1,Z_EU_Liq3_noDETG,0
GB00BNYM9W73,A3C9WK,Newmark Security PLC,NN10,NN10,AP,6166,1,Z_EU_Liq3_noDETG,0
GB00BNZGNM64,A3DB91,Facilities by ADF PLC,ZC8,ZC8,AP,6166,1,Z_EU_Liq3_noDETG,0
GB00BP0RGD03,A40H9N,Berkeley Group Holdings PLC,42B0,42B0,AP,6166,1,Z_EU_Liq2_TG,1
GB00BP0RTP38,A118S6,OptiBiotix Health PLC,OB3,OB3,AP,6166,1,Z_EU_Liq3_noDETG,0
GB00BP2C3V08,A3DCSM,Genflow Biosciences PLC,WQ5,WQ5,AP,6166,1,Z_EU_Liq3_noDETG,0
GB00BP371R64,A3DE63,Clean Power Hydrogen PLC,G9Z,G9Z,AP,6166,1,Z_EU_Liq3_noDETG,0
GB00BP37WF17,A3CVK0,Pantheon International PLC,PAA0,PAA0,AP,6166,1,Z_EU_Liq3_noDETG,0
GB00BP38X172,A3DMXW,GS Chain PLC,K85,K85,AP,6166,0,Z_EU_Liq3_noDETG,0
GB00BP41S218,A118Z6,Savannah Petroleum PLC,9SP,9SP,AP,6166,1,Z_EU_Liq3_noDETG,0
GB00BP4BSM10,A3C9CR,ATOME Energy PLC,J6J,J6J,AP,6166,1,Z_EU_Liq3_noDETG,0
GB00BP5X4Q29,A3C7TB,Life Science REIT PLC,JL6,JL6,AP,6166,1,Z_EU_Liq3_noDETG,0
GB00BP6MXD84,A3C99G,Shell PLC,R6C0,R6C0,AP,6166,1,Z_EU_Liq1_DETG,1
GB00BP6QM557,A3C53L,Tungsten West PLC,540,540,AP,6166,1,Z_EU_Liq3_noDETG,0
GB00BP6S8Z30,A3C307,Oxford Nanopore Technologies Ltd.,4R0,4R0,AP,6166,1,Z_EU_Liq2_TG,1
GB00BP7L1T61,A3CUTT,Revolution Beauty Group,8UA,8UA,AP,6166,1,Z_EU_Liq3_noDETG,0
GB00BP7NQJ77,A3D2WU,Kistos Holdings Plc.,LU0,LU0,AP,6166,1,Z_EU_Liq3_noDETG,0
GB00BP83Y473,A3DQM0,LifeSafe Holdings PLC,JZ3,JZ3,AP,6166,0,Z_noMM,0
GB00BP92CJ43,A3DKAB,Tate & Lyle PLC,TLYB,TLYB,AP,6166,1,Z_EU_Liq2_TG,1
GB00BP9LHF23,A3DRRR,Schroders PLC,PYXB,PYXB,AP,6166,1,Z_EU_Liq2_TG,1
GB00BPCPPZ79,A3D7LX,Fulcrum Metals PLC,J2M,J2M,AP,6166,1,Z_EU_Liq3_noDETG,0
GB00BPCT7534,A4189D,Capita PLC,CTA0,CTA0,AP,6166,1,Z_EU_Liq2_TG,0
GB00BPCTRB97,A403PA,REACT Group PLC,D1I,D1I,AP,6166,1,Z_EU_Liq3_noDETG,0
GB00BPDX2041,A401UF,Sorted Group Holdings PLC,59L,59L,AP,6166,1,Z_EU_Liq3_noDETG,0
GB00BPJGTF16,A3DSJD,First Class Metals PLC,WN9,WN9,AP,6166,1,Z_EU_Liq3_noDETG,0
GB00BPJHV584,A3D066,Ithaca Energy PLC,XE3,XE3,AP,6166,1,Z_EU_Liq2_TG,1
GB00BPJMN573,A40H63,Aterian PLC,69K0,69K0,AP,6166,1,Z_noMM,0
GB00BPK3YZ68,A3ETYD,Itaconix PLC,18G0,18G0,AP,6166,1,Z_EU_Liq3_noDETG,0
GB00BPP06126,A41DDZ,Critical Metals PLC,67K0,67K0,AP,6166,1,Z_EU_Liq3_noDETG,0
GB00BPP4RY41,A3DT3B,Unigel Group Ltd.,GX7,GX7,AP,6166,1,Z_EU_Liq3_noDETG,0
GB00BPQDJM21,A3DN4Q,SpaceandPeople PLC,RWK0,RWK0,AP,6166,1,Z_EU_Liq3_noDETG,0
GB00BPQY8M80,A3DJ6W,Aviva plc,GU81,GU81,AP,6166,1,Z_EU_Liq1_DETG,1
GB00BPQY8R36,A3EF1U,Guardian Metal Resources PLC,8TM,8TM,AP,6166,1,Z_EU_Liq3_noDETG,0
GB00BPSRYZ03,A41YMA,Coro Energy PLC,8YY,8YY,AP,6166,1,Z_EU_Liq3_noDETG,0
GB00BPTH6Y20,A403LG,Intuitive Investments Group PLC,7R10,7R10,AP,6166,1,Z_EU_Liq3_noDETG,0
GB00BPVDXX64,A40STX,Applied Nutrition PLC,B52,B52G,AP,6166,1,Z_EU_Liq3_noDETG,0
GB00BPVG5407,A40AB6,European Green Transition PLC,Y8N,Y8N,AP,6166,1,Z_noMM,0
GB00BQ1LGQ19,A40CXK,Beowulf Mining PLC,B4E1,B4E1,AP,6166,1,Z_EU_Liq3_noDETG,0
GB00BQ7WTT20,A403N6,Vast Resources PLC,D9A,D9A,AP,6166,0,Z_EU_Liq3_noDETG,0
GB00BQB6FF85,A402VW,Microsalt PLC,U8I,U8I,AP,6166,1,Z_EU_Liq3_noDETG,0
GB00BQD3MB22,A40QPV,Eight Capital Partners PLC,ECS0,ECS0,AP,6166,1,Z_EU_Liq3_noDETG,0
GB00BQH8G337,A40GZT,Rezolve AI Ltd.,O5F,O5F,AP,6166,1,Z_EU_Liq2_TG,1
GB00BQQFX454,A12A7G,Accsys Technologies PLC,1D8,1D8,AP,6166,1,Z_EU_Liq2_TG,0
GB00BQS10J50,A12DHG,Gamma Communications PLC,6GC,6GC,AP,6166,1,Z_EU_Liq2_TG,0
GB00BQVVS097,A3D67W,Nostrum Oil & Gas PLC,3NO0,3NO0,AP,6166,1,Z_EU_Liq3_noDETG,0
GB00BQVXM815,A40WGA,Hemogenyx Pharmaceuticals PLC,5HU0,5HU0,AP,6166,1,Z_EU_Liq3_noDETG,0
GB00BQXNJY41,A3D7M4,Dar Global Ltd.,L16,L16,AP,6166,1,Z_EU_Liq3_noDETG,0
GB00BR0WHY71,A3D693,Acuity RM Group Plc,BJZ0,BJZ0,AP,6166,1,Z_EU_Liq3_noDETG,0
GB00BR3VDF43,A3EJFU,GlobalData PLC,YK6,YK6,AP,6166,1,Z_EU_Liq3_noDETG,0
GB00BR3YV268,A40JS4,Polar Capital Technology Trust PLC,0Y10,0Y10G,AP,6166,1,Z_EU_Liq3_noDETG,0
GB00BRBJ3P08,A3ETTB,Iconic Labs PLC,W0G0,W0G0,AP,6166,1,Z_noMM,0
GB00BRC2TB67,A403PX,Earnz PLC,52Y0,52Y0,AP,6166,1,Z_EU_Liq3_noDETG,0
GB00BRJ52319,A3ETYE,Thor Energy PLC,T5M,T5M,AP,6166,1,Z_EU_Liq3_noDETG,0
GB00BRJ9BJ26,A12EXX,Fevertree PLC,FV8,FV8,AP,6166,1,Z_EU_Liq2_TG,0
GB00BRJQ8J25,A40H9M,Hammerson PLC,H2V,H2V,AP,6166,1,Z_EU_Liq2_TG,1
GB00BRJRV969,A3EUPU,Crimson Tide PLC,EYM0,EYM0,AP,6166,1,Z_EU_Liq3_noDETG,0
GB00BRJTP124,A3EERG,Fox Marble Holdings Plc,9ZL0,9ZL0,AP,6166,1,Z_EU_Liq3_noDETG,0
GB00BRSCY602,A40QNP,Optima Health PLC,J3N,J3N,AP,6166,1,Z_EU_Liq3_noDETG,0
GB00BRXCFB77,A3E1F9,Hellenic Dynamics PLC,MG50,MG50,AP,6166,0,Z_EU_Liq3_noDETG,0
GB00BRXH2664,A3EQAK,Anglogold Ashanti PLC,HT3,HT3,AS,6166,1,Z_USA_Liq2_TG,1
GB00BS2GR553,A40WFB,Atlas Metals Group PLC,D0Z,D0Z,AP,6166,1,Z_EU_Liq3_noDETG,0
GB00BS3D4G58,A4035V,UK Oil & Gas Investments PLC,0UK0,0UK0,AP,6166,0,Z_EU_Liq3_noDETG,0
GB00BS3DYQ52,A40FLP,Raspberry Pi Ltd.,0IK,0IK,AP,6166,1,Z_EU_Liq2_TG,0
GB00BS9F9D74,A40X5T,Invinity Energy Systems PLC,A10,A10,AP,6166,1,Z_EU_Liq3_noDETG,0
GB00BSB7BS06,A403SC,Pinewood Technologies Gr. PLC,0PD0,0PD0,AP,6166,1,Z_EU_Liq3_noDETG,0
GB00BSBMW716,A12GLU,Focusrite PLC,0FO,0FO,AP,6166,1,Z_EU_Liq3_noDETG,0
GB00BSM98843,A2AK3B,Directa Plus PLC,88K,88K,AP,6166,1,Z_EU_Liq3_noDETG,0
GB00BSNBL022,A14SMC,Katoro Gold PLC,622,622,AP,6166,1,Z_EU_Liq3_noDETG,0
GB00BSY1D385,A411MD,Metals One PLC,HT70,HT70,AP,6166,1,Z_EU_Liq3_noDETG,0
GB00BSZBP530,A420TB,Reckitt Benckiser Group PLC,3RB0,3RB0,AP,6166,1,Z_EU_Liq1_DETG,1
GB00BT9QD572,A12GNL,Gfinity PLC,3GF,3GF,AP,6166,0,Z_EU_Liq3_noDETG,0
GB00BTC0LB89,A14NPR,DFS Furniture PLC,DF0,DF0,AP,6166,1,Z_EU_Liq3_noDETG,0
GB00BTFR4F17,A14Q5A,Windar Photonics PLC,7WP,7WP,AP,6166,1,Z_EU_Liq3_noDETG,0
GB00BTK05J60,A41BF3,Anglo American PLC,NGL0,NGL0,AP,6166,1,Z_EU_Liq1_DETG,1
GB00BTQGS779,A41CD0,Metlen Energy & Metals PLC,X4Z,X4Z,AP,6166,1,Z_EU_Liq2_TG,0
GB00BTRC7N37,A41GSJ,MEDPAL AI LIMITED,Z1N,Z1N,AP,6166,1,Z_EU_Liq3_noDETG,0
GB00BTWSXB68,A41MEH,The Beauty Tech Group plc,O67,O67,AP,6166,1,Z_EU_Liq3_noDETG,0
GB00BTXXYC84,A41BFC,Tectonic Gold PLC,LYC,LYC,AP,6166,1,Z_EU_Liq3_noDETG,0
GB00BTY5RC40,A41DF5,Tiger Royalties and Investment,YP60,YP60,AP,6166,1,Z_EU_Liq3_noDETG,0
GB00BV9FP302,A14NH6,Computacenter PLC,COUD,COUD,AP,6166,1,Z_EU_Liq2_TG,1
GB00BVFCZV34,A14NG2,RWS Holdings PLC,RWJ1,RWJ1,AP,6166,1,Z_EU_Liq2_TG,0
GB00BVFD4645,A14M50,HSS Hire Group PLC,HG3,HG3,AP,6166,0,Z_EU_Liq3_noDETG,0
GB00BVFNZH21,A14RF2,Rotork PLC,RO41,RO41,AP,6166,1,Z_EU_Liq3_noDETG,1
GB00BVG7F061,A14QUY,International Game Technology PLC,7IG,7IG,AP,6166,1,Z_EU_Liq2_TG,0
GB00BVGBY890,A14QNY,Zegona Communications PLC,1ZG,1ZG,AP,6166,1,Z_EU_Liq2_TG,0
GB00BVMN1558,A41MLK,Verisure PLC,6R9,6R9,AP,6166,1,Z_EU_Liq2_TG,0
GB00BVMTNR93,A41MQP,PayPoint PLC,PAN0,PAN0,AP,6166,1,Z_EU_Liq2_TG,1
GB00BVP8H932,A41YQG,Sound Energy PLC,88S,88S,AP,6166,1,Z_EU_Liq3_noDETG,0
GB00BVPND783,A41XLB,Meridian Mining UK Societas,N2E0,N2E0,AP,6166,1,Z_EU_Liq2_TG,1
GB00BVTDCS88,A41H7Q,Anglesey Mining PLC,4A00,4A00,AP,6166,0,Z_EU_Liq3_noDETG,0
GB00BVV2KN49,A1W9PL,Eurocell PLC,6YQ,6YQ,AP,6166,1,Z_EU_Liq3_noDETG,0
GB00BVYVFW23,A14PY2,Auto Trader Group PLC,2UA,2UA,AP,6166,1,Z_EU_Liq2_TG,1
GB00BVZK7T90,A41NM1,Unilever PLC,UNV0,UNV0,AP,6166,1,Z_EU_Liq1_DETG,1
GB00BW9PJQ87,A14R8M,Gear4music (Holdings) PLC,G4A,G4A,AP,6166,1,Z_EU_Liq3_noDETG,0
GB00BWC4X262,A14Q02,Chill Brands Group PLC,7HR,7HR,AP,6166,1,Z_EU_Liq3_noDETG,0
GB00BWFGQN14,A14Q5B,Spirax-Sarco Engineering PLC,1LNB,1LNB,AP,6166,1,Z_EU_Liq2_TG,1
GB00BXB07J71,A14TLH,Gateley Holdings PLC,5I2,5I2,AP,6166,1,Z_EU_Liq3_noDETG,0
GB00BXDZL105,A14T00,Inspiration Healthcare Group PLC,LXD1,LXD1,AP,6166,1,Z_EU_Liq3_noDETG,0
GB00BY2Z0H74,A14VK6,Puretech Health PLC,0VQ,0VQ,AT,6166,1,Z_USA_Liq3_noDETG,0
GB00BY7QYJ50,A143MK,Draper Esprit PLC,GRW,GRW,AP,6166,1,Z_EU_Liq3_noDETG,0
GB00BYM1K758,A140YS,On the Beach Group PLC,9BP,9BP,AP,6166,1,Z_EU_Liq3_noDETG,0
GB00BYMF3676,A2DHJQ,Warpaint London,1J2,1J2,AP,6166,1,Z_EU_Liq3_noDETG,0
GB00BYMT0J19,A14156,LivaNova PLC,LIA,RIJ,AP,6166,1,Z_EU_Liq2_TG,0
GB00BYN59130,A2AHL0,Dominos Pizza Group PLC,DKOB,DKOB,AP,6166,1,Z_EU_Liq3_noDETG,0
GB00BYN5YK77,A14XHW,Trap Oil Group PLC,TPC1,TPC1,AP,6166,1,Z_EU_Liq3_noDETG,0
GB00BYP2QJ94,A2JHFL,Kore Potash PLC,KP10,KP10,AP,6166,1,Z_EU_Liq3_noDETG,0
GB00BYQ0JC66,A2AF7G,Beazley PLC,2D7,2D7,AP,6166,1,Z_EU_Liq2_TG,1
GB00BYQCS703,A2DRUH,Kanabo Group PLC,3WD,3WD,AP,6166,0,Z_EU_Liq3_noDETG,0
GB00BYRJ5J14,A142J2,Primary Health Properties PLC,PP51,PP51,AP,6166,1,Z_EU_Liq3_noDETG,0
GB00BYSRMH16,A2AC4V,CC Japan Income & Growth Trust PLC,8EH,8EH,AP,6166,1,Z_EU_Liq3_noDETG,0
GB00BYSX2795,A2DTV9,Xtract Resources PLC,R9XN,R9XN,AP,6166,1,Z_EU_Liq3_noDETG,0
GB00BYSXWW41,A2AJGM,Midwich Group PLC,9S2,9S2,AP,6166,1,Z_EU_Liq3_noDETG,0
GB00BYT18307,A2ALSB,TBC Bank Group PLC,LR6,LR6,AP,6166,1,Z_EU_Liq3_noDETG,0
GB00BYT1DJ19,A2AMU0,Intermediate Capital Group PLC,I2X2,I2X2,AP,6166,1,Z_EU_Liq2_TG,1
GB00BYT1L205,A2AMHJ,Comptoir Group PLC,5YK,5YK,AP,6166,1,Z_EU_Liq3_noDETG,0
GB00BYV31355,A14Z94,Insig AI PLC,8LF,8LF,AP,6166,1,Z_EU_Liq3_noDETG,0
GB00BYV81293,A2AE98,Shield Therapeutics PLC,1JS,1JS,AP,6166,1,Z_EU_Liq3_noDETG,0
GB00BYVX2X20,A2JMDY,Team17 Group plc,2EC,2EC,AP,6166,1,Z_EU_Liq3_noDETG,0
GB00BYW0PQ60,A2DW9E,Land Securities Group PLC,LSU2,LSU2,AP,6166,1,Z_EU_Liq2_TG,1
GB00BYW6GV68,A2ACR3,Ferroglobe PLC,5FG,5FG,AP,6166,1,Z_EU_Liq2_TG,0
GB00BYW79Y38,A141LG,Nuformix PLC,1RT,1RT,AP,6166,1,Z_EU_Liq3_noDETG,0
GB00BYW8QM32,A2DQES,N4 Pharma PLC,0GO,0GO,AP,6166,1,Z_EU_Liq3_noDETG,0
GB00BYWKC989,A2DGQ0,Angus Energy PLC,A3R,A3R,AP,6166,0,Z_EU_Liq3_noDETG,0
GB00BYWL4Y04,A2N765,Renalytix AI PLC,2O9,2O9,AP,6166,1,Z_EU_Liq3_noDETG,0
GB00BYWQCY12,A2PAY7,Manolete Partners PLC,2BE,2BEG,AP,6166,1,Z_EU_Liq3_noDETG,0
GB00BYWVDP49,A2H8SX,Sabre Insurance Group PLC,18M,18M,AP,6166,1,Z_EU_Liq3_noDETG,0
GB00BYWYZ460,A2JBMJ,Sure Ventures PLC,08F,08F,AP,6166,1,Z_EU_Liq3_noDETG,0
GB00BYX0MB92,A2AA8G,United Oil & Gas PLC,1UO,1UO,AP,6166,1,Z_EU_Liq3_noDETG,0
GB00BYX1P358,A2DT3N,Tatton Asset Management PLC,2T7,2T7,AP,6166,1,Z_EU_Liq3_noDETG,0
GB00BYX4TP46,A2AT5V,Van Elle Holdings PLC,5MH,5MH,AP,6166,1,Z_EU_Liq3_noDETG,0
GB00BYX5K988,A2DJW0,SigmaRoc PLC,M2I2,M2I2,AP,6166,1,Z_EU_Liq3_noDETG,0
GB00BYX7MG58,A2DM0C,UP Global Sourcing Holdings PLC,3DJ,3DJ,AP,6166,1,Z_EU_Liq3_noDETG,0
GB00BYXJC278,A142QY,Ibstock PLC,2I5,2I5,AP,6166,1,Z_EU_Liq3_noDETG,0
GB00BYY0JQ23,A14Z3U,Rome Resources PLC,P6Y,P6Y,AP,6166,1,Z_EU_Liq3_noDETG,0
GB00BYYDKX57,A2DGMM,ECR Minerals PLC,IZGH,IZGH,AP,6166,1,Z_EU_Liq3_noDETG,0
GB00BYYJL418,A14Z8Q,Norcros PLC,3N1N,3N1N,AP,6166,1,Z_EU_Liq3_noDETG,0
GB00BYYN4225,A142E9,Hostelworld Group PLC,HSW,HSWG,AP,6166,1,Z_EU_Liq3_noDETG,0
GB00BYYV0629,A2ALCX,Time Out Group PLC,05T,TOGG,AP,6166,1,Z_EU_Liq3_noDETG,0
GB00BYYW3C20,A2AG67,Forterra PLC,F0T,F0T,AP,6166,1,Z_EU_Liq3_noDETG,0
GB00BYYW9G87,A2ADP0,Avacta Group PLC,RTQ1,RTQ1,AP,6166,1,Z_EU_Liq3_noDETG,0
GB00BYYX6C66,A2AF9K,Cerillion PLC,1VW,1VW,AP,6166,1,Z_EU_Liq3_noDETG,0
GB00BYZC5R04,A2AM01,Papillon Holdings PLC,6IK,6IK,AP,6166,0,Z_EU_Liq3_noDETG,0
GB00BYZDVK82,A1430G,Softcat PLC,SF5,SF5,AP,6166,1,Z_EU_Liq2_TG,1
GB00BYZJ7G42,A2AGW0,Harworth Group PLC,UK6A,UK6A,AP,6166,1,Z_EU_Liq3_noDETG,0
GB00BYZN9041,A2DKXS,Future PLC,FNWA,FNWA,AP,6166,1,Z_EU_Liq3_noDETG,1
GB00BYZQM590,A2JM83,Maestrano Group Ltd.,3EW,3EW,AP,6166,1,Z_EU_Liq3_noDETG,0
GB00BZ042C28,A2DR8V,IGas Energy PLC,K1P3,K1P3,AP,6166,1,Z_EU_Liq3_noDETG,0
GB00BZ0D6727,A14WHA,Kainos Group PLC,1KG,1KG,AP,6166,1,Z_EU_Liq3_noDETG,0
GB00BZ0X8W18,A2H8R1,Beeks Financial Cloud Group PLC,1BZ,1BZ,AP,6166,1,Z_EU_Liq3_noDETG,0
GB00BZ11WQ61,A2DT95,Jangada Mines PLC,JMU,JMUG,AP,6166,1,Z_EU_Liq3_noDETG,0
GB00BZ15CS02,A2JR3A,Argo Blockchain PLC,0XP,0XP,AP,6166,0,Z_EU_Liq2_TG,0
GB00BZ1BLL44,A2DH40,Creo Medical Group PLC,1RC,1RC,AP,6166,1,Z_EU_Liq3_noDETG,0
GB00BZ1HLP69,A2PAFG,Kropz PLC,67W,67W,AP,6166,1,Z_EU_Liq3_noDETG,0
GB00BZ3CNK81,A2AGBV,TORM PLC,1T4,1T4,AP,6166,1,Z_EU_Liq2_TG,1
GB00BZ4BQC70,A2ABB6,Johnson Matthey PLC,JMT2,JMT2,AP,6166,1,Z_EU_Liq2_TG,1
GB00BZ6D6J81,A2AGHV,Tower Resources PLC,ULF1,ULF1,AP,6166,1,Z_EU_Liq3_noDETG,0
GB00BZBX0P70,A143NH,Gym Group PLC,4GY,4GY,AP,6166,1,Z_EU_Liq3_noDETG,0
GB00BZC0LC10,A2ARR1,Victoria PLC,3CV,3CV,AP,6166,1,Z_EU_Liq3_noDETG,0
GB00BZC0LP49,A2ATVM,Luceco PLC,2LC,2LC,AP,6166,1,Z_EU_Liq3_noDETG,0
GB00BZCNLL95,A2DHPK,BB Healthcare Trust PLC,67B,67B,AP,6166,1,Z_EU_Liq3_noDETG,0
GG00B1GHHH78,A0LGE6,Volta Finance Ltd.,3V7,VTA,AZ,6166,0,A_Aktien_ (keine Taxen),0
GG00B1W3VF54,A0MQ7T,Sirius Real Estate Ltd.,EYI,SRET,AZ,6166,1,Z_EU_Liq2_TG,0
GG00B1Z5FH87,A0MW4C,PPHE Hotel Group Ltd.,32P,32P,AZ,6166,1,Z_EU_Liq3_noDETG,0
GG00B1ZBD492,A0MXLB,NB Private Equity Partners Ltd.,31X,NBPEa,AZ,6166,1,Z_EU_Liq3_noDETG,0
GG00B28C2R28,A0M5MA,Princess Private Equity Holding Ltd.,PEYA,PEYA,AZ,6166,1,Z_EU_Liq2_TG,0
GG00B2R9PM06,A0Q17M,Chariot Oil & Gas Ltd.,C62,CHARC,AZ,6166,1,Z_EU_Liq3_noDETG,0
GG00B39HF298,A0Q234,Indus Gas Ltd.,59Q,59Q,AZ,6166,0,Z_EU_Liq3_noDETG,0
GG00BB0RDB98,A1W50T,Bluefield Solar Income Fund Ltd.,5B3,5B3,AZ,6166,1,Z_EU_Liq3_noDETG,0
GG00BBHX2H91,A1W2S8,Renewables Infrastructure Group,R7I,R7I,AZ,6166,1,Z_EU_Liq2_TG,1
GG00BD59ZW98,A2DLC1,Rainbow Rare Earths Ltd.,RR1,RR1,AZ,6166,1,Z_EU_Liq3_noDETG,0
GG00BD95V148,A2H7EL,Afritin Mining Ltd.,9IA,9IA,AZ,6166,1,Z_EU_Liq3_noDETG,0
GG00BG0KTL52,A2JRRP,Gemfields Group Ltd,5PH,5PH,AZ,6166,1,Z_EU_Liq3_noDETG,0
GG00BGDYDZ69,A2PGLY,Ferro-Alloy Resources Ltd.,5PE,5PE,AZ,6166,1,Z_EU_Liq3_noDETG,0
GG00BGDYFV61,A2NB4R,Macau Property Opp. Fund Ltd.,4M8A,4M8A,AZ,6166,1,Z_noMM,0
GG00BGJYPP46,A2N806,Chrysalis Investments Ltd.,285,285,AZ,6166,1,Z_EU_Liq3_noDETG,0
GG00BJ0CDD21,A2PGG5,The Schiehallion Fund Ltd.,77W0,77W0,AZ,6166,1,Z_EU_Liq3_noDETG,0
GG00BJ0JVY01,A113A2,Nextenergy Solar Fund Ltd.,5NE,5NE,AZ,6166,1,Z_EU_Liq3_noDETG,0
GG00BJQZ9H10,A2PE3T,Vietnam Holding Ltd.,2YL,2YL,AZ,6166,1,Z_EU_Liq3_noDETG,0
GG00BKSH7R87,A3C9R5,Mercantile Ports and Logistics Ltd.,9KS0,9KS0,AZ,6166,1,Z_EU_Liq3_noDETG,0
GG00BKTRRM22,A2PUQN,RTW Biotech Opportunities Ltd.,0BM,0BM,AZ,6166,1,Z_EU_Liq3_noDETG,0
GG00BL594H32,A3DDU4,SuperSeed Capital Ltd.,R3U,R3U,AZ,6166,1,Z_noMM,0
GG00BLGZJW08,A3C4AV,PH Capital Ltd.,W4C,W4C,AZ,6166,1,Z_noMM,0
GG00BMC7TM77,A2QPSH,Cordiant Digital Infrastructure Ltd.,86L,86L,AZ,6166,1,Z_EU_Liq3_noDETG,0
GG00BMD8MJ76,A2QN5A,Foresight Group Holdings Ltd.,9LR,9LR,AZ,6166,1,Z_EU_Liq3_noDETG,0
GG00BMGYLN96,A2QE5M,Burford Capital Ltd.,9BFA,9BFA,AL,6166,1,Z_USA_Liq2_TG,0
GG00BMWWJM28,A3C5NJ,Castelnau Group Ltd.,7QZ,7QZ,AZ,6166,1,Z_EU_Liq3_noDETG,0
GG00BMX4VR69,A2QADF,Landore Resources Ltd.,LMK1,LMK1,AT,6166,1,Z_USA_Liq3_noDETG,0
GG00BNDMJP11,A3CMSC,River and Mercantile UK Micro Cap Investment Company Ltd,3RM0,3RM0,AZ,6166,1,Z_EU_Liq3_noDETG,0
GG00BPFJTF46,A12C4S,Pershing Square Holdings Ltd.,7P2,7P2,AZ,6166,1,Z_EU_Liq2_TG,1
GG00BQBFY362,A3D58Q,BH Marco Ltd.,3BH,3BH,AZ,6166,1,Z_EU_Liq2_TG,0
GG00BQZCBZ44,A3D8TJ,Shurgard Self Storage Ltd.,S8V,S8V,AZ,6166,1,Z_EU_Liq2_TG,1
GG00BR30MJ80,A12C4N,Harbourvest Global Private Equity Ltd.,9JF,9JF,AZ,6166,1,Z_EU_Liq3_noDETG,0
GG00BRK9BQ81,A12D3K,Fastforward Innovations Ltd.,LYZ1,LYZ1,AZ,6166,1,Z_EU_Liq3_noDETG,0
GG00BSNRFW06,A41H9J,Riverstone Energy Ltd.,RIY0,RIY0,AZ,6166,1,Z_noMM,0
GG00BTZC2850,A41YPB,Taylor Maritime Ltd.,91E0,91E0,AZ,6166,1,Z_EU_Liq3_noDETG,0
GG00BYXVT888,A1428J,VinaCapital Vietnam Opportunity Fund Ltd.,1VV,1VV,AZ,6166,1,Z_EU_Liq2_TG,1
GG00BYZSSY63,A14U5L,Duke Royalty Ltd.,B34,B34,AZ,6166,1,Z_EU_Liq3_noDETG,0
GI000A0F6407,A0F640,'888 Holdings PLC,C8V,8888,AZ,6166,1,Z_EU_Liq2_TG,1
GI000A2P2W41,A2P2W4,Valereum Blockchain PLC,6TJ,6TJ,AZ,6166,1,Z_EU_Liq3_noDETG,0
GRS001003052,A40TEH,Attica Bank S.A.,BCA0,BCA0,AZ,6166,1,Z_EU_Liq3_noDETG,0
GRS003003035,A2N40X,National Bank of Greece S.A.,NAGF,NAGF,AZ,6166,1,Z_EU_Liq2_TG,1
GRS004013009,910622,Bank of Greece,BGC,BOG,AZ,6166,1,Z_EU_Liq3_noDETG,0
GRS070003009,A2DY3X,Kekrops S.A.,KE1,KE1,AZ,6166,1,Z_EU_Liq3_noDETG,0
GRS087003000,A2N5ZT,Intracom Holdings S.A.,INTA,INT1,AZ,6166,1,Z_EU_Liq3_noDETG,0
GRS096003009,766652,Fourlis Holding S.A.,2FH,2FH,AZ,6166,1,Z_EU_Liq3_noDETG,0
GRS145003000,A0B6AU,"GEK TERNA Holding, Real Estate, Construction S.A.",1GT,1GT,AZ,6166,1,Z_EU_Liq3_noDETG,0
GRS147233001,894865,Athens Medical Center S.A.,ACS,ACSG,AZ,6166,1,Z_EU_Liq3_noDETG,0
GRS191213008,906021,Ellaktor S.A.,HLL,HLL,AZ,6166,1,Z_EU_Liq3_noDETG,0
GRS204003008,675696,GR. SARANTIS S.A.,SSA1,SSA1,AZ,6166,1,Z_EU_Liq3_noDETG,0
GRS213213002,924112,J&P-Avax S.A.,IJ6,IJ6,AZ,6166,1,Z_EU_Liq3_noDETG,0
GRS222213001,590257,Ekter S.A.,J97,J97,AZ,6166,1,Z_EU_Liq3_noDETG,0
GRS239003007,A0JC3P,Thrace Plastics Holding and Commercial S.A.,TP3,THRAn,AZ,6166,1,Z_EU_Liq3_noDETG,0
GRS245213004,691513,Lamda Development S.A.,LDQ,LDQn,AZ,6166,1,Z_EU_Liq3_noDETG,0
GRS260333000,903465,Hellenic Telecommunications Organization S.A.,OTE,OTEn,AZ,6166,1,Z_EU_Liq2_TG,0
GRS281003004,A2PU7D,Elvalhalcor Hellenic Copper and Aluminium Industry S.A.,HC6A,HC6A,AZ,6166,1,Z_EU_Liq3_noDETG,0
GRS282183003,925529,Jumbo S.A.,5JB,5JB,AZ,6166,1,Z_EU_Liq2_TG,0
GRS298343005,914999,Hellenic Petroleum S.A.,HLPN,HLPN,AZ,6166,1,Z_EU_Liq3_noDETG,0
GRS310003009,A1XA84,Quest Holdings S.A.,9IVA,9IVA,AZ,6166,1,Z_EU_Liq3_noDETG,0
GRS314003013,A3EFZU,MIG Holdings S.A.,M3K0,M3K0,AZ,6166,1,Z_EU_Liq3_noDETG,0
GRS326003019,A2JAUK,Crete Plastics S.A.,03N1,03N1,AZ,6166,1,Z_EU_Liq3_noDETG,0
GRS337003008,A1W67M,Autohellas S.A.,0AH1,0AH1,AZ,6166,1,Z_EU_Liq3_noDETG,0
GRS343313003,928980,Ballys Intralot S.A.,9IL,9IL,AZ,6166,1,Z_EU_Liq2_TG,0
GRS359353000,931894,EYDAP S.A.,EYP,EYD,AZ,6166,1,Z_EU_Liq2_TG,0
GRS395363005,941206,Hellenic Exchanges - Athens Stock Exchange S.A. Holding,HEE,HEE,AZ,6166,1,Z_EU_Liq3_noDETG,0
GRS403003007,A1C4BZ,Technical Olympic S.A.,TQZA,TQZ,AZ,6166,1,Z_EU_Liq3_noDETG,0
GRS419003009,765974,Allwyn AG,GF8,OPAR,AZ,6166,1,Z_EU_Liq2_TG,1
GRS426003000,794038,Motor Oil Hellas Corinth Refineries S.A.,MHZ,HEMG,AZ,6166,1,Z_EU_Liq3_noDETG,0
GRS427003009,691532,Thessaloniki Port Authority S.A.,03P,03P,AZ,6166,1,Z_EU_Liq3_noDETG,0
GRS428003008,691519,Thessaloniki Water Supply & Sewerage Co. S.A.,T9W,TWS,AZ,6166,1,Z_EU_Liq3_noDETG,0
GRS432003028,A2DVTU,Intrakat S.A.,Z8M,Z8M,AZ,6166,1,Z_EU_Liq3_noDETG,0
GRS434003000,982549,Public Power Corporation S.A.,PU8,DEHr,AZ,6166,1,Z_EU_Liq2_TG,0
GRS469003024,A1W3NH,Kri Kri Milk Industry S.A.,AO2,AO2G,AZ,6166,1,Z_EU_Liq3_noDETG,0
GRS470003013,121488,Piraeus Port Authority,PZE,OLP,AZ,6166,1,Z_EU_Liq2_TG,0
GRS477003008,A0DNWZ,Elinoil Hellenic Petrol Co. S.A.,EL7,ELIA,AZ,6166,1,Z_EU_Liq3_noDETG,0
GRS495003006,A0MWBR,Aegean Airlines S.A.,32A,32A,AZ,6166,1,Z_EU_Liq2_TG,0
GRS518003009,A2DTKD,ADMIE (IPTO) Holding S.A.,08M,08M,AZ,6166,1,Z_EU_Liq3_noDETG,0
GRS533003000,A3E2RR,Optima Bank S.A.,C59,C59,AZ,6166,1,Z_EU_Liq3_noDETG,0
GRS536003007,A401RW,Athens International Airport S.A.,9O1,9O1,AZ,6166,1,Z_EU_Liq2_TG,0
GRS829003003,A41XCJ,Eurobank S.A.,1X8,1X8,AZ,6166,1,Z_EU_Liq2_TG,0
GRS830003000,A41BU7,Alpha Bank S.A.,UI6,UI6,AZ,6166,1,Z_EU_Liq2_TG,0
GRS831003009,A41XFW,Piraeus Bank SA,5ZT,5ZT,AZ,6166,0,A_Aktien_ (keine Taxen),0
HK0000055878,A0YA1F,China Taiping Insurance Holdings Co. Ltd.,HIUC,0966,AG,6166,1,Z_ASIA_Liq3_noDETG,0
HK0000056256,A0YBAC,China Traditional Chinese Medicine Holdings Co. Ltd.,WSG,0570,AG,6166,1,Z_noMM,0
HK0000056264,A0YA4F,China South City Holdings Ltd.,CS4,1668,AG,6166,0,Z_ASIA_Liq3_noDETG,0
HK0000063609,A1CXQA,Swire Properties Ltd.,SW9,SW9,AG,6166,1,Z_ASIA_Liq2_TG,0
HK0000065349,A1C04K,Hong Kong Television Network Ltd.,XHN1,1137,AG,6166,1,Z_ASIA_Liq3_noDETG,0
HK0000065737,A1C06Q,China Overseas Grand Oceans Group Ltd.,SWL,0081,AG,6166,1,Z_noMM,0
HK0000065869,A1C1P5,Guotai Juan International Holdings Ltd.,GUE,1788,AF,6166,1,Z_ASIA_Liq2_TG,0
HK0000069689,A1C7F3,AIA Group Ltd.,7A2,1299,AE,6166,1,Z_ASIA_Liq2_TG,1
HK0000077468,A1H8K9,Far East Horizon Ltd.,F6H,3360,AG,6166,1,Z_ASIA_Liq3_noDETG,0
HK0000083920,A1JCNU,Sun Art Retail Group Ltd,SRI,6808,AF,6166,1,Z_ASIA_Liq2_TG,0
HK0000084183,A1JC1K,Aeon Stores Hong Kong Co. Ltd.,AVK1,AVK1,AG,6166,1,Z_ASIA_Liq3_noDETG,0
HK0000093390,A1JPLQ,HKT Trust and HKT Ltd.,4HK,4HKu,AF,6166,1,Z_ASIA_Liq2_TG,0
HK0000112026,A1JZ16,China Nonferrous Mining Corp.,3N4,3N4,AG,6166,1,Z_noMM,0
HK0000139300,A1KCXX,Television Broadcasts Ltd.,TBCN,TBCN,AG,6166,1,Z_ASIA_Liq3_noDETG,0
HK0000172855,A1W9UY,Goldpac Group Ltd.,G9D,G9D,AF,6166,1,Z_ASIA_Liq2_TG,0
HK0000179108,A1XCDJ,HK Electric Investments and HK Electric Investments Ltd.,HKT,HKTu,AF,6166,1,Z_ASIA_Liq2_TG,0
HK0000218211,A12DNQ,Hua Hong Semiconductor Ltd.,1HH,1HH,AF,6166,1,Z_ASIA_Liq2_TG,0
HK0000264595,A14Y51,China Evergrande New Energy Vehicle Group Ltd.,4NM1,4NM1,AG,6166,0,Z_ASIA_Liq3_noDETG,0
HK0000295763,A2AKB1,Rich Goldman Holdings Ltd.,MRU3,MRU3,AG,6166,1,Z_ASIA_Liq3_noDETG,0
HK0000311099,A2ATTU,China Resources Pharmceutical Group Ltd.,640,640,AF,6166,1,Z_ASIA_Liq2_TG,0
HK0000356805,A2DWBP,Lai Sun Garment International Ltd.,LAI3,LAI3,AG,6166,1,Z_noMM,0
HK0000504214,A2PLQ6,CSSC Hong Kong Shipping Co. Ltd.,3LL,3LL,AF,6166,1,Z_ASIA_Liq2_TG,0
HK0000527306,A2PQST,Asia Energy Logistics Group Ltd.,EJ1C,EJ1C,AG,6166,1,Z_ASIA_Liq3_noDETG,0
HK0000552189,A2PWA4,China Merchants Commercial Real Estate Investment Trust,5C3,5C3u,AF,6166,1,Z_ASIA_Liq2_TG,0
HK0000592854,A2P276,Shougang Concord International Enterprises Co. Ltd.,SHVA,SHVG,AG,6166,1,Z_ASIA_Liq3_noDETG,0
HK0000608585,A2P7NH,New World Development Co. Ltd.,NWDA,NWDA,AF,6166,1,Z_ASIA_Liq2_TG,0
HK0000658531,A2QD9S,Simcere Pharmaceutical Grp Ltd.,S2P,S2P,AF,6166,1,Z_ASIA_Liq2_TG,0
HK0000745908,A3CRFD,Yuexiu Property Co. Ltd.,GUZA,GUZA,AG,6166,1,Z_ASIA_Liq3_noDETG,0
HK0000769783,A3CVH6,Zensun Enterprises Ltd.,OVZ1,OVZ1,AG,6166,1,Z_ASIA_Liq3_noDETG,0
HK0000811882,A3CPA6,Chervon Holdings Ltd.,AZ9,AZ9,AF,6166,1,Z_ASIA_Liq2_TG,0
HK0000981941,A400CJ,Timeless Resources Holdings Ltd.,TLW0,TLW0,AG,6166,1,Z_ASIA_Liq3_noDETG,0
HK0001163432,A41CMU,China Vered Financial Holding,HKQ,HKQ,AG,6166,1,Z_ASIA_Liq3_noDETG,0
HK0001200002,A41KPF,Zijin Gold Internat.Co. Ltd.  Registered Shares o.N.,6LU,6LU,AG,6166,1,Z_ASIA_Liq2_TG,0
HK0002007356,861336,CLP Holdings Ltd.,CLP,0002,AE,6166,1,Z_ASIA_Liq2_TG,0
HK0003000038,864603,The Hongkong & China Gas Co. Ltd.,HCG,0003,AE,6166,1,Z_ASIA_Liq2_TG,0
HK0004000045,861691,The Wharf Holdings Limited,WHA,0004,AE,6166,1,Z_ASIA_Liq2_TG,0
HK0006000050,861981,Power Assets Holdings Ltd.,HEH,0006,AE,6166,1,Z_ASIA_Liq2_TG,0
HK0008011667,165235,PCCW LTD.,TH3B,0008,AF,6166,1,Z_ASIA_Liq2_TG,0
HK0010000088,861145,Hang Lung Group Ltd.,HLU,0010,AG,6166,1,Z_ASIA_Liq3_noDETG,0
HK0012000102,867157,Henderson Land Development Co. Ltd.,HLD,0012,AE,6166,1,Z_ASIA_Liq2_TG,0
HK0014000126,866600,Hysan Development Co. Ltd.,HYN,0014,AG,6166,1,Z_ASIA_Liq3_noDETG,0
HK0016000132,861270,Sun Hung Kai Properties Ltd.,SHG,0016,AE,6166,1,Z_ASIA_Liq2_TG,1
HK0018000155,874584,Oriental Press Group Ltd.,OPQ,0018,AG,6166,1,Z_ASIA_Liq3_noDETG,0
HK0019000162,860990,Swire Pacific Ltd.,SWI,0019,AE,6166,1,Z_ASIA_Liq2_TG,0
HK0023000190,868943,The Bank of East Asia Ltd.,BOA,0023,AF,6166,1,Z_ASIA_Liq2_TG,0
HK0027032686,A0HHH9,Galaxy Entertainment Group Ltd.,KW9A,0027,AE,6166,1,Z_ASIA_Liq2_TG,1
HK0031044180,A0NC4F,China Aerospace International Holdings Ltd.,CIOC,0031,AG,6166,0,Z_ASIA_Liq3_noDETG,0
HK0066009694,579779,MTR Corporation Ltd.,MRI,0066,AE,6166,1,Z_ASIA_Liq2_TG,0
HK0083000502,866305,Sino Land Co. Ltd.,SNO,0083,AE,6166,1,Z_ASIA_Liq2_TG,0
HK0086000525,868278,Sun Hung Kai & Co. Ltd.,SHK,0086,AG,6166,1,Z_ASIA_Liq3_noDETG,0
HK0097000571,870799,Henderson Investment Ltd.,HI7,0097,AG,6166,1,Z_noMM,0
HK0101000591,874111,Hang Lung Properties Ltd.,AOP,0101,AF,6166,1,Z_ASIA_Liq2_TG,0
HK0119000674,885546,Poly Property Group Co. Ltd.,CMJ,0119,AG,6166,1,Z_ASIA_Liq3_noDETG,0
HK0128011282,885558,ENM Holdings Ltd.,EMD,0128,AG,6166,1,Z_ASIA_Liq3_noDETG,0
HK0131037993,A0MQ1Y,Cheuk Nang (Holdings) Ltd.,CQH3,0131,AG,6166,1,Z_ASIA_Liq3_noDETG,0
HK0137031065,A0ET7D,Jinhui Holdings Co. Ltd.,JHU1,0137,AG,6166,1,Z_ASIA_Liq3_noDETG,0
HK0144000764,884558,China Merchants Port Holdings Co. Ltd.,CPM,0144,AF,6166,1,Z_ASIA_Liq2_TG,0
HK0165000859,885573,China Everbright Ltd.,EVI,0165,AG,6166,1,Z_ASIA_Liq3_noDETG,0
HK0171000877,885576,Silver Grant International Industries Ltd.,YSG,0171,AG,6166,1,Z_ASIA_Liq3_noDETG,0
HK0184000948,876166,Keck Seng Investments Hong Kong Ltd.,KEC,0184,AG,6166,1,Z_ASIA_Liq3_noDETG,0
HK0200030994,A0ET8T,Melco International Development Ltd.,MX7A,0200,AF,6166,1,Z_ASIA_Liq2_TG,0
HK0222001130,884426,Min Xin Holdings Ltd.,MXD,0222,AG,6166,1,Z_ASIA_Liq3_noDETG,0
HK0227001168,885614,First Shanghai Investments Ltd.,FSI,0227,AG,6166,1,Z_noMM,0
HK0242001243,861731,Shun Tak Holdings Ltd.,XUN,0242,AG,6166,1,Z_ASIA_Liq3_noDETG,0
HK0257001336,885610,China Everbright International Ltd.,CNE,CNEG,AF,6166,1,Z_ASIA_Liq3_noDETG,0
HK0267001375,870564,Citic Pacific Ltd.,CPF,0267,AE,6166,1,Z_ASIA_Liq2_TG,1
HK0270001396,883168,Guangdong Investment Ltd.,GUG,0270,AF,6166,1,Z_ASIA_Liq2_TG,0
HK0285041858,A0M0HG,BYD Electronic [International] Co. Ltd.,4BY,0285,AE,6166,1,Z_ASIA_Liq2_TG,1
HK0291001490,884684,China Resources Beer (Holdings) Co.,CHK,0291,AE,6166,1,Z_ASIA_Liq2_TG,1
HK0293001514,870986,Cathay Pacific Airways Ltd.,CTY,0293,AE,6166,1,Z_ASIA_Liq2_TG,0
HK0308001558,888263,China Travel International Investment Hong Kong Ltd.,CTI,0308,AF,6166,1,Z_ASIA_Liq2_TG,0
HK0363006039,900868,Shanghai Industrial Holdings Ltd.,SGI,0363,AG,6166,1,Z_ASIA_Liq3_noDETG,0
HK0388045442,A0NJY9,Hongkong Exchanges and Clearing Ltd.,HK2C,0388,AE,6166,1,Z_ASIA_Liq2_TG,1
HK0392044647,A0NEXK,Beijing Enterprises Holdings Ltd.,BJEB,0392,AF,6166,1,Z_ASIA_Liq2_TG,0
HK0420001817,875831,Fountain Set [Holdings] Ltd.,FOV,0420,AG,6166,1,Z_ASIA_Liq3_noDETG,0
HK0440001847,885549,Dah Sing Financial Holdings Ltd.,DSR,0440,AG,6166,1,Z_ASIA_Liq3_noDETG,0
HK0533002009,884898,Goldlion Holdings Ltd.,GLH,0533,AG,6166,1,Z_ASIA_Liq3_noDETG,0
HK0536032532,A0HGL3,Tradeweb Markets Inc.,T2E,0536,AG,6166,1,Z_noMM,0
HK0604011236,551188,Shenzhen Investment Ltd.,SHS,0604,AF,6166,1,Z_ASIA_Liq2_TG,0
HK0656038673,A0MVLL,Fosun International Ltd.,FNI,0656,AF,6166,1,Z_ASIA_Liq2_TG,0
HK0669013440,A0B5GC,Techtronic Industries Co. Ltd.,TIB1,0669,AE,6166,1,Z_ASIA_Liq2_TG,1
HK0688002218,884705,China Overseas Land & Investment Ltd.,CPP,0688,AE,6166,1,Z_ASIA_Liq2_TG,1
HK0823032773,A0HL3P,The Link Real Estate Investment Trust,L5R,0823u,AG,6166,1,Z_ASIA_Liq2_TG,1
HK0836012952,784581,China Resources Power Holdings Co.,CRP,0836,AE,6166,1,Z_ASIA_Liq2_TG,1
HK0880043028,A0NBLJ,SJM Holdings Ltd.,3MG,0880,AF,6166,1,Z_ASIA_Liq2_TG,0
HK0882007260,911150,Tianjin Development Holdings Ltd.,TJN,0882,AG,6166,1,Z_ASIA_Liq3_noDETG,0
HK0992009065,894983,Lenovo Group Ltd.,LHL,0992,AE,6166,1,Z_ASIA_Liq2_TG,1
HK1093012172,548183,CSPC Pharmaceutical Group Ltd.,CVG,1093,AE,6166,1,Z_ASIA_Liq2_TG,1
HK1097008929,929341,I-Cable Communications Ltd.,IB5A,1097,AG,6166,1,Z_ASIA_Liq3_noDETG,0
HK1203033175,A0H0EH,Guangnan Holdings Ltd.,GUJB,1203,AG,6166,1,Z_ASIA_Liq3_noDETG,0
HK1208013172,A0BLUG,MMG Ltd.,OMS1,1208,AF,6166,1,Z_ASIA_Liq2_TG,0
HK1883037637,A0MM9J,Citic Telecom International Holdings Ltd.,B7O,1883,AG,6166,1,Z_ASIA_Liq2_TG,0
HK2356013600,A0B6A1,Dah Sing Banking Group Ltd.,RY2,2356,AG,6166,1,Z_ASIA_Liq3_noDETG,0
HK2380027329,A0DKTC,China Power International Development Ltd.,HPD,2380,AF,6166,1,Z_ASIA_Liq2_TG,0
HK2388011192,661725,Bank of China (Hongkong) Ltd.,BOF,2388,AE,6166,1,Z_ASIA_Liq2_TG,1
HK3377040226,A0M1D7,Sino-Ocean Group Holding Ltd.,3SD,3377,AG,6166,1,Z_ASIA_Liq3_noDETG,0
HK3808041546,A0M734,Sinotruk Hong Kong Ltd.,4SK,3808,AE,6166,1,Z_ASIA_Liq2_TG,1
HU0000061726,896068,Orszagos Takarekpenztar es Kereskedelmi Bank Rt. OTP,OTP,OTPB,AO,6166,1,Z_EU_Liq3_noDETG,0
HU0000073457,A0B7AP,Rába Automotive Holding Plc.,RMV1,RABA,AO,6166,1,Z_EU_Liq3_noDETG,0
HU0000073507,A0B8TQ,Magyar Telekom Telecommunications PLC,MGYB,MTEL,AO,6166,1,Z_EU_Liq3_noDETG,0
HU0000074844,A0DK5W,Zwack Unicum Plc.,ZWC1,ZWCG,AO,6166,1,Z_EU_Liq3_noDETG,0
HU0000078175,A0ET25,MBH Mortgage Bank Co. PLC,FH21,FHBK,AO,6166,1,Z_EU_Liq3_noDETG,0
HU0000083696,A0KFCC,Graphisoft Park SE,GUV,GPHGn,AO,6166,0,Z_EU_Liq3_noDETG,0
HU0000089867,A0M6P5,PannErgy Nyrt.,PPL,PANPn,AO,6166,1,Z_EU_Liq3_noDETG,0
HU0000093257,A0Q483,ANY Biztonsági Nyomda Nyrt.,X07,ANYB,AO,6166,0,Z_EU_Liq3_noDETG,0
HU0000102132,A1C5VC,Appeninn Vag.Holding Ny.M.Res.,0AP,0AP,AO,6166,1,Z_EU_Liq3_noDETG,0
HU0000120720,A2AA8F,Waberers International PLC,3WB,3WB,AO,6166,1,Z_EU_Liq3_noDETG,0
HU0000123096,A1W16N,Richter Gedeon Vegyeszeti Gyar Nyrt.,RIG2,RIG2,AO,6166,1,Z_EU_Liq3_noDETG,0
HU0000151956,A2H5RL,Est Media Vagyonkezelö Nyrt.,E8E4,E8E4,AO,6166,1,Z_EU_Liq3_noDETG,0
HU0000153937,A2DW9C,MOL Hungarian Oil and Gas Company PLC,MOGB,MOGBn,AO,6166,1,Z_EU_Liq3_noDETG,0
HU0000155726,A2H8SJ,Alteo Energiasz.Nyil Muk.Resz.,54O,54O,AO,6166,1,Z_EU_Liq3_noDETG,0
HU0000170824,A2PUCL,AKKO Invest PLC,8PL2,8PL2,AO,6166,1,Z_EU_Liq3_noDETG,0
HU0000180211,A2QJCK,Ormester Vagyonvedelmi Nyilvanosan Mukodo Rt.,2OM0,2OM0,AO,6166,1,Z_EU_Liq3_noDETG,0
HU0000199351,A3DWFN,eSense Human Resources Nyrt,V7N,V7N,AO,6166,1,Z_EU_Liq3_noDETG,0
ID1000053705,893028,PT Medco Energi International Tbk,MEF,MEDCE,AG,6166,1,Z_ASIA_Liq3_noDETG,0
ID1000057003,891724,PT Indofood Sukses Makmur TBK,ISM,INDF,AG,6166,1,Z_ASIA_Liq3_noDETG,0
ID1000058407,888037,PT United Tractors Tbk,UTY,UNTR,AG,6166,1,Z_ASIA_Liq3_noDETG,0
ID1000059306,A0B7G2,PT Champion Pacific Indonesia Tbk,IUD,IGAR,AG,6166,1,Z_noMM,0
ID1000060007,889877,Mayora Indah. PT,D7V,MYOR,AG,6166,1,Z_ASIA_Liq3_noDETG,0
ID1000061302,888939,PT Indocement Tunggal Prakarsa TBK,ITP,INTP,AG,6166,1,Z_ASIA_Liq3_noDETG,0
ID1000062201,889570,PT Indah Kiat Pulp and Paper Corp.,IKP,INKP,AG,6166,1,Z_ASIA_Liq3_noDETG,0
ID1000066004,911507,PT Astra Agro Lestari TBK,ASX,AALI,AG,6166,1,Z_ASIA_Liq3_noDETG,0
ID1000066103,A0BKTQ,PT Astra Graphia TBK,IUA,IUA,AG,6166,1,Z_noMM,0
ID1000068604,887246,PT Gudang Garam TBK,GGG,GGRM,AG,6166,1,Z_ASIA_Liq3_noDETG,0
ID1000068703,895404,PT Bumi Resources TBK,PJM,BUMI,AG,6166,1,Z_ASIA_Liq3_noDETG,0
ID1000070402,893645,PT Citra Marga Nusaphala Persada Tbk,J7K,CMNP,AG,6166,0,Z_ASIA_Liq3_noDETG,0
ID1000072309,887013,PT Solusi Bangun Indonesia TBK,RU6,SMCB,AG,6166,0,Z_ASIA_Liq3_noDETG,0
ID1000072507,895263,PT Kawasan Industri Jababeka TBK,HZ4,KIJA,AG,6166,1,Z_noMM,0
ID1000074008,892536,PT Hanjaya Mandala Sampoerna TBK,HSZ,HMSP,AG,6166,1,Z_ASIA_Liq3_noDETG,0
ID1000076706,A0LAUE,Tunas Baru Lampung TBK,T2L,TBLA,AG,6166,1,Z_ASIA_Liq3_noDETG,0
ID1000080302,910912,PT Lippo Cikarang,LCW,LCW,AG,6166,1,Z_noMM,0
ID1000085707,887670,PT Barito Pacific Tbk,OB8,BRPT,AG,6166,1,Z_ASIA_Liq3_noDETG,0
ID1000086002,887944,PT Gajah Tunggal,GH8,GJTL,AG,6166,1,Z_ASIA_Liq3_noDETG,0
ID1000090202,888554,PT Polychem Indonesia Tbk,P2I,P2I,AG,6166,1,Z_ASIA_Liq3_noDETG,0
ID1000092406,885817,PT Summarecon Agung Tbk,RZU,RZU,AG,6166,1,Z_ASIA_Liq3_noDETG,0
ID1000092703,894090,PT Bank Pan Indonesia Tbk,PTQ,PNBN,AG,6166,1,Z_ASIA_Liq3_noDETG,0
ID1000094006,A0BLQ5,PT Bukit Asam TBK,TBA,PTBA,AG,6166,1,Z_ASIA_Liq3_noDETG,0
ID1000094204,120468,PT Bank Danamon Indonesia TBK,HX9,BDMN,AG,6166,1,Z_ASIA_Liq3_noDETG,0
ID1000094402,A0B7AJ,Bank OCBC Nisp PT Tbk,FFB,NISP,AG,6166,1,Z_ASIA_Liq3_noDETG,0
ID1000094709,A1JUQA,J Resources Asia Pasifik Tbk,J5R,J5R,AG,6166,1,Z_ASIA_Liq3_noDETG,0
ID1000095003,813177,PT Bank Mandiri Taspen,PQ9,BMRI,AG,6166,1,Z_ASIA_Liq3_noDETG,0
ID1000095706,358693,PT Unilever,UTG,UNVR,AG,6166,1,Z_ASIA_Liq3_noDETG,0
ID1000096605,A0BK9S,PT Bank Negara Indonesia,BKE1,BBNI,AG,6166,1,Z_ASIA_Liq3_noDETG,0
ID1000097207,A0B9TP,Adhi Karya Persero,KM6,ADHI,AG,6166,1,Z_ASIA_Liq3_noDETG,0
ID1000097405,A0B9VZ,PT Indosat TBK,IDO1,ISAT,AG,6166,1,Z_ASIA_Liq3_noDETG,0
ID1000098007,A0CA1P,PT Bank CIMB Niaga Tbk,NKX,BNGA,AG,6166,1,Z_ASIA_Liq3_noDETG,0
ID1000098205,A0B50S,PT Bank Permata Tbk,85C,85C,AG,6166,1,Z_ASIA_Liq3_noDETG,0
ID1000098304,A0B7A8,PT Energi Mega Persada Tbk,HFK,ENRG,AG,6166,1,Z_ASIA_Liq3_noDETG,0
ID1000099302,A0DKWX,PT Bank Maybank Indonesia Tbk,BOZA,BNII,AG,6166,1,Z_ASIA_Liq3_noDETG,0
ID1000099708,A0DM80,PT Bakrie Sumatera Plantations Tbk,OSW,UNSP,AG,6166,1,Z_ASIA_Liq3_noDETG,0
ID1000099807,A0D83K,PT Mitra Adiperkasa Tbk,QGI,MAPI,AG,6166,1,Z_ASIA_Liq3_noDETG,0
ID1000100209,A0DN28,Wahana Ottomitra Multiartha TBK,WB7,WOMF,AG,6166,1,Z_ASIA_Liq3_noDETG,0
ID1000100902,A0D9TZ,PT Star Pacific TBK,LPL2,LPLI,AG,6166,1,Z_noMM,0
ID1000102205,A0F66H,PT Hexindo Adiperkasa TBK,HX1A,HEXA,AG,6166,1,Z_ASIA_Liq3_noDETG,0
ID1000102502,A0HFV0,PT XL Axiata TBK,E5F,EXCI,AG,6166,1,Z_ASIA_Liq3_noDETG,0
ID1000102809,A0KEVS,Multi Indocitra TBK,QF9,MICE,AG,6166,1,Z_ASIA_Liq3_noDETG,0
ID1000103203,A0JJWQ,PT Pelayaran Tempuran Emas TBK,P5TA,TMAS,AG,6166,1,Z_ASIA_Liq3_noDETG,0
ID1000103609,A0LB9X,"Bank Bukopin TBK, PT",5BB,5BB,AG,6166,1,Z_noMM,0
ID1000104003,A0LA4E,"Total Bangun Persada TBK, PT",T9Q,TOTL,AG,6166,1,Z_ASIA_Liq3_noDETG,0
ID1000105604,A0MQAV,PT Global Mediacom Tbk,06L,06L,AG,6166,1,Z_noMM,0
ID1000105703,A0M7Q8,PT Bisi International TBK,4FM,4FM,AG,6166,1,Z_ASIA_Liq3_noDETG,0
ID1000106107,A0MU3P,PT Prime Agri Resources TBK,SZ31,SGRJ,AG,6166,1,Z_ASIA_Liq3_noDETG,0
ID1000106206,A0MU4M,PT Media Nusantara Citra Tbk,5M2,MNCN,AG,6166,1,Z_ASIA_Liq3_noDETG,0
ID1000106602,A0MW2K,PT Aneka Tambang TBK,AKTA,ANTM,AG,6166,1,Z_ASIA_Liq3_noDETG,0
ID1000106701,A0MXR0,AKR Corporindo Tbk,RK6A,AKRA,AG,6166,1,Z_noMM,0
ID1000106800,A0MYD2,PT Semen Indonesia (Persero) Tbk.,SMS2,SMGRa,AG,6166,1,Z_ASIA_Liq3_noDETG,0
ID1000107303,A0M9CW,Darma Henwa Tbk,0DH,DEWA,AG,6166,1,Z_ASIA_Liq3_noDETG,0
ID1000107600,A0M6S1,Wijaya Karya PT,5AA,WIKA,AG,6166,0,Z_ASIA_Liq3_noDETG,0
ID1000108103,A0M7KN,PT Jasa Marga (Persero) Tbk,0JM,JSRM,AG,6166,1,Z_ASIA_Liq3_noDETG,0
ID1000108400,A0X9TD,Alam Sutera Realty Tbk PT,8AS,8AS,AG,6166,1,Z_noMM,0
ID1000108509,A0M9BF,PT Indo Tambangraya Megah TBK,3IB,3IB,AG,6166,1,Z_ASIA_Liq3_noDETG,0
ID1000108905,A0M953,PT Lippo Karawaci Tbk,LK4B,LPKR,AG,6166,1,Z_ASIA_Liq3_noDETG,0
ID1000109309,A0NA9H,Vale Indonesia TBK,XT3B,INCO,AG,6166,1,Z_ASIA_Liq3_noDETG,0
ID1000109507,A0NBWE,PT Bank Central Asia TBK,BZG2,BBCA,AG,6166,1,Z_ASIA_Liq3_noDETG,0
ID1000110901,A0Q3ZA,PT Indika Energy Tbk,I41,INDE,AG,6166,1,Z_ASIA_Liq3_noDETG,0
ID1000111305,A0Q51G,PT Adaro Energy Tbk,A64,ADRO,AG,6166,1,Z_ASIA_Liq3_noDETG,0
ID1000111602,A0Q7FY,PT Perusahaan Gas Negara (Persero) TBK,PGB1,PGAS,AG,6166,1,Z_ASIA_Liq3_noDETG,0
ID1000111701,A0Q7TW,Bayan Resources Group,BNB,BNBI,AG,6166,1,Z_ASIA_Liq3_noDETG,0
ID1000111800,A0Q7SR,PT TIMAH TBK,TIH1,TINS,AG,6166,0,Z_ASIA_Liq3_noDETG,0
ID1000113202,A0YDD3,BW Plantation Tbk PT,7B7,BWPT,AG,6166,0,Z_ASIA_Liq3_noDETG,0
ID1000113400,A0YGL1,Dian Swastatika Sentosa Tbk,DSX,DSSA,AG,6166,1,Z_ASIA_Liq3_noDETG,0
ID1000113707,A0YGYC,PT Bank Tabungan Negara Persero Tbk,TA2,TA2,AG,6166,1,Z_ASIA_Liq3_noDETG,0
ID1000114101,A0YASZ,Benakat Petroleum Energy Tbk,J9B,BIPI,AG,6166,1,Z_noMM,0
ID1000115207,A1CUVY,PT Multipolar Corp. TBK,MLQ2,MLPL,AG,6166,1,Z_ASIA_Liq3_noDETG,0
ID1000115306,A1CZ7G,PT Ciputra Development Tbk,PUWA,CTRA,AG,6166,1,Z_ASIA_Liq3_noDETG,0
ID1000115702,A1C18U,Bank Pembang. Daerah Jawa B. d. Ban.,2PE,BJBR,AG,6166,1,Z_noMM,0
ID1000116403,A0YG7S,PT Intiland Development Tbk,DIIA,DILD,AG,6166,1,Z_ASIA_Liq3_noDETG,0
ID1000116601,A1C6JM,Harum Energy Tbk PT,44H,HRUM,AG,6166,1,Z_ASIA_Liq3_noDETG,0
ID1000116700,A1C6JN,Indofood CBP Sukses Makmur TBK PT,48I,ICBP,AG,6166,1,Z_ASIA_Liq3_noDETG,0
ID1000116908,A1C7YZ,Tower Bersama Infrastructure TBK,6TB,6TB,AG,6166,1,Z_ASIA_Liq3_noDETG,0
ID1000117005,A1C8XG,PT Krakatau Steel (Persero) TBK,07K,KRAS,AG,6166,0,Z_ASIA_Liq3_noDETG,0
ID1000117104,A1C809,Agung Polomoro Land Tbk,2AG,APLN,AG,6166,1,Z_noMM,0
ID1000117500,A1CXJV,Wintermar Offshore Marine TBK,W6O,WINS,AG,6166,1,Z_ASIA_Liq3_noDETG,0
ID1000117609,A1C4XA,Bumi Resources Mineral Tbk PT,BUR,BUR,AG,6166,1,Z_ASIA_Liq3_noDETG,0
ID1000117708,A0YGX8,PT Charoen Pokphand Indonesia,0CP1,CPIN,AG,6166,1,Z_ASIA_Liq3_noDETG,0
ID1000118201,A1H5MK,Bank Rakyat Indonesia,BYRA,BBRI,AG,6166,1,Z_ASIA_Liq3_noDETG,0
ID1000118300,A1H7PH,PT Garuda Indonesia,YGD,GIAA,AG,6166,1,Z_ASIA_Liq3_noDETG,0
ID1000118409,A1JFJ6,PT PP London Sumatra Indonesia Tbk,PS9A,LSIP,AG,6166,1,Z_ASIA_Liq3_noDETG,0
ID1000119100,A1JBXV,PT Salim Ivomas Pratama Tbk,2IR,2IR,AG,6166,1,Z_noMM,0
ID1000119803,A1JCQN,PT Lippo Securities Tbk,LPS1,LPS1,AG,6166,1,Z_ASIA_Liq3_noDETG,0
ID1000122203,A1JUZU,PT Surya ESA Perkasa Tbk,71S,71S,AG,6166,1,Z_noMM,0
ID1000122401,A1JUJ2,PT Petrosea,2P0N,2P0N,AG,6166,0,Z_noMM,0
ID1000122500,A1JVXS,"Pakuwon Jati, PT",P04,P04,AG,6166,1,Z_ASIA_Liq3_noDETG,0
ID1000122807,A1JZAG,PT Astra International TBK,ASJA,ASJA,AG,6166,1,Z_ASIA_Liq3_noDETG,0
ID1000123607,A1J07B,MNC Sky Vision TBK,MS9,MS9,AG,6166,0,Z_noMM,0
ID1000123904,A1J5FB,"PT Bank Pembangunan Daerah Jawa Timur, Tbk",P7T,P7T,AG,6166,1,Z_ASIA_Liq3_noDETG,0
ID1000125107,A1J5U9,PT Kalbe Farma Tbk.,LCLA,LCLA,AG,6166,1,Z_ASIA_Liq3_noDETG,0
ID1000125305,A1J7AC,PT Surya Citra Media Tbk,2S4A,2S4A,AG,6166,1,Z_noMM,0
ID1000125503,A1J7PD,Ace Hardware Indonesia,4AH1,4AH1,AG,6166,1,Z_ASIA_Liq3_noDETG,0
ID1000126907,A1T9DM,Japfa Comfeed Indonesia,1JC1,1JC1,AG,6166,1,Z_ASIA_Liq3_noDETG,0
ID1000127806,A1W8PV,PT Semen Baturaja (PERSERO) Tbk,15B,15B,AG,6166,1,Z_ASIA_Liq3_noDETG,0
ID1000129000,A1W4LG,PT Telekomunikasi Indonesia Tbk,TCID,TCID,AG,6166,1,Z_ASIA_Liq3_noDETG,0
ID1000129208,A1XBJL,Siloam International Hospitals TBK,2LS,2LS,AG,6166,1,Z_ASIA_Liq3_noDETG,0
ID1000129604,A1W8ET,PT Modernland Realty Ltd.,M4L1,M4L1,AG,6166,0,Z_noMM,0
ID1000130008,A1W996,Samit Sumbermas Sarana Tbk PT,16S,16S,AG,6166,1,Z_noMM,0
ID1000135007,A14WUS,PT Cahaya Kalbar,6CK1,6CK1,AG,6166,1,Z_noMM,0
IE0000669501,883867,Glanbia PLC,GL9,GL9,AP,6166,1,Z_EU_Liq2_TG,1
IE0000QBK8U7,A3C47Q,Trinseo PLC,3XD,3XD,AL,6166,0,Z_USA_Liq3_noDETG,0
IE0001340177,694395,Petrel Resources PLC,PQ4,PET,AP,6166,1,Z_EU_Liq3_noDETG,0
IE0001827041,864684,CRH PLC,CRG,CRH,AP,6166,1,Z_EU_Liq2_TG,1
IE0002424939,903840,DCC PLC,DCC,DCC,AP,6166,1,Z_EU_Liq3_noDETG,1
IE00028FXN24,A40C7D,Smurfit Westrock Ltd,N4U,N4U,AP,6166,1,Z_EU_Liq3_noDETG,1
IE0003073255,872577,AMINEX PLC,DOP,AMNXp,AP,6166,1,Z_noMM,0
IE0003290289,932239,FBD Holdings PLC,EG7,FBD,AP,6166,1,Z_EU_Liq3_noDETG,0
IE0003864109,881630,Greencore Group PLC,GCG,GNC,AP,6166,1,Z_EU_Liq3_noDETG,0
IE0003LFZ4U7,A3CWBW,Dole PLC,4CB,4CB,AP,6166,1,Z_EU_Liq2_TG,0
IE0004906560,886291,Kerry Group PLC,KRZ,KYGa,AP,6166,1,Z_EU_Liq2_TG,1
IE0004927939,905605,Kingspan Group PLC,KRX,KRX,AP,6166,1,Z_EU_Liq1_DETG,1
IE0005711209,932242,Icon PLC,IJF,IJF,AP,6166,1,Z_EU_Liq2_TG,1
IE000955MAJ1,A3E3UF,EQTEC PLC,KEU,KEU,AP,6166,1,Z_EU_Liq3_noDETG,0
IE000DU292E6,A3DA9W,ADS-TEC Energy PLC,X3C,X3C,AP,6166,1,Z_EU_Liq2_TG,0
IE000GID8VI0,A3CUAZ,GH Research PLC.,1KA,1KA,AT,6166,0,Z_USA_Liq3_noDETG,0
IE000IVNQZ81,A40R4H,Te Connectivity PLC,BZ4,BZ4,AP,6166,1,Z_EU_Liq2_TG,0
IE000R94NGM2,A41CN7,James Hardie Industries PLC,JHA1,JHA1,AP,6166,1,Z_EU_Liq2_TG,0
IE000S9YS762,A3D7VW,Linde PLC,LIN,LIN,AP,6166,1,Z_EU_Liq1_DETG,1
IE000T78CHJ8,A411MG,Great Western Mining Corp.,8GW0,8GW0,AP,6166,1,Z_EU_Liq3_noDETG,0
IE00B00MZ448,A0B5PL,Grafton Group PLC,GN5,GN5,AP,6166,1,Z_EU_Liq3_noDETG,1
IE00B010DT83,A0CA07,C&C Group PLC,GCC,GCCA,AP,6166,1,Z_EU_Liq3_noDETG,0
IE00B1WV4493,A0MRA0,Origin Enterprises PLC,OIZ,OGN,AP,6166,1,Z_EU_Liq2_TG,0
IE00B2357X72,A0X958,Connemara Mining Co. PLC,48O,48O,AP,6166,1,Z_noMM,0
IE00B4BNMY34,A0YAQA,Accenture PLC,CSA,ACN,AP,6166,1,Z_EU_Liq2_TG,1
IE00B4Q5ZN47,A1JS1K,Jazz Pharmaceuticals PLC,J7Z,J7Z,AP,6166,1,Z_EU_Liq2_TG,0
IE00B56GVS15,A1JKVH,Alkermes PLC,8AK,8AK,AP,6166,1,Z_EU_Liq2_TG,0
IE00B8KQN827,A1J88N,Eaton Corporation PLC,3EC,3EC,AP,6166,1,Z_EU_Liq2_TG,1
IE00B91XRN20,A1KAVV,Prothena Corp. PLC,0PT,0PT,AP,6166,1,Z_EU_Liq2_TG,0
IE00B97C0C31,A1T6AW,Kibo Energy PLC,1I8,1I8,AP,6166,0,Z_EU_Liq3_noDETG,0
IE00BD09HK61,A2G9M4,Karelian Diamond Resources PLC,KJY1,KJY1,AP,6166,1,Z_EU_Liq3_noDETG,0
IE00BD1RP616,A2DR6L,Bank of Ireland Group PLC,BIRG,BIRG,AP,6166,1,Z_EU_Liq1_DETG,1
IE00BD5B1Y92,A2DJ8V,Bank of Cyprus Holdings PLC,318,318,AP,6166,1,Z_EU_Liq3_noDETG,0
IE00BD64C665,A1W5BS,Mincon Group PLC,MIO,MIOG,AP,6166,1,Z_EU_Liq3_noDETG,0
IE00BD6JX574,A2DXB7,Glenveagh Properties PLC,GVR,GVRG,AP,6166,1,Z_EU_Liq3_noDETG,0
IE00BD845X29,A2AT0H,Adient PLC,18I,18I,AP,6166,1,Z_EU_Liq2_TG,0
IE00BDB6Q211,A2AC3K,Willis Towers Watson PLC,WTY,WTY,AC,6166,1,Z_USA_Liq2_TG,1
IE00BDC5DG00,A2ALC1,Kenmare Resources PLC,JEVA,JEVA,AP,6166,1,Z_EU_Liq3_noDETG,0
IE00BF0L3536,A2DW7N,AIB Group PLC,A5G,A5G,AP,6166,1,Z_EU_Liq1_DETG,1
IE00BF0MZF04,A2DT7F,Ormonde Mining PLC,ORQ1,ORQ1,AP,6166,1,Z_EU_Liq3_noDETG,0
IE00BF2NR112,A2DTQZ,Greencoat Renewables PLC,GRP,GRP,AP,6166,1,Z_EU_Liq2_TG,0
IE00BFRT3W74,A1W869,Allegion PLC,60A,60A,AP,6166,1,Z_EU_Liq2_TG,1
IE00BG0HDR01,A2JE29,VR Education Holdings PLC,6VR,6VR,AP,6166,1,Z_EU_Liq3_noDETG,0
IE00BGH1M568,A1XAEY,Perrigo Co. Ltd.,PIG,PIGG,AP,6166,1,Z_EU_Liq2_TG,0
IE00BJ34P519,A1XEQV,Irish Residential Properties REIT PLC,IRES,IRESG,AP,6166,1,Z_EU_Liq3_noDETG,0
IE00BJ5FQX74,A2PNWJ,Uniphar PLC,0NR,0NR,AP,6166,1,Z_EU_Liq3_noDETG,0
IE00BK9ZQ967,A2P09K,Trane Technologies PLC,2IS,2IS,AP,6166,1,Z_EU_Liq2_TG,1
IE00BKVD2N49,A3CQU7,Seagate Technology Holdings PLC,847,847,AE,6166,1,Z_ASIA_Liq2_TG,1
IE00BKYC3F77,A2PWHR,Cimpress PLC,3UF,3UF,AP,6166,1,Z_EU_Liq2_TG,0
IE00BLNN3691,A116P6,Weatherford International PLC,0WE,0WE,AC,6166,1,Z_USA_Liq2_TG,0
IE00BLP1HW54,A2P2JR,Aon PLC,4VK,4VK,AL,6166,1,Z_USA_Liq2_TG,1
IE00BLP58571,A112M8,Irish Continental Group PLC,IR5B,IR5Bu,AP,6166,1,Z_EU_Liq3_noDETG,0
IE00BLS09M33,A115FG,Pentair Ltd.,PNT,PNT,AP,6166,1,Z_EU_Liq2_TG,1
IE00BTN1Y115,A14M2J,Medtronic PLC,2M6,2M6,AL,6166,1,Z_USA_Liq1_DETG,1
IE00BWB8X525,A14P7U,Permanent TSB Group Holdings PLC,IL0A,IL0A,AP,6166,1,Z_EU_Liq3_noDETG,0
IE00BWT6H894,A14RX5,Flutter Entertainment PLC,PPB,PPB,AS,6166,1,Z_USA_Liq3_noDETG,1
IE00BWY4ZF18,A14UTJ,Cairn Homes PLC,C5H,C5H,AP,6166,1,Z_EU_Liq3_noDETG,0
IE00BY7QL619,A2AQCA,Johnson Controls International PLC,TYIA,TYIA,AP,6166,1,Z_EU_Liq1_DETG,1
IE00BYTBXV33,A1401Z,Ryanair Holdings PLC,RY4C,RYA,AP,6166,1,Z_EU_Liq1_DETG,1
IE00BZ4BTZ13,A2ABB5,Conroy Gold & Natural Resources PLC,FKV1,FKV1,AP,6166,1,Z_EU_Liq3_noDETG,0
IL0010811243,904218,Elbit Systems Ltd.,EB2,ESLT,AE,6166,1,Z_ASIA_Liq2_TG,1
IL0010823792,893169,Tower Semiconductor Ltd.,TOW,TSEM,AE,6166,1,Z_ASIA_Liq2_TG,0
IL0010824113,901638,Check Point Software Technologies Ltd.,CPW,CHKP,AE,6166,1,Z_ASIA_Liq2_TG,1
IL0010825102,886167,Gilat Satellite Networks Ltd.,GSA,GILT,AG,6166,1,Z_ASIA_Liq3_noDETG,0
IL0010826357,897517,Ellomay Capital Ltd.,NUR,NUR,AG,6166,1,Z_ASIA_Liq3_noDETG,0
IL0010826688,909554,RADCOM Ltd.,RAM,RDCM,AG,6166,1,Z_ASIA_Liq3_noDETG,0
IL0010826928,898666,Silicom Ltd.,S1L,SILC,AT,6166,1,Z_USA_Liq3_noDETG,0
IL0010828585,938383,G. Willi-Food INTL Inc.,D4V,WILC,AG,6166,1,Z_ASIA_Liq3_noDETG,0
IL0010829658,922683,Audiocodes Ltd.,AU1,AUDC,AF,6166,1,Z_ASIA_Liq2_TG,0
IL0010830961,920474,SuperCom Ltd.,50S,50S,AL,6166,1,Z_USA_Liq2_TG,0
IL0010834765,928179,Radware Ltd.,RWA,RDWR,AF,6166,1,Z_ASIA_Liq2_TG,0
IL0010845571,937092,Nova Measuring Instruments Ltd.,NMR,NMRG,AE,6166,1,Z_ASIA_Liq3_noDETG,0
IL0010849045,901876,BATM Advanced Communications Ltd.,BAV,BVC,AG,6166,1,Z_ASIA_Liq3_noDETG,0
IL0010851660,941230,Ceragon Networks Ltd.,GGN,CRNT,AF,6166,1,Z_ASIA_Liq2_TG,0
IL0010952641,A0H0YX,Camtek Ltd.,CMZ,CAMT,AF,6166,1,Z_ASIA_Liq2_TG,0
IL0010958192,A0JC7P,Perion Network Ltd.,IW2,IW2,AF,6166,1,Z_ASIA_Liq2_TG,0
IL0010958762,A0JEQ2,MTI Wireless Edge Ltd.,M7O,M7O,AZ,6166,1,Z_EU_Liq3_noDETG,0
IL0010996549,A0LE7C,Allot Communications Ltd.,AG6,ALLO,AG,6166,1,Z_ASIA_Liq3_noDETG,0
IL0011015349,A0MKP2,Cellcom Israel Ltd.,F5U,CELI,AG,6166,1,Z_ASIA_Liq3_noDETG,0
IL0011216723,A14RF6,Kornit Digital Ltd.,0KD,0KD,AE,6166,1,Z_ASIA_Liq2_TG,0
IL0011259137,A1JV50,Caesarstone Ltd.,19C,19C,AT,6166,1,Z_USA_Liq2_TG,0
IL0011267213,A1J5UR,Stratasys Ltd.,SCY,SCY,AC,6166,1,Z_USA_Liq2_TG,1
IL0011284465,A1W3GY,Plus500 Ltd.,P55,P55,AF,6166,1,Z_ASIA_Liq2_TG,1
IL0011301780,A1W7AU,Wix.com Ltd.,W1X,W1X,AE,6166,1,Z_ASIA_Liq2_TG,1
IL0011316309,A110TG,MediWound Ltd.,M8W,M8W,AZ,6166,1,Z_EU_Liq3_noDETG,0
IL0011319527,A119KH,Bioblast Pharma Ltd.,1BT,1BTG,AF,6166,1,Z_ASIA_Liq2_TG,0
IL0011336851,A14QUF,Check-Cap Ltd.,7CC,7CC,AF,6166,1,Z_ASIA_Liq2_TG,0
IL0011407140,A2DTCV,UroGen Pharma Ltd.,UR8,UR8,AT,6166,1,Z_USA_Liq2_TG,0
IL0011417206,A2JDHD,Sol-Gel Technologies Ltd.,4SG,4SG,AG,6166,0,Z_ASIA_Liq2_TG,0
IL0011429839,A2JQXP,Entera Bio Ltd.,5DT,5DT,AT,6166,1,Z_USA_Liq2_TG,0
IL0011582033,A2PLX6,Fiverr International Ltd.,11V,11V,AE,6166,1,Z_ASIA_Liq2_TG,1
IL0011595993,A2PP3A,Inmode Ltd.,154,154G,AE,6166,1,Z_ASIA_Liq2_TG,0
IL0011684185,A2QCJN,JFrog Ltd.,JFG,JFGG,AL,6166,1,Z_USA_Liq2_TG,0
IL0011691438,A2QMMU,Cognyte Software Ltd.,81M,81M,AF,6166,1,Z_ASIA_Liq2_TG,0
IL0011751653,A3CPL6,SimilarWeb Ltd,63X,63X,AF,6166,1,Z_ASIA_Liq2_TG,0
IL0011754137,A3CTML,Taboola.com Ltd.,1FY,1FY,AL,6166,1,Z_USA_Liq3_noDETG,0
IL0011762130,A3CR1P,Monday.com Ltd.,6B6,6B6,AE,6166,1,Z_ASIA_Liq2_TG,1
IL0011786493,A3CWBA,Riskified Ltd.,9TN,9TN,AF,6166,1,Z_ASIA_Liq2_TG,0
IL0011794802,A3D00S,Cellebrite DI Ltd.,9W9,9W9,AF,6166,1,Z_ASIA_Liq2_TG,0
IL0011809428,A3C812,Windward Ltd.,X3X,X3X,AG,6166,0,Z_noMM,0
IL0011832438,A3DV8W,BEAMR IMAGING Ltd.,9OR,9OR,AF,6166,1,Z_ASIA_Liq2_TG,0
IL0011857013,A3ESFC,ParaZero Technologies Ltd.,2BX,2BX,AF,6166,1,Z_EU_Liq2_TG,0
IL0011974909,A3EQCL,Oddity Tech Ltd,KW7,KW7,AG,6166,1,Z_ASIA_Liq2_TG,0
IL0012165630,A411KE,Nexxen International Ltd.,7P91,7P91,AG,6166,1,Z_ASIA_Liq3_noDETG,0
IL0065100930,A2QNF3,ZIM Integrated Shipping Services Ltd.,2SV,2SV,AE,6166,1,Z_ASIA_Liq2_TG,1
IM00B1H1XF89,A0LGDU,Hansard Global PLC,H9G,HSD,AP,6166,1,Z_EU_Liq2_TG,0
IM00B28ZPX83,A0NBXP,Manx Financial Group PLC,3IM,MFX,AP,6166,1,Z_EU_Liq3_noDETG,0
IM00B292WR19,A0QZWA,Petro Matad Ltd.,HA3,MATD,AG,6166,1,Z_ASIA_Liq3_noDETG,0
IM00B3RLCZ58,A1H49P,Geodrill Ltd.,7GD,7GD,AP,6166,1,Z_EU_Liq3_noDETG,0
IM00B5VQMV65,A1CWWN,Entain PLC,6GI,6GI,AP,6166,1,Z_EU_Liq2_TG,1
IM00B6QH1J21,A12AS6,Agronomics Ltd.,V77,V77,AP,6166,1,Z_EU_Liq3_noDETG,0
IM00B7S9G985,A1J0S4,Playtech PLC,PL8,PL8,AP,6166,1,Z_EU_Liq2_TG,1
IM00B8C0HK22,A3CR5P,African Pioneer PLC,9TI,9TI,AP,6166,1,Z_EU_Liq3_noDETG,0
IM00BF0FMG91,A2DVHY,Strix Group PLC,SG9,SG9,AP,6166,1,Z_EU_Liq3_noDETG,0
IM00BYQLTS50,A2APQX,Black Sea Property PLC,XE8,XE8,AP,6166,1,Z_noMM,0
IM00BYT32K14,A2ALYW,Veltyco Group PLC,24GN,24GN,AP,6166,1,Z_EU_Liq3_noDETG,0
IM00BZBXMN96,A2DR6R,TomCo Energy PLC,NI41,NI41,AP,6166,1,Z_EU_Liq3_noDETG,0
IT0000062072,850312,Generali S.p.A.,ASG,GASI,AV,6166,1,Z_EU_Liq1_DETG,1
IT0000062957,851715,Mediobanca - Banca di Credito Finanziario S.p.A.,ME9,MDBI,AV,6166,1,Z_EU_Liq1_DETG,1
IT0000066123,897832,BPER Banca S.p.A.,4BE,EMII,AV,6166,1,Z_EU_Liq1_DETG,1
IT0000066180,883394,Brioschi Sviluppo Immobiliare S.p.A.,BFX,BRUI,AV,6166,1,Z_EU_Liq3_noDETG,0
IT0000072170,A116MH,FinecoBank S.p.A.,ZS3,ZS3,AV,6166,1,Z_EU_Liq1_DETG,1
IT0000072618,850605,Intesa Sanpaolo S.p.A.,IES,ISP,AV,6166,1,Z_Eurostoxx,1
IT0000076502,868988,Danieli & C. - Officine Meccaniche S.p.A.,DAS,DANI,AV,6166,1,Z_EU_Liq3_noDETG,0
IT0000076536,875920,Sogefi S.p.A.,GEF,SGFI,AV,6166,1,Z_EU_Liq2_TG,0
IT0000784196,918561,Banca Popolare di Sondrio S.C.a.R.L.,593,BPSI,AV,6166,1,Z_EU_Liq2_TG,1
IT0001006128,A14WKT,Aeroporto Guglielmo Marconi di Bologna S.p.A.,169,169,AV,6166,1,Z_EU_Liq3_noDETG,0
IT0001031084,A0LCVJ,Banca Generali S.p.A.,B7A,BGNb,AV,6166,1,Z_EU_Liq2_TG,1
IT0001033700,929285,BasicNet S.p.A.,BCJ,BCNT,AV,6166,1,Z_EU_Liq3_noDETG,0
IT0001041000,918471,Banco di Desio e della Brianza S.p.A.,BJ7,DESO,AV,6166,1,Z_EU_Liq3_noDETG,0
IT0001042610,918614,Sabaf S.p.A.,SM5,SABF,AV,6166,1,Z_EU_Liq3_noDETG,0
IT0001073045,924693,Banca Profilo S.p.A.,BPA,PRO,AV,6166,1,Z_EU_Liq3_noDETG,0
IT0001077780,904351,IRCE S.p.A.,IRQ,IRC,AV,6166,1,Z_noMM,0
IT0001078911,904257,Interpump Group S.P.A.,8IG,8IG,AV,6166,1,Z_EU_Liq2_TG,1
IT0001128047,911069,Cembre S.p.A.,J0L,J0L,AV,6166,1,Z_EU_Liq3_noDETG,0
IT0001157020,909581,ERG S.p.A.,ER9,ERG,AV,6166,1,Z_EU_Liq2_TG,1
IT0001206769,915322,Sol S.p.A.,QOL,SOLS,AV,6166,1,Z_EU_Liq2_TG,0
IT0001207098,924293,Acea S.p.A.,DCA,ACE,AV,6166,1,Z_EU_Liq2_TG,0
IT0001214433,A40J6K,I.CO.P. S.P.A. SB,ZU2,ZU2,AV,6166,1,Z_EU_Liq3_noDETG,0
IT0001233417,915445,A2A S.p.A.,EAM,A2,AV,6166,1,Z_EU_Liq2_TG,1
IT0001237053,918616,Emak,EK4,EM,AV,6166,1,Z_EU_Liq3_noDETG,0
IT0001250932,471473,Hera S.p.A.,HE9,HRA,AV,6166,1,Z_EU_Liq2_TG,1
IT0001268561,A0MXCK,B&C Speakers SPA,37B,37B,AV,6166,1,Z_EU_Liq3_noDETG,0
IT0001347308,925963,Buzzi S.p.A,UCM,BZU,AV,6166,1,Z_EU_Liq1_DETG,1
IT0001384590,A0MW4X,Aeffe S.p.A.,3A1,AEF,AV,6166,1,Z_EU_Liq3_noDETG,0
IT0001413837,934585,Immsi S.p.A.,IMY,IMMS,AV,6166,1,Z_EU_Liq3_noDETG,0
IT0001447785,615213,Mondo TV S.p.A,MJE,MTV,AV,6166,1,Z_EU_Liq3_noDETG,0
IT0001454435,502721,TXT e-solutions S.p.A.,TXE,TXTS,AV,6166,1,Z_EU_Liq3_noDETG,0
IT0001469383,874533,Arnoldo Mondadori Editore S.p.A.,MDD,MOED,AV,6166,1,Z_EU_Liq3_noDETG,0
IT0001469995,588267,Digital Bros S.P.A.,DB7,DB7,AV,6166,1,Z_EU_Liq3_noDETG,0
IT0001472171,502374,Caltagirone Editore S. p. A,EDJ,CED,AV,6166,1,Z_EU_Liq3_noDETG,0
IT0003027817,591767,Iren S.p.A.,TZ8,IREE,AV,6166,1,Z_EU_Liq2_TG,0
IT0003056386,871485,Pininfarina S.p.A.,PNF,PNNI,AV,6166,1,Z_EU_Liq3_noDETG,0
IT0003073266,A0H0Y6,Piaggio & C. S.p.A.,P1I,P1I,AV,6166,1,Z_EU_Liq2_TG,1
IT0003097257,675689,Biesse S.p.A.,BI2,BIES,AV,6166,1,Z_EU_Liq3_noDETG,0
IT0003115950,694642,De' Longhi S.p.A.,DLN,DLGI,AV,6166,1,Z_EU_Liq2_TG,1
IT0003121677,866464,Credito Emiliano S.P.A.,EAO,EMBI,AV,6166,1,Z_EU_Liq3_noDETG,0
IT0003127930,879496,Caltagirone S.p.A.,QCG,CALI,AV,6166,1,Z_EU_Liq3_noDETG,0
IT0003128367,928624,ENEL S.p.A.,ENL,ENEI,AV,6166,1,Z_Eurostoxx,1
IT0003132476,897791,ENI S.p.A.,ENI,ENI,AV,6166,1,Z_Eurostoxx,1
IT0003153415,764545,Snam S.p.A.,SNM,SRGI,AV,6166,1,Z_EU_Liq2_TG,1
IT0003153621,A0HG7H,Tamburi Investment Partners S.p.A.,T1I,T1I,AV,6166,1,Z_EU_Liq3_noDETG,0
IT0003173629,A14V3M,Banca Sistema S.p.A.,B2S,B2S,AV,6166,1,Z_EU_Liq3_noDETG,0
IT0003188064,764940,Banca Ifis S.p.A.,0I6,0I6,AV,6166,1,Z_EU_Liq2_TG,1
IT0003203947,918615,Gefran S.p.A.,GF7,GFRN,AV,6166,1,Z_EU_Liq3_noDETG,0
IT0003242622,A0B5N8,Terna S.P.A.,UEI,TRN,AV,6166,1,Z_EU_Liq2_TG,1
IT0003261697,A0B6Q3,Azimut Holding S.p.A.,HDB,AZMT,AV,6166,1,Z_EU_Liq2_TG,1
IT0003365613,215601,Fiera Milano Spa.,FM3,FM3,AV,6166,1,Z_EU_Liq3_noDETG,0
IT0003428445,A0ERXE,Marr S.p.A.,M6Z,MARR,AV,6166,1,Z_EU_Liq3_noDETG,0
IT0003492391,A0MTB2,DiaSorin S.p.A.,34D,34D,AV,6166,1,Z_EU_Liq2_TG,1
IT0003497168,120470,Telecom Italia S.p.A.,TQI,TLIT,AV,6166,1,Z_EU_Liq1_DETG,1
IT0003497176,120471,Telecom Italia S.p.A.,TQIR,TLITn,AV,6166,1,Z_EU_Liq2_TG,1
IT0003549422,A2PV7P,Sanlorenzo S.p.A.,6SZA,6SZA,AV,6166,1,Z_EU_Liq2_TG,0
IT0003621783,A0BMUB,Societa Sportiva Lazio S.p.A.,LZO1,LAZI,AV,6166,1,Z_EU_Liq2_TG,0
IT0003697080,A0DNCF,Geox S.p.A.,GHH,GEO,AV,6166,1,Z_EU_Liq2_TG,1
IT0003796171,A14V64,Poste Italiane S.p.A.,7PI,7PI,AV,6166,1,Z_EU_Liq1_DETG,1
IT0003828271,A0EABR,Recordati - Industria Chimica e Farmaceutica S.p.A.,RER1,RECI,AV,6166,1,Z_EU_Liq2_TG,1
IT0003850929,A0EQ3J,Esprinet S.p.A.,EP4A,PRT,AV,6166,1,Z_EU_Liq3_noDETG,0
IT0003856405,A0ETQX,Leonardo S.p.A.,FMNB,SIFI,AV,6166,1,Z_EU_Liq1_DETG,1
IT0003865570,A0ET41,Webuild S.p.A.,IPJ1,IPGI,AV,6166,1,Z_EU_Liq2_TG,0
IT0003874101,A0NDNB,Prada S.p.A.,PRP,1913,AV,6166,1,Z_EU_Liq2_TG,1
IT0003895668,A0HL7K,Eurotech S.p.A.,E5T,E5T,AV,6166,1,Z_EU_Liq3_noDETG,0
IT0004053440,A0JMQC,Datalogic S.p.A.,DT8A,DAL,AV,6166,1,Z_EU_Liq3_noDETG,0
IT0004056880,A0JMJX,Amplifon S.p.A.,AXNA,AMPF,AV,6166,1,Z_EU_Liq1_DETG,1
IT0004093263,A0LF39,Ascopiave s.p.a.,AVA,ASCI,AV,6166,1,Z_EU_Liq3_noDETG,0
IT0004098510,A0LFL3,Gas Plus S.p.A.,T9O,GSP,AV,6166,1,Z_EU_Liq3_noDETG,0
IT0004125677,A14V7C,Masi Agricola S.p.A.,0CY,0CY,AV,6166,1,Z_EU_Liq3_noDETG,0
IT0004147952,A0LF18,"Newron Pharmaceuticals S.p.A. Azioni nom. EO -,20",NP5,NP5,AW,6166,1,Z_EU_Liq1_DETG,0
IT0004171440,A0MSP6,Zignago Vetro SPA,ZVB,ZV,AV,6166,1,Z_EU_Liq3_noDETG,0
IT0004176001,A0MP84,Prysmian S.p.A.,AEU,AEU,AV,6166,1,Z_EU_Liq1_DETG,1
IT0004195308,A0MUDJ,Gruppo MutuiOnline S.p.A.,MNL,MOLI,AV,6166,1,Z_EU_Liq3_noDETG,0
IT0004240443,A0M55D,Piquadro SpA,4LZ,PQ,AV,6166,1,Z_EU_Liq3_noDETG,0
IT0004329733,A0NEXV,Cairo Communication S.p.A.,CI1A,CAI,AV,6166,1,Z_EU_Liq3_noDETG,0
IT0004412497,A0RA4Y,Bastogi S.p.A.,BAOA,BTGI,AV,6166,1,Z_EU_Liq3_noDETG,0
IT0004496029,A1XEPB,Expert.AI S.p.A,3K2,3K2,AV,6166,1,Z_EU_Liq3_noDETG,0
IT0004552359,A1CSQF,Intek Group S.p.A.,MTJ3,MTJ3,AV,6166,1,Z_EU_Liq3_noDETG,0
IT0004604762,A1CYET,Safilo Group S.p.A.,S5U5,SFLG,AV,6166,1,Z_EU_Liq2_TG,1
IT0004674666,A143VH,H-Farm S.p.A.,5JQ,5JQ,AV,6166,1,Z_EU_Liq3_noDETG,0
IT0004712375,A1JB7F,Salvatore Ferragamo Italia S.p.A.,S9L,SFER,AV,6166,1,Z_EU_Liq2_TG,1
IT0004720733,A1JAJM,Alerion Cleanpower S.p.A.,FCW3,FCW3,AV,6166,1,Z_EU_Liq3_noDETG,0
IT0004729759,A1JCG0,Sesa S.p.A.,1S3,1S3,AV,6166,1,Z_EU_Liq2_TG,0
IT0004764699,A1JWYK,Brunello Cucinelli S.P.A.,8BU,8BU,AV,6166,1,Z_EU_Liq2_TG,1
IT0004776628,A2ACT1,Banca Mediolanum S.p.A.,ME1,ME1,AV,6166,1,Z_EU_Liq2_TG,0
IT0004810054,A1JWCF,Unipol Assicurazioni S.p.A.,UIPN,UIPN,AV,6166,1,Z_EU_Liq1_DETG,1
IT0004931058,A1W0E6,Maire Tecnimont S.p.A.,3OY1,3OY1,AV,6166,1,Z_EU_Liq3_noDETG,0
IT0004931496,A1WZXW,RCS MediaGroup S.p.A.,HPI2,HPI2,AV,6166,1,Z_EU_Liq3_noDETG,0
IT0004965148,A1W66W,Moncler S.p.A.,MOV,MOV,AV,6166,1,Z_EU_Liq1_DETG,1
IT0004967292,A1W96K,F.I.L.A. - Fabbrica Italiana Lapis ed Affini S.p.A.,3S0,3S0,AV,6166,1,Z_EU_Liq3_noDETG,0
IT0004998065,A110YL,Anima Holding S.p.A.,124,124,AV,6166,1,Z_EU_Liq3_noDETG,0
IT0005001554,A1XFKC,Triboo S.p.A.,0T6,0T6,AV,6166,1,Z_EU_Liq3_noDETG,0
IT0005003782,A1187N,Casta Diva Group S.p.A.,99C,99C,AV,6166,1,Z_EU_Liq3_noDETG,0
IT0005037210,A119H6,Tinexta SpA,7T4,7T4,AV,6166,1,Z_EU_Liq2_TG,0
IT0005043507,A14PJ1,OVS S.p.A.,0OV1,0OV1,AV,6166,1,Z_EU_Liq3_noDETG,0
IT0005075764,A14NBX,Italian Wine Brands S.p.A.,MR3,MR3G,AV,6166,1,Z_EU_Liq3_noDETG,0
IT0005090300,A14UAV,Infrastrutture Wireless Italiane S.p.A.,WI8,WI8,AV,6166,1,Z_EU_Liq2_TG,1
IT0005107492,A14WDG,LU-VE S.P.A.,V92,V92,AV,6166,1,Z_EU_Liq3_noDETG,0
IT0005117848,A14UJ4,Class Editori S.p.A.,EDT1,EDT1,AV,6166,1,Z_EU_Liq3_noDETG,0
IT0005119810,A14XKE,Avio S.p.A.,2ZP,2ZP,AV,6166,1,Z_EU_Liq2_TG,0
IT0005162406,A2AHWL,Technogym S.p.A.,TN2,TN2,AV,6166,1,Z_EU_Liq2_TG,0
IT0005176406,A2ANNA,ENAV S.p.A.,ENV,ENV,AV,6166,1,Z_EU_Liq2_TG,0
IT0005186371,A3DK0W,Industrie De Nora S.p.A.,M3D,M3D,AV,6166,1,Z_EU_Liq2_TG,0
IT0005200248,A2APNH,Solutions Capital Management SIM S.p.A.,XK6,XK6,AV,6166,1,Z_EU_Liq3_noDETG,0
IT0005211237,A2DF66,Italgas S.P.A.,I10,I10G,AV,6166,1,Z_EU_Liq2_TG,1
IT0005218380,A2DJF1,Banco BPM S.p.A.,BPM,BPMG,AV,6166,1,Z_EU_Liq1_DETG,1
IT0005239360,A2DJV6,UniCredit S.p.A.,CRIN,CRIG,AV,6166,1,Z_Eurostoxx,1
IT0005241192,A2DPVN,Aquafil S.p.A.,6W7,6W7,AV,6166,1,Z_EU_Liq2_TG,0
IT0005244402,A2DM29,BFF Bank SpA,2BF,2BF,AV,6166,1,Z_EU_Liq2_TG,0
IT0005245508,A2DR76,Indel B S.p.A.,2I6,2I6,AV,6166,1,Z_EU_Liq3_noDETG,0
IT0005246191,A2PFNM,Comer Industries  S.p.A.,X5Q,X5Q,AV,6166,1,Z_EU_Liq3_noDETG,0
IT0005253205,A2DRQR,Italmobiliare S.p.A.,ITM1,ITM1,AV,6166,1,Z_EU_Liq2_TG,0
IT0005278236,A2DX1M,Pirelli & C. S.p.A.,2PI,2PI,AV,6166,1,Z_EU_Liq2_TG,1
IT0005282865,A2G9K9,Reply S.p.A.,REJA,REJA,AV,6166,1,Z_EU_Liq2_TG,1
IT0005283640,A2G8X2,Seri Industrial S.p.A.,PCHP,PCHG,AV,6166,1,Z_EU_Liq3_noDETG,0
IT0005322612,A2JECK,Immobiliare Grande Distribuzione SiiQ S.p.A.,IF81,IF81,AV,6166,1,Z_EU_Liq3_noDETG,0
IT0005337123,A2JQVN,Askoll EVA S.p.A.,736,736,AV,6166,0,Z_noMM,0
IT0005337818,A2JRFR,Intred S.p.A.,M7P,M7P,AV,6166,1,Z_EU_Liq3_noDETG,0
IT0005340051,A2JR1Q,Sciuker Frames S.p.A.,3K4,3K4,AV,6166,0,Z_EU_Liq3_noDETG,0
IT0005347429,A2N88G,Digital Value S.p.A.,L9U,L9U,AV,6166,1,Z_EU_Liq3_noDETG,0
IT0005366601,A2PHH8,Antares Vision S.p.A.,2YK,2YK,AV,6166,1,Z_EU_Liq2_TG,0
IT0005366767,A2PF9H,Nexi S.p.A.,N0XA,N0XA,AV,6166,1,Z_EU_Liq2_TG,1
IT0005373417,A2PME7,ELES Semiconductor Equipment S.p.A.,1EP,1EP,AV,6166,1,Z_EU_Liq3_noDETG,0
IT0005373789,A2QQB6,Philogen S.p.A.,78Q,78Q,AV,6166,1,Z_EU_Liq3_noDETG,0
IT0005383291,A2PSY9,Ferretti S.p.A.,F3T1,F3T1,AV,6166,1,Z_EU_Liq3_noDETG,0
IT0005385213,A2PSR9,Newlat Food S.p.A.,6NF,6NF,AV,6166,1,Z_EU_Liq2_TG,0
IT0005411209,A2P5NE,GVS S.P.A.,4YQ,4YQ,AV,6166,1,Z_EU_Liq3_noDETG,0
IT0005412298,A2P7FV,Innovatec S.p.A.,5JT,5JT,AV,6166,1,Z_EU_Liq3_noDETG,0
IT0005412504,A2P7NA,CY4GATE S.p.A.,68H,68H,AV,6166,1,Z_EU_Liq3_noDETG,0
IT0005422768,A2QEVF,Trevi-Finanziaria Industrial S.p.A.,TV92,TV92,AV,6166,1,Z_EU_Liq2_TG,0
IT0005424830,A2QGPV,OSAI Automation System S.p.A.,6JG,6JG,AV,6166,0,Z_EU_Liq3_noDETG,0
IT0005428898,A2QLGE,TENAX International S.p.A.,7IH,7IH,AV,6166,1,Z_EU_Liq3_noDETG,0
IT0005434615,A2QQFM,Almawave S.p.A.,101,101,AV,6166,0,Z_EU_Liq3_noDETG,0
IT0005438046,A3CN3X,SECO S.p.A.,7GV,7GV,AV,6166,1,Z_EU_Liq3_noDETG,0
IT0005439085,A3CQXD,The Italian Sea Group S.p.A.,6QN,6QN,AV,6166,1,Z_EU_Liq2_TG,0
IT0005440893,A3CRAT,WIIT S.p.A.,9PC,9PC,AV,6166,1,Z_EU_Liq2_TG,0
IT0005450173,A3CTVX,MeglioQuesto S.p.A.,7V60,7V60,AV,6166,0,Z_EU_Liq3_noDETG,0
IT0005450819,A3C33K,Mexedia S.p.A.,41R,41R,AV,6166,1,Z_EU_Liq3_noDETG,1
IT0005452658,A3CUMB,Stevanato Group S.P.A.,87N,87N,AV,6166,1,Z_EU_Liq2_TG,0
IT0005453250,A3CWAH,El En SpA,EE5,EE5,AV,6166,1,Z_EU_Liq2_TG,1
IT0005453748,A3CWNP,OMER S.p.A.,9WR,9WR,AV,6166,1,Z_EU_Liq3_noDETG,0
IT0005455875,A3C6FY,Intercos S.p.A.,2AQ,2AQ,AV,6166,1,Z_EU_Liq3_noDETG,0
IT0005466963,A3C67T,Racing Force S.P.A.,X7Q,X7Q,AV,6166,1,Z_EU_Liq3_noDETG,0
IT0005472730,A3DDU6,Altea Green Power S.p.A.,Q51,Q51,AV,6166,1,Z_EU_Liq3_noDETG,0
IT0005482333,A3DES7,Technoprobe S.p.A.,K8B,K8B,AV,6166,1,Z_EU_Liq2_TG,0
IT0005495657,A3DN68,Saipem S.p.A.,SPEA,SPEA,AV,6166,1,Z_EU_Liq1_DETG,1
IT0005496101,A3DN4R,Redelfi S.p.A.,B0Z,B0Z,AV,6166,1,Z_EU_Liq3_noDETG,0
IT0005496473,A3DNT1,Tiscali S.p.A.,TIQ,TIQ,AV,6166,1,Z_EU_Liq3_noDETG,0
IT0005497042,A3DP30,Bellini Nautica S.p.A.,F2F,F2F,AV,6166,1,Z_EU_Liq3_noDETG,0
IT0005498610,A3DRE2,G.M. Leather S.P.A.,N78,N78,AV,6166,1,Z_EU_Liq3_noDETG,0
IT0005500688,A3D1Z7,FAE Technology S.p.A.,VN6,VN6,AV,6166,1,Z_EU_Liq3_noDETG,0
IT0005500712,A3DRZU,Energy S.p.A.,S2I,S2I,AV,6166,1,Z_EU_Liq3_noDETG,0
IT0005508921,A3DU7S,Banca Monte dei Paschi di Siena S.p.A.,MPI0,MPI0,AV,6166,1,Z_EU_Liq1_DETG,1
IT0005526295,A3D8N4,Rigsave S.p.A.,H68,H68,AV,6166,0,Z_EU_Liq3_noDETG,0
IT0005527616,A3D6PC,Eurogroup Laminations S.p.A.,QK9,QK9,AV,6166,1,Z_EU_Liq3_noDETG,0
IT0005528069,A3D88U,Reway Group S.p.A.,IR0,IR0,AV,6166,1,Z_EU_Liq3_noDETG,0
IT0005528937,A3D6C0,Deodato Gallery Srl,Y4J,Y4J,AV,6166,1,Z_EU_Liq3_noDETG,0
IT0005541336,A3EDET,Lottomatica Group S.p.A.,I56,I56,AV,6166,1,Z_EU_Liq2_TG,1
IT0005546103,A3EHBH,Cyberoo S.p.A.,K97,K97,AV,6166,1,Z_EU_Liq3_noDETG,0
IT0005554784,A3ESZN,iVision Tech S.p.A.,O42,O42,AV,6166,1,Z_EU_Liq3_noDETG,0
IT0005561441,A3EVZ7,Edil San Felice S.p.A.,T4M,T4M,AV,6166,1,Z_EU_Liq3_noDETG,0
IT0005572778,A401NW,Juventus Football Club S.p.A.,JUV,JUV,AV,6166,1,Z_EU_Liq2_TG,1
IT0005577868,A403NW,EEMS Italia S.p.A.,E2Y0,E2Y0,AV,6166,0,Z_EU_Liq3_noDETG,0
IT0005595423,A40HJX,Sys Dat S.p.A.,9WH,9WH,AV,6166,1,Z_EU_Liq3_noDETG,0
IT0005599938,A40H69,Fincantieri S.p.A.,1F80,1F80,AV,6166,1,Z_EU_Liq1_DETG,1
IT0005610958,A40P08,doValue S.p.A.,1DB0,1DB0,AV,6166,1,Z_EU_Liq3_noDETG,0
IT0005619843,A40P5W,Landi Renzo S.p.A.,ARQ0,ARQ0,AV,6166,1,Z_EU_Liq3_noDETG,0
IT0005654683,A41B0T,Fidia S.p.A.,FIC0,FIC0,AV,6166,1,Z_EU_Liq3_noDETG,0
JE00B1Z48326,A0MWXE,Mobility One Ltd.,31M,MBO,AP,6166,1,Z_EU_Liq3_noDETG,0
JE00B248KJ21,A14UST,Phoenix Spree Deutschland Ltd.,A2E,A2E,AP,6166,1,Z_EU_Liq3_noDETG,0
JE00B3MW7P88,A1CVXV,West China Cement Limited,WFG1,2233,AF,6166,1,Z_ASIA_Liq2_TG,0
JE00B4T3BW64,A1JAGV,Glencore PLC,8GC,8GC,AP,6166,1,Z_EU_Liq2_TG,1
JE00B55Q3P39,A1JBXU,Genel Energy PLC,4VL,4VL,AP,6166,1,Z_EU_Liq2_TG,1
JE00B6Y3DV84,A1JY9Y,Wandisco PLC,WD4,WD4,AP,6166,1,Z_EU_Liq3_noDETG,0
JE00B8KF9B49,A1J2BZ,WPP PLC,0WP,0WP,AP,6166,1,Z_EU_Liq2_TG,1
JE00BD3QJR55,A1W7EX,Foresight Solar Fund Ltd.,1F5,1F5,AP,6166,1,Z_EU_Liq3_noDETG,0
JE00BD4H0R42,A2DSS6,IQ-AI Ltd.,5Y1,5Y1,AP,6166,1,Z_EU_Liq3_noDETG,0
JE00BF0XVB15,A2DY13,Caledonia Mining Corp. PLC,9CD1,9CD1,AP,6166,1,Z_EU_Liq3_noDETG,0
JE00BF50RG45,A2JEX5,Yellow Cake plc,0LZ,0LZ,AP,6166,1,Z_EU_Liq2_TG,1
JE00BF5FX167,A2LQHH,3i Infrastructure PLC,2272,2272,AP,6166,1,Z_EU_Liq3_noDETG,0
JE00BFZ1D698,A2JMXK,Predator Oil & Gas Holdings PLC,1EM,1EM,AP,6166,1,Z_EU_Liq3_noDETG,0
JE00BG6L7297,A1XFBJ,Boohoo.com PLC,1B9,1B9,AP,6166,1,Z_EU_Liq2_TG,0
JE00BJ1DLW90,A2PG8B,Man Group Ltd.,M3N,M3N,AP,6166,1,Z_EU_Liq2_TG,1
JE00BJJN4441,A2PLSH,Clarivate Analytics PLC,16A,16A,AP,6166,1,Z_EU_Liq2_TG,0
JE00BJYJFG60,A2PMGV,Audioboom Group PLC,T28,T28,AP,6166,1,Z_EU_Liq3_noDETG,0
JE00BKVDPL34,A3DABL,t42 IoT Tracking Solutions PLC,JZ4,JZ4,AP,6166,1,Z_EU_Liq3_noDETG,0
JE00BL970N11,A3CVT3,GAMBLING.COM Group Ltd.,6WH,6WH,AP,6166,1,Z_EU_Liq2_TG,0
JE00BLD8Y945,A2QQ9U,Coinshares International Ltd.,3TW,3TW,AP,6166,1,Z_EU_Liq2_TG,0
JE00BLKGSR75,A2QJTQ,Integrated Diagnostics Holdings PLC,8I8,8I8,AP,6166,1,Z_EU_Liq3_noDETG,0
JE00BM90BX45,A2QQ9P,Team PLC,1WQ,1WQ,AP,6166,1,Z_EU_Liq3_noDETG,0
JE00BMDKH437,A3CUCW,Digital 9 Infrastructure PLC,6DJ,6DJ,AP,6166,1,Z_EU_Liq3_noDETG,0
JE00BMDZN391,A2QMAV,TP ICAP Group PLC,8D7,8D7,AP,6166,1,Z_EU_Liq3_noDETG,0
JE00BN574F90,A14NPS,Wizz Air Holdings PLC,WI2,WI2,AP,6166,1,Z_EU_Liq2_TG,1
JE00BRJ8YF63,A12DSX,GoldStone Resources Ltd.,GVL1,GVL1,AP,6166,0,Z_EU_Liq3_noDETG,0
JE00BRX98089,A40B55,CVC Capital Partners PLC,Z1W,Z1W,AP,6166,1,Z_EU_Liq2_TG,1
JE00BS44BN30,A3EXD1,Birkenstock Holding PLC,7PV,7PV,AP,6166,1,Z_EU_Liq2_TG,1
JE00BSBJ5M88,A40HZN,Rosebank Industries PLC,W1E,W1E,AP,6166,1,Z_EU_Liq3_noDETG,0
JE00BTDN8H13,A417CC,Aptiv PLC,D7A,D7A,AP,6166,1,Z_EU_Liq2_TG,0
JE00BTJ01443,A40WEL,Cleantech Lithium PLC,T2N0,T2N0,AP,6166,1,Z_EU_Liq3_noDETG,0
JE00BV7DQ550,A41YMQ,Amcor PLC,4850,4850,AP,6166,1,Z_USA_Liq2_TG,0
JE00BWH5YF45,A14R2F,Royal Road Minerals Ltd.,RLU,RLU,AP,6166,1,Z_EU_Liq3_noDETG,0
JE00BYSS4X48,A140ML,Novocure Ltd.,038,038,AP,6166,1,Z_EU_Liq2_TG,0
JE00BYVQYS01,A2DGJL,International Workplace Group PLC,IWG,IWGG,AP,6166,1,Z_EU_Liq2_TG,1
JE00BYVWJZ03,A2JEGB,Trufin PLC,29U,29U,AP,6166,1,Z_EU_Liq3_noDETG,0
JP3027670003,798197,Nippon Building Fund Inc.,S4C,8951,AF,6166,1,Z_ASIA_Liq2_TG,0
JP3027680002,798084,Japan Real Estate Investment Corp.,JUA,8952,AG,6166,1,Z_ASIA_Liq3_noDETG,0
JP3046190009,A0F54T,Invincible Investment Corp.,8JF,8JF,AG,6166,1,Z_ASIA_Liq3_noDETG,0
JP3046230003,A0JC7G,Japan Logistics Fund Inc.,8UT,8UT,AG,6166,1,Z_ASIA_Liq3_noDETG,0
JP3046420000,A0KFLG,Japan Excellent Inc.,81L,81L,AG,6166,1,Z_ASIA_Liq3_noDETG,0
JP3046500009,A0M5Y3,Industrial & Infrastructure Fund Investment Corporation,2ES,2ES,AG,6166,1,Z_ASIA_Liq3_noDETG,0
JP3048110005,A14Z3K,Nomura Real Estate Mast.Fd Inc.,8BQ,8BQG,AG,6166,1,Z_ASIA_Liq3_noDETG,0
JP3048370005,A2DQB7,Mirai Corp.,837,837,AG,6166,1,Z_ASIA_Liq3_noDETG,0
JP3100800006,864697,Aica Kogyo Co. Ltd.,R5Y,R5Y,AG,6166,1,Z_ASIA_Liq3_noDETG,0
JP3102000001,863680,Aisin Seiki Co. Ltd.,AKN,DC9,AG,6166,1,Z_ASIA_Liq3_noDETG,0
JP3104890003,A0NFRJ,TIS Inc.,4HO,3626,AG,6166,1,Z_ASIA_Liq2_TG,0
JP3105040004,908364,Aiful Corp.,AAU,8515,AG,6166,1,Z_ASIA_Liq3_noDETG,0
JP3105220002,A0NEU2,Seven Bank Ltd.,0S7,0S7,AG,6166,1,Z_ASIA_Liq3_noDETG,0
JP3108600002,887795,Acom Co. Ltd.,AK5,8572,AG,6166,1,Z_ASIA_Liq3_noDETG,0
JP3110650003,A0B6JK,Asahi Intecc Co. Ltd.,6XT,6XT,AF,6166,1,Z_ASIA_Liq2_TG,0
JP3111200006,857993,Asahi Kasei Corp.,ASAA,3407,AF,6166,1,Z_ASIA_Liq2_TG,0
JP3112000009,853783,Asahi Glass Co. Ltd.,SHJ,5201,AF,6166,1,Z_ASIA_Liq2_TG,0
JP3116000005,853764,Asahi Group Holdings Ltd.,ABW,2502,AE,6166,1,Z_ASIA_Liq2_TG,0
JP3117700009,A1W9Q3,Mebuki Financial Group,5EE,5EE,AG,6166,1,Z_ASIA_Liq2_TG,0
JP3118000003,860398,ASICS Corp.,ASI1,7936,AF,6166,1,Z_ASIA_Liq2_TG,0
JP3119600009,853681,Ajinomoto Co. Inc.,AJI,2802,AE,6166,1,Z_ASIA_Liq2_TG,0
JP3121970002,A0M7G6,Adways Inc.,A02,A02,AG,6166,1,Z_ASIA_Liq3_noDETG,0
JP3122400009,868805,Advantest Corp.,VAN,6857,AF,6166,1,Z_ASIA_Liq2_TG,1
JP3122800000,858465,Amada Holdings Co. Ltd.,AA2,AA2,AF,6166,1,Z_ASIA_Liq2_TG,0
JP3126130008,916069,Universal Entertainment Corp.,RUZ,6425,AG,6166,1,Z_ASIA_Liq3_noDETG,0
JP3126330004,920376,Alpha Systems Inc.,AN5,4719,AG,6166,1,Z_ASIA_Liq3_noDETG,0
JP3126400005,856461,Alps Electric Co. Ltd.,ALE,6770,AF,6166,1,Z_ASIA_Liq2_TG,0
JP3127700007,779518,AnGes Inc.,AJW,4563,AF,6166,1,Z_ASIA_Liq2_TG,0
JP3128800004,857730,Anritsu Corp.,AN1,AN1,AG,6166,1,Z_ASIA_Liq3_noDETG,0
JP3131090007,A1W6W5,Iida Group Holdings Co. Ltd.,IIO,IIO,AG,6166,1,Z_ASIA_Liq2_TG,0
JP3131400008,896037,AEON Financial Service Co. Ltd.,67J,67J,AG,6166,1,Z_ASIA_Liq3_noDETG,0
JP3134800006,854347,IHI Corp.,IWJ,7013,AF,6166,1,Z_ASIA_Liq2_TG,0
JP3137200006,858329,ISUZU Motors Ltd.,ISU,7202,AF,6166,1,Z_ASIA_Liq2_TG,0
JP3142500002,A0LB29,Idemitsu Kosan Co. Ltd.,I7B,5019,AF,6166,1,Z_ASIA_Liq2_TG,0
JP3143600009,855471,Itochu Corp.,IOC,8001,AE,6166,1,Z_ASIA_Liq2_TG,1
JP3144000001,864350,Itochu Enex Co. Ltd.,96P,96P,AG,6166,1,Z_ASIA_Liq3_noDETG,0
JP3148800000,854866,Ibiden Co. Ltd.,IBI,4062,AG,6166,1,Z_ASIA_Liq2_TG,0
JP3151600008,851298,Iwatani Corp.,IWA,8088,AE,6166,1,Z_ASIA_Liq2_TG,1
JP3152740001,580665,ABC-Mart Inc.,5B8,5B8,AG,6166,1,Z_ASIA_Liq2_TG,0
JP3152750000,925295,GMO Internet Inc.,IQ3,9449,AF,6166,1,Z_ASIA_Liq2_TG,0
JP3152820001,A0ERP8,Internet Initiative Japan Inc.,I6I,3774,AG,6166,1,Z_ASIA_Liq2_TG,0
JP3158800007,859490,Ube Industries Ltd.,UBE,4208,AF,6166,1,Z_ASIA_Liq2_TG,0
JP3160400002,855526,Eisai Co. Ltd.,EII,4523,AF,6166,1,Z_ASIA_Liq2_TG,0
JP3160740001,894693,H.I.S. Co. Ltd.,HIZ,9603,AG,6166,1,Z_ASIA_Liq3_noDETG,0
JP3161200005,862901,Ezaki Glico Co. Ltd.,5EJ,5EJ,AG,6166,1,Z_ASIA_Liq3_noDETG,0
JP3162600005,874794,SMC Corp.,QMC,6273,AE,6166,1,Z_ASIA_Liq2_TG,0
JP3163420007,A2N6WF,SBI Insurance Group Co. Ltd.,EEW,EEW,AG,6166,1,Z_ASIA_Liq3_noDETG,0
JP3164470001,570272,Edion Corp.,9H2,9H2,AG,6166,1,Z_ASIA_Liq3_noDETG,0
JP3164630000,887293,Square Enix Holdings Co. Ltd.,EI4,9684,AE,6166,1,Z_ASIA_Liq2_TG,0
JP3164720009,812960,Renesas Electronics Corp.,NEN,6723,AE,6166,1,Z_ASIA_Liq2_TG,0
JP3165000005,A1CTAF,Sompo Holdings Inc.,ANK,8630,AF,6166,1,Z_ASIA_Liq2_TG,0
JP3165600002,854088,NTN Corp.,NTN,6472,AF,6166,1,Z_ASIA_Liq2_TG,0
JP3166000004,858656,Ebara Corp.,EAR,6361,AF,6166,1,Z_ASIA_Liq2_TG,0
JP3167500002,932299,Leopalace21 Corp.,MQI,8848,AG,6166,1,Z_ASIA_Liq3_noDETG,0
JP3168200008,A0LFDS,Elecom Co. Ltd,9EL,9EL,AG,6166,1,Z_ASIA_Liq3_noDETG,0
JP3172500005,878667,Autobacs Seven Co. Ltd.,AB6,9832,AG,6166,1,Z_ASIA_Liq3_noDETG,0
JP3173540000,A1W458,Open House Co. Ltd.,O4H,O4H,AF,6166,1,Z_ASIA_Liq2_TG,0
JP3174410005,859846,Oji Holdings Corp.,OJI,3861,AF,6166,1,Z_ASIA_Liq2_TG,0
JP3180400008,858464,Osaka Gas Co. Ltd.,OSA,9532,AF,6166,1,Z_ASIA_Liq2_TG,0
JP3183200009,A0B9K6,"Japan Exchange Group, Inc.",OSK,OSKG,AF,6166,1,Z_ASIA_Liq2_TG,0
JP3188200004,502503,Otsuka Corp.,OTK,4768,AG,6166,1,Z_ASIA_Liq2_TG,0
JP3188220002,A1C9KC,Otsuka Holdings Company Ltd.,OS1,4578,AF,6166,1,Z_ASIA_Liq2_TG,0
JP3190000004,858426,Obayashi Corp.,OBA,OBAG,AF,6166,1,Z_ASIA_Liq2_TG,0
JP3194000000,857207,Oki Electric Industry Co. Ltd.,OKI,OKIG,AG,6166,1,Z_ASIA_Liq3_noDETG,0
JP3194650002,906406,Okinawa Cellular Telephone Co.,OCU,9436,AG,6166,1,Z_ASIA_Liq3_noDETG,0
JP3197600004,859650,ONO Pharmaceutical Co. Ltd.,ON4,4528,AF,6166,1,Z_ASIA_Liq2_TG,0
JP3197800000,856877,Omron Corp.,OMR1,6645,AF,6166,1,Z_ASIA_Liq2_TG,0
JP3200450009,851769,ORIX Corp.,OIX,8591,AE,6166,1,Z_ASIA_Liq2_TG,0
JP3201200007,856840,Olympus Corp.,OLY1,OOPT,AE,6166,1,Z_ASIA_Liq2_TG,0
JP3205800000,857031,Kao Corp.,KAO,4452,AE,6166,1,Z_ASIA_Liq2_TG,0
JP3206000006,A0B6VG,Kakaku.com Inc.,KKC,KKC,AG,6166,1,Z_ASIA_Liq3_noDETG,0
JP3206200002,873874,Kaga Electronics Ltd.,9V2,9V2,AG,6166,1,Z_ASIA_Liq3_noDETG,0
JP3208200000,864681,Kagome Co. Ltd.,5EW,5EW,AG,6166,1,Z_ASIA_Liq3_noDETG,0
JP3209000003,859901,Casio Computer Co. Ltd.,CAC1,6952,AF,6166,1,Z_ASIA_Liq2_TG,0
JP3210200006,857003,Kajima Corp.,KAJ,KAJG,AF,6166,1,Z_ASIA_Liq2_TG,0
JP3215800008,857863,Kaneka Corp.,KKA,4118,AG,6166,1,Z_ASIA_Liq3_noDETG,0
JP3218900003,886135,Capcom Co. Ltd.,CPK,9697,AE,6166,1,Z_ASIA_Liq2_TG,0
JP3220580009,A1JH47,Calbee Inc.,9CB,9CB,AG,6166,1,Z_ASIA_Liq3_noDETG,0
JP3223800008,862868,Kawasaki Kisen Kaisha Ltd.,KLI1,9107,AF,6166,1,Z_ASIA_Liq2_TG,0
JP3224200000,858920,Kawasaki Heavy Industries Ltd.,KHE,7012,AF,6166,1,Z_ASIA_Liq2_TG,0
JP3228600007,853264,The Kansai Electric Power Co. Inc.,KPO,9503,AF,6166,1,Z_ASIA_Liq2_TG,0
JP3230600003,862928,Kandenko Co. Ltd.,5EY,5EY,AG,6166,1,Z_ASIA_Liq3_noDETG,0
JP3233250004,A14Z8K,Japan Post Insurance Co. Ltd.,4JP,4JP,AF,6166,1,Z_ASIA_Liq2_TG,0
JP3235900002,A0D8WH,GungHo Online Entertainment Inc.,G03,G03,AG,6166,1,Z_ASIA_Liq3_noDETG,0
JP3236200006,874827,Keyence Corp.,KEE,6861,AE,6166,1,Z_ASIA_Liq2_TG,1
JP3236330001,A2QB8W,Kioxia Holdings Corporation,KI5,KI5,AF,6166,1,Z_ASIA_Liq2_TG,0
JP3240400006,856983,Kikkoman Corp.,KIK,2801,AF,6166,1,Z_ASIA_Liq2_TG,0
JP3242800005,853055,Canon Inc.,CNN1,7751,AE,6166,1,Z_ASIA_Liq2_TG,0
JP3244800003,862858,Kewpie Corp.,QPJ,2809,AF,6166,1,Z_ASIA_Liq2_TG,0
JP3246400000,856180,Kyushu Electric Power Co. Inc.,2CJ,2CJ,AG,6166,1,Z_ASIA_Liq2_TG,0
JP3247010006,A2ASC1,Kyushu Railway Company,KRH,KRH,AF,6166,1,Z_ASIA_Liq2_TG,0
JP3249600002,860614,Kyocera Corp.,KYR,KYO,AE,6166,1,Z_ASIA_Liq2_TG,0
JP3253900009,896181,Kyoritsu Maintenance,648,648,AG,6166,1,Z_ASIA_Liq3_noDETG,0
JP3256000005,858523,Kyowa Hakko Kirin Co. Ltd.,KY4,4151,AF,6166,1,Z_ASIA_Liq2_TG,0
JP3258000003,853682,Kirin Holdings Co. Ltd.,KIR,2503,AE,6166,1,Z_ASIA_Liq2_TG,0
JP3263000006,859960,Kinden Corp.,109,109,AF,6166,1,Z_ASIA_Liq2_TG,0
JP3266400005,857751,Kubota Corp.,KUO1,6326,AE,6166,1,Z_ASIA_Liq2_TG,0
JP3266800006,603166,Kumagai Gumi Co. Ltd.,KUG1,1861,AG,6166,1,Z_ASIA_Liq3_noDETG,0
JP3269600007,858272,Kuraray Co. Ltd.,KUY,3405,AF,6166,1,Z_ASIA_Liq2_TG,0
JP3270000007,851119,Kurita Water Industries Ltd.,KWI,6370,AE,6166,1,Z_ASIA_Liq2_TG,0
JP3274070006,A0RD8Z,GREE Inc.,V3U,3632,AG,6166,1,Z_ASIA_Liq3_noDETG,0
JP3274400005,868395,Glory Ltd.,3O5,3O5,AG,6166,1,Z_ASIA_Liq3_noDETG,0
JP3276400003,859182,Gunma Bank Ltd.,5F0,5F0,AG,6166,1,Z_ASIA_Liq3_noDETG,0
JP3277150003,888962,K's Holdings Corp.,KSD,KSDG,AG,6166,1,Z_ASIA_Liq3_noDETG,0
JP3283460008,A0RLRP,Koei Tecmo Holdings Co. Ltd.,85T,85T,AG,6166,1,Z_ASIA_Liq2_TG,0
JP3283650004,931250,KOSE Corp.,49K,49K,AG,6166,1,Z_ASIA_Liq2_TG,0
JP3286500008,A0DJ87,Mizuho Leasing Company Ltd.,LFB,LFB,AG,6166,1,Z_ASIA_Liq3_noDETG,0
JP3289800009,858737,Kobe Steel Ltd.,KST,5406,AF,6166,1,Z_ASIA_Liq2_TG,0
JP3293330001,A3EWFS,Kokusai Electric Corp.,69B,69B,AG,6166,1,Z_ASIA_Liq2_TG,0
JP3294460005,A0JD4G,Inpex Corp.,I8U,1605,AE,6166,1,Z_ASIA_Liq2_TG,0
JP3297000006,850889,Kokuyo Ltd.,KOK,KOK,AG,6166,1,Z_ASIA_Liq3_noDETG,0
JP3298000005,A14Z3E,Cosmo Energy Holdings Co. Ltd.,2LW,2LW,AG,6166,1,Z_ASIA_Liq2_TG,0
JP3300200007,870269,Konami Corp.,KOA,9766,AF,6166,1,Z_ASIA_Liq2_TG,0
JP3300600008,857929,Konica Minolta Inc.,KPI1,4902,AF,6166,1,Z_ASIA_Liq2_TG,0
JP3304200003,854658,Komatsu Ltd.,KOM1,KOMT,AE,6166,1,Z_ASIA_Liq2_TG,1
JP3305530002,358654,COMSYS Holdings Corp.,CS7,CS7,AF,6166,1,Z_ASIA_Liq2_TG,0
JP3309000002,860475,"PENTA-OCEAN CONSTRUCTION CO., LTD.",PO6,1893,AG,6166,1,Z_ASIA_Liq3_noDETG,0
JP3311400000,936388,Cyberagent Inc.,CL2,4751,AF,6166,1,Z_ASIA_Liq2_TG,0
JP3311490001,A3CM5S,Cybertrust Japan Co. Ltd.,5U2,5U2,AG,6166,1,Z_ASIA_Liq3_noDETG,0
JP3311530004,A1XFZ0,Cyberdyne Inc.,8C4,8C4,AF,6166,1,Z_ASIA_Liq2_TG,0
JP3320800000,851177,Sapporo Holdings Ltd.,SBW,2501,AF,6166,1,Z_ASIA_Liq2_TG,0
JP3322930003,A0HGFA,Sumco Corp.,S3X,3436,AF,6166,1,Z_ASIA_Liq2_TG,0
JP3326000001,861095,Sankyu Inc.,SNK,9065,AG,6166,1,Z_ASIA_Liq3_noDETG,0
JP3326410002,887064,Sankyo Co.,SOK,6417,AG,6166,1,Z_ASIA_Liq2_TG,0
JP3329600005,858419,Sanken Electric Co. Ltd.,XSK,6707,AF,6166,1,Z_ASIA_Liq2_TG,0
JP3336000009,864318,Santen Pharmaceutical Co. Ltd.,SZD,4536,AG,6166,1,Z_ASIA_Liq2_TG,0
JP3336400001,859579,Sanden Corp.,SOE1,SOE1,AG,6166,1,Z_ASIA_Liq3_noDETG,0
JP3336560002,A1WZT4,Suntory Beverage & Food Ltd.,7SN,7SN,AE,6166,1,Z_ASIA_Liq2_TG,0
JP3343200006,866933,Sanrio Co. Ltd.,SJ8,8136,AF,6166,1,Z_ASIA_Liq2_TG,0
JP3344400001,851742,Sanwa Holdings Corp.,XST,5929,AG,6166,1,Z_ASIA_Liq2_TG,0
JP3347200002,855648,Shionogi & Co. Ltd.,SH0,4507,AF,6166,1,Z_ASIA_Liq2_TG,1
JP3351100007,897966,Sysmex Corp.,0YX,0YX,AF,6166,1,Z_ASIA_Liq2_TG,0
JP3351600006,854002,Shiseido Co. Ltd.,SHD,4911,AE,6166,1,Z_ASIA_Liq2_TG,0
JP3352400000,856503,Citizen Holdings Co. Ltd.,CTZ,7762,AF,6166,1,Z_ASIA_Liq2_TG,0
JP3355400007,A12D58,Shift Inc.,7CZ,7CZ,AG,6166,1,Z_ASIA_Liq3_noDETG,0
JP3358000002,865682,Shimano Inc.,SHM,7309,AE,6166,1,Z_ASIA_Liq2_TG,1
JP3358800005,857801,Shimizu Corp.,XSZ,1803,AF,6166,1,Z_ASIA_Liq2_TG,0
JP3359600008,855383,Sharp Corp.,SRP,6753,AF,6166,1,Z_ASIA_Liq2_TG,0
JP3360800001,565214,Hulic Co. Ltd.,87W,87W,AG,6166,1,Z_ASIA_Liq2_TG,0
JP3362700001,862503,Mitsui O.S.K. Lines Ltd.,MILA,9104,AF,6166,1,Z_ASIA_Liq2_TG,1
JP3368000000,859554,Showa Denko K.K.,SWD,4004,AF,6166,1,Z_ASIA_Liq2_TG,0
JP3371200001,859118,Shin-Etsu Chemical Co. Ltd.,SEH,4063,AE,6166,1,Z_ASIA_Liq2_TG,1
JP3379550001,724563,JX Advanced Metals Corp.,BY8,BY8,AF,6166,1,Z_ASIA_Liq2_TG,0
JP3379950003,A0BMJN,Shin Nippon Biomedical Laboratories Ltd.,YB3,2395,AG,6166,1,Z_ASIA_Liq3_noDETG,0
JP3381000003,859164,Nippon Steel & Sumitomo Metal Corp.,NPS,NPS,AE,6166,0,Z_ASIA_Liq2_TG,0
JP3385820000,A0B9FC,GS Yuasa Corp.,G9Y,6674,AE,6166,1,Z_ASIA_Liq2_TG,0
JP3385890003,A0EQZ2,GMO Payment Gateway Inc.,3RH,3RH,AF,6166,1,Z_ASIA_Liq2_TG,0
JP3386030005,724564,JFE Holdings Inc.,JFR,5411,AF,6166,1,Z_ASIA_Liq2_TG,0
JP3386410009,A0Q89Q,JVC Kenwood Corp.,JVC,JVC,AF,6166,1,Z_ASIA_Liq2_TG,0
JP3386450005,A1CS9H,JXTG Holdings Inc.,JHJ,5020,AF,6166,1,Z_ASIA_Liq2_TG,0
JP3386890002,A3ENZQ,Genda Inc.,A52,A52,AF,6166,1,Z_ASIA_Liq2_TG,0
JP3388200002,863094,AEON Co. Ltd.,JUS1,8267,AF,6166,1,Z_ASIA_Liq2_TG,0
JP3388450003,920339,Justsystems Corp.,JSY,4686,AG,6166,1,Z_ASIA_Liq3_noDETG,0
JP3389660006,A1XEEQ,Japan Display Inc.,1J4,1J4,AG,6166,1,Z_ASIA_Liq3_noDETG,0
JP3389900006,887715,Jafco Co. Ltd.,JAF,JAF,AF,6166,1,Z_ASIA_Liq2_TG,0
JP3396350005,A0MMJB,Sky Perfect JSAT Holdings Inc.,SKM,9412,AF,6166,1,Z_ASIA_Liq2_TG,0
JP3397060009,938979,Sugi Holdings Co. Ltd.,UGI,7649,AG,6166,1,Z_ASIA_Liq2_TG,0
JP3397150008,A2DMGY,Sushiro Global Holdings Ltd.,2G0,2G0,AG,6166,1,Z_ASIA_Liq3_noDETG,0
JP3397200001,857310,Suzuki Motor Corp.,SUK,7269,AE,6166,1,Z_ASIA_Liq2_TG,0
JP3399310006,A0M0A8,Start Today Co. Ltd.,SAR,SARG,AG,6166,1,Z_ASIA_Liq2_TG,0
JP3400900001,857803,Sumitomo Osaka Cement Co. Ltd.,SU2,5232,AF,6166,1,Z_ASIA_Liq2_TG,0
JP3401400001,853490,Sumitomo Chemical Co. Ltd.,SMM,4005,AF,6166,1,Z_ASIA_Liq2_TG,0
JP3402600005,859470,Sumitomo Metal Mining Co. Ltd.,S19,5713,AF,6166,1,Z_ASIA_Liq2_TG,0
JP3404200002,868271,Sumitomo Rubber Ind. Ltd.,108,108,AG,6166,1,Z_ASIA_Liq3_noDETG,0
JP3404600003,860364,Sumitomo Corp.,SUMA,8053,AE,6166,1,Z_ASIA_Liq2_TG,0
JP3405400007,859555,Sumitomo Heavy Industries Ltd.,SSM1,6302,AE,6166,1,Z_ASIA_Liq2_TG,0
JP3407400005,857716,Sumitomo Electric Industries Ltd.,SMO,5802,AF,6166,1,Z_ASIA_Liq2_TG,0
JP3409000001,855211,Sumitomo Realty & Development Co. Ltd.,RL2,8830,AE,6166,1,Z_ASIA_Liq2_TG,0
JP3411000007,881259,Suruga Bank Ltd,URU,8358,AG,6166,1,Z_ASIA_Liq3_noDETG,0
JP3414750004,471496,Seiko Epson Corp.,SE7,6724,AF,6166,1,Z_ASIA_Liq2_TG,0
JP3415400005,863769,Seino Holdings Co. Ltd.,XSE,9076,AG,6166,1,Z_ASIA_Liq3_noDETG,0
JP3417200007,A110N4,Seibu Holdings Inc.,0H9,0H9,AG,6166,1,Z_ASIA_Liq2_TG,0
JP3419050004,A0B799,Sega Sammy Holdings Inc.,RYU,6460,AF,6166,1,Z_ASIA_Liq2_TG,0
JP3419400001,855112,Sekisui Chemical Co. Ltd.,SUI,4204,AG,6166,1,Z_ASIA_Liq2_TG,0
JP3420600003,850022,Sekisui House Ltd.,SPH1,1928,AF,6166,1,Z_ASIA_Liq2_TG,0
JP3421100003,A0BK3K,Japan Petroleum Exploration Co.,JP9,1662,AF,6166,1,Z_ASIA_Liq2_TG,0
JP3421800008,863529,Secom Co. Ltd.,XSC,9735,AF,6166,1,Z_ASIA_Liq2_TG,0
JP3422950000,A0F7DY,Seven & I Holdings Co. Ltd.,S6M,3382,AE,6166,1,Z_ASIA_Liq2_TG,0
JP3423800006,870772,Senko Group Holdings Co. Ltd.,7WE,7WE,AG,6166,1,Z_ASIA_Liq3_noDETG,0
JP3429800000,861920,ANA Holdings Inc.,ANCA,9202,AF,6166,1,Z_ASIA_Liq2_TG,0
JP3431300007,A0B7EK,Sosei Group Corp.,JSS,JSS,AG,6166,1,Z_ASIA_Liq3_noDETG,0
JP3435000009,853687,Sony Group Corp.,SON1,SON1,AE,6166,1,Z_ASIA_Liq2_TG,1
JP3435350008,A0M06N,Sony Financial Holding Inc.,8BZ,8BZ,AG,6166,0,Z_ASIA_Liq2_TG,0
JP3435750009,A0B8RE,M3 Inc.,4YC,4YC,AE,6166,1,Z_ASIA_Liq2_TG,0
JP3436100006,891624,Softbank Group Corp.,SFT,9984,AE,6166,1,Z_ASIA_Liq2_TG,1
JP3436120004,591037,SBI Holdings Inc.,ZOF,8473,AF,6166,1,Z_ASIA_Liq2_TG,0
JP3436500007,A2DN9S,Solasia Pharma K.K.,9SO,9SO,AG,6166,1,Z_ASIA_Liq3_noDETG,0
JP3443600006,857627,Taisei Corp.,TKK1,1801,AF,6166,1,Z_ASIA_Liq2_TG,0
JP3448000004,859172,Pacific Metals Co. Ltd.,PYV,5541,AF,6166,1,Z_ASIA_Liq2_TG,0
JP3449020001,858354,Taiheiyo Cement Corp.,TIE,5233,AF,6166,1,Z_ASIA_Liq2_TG,0
JP3452000007,863428,Taiyo Yuden Co. Ltd.,TYC1,6976,AF,6166,1,Z_ASIA_Liq2_TG,0
JP3456000003,853496,Takashimaya Co. Ltd.,DC9,8233,AF,6166,1,Z_ASIA_Liq2_TG,0
JP3459600007,864062,Takara Shuzo,TAX,2531,AF,6166,1,Z_ASIA_Liq2_TG,0
JP3460200003,A0DNGL,Takara Bio Inc.,TF2,4974,AG,6166,1,Z_ASIA_Liq3_noDETG,0
JP3463000004,853849,Takeda Pharmaceutical Co. Ltd.,TKD,4502,AE,6166,1,Z_ASIA_Liq2_TG,1
JP3465000002,851498,Tadano Ltd.,TN0,TN0,AG,6166,1,Z_ASIA_Liq3_noDETG,0
JP3475350009,A0F57T,Daiichi Sankyo Co. Ltd.,D4S,4568,AE,6166,1,Z_ASIA_Liq2_TG,1
JP3476480003,A1CS49,Dai-Ichi Life Holdings Inc.,QHH,8750,AE,6166,1,Z_ASIA_Liq2_TG,0
JP3481200008,A0DNH7,Metaplanet Inc.,DN3,DN3,AF,6166,1,Z_ASIA_Liq2_TG,1
JP3481800005,857771,Daikin Industries Ltd.,DKI,6367,AE,6166,1,Z_ASIA_Liq2_TG,1
JP3485800001,863989,Daicel Corp.,9DC,9DC,AG,6166,1,Z_ASIA_Liq3_noDETG,0
JP3486800000,878928,Daito Trust Construction Co. Ltd.,4D7,1878,AG,6166,1,Z_ASIA_Liq2_TG,0
JP3493400000,864407,DIC Corp.,DPN,4631,AF,6166,1,Z_ASIA_Liq2_TG,0
JP3493800001,856615,Dai Nippon Printing Co. Ltd.,DNP,7912,AF,6166,1,Z_ASIA_Liq2_TG,0
JP3494600004,859619,Dainippon Screen Mfg. Co. Ltd.,DAO,7735,AF,6166,1,Z_ASIA_Liq3_noDETG,0
JP3495000006,858257,Sumitomo Dainippon Pharma Co.,DPM,4506,AF,6166,1,Z_ASIA_Liq2_TG,0
JP3496400007,887603,KDDI CORP.,DIP,9433,AE,6166,1,Z_ASIA_Liq2_TG,1
JP3497400006,857887,Daifuku Co. Ltd.,891,891,AG,6166,1,Z_ASIA_Liq2_TG,0
JP3499800005,872699,Mitsubishi HC Capital Inc.,5B4,5B4,AG,6166,1,Z_ASIA_Liq2_TG,0
JP3500610005,766461,Resona Holdings Inc.,DW1,8308,AF,6166,1,Z_ASIA_Liq2_TG,0
JP3502200003,857092,Daiwa Securities Group Inc.,DSE,8601,AF,6166,1,Z_ASIA_Liq2_TG,0
JP3505000004,856805,Daiwa House Industry Co. Ltd.,DWH,1925,AE,6166,1,Z_ASIA_Liq2_TG,0
JP3511800009,869440,Chiba Bank Ltd.,CBR,CBK,AF,6166,1,Z_ASIA_Liq2_TG,0
JP3519400000,857216,Chugai Pharmaceutical Co. Ltd.,CUP,4519,AE,6166,1,Z_ASIA_Liq2_TG,0
JP3526600006,853840,Chubu Electric Power Co. Inc.,0C2,9502,AF,6166,1,Z_ASIA_Liq2_TG,0
JP3528600004,603165,Chiyoda Corp.,CYA,6366,AG,6166,1,Z_ASIA_Liq3_noDETG,0
JP3538400007,868489,TOC Co. Ltd.,T3O,8841,AG,6166,1,Z_ASIA_Liq3_noDETG,0
JP3538800008,857032,TDK Corp.,TDK,6762,AE,6166,1,Z_ASIA_Liq2_TG,0
JP3539220008,A0B9FA,T & D Holdings Inc.,TZ6,8795,AF,6166,1,Z_ASIA_Liq2_TG,0
JP3539250005,887915,THK Co. Ltd.,1TK,1TK,AG,6166,1,Z_ASIA_Liq3_noDETG,0
JP3544000007,855254,Teijin Ltd.,TIJ,3401,AF,6166,1,Z_ASIA_Liq2_TG,0
JP3546800008,867003,Terumo Corp.,TUO,4543,AE,6166,1,Z_ASIA_Liq2_TG,0
JP3548610009,A0DQUH,Dena Co. Ltd.,D2N,D2N,AF,6166,1,Z_ASIA_Liq2_TG,0
JP3548660004,A0KEPP,DCM Holdings Co. Ltd.,889,889,AG,6166,1,Z_ASIA_Liq3_noDETG,0
JP3548740004,A0YB73,D. Western Therapeutics Institute Inc.,6DW,4576,AG,6166,1,Z_ASIA_Liq3_noDETG,0
JP3549070005,591231,Digital Garage Inc.,DGK,DIGR,AG,6166,1,Z_ASIA_Liq3_noDETG,0
JP3549600009,858463,"Denka Co., Ltd.",DIK,4061,AF,6166,1,Z_ASIA_Liq2_TG,0
JP3551500006,858734,Denso Corp.,DNO,6902,AE,6166,1,Z_ASIA_Liq2_TG,0
JP3551520004,763961,Dentsu Inc.,DEN,4324,AF,6166,1,Z_ASIA_Liq2_TG,0
JP3555700008,905280,Towa Corp.,TWA,6315,AF,6166,1,Z_ASIA_Liq2_TG,0
JP3560800009,862859,Tokai Carbon Co. Ltd.,7TC,5301,AF,6166,1,Z_ASIA_Liq2_TG,0
JP3566800003,908593,Central Japan Railway Co.,JAP,9022,AE,6166,1,Z_ASIA_Liq2_TG,0
JP3571400005,865510,Tokyo Electron Ltd.,TKY,8035,AE,6166,1,Z_ASIA_Liq2_TG,1
JP3573000001,855664,Tokyo Gas Co. Ltd.,TOG,9531,AE,6166,1,Z_ASIA_Liq2_TG,0
JP3574200006,864105,Tokyu Corp.,01T,9005,AF,6166,1,Z_ASIA_Liq2_TG,0
JP3582600007,850796,Tokyo Tatemono Co. Ltd.,T6R,8804,AF,6166,1,Z_ASIA_Liq2_TG,0
JP3583900000,A40S1G,Tokyo Metro Co. Ltd.,XO7,XO7,AF,6166,1,Z_ASIA_Liq2_TG,0
JP3585800000,854307,Tokyo Electric Power Company Holdings Inc.,TPO,9501,AF,6166,1,Z_ASIA_Liq2_TG,0
JP3594000006,857990,Toshiba TEC Corp.,TECA,6588,AG,6166,1,Z_ASIA_Liq3_noDETG,0
JP3595200001,859557,Tosoh Corp.,TOS,4042,AF,6166,1,Z_ASIA_Liq2_TG,0
JP3598600009,868112,Toho Co. Ltd.,TOH,9602,AF,6166,1,Z_ASIA_Liq2_TG,0
JP3600200004,871585,Toho Gas Co. Ltd.,59W,59W,AG,6166,1,Z_ASIA_Liq3_noDETG,0
JP3602600003,891597,Toho Holdings Co. Ltd.,TON,TON,AG,6166,1,Z_ASIA_Liq3_noDETG,0
JP3605400005,860809,Tohoku Electric Power Co.,TKT,TKTG,AF,6166,1,Z_ASIA_Liq2_TG,0
JP3610600003,857636,Toyo Tire & Rubber Co. Ltd.,TYR,5105,AG,6166,1,Z_ASIA_Liq2_TG,0
JP3613400005,860369,Toyo Seikan Group Holdings Ltd.,TQN,5901,AG,6166,1,Z_ASIA_Liq2_TG,0
JP3616600007,870540,Toyo Corp.,TOY,8151,AG,6166,1,Z_ASIA_Liq3_noDETG,0
JP3619800000,860856,Toyobo Co. Ltd.,TO7,3101,AG,6166,1,Z_ASIA_Liq3_noDETG,0
JP3621000003,853974,Toray Industries Inc.,TOR1,3402,AF,6166,1,Z_ASIA_Liq2_TG,0
JP3625000009,860381,Tokuyama Corp.,TBT,4043,AF,6166,1,Z_ASIA_Liq2_TG,0
JP3626800001,872998,LIXIL Group Corp.,TJS,5938,AF,6166,1,Z_ASIA_Liq2_TG,0
JP3629000005,857049,Toppan Printing Co. Ltd.,TPX,7911,AF,6166,1,Z_ASIA_Liq2_TG,0
JP3633400001,853510,Toyota Motor Corporation,TOM,7203,AE,6166,1,Z_ASIA_Liq2_TG,1
JP3634600005,863567,Toyota Industries Corp.,TAH,6201,AF,6166,1,Z_ASIA_Liq2_TG,0
JP3635000007,866920,Toyota Tsusho Corp.,9TO,9TO,AF,6166,1,Z_ASIA_Liq2_TG,0
JP3635700002,885021,transcosmos Inc.,TSQ,9715,AG,6166,1,Z_ASIA_Liq3_noDETG,0
JP3637300009,915793,Trend Micro Inc.,TMI,4704,AE,6166,1,Z_ASIA_Liq2_TG,0
JP3638600001,858423,Dowa Holdings Inc.,DMI,5714,AF,6166,1,Z_ASIA_Liq2_TG,0
JP3639650005,914702,Don Quijote Holdings Co. Ltd.,QJE,7532,AG,6166,1,Z_ASIA_Liq2_TG,0
JP3642500007,940070,Nakanishi Inc.,6SN,6SN,AG,6166,1,Z_ASIA_Liq3_noDETG,0
JP3649800004,860458,Nagoya Railroad Ltd.,59V,59V,AG,6166,1,Z_ASIA_Liq3_noDETG,0
JP3651210001,251734,Nabtesco Corp.,3N8,6268,AG,6166,1,Z_ASIA_Liq3_noDETG,0
JP3657400002,853326,Nikon Corp.,NKN,NKNG,AF,6166,1,Z_ASIA_Liq2_TG,0
JP3659000008,903186,West Japan Railway Co.,WEJ,9021,AF,6166,1,Z_ASIA_Liq2_TG,0
JP3663900003,255124,Sojitz Corp.,XEB,2768,AF,6166,1,Z_ASIA_Liq2_TG,0
JP3665200006,856386,Nichirei Corp.,NI3,2871,AF,6166,1,Z_ASIA_Liq2_TG,0
JP3667600005,859157,JGC Corp.,VJC,1963,AF,6166,1,Z_ASIA_Liq2_TG,0
JP3670800006,859269,Nissan Chemical Industries Ltd.,NSC,4021,AF,6166,1,Z_ASIA_Liq2_TG,0
JP3672400003,853686,Nissan Motor Co. Ltd.,NISA,7201,AE,6166,1,Z_ASIA_Liq2_TG,1
JP3675600005,858470,Nissin Foods Holdings Co. Ltd.,NF2,2897,AF,6166,1,Z_ASIA_Liq2_TG,0
JP3676800000,859590,Nisshin Seifun Group Inc.,NFR,2002,AF,6166,1,Z_ASIA_Liq3_noDETG,0
JP3678000005,853942,Nisshinbo Holdings Inc.,NBO,3105,AG,6166,1,Z_ASIA_Liq3_noDETG,0
JP3684000007,862930,NITTO DENKO CORP.,ND5,6988,AF,6166,1,Z_ASIA_Liq2_TG,0
JP3684400009,863674,Nitto Boseki Co. Ltd.,NB5,3110,AG,6166,1,Z_ASIA_Liq3_noDETG,0
JP3686200001,877821,Nippon Avionics Co. Ltd.,6NA,6NA,AG,6166,1,Z_ASIA_Liq3_noDETG,0
JP3686800008,864743,Nippon Sheet Glass Co. Ltd.,NI9,5202,AF,6166,1,Z_ASIA_Liq2_TG,0
JP3689500001,918470,Oracle Corp. Japan,OCJ,4716,AG,6166,1,Z_ASIA_Liq2_TG,0
JP3695200000,862417,NGK Insulators Ltd.,NGI,5333,AF,6166,1,Z_ASIA_Liq2_TG,0
JP3695600001,864398,Nippon Gas Co. Ltd.,NG0,NG0,AF,6166,1,Z_ASIA_Liq2_TG,0
JP3697800005,887656,JAPAN CASH MACHINE CO. LTD.,JCM,6418,AG,6166,1,Z_ASIA_Liq3_noDETG,0
JP3699400002,880957,Japan Airport Terminal Co.Ltd.,0JA,0JA,AG,6166,1,Z_ASIA_Liq2_TG,0
JP3705200008,855181,Japan Airlines Co. Ltd.,JAL,JALG,AE,6166,1,Z_ASIA_Liq2_TG,0
JP3705600009,864074,Japan Aviation El. Ind. Ltd.,8N9,8N9,AG,6166,1,Z_ASIA_Liq3_noDETG,0
JP3709600005,880559,NIKKON Holdings Co. Ltd.,1CM,1CM,AG,6166,1,Z_ASIA_Liq3_noDETG,0
JP3711200000,A0LCLC,Aozora Bank Ltd.,AON,8304,AF,6166,1,Z_ASIA_Liq2_TG,0
JP3711600001,857546,Taiyo Nippon Sanso Holdings Corp.,NPX,NPXG,AF,6166,1,Z_ASIA_Liq2_TG,0
JP3718800000,854348,Nippon Suisan Kaisha Ltd.,71N,71N,AF,6166,1,Z_ASIA_Liq2_TG,0
JP3720800006,853685,NSK Ltd.,NSK,6471,AF,6166,1,Z_ASIA_Liq2_TG,0
JP3721400004,858684,The Japan Steel Works Ltd.,J9R,5631,AE,6166,1,Z_ASIA_Liq2_TG,0
JP3723000000,864936,NIPPN Corp.,9X9,9X9,AF,6166,1,Z_ASIA_Liq2_TG,0
JP3725400000,863859,Zeon Corp.,NZE,4205,AG,6166,1,Z_ASIA_Liq3_noDETG,0
JP3726800000,893151,Japan Tobacco Inc.,JAT,2914,AE,6166,1,Z_ASIA_Liq2_TG,1
JP3732000009,A2N9LF,SoftBank Corp.,3AG1,3AG1,AE,6166,1,Z_ASIA_Liq2_TG,0
JP3732200005,855278,Nippon Television Holdings Inc.,NP9,9404,AG,6166,1,Z_ASIA_Liq2_TG,0
JP3733000008,853675,NEC Corp.,NEC1,6701,AE,6166,1,Z_ASIA_Liq2_TG,0
JP3734800000,878403,Nidec Corp.,NIB,6594,AE,6166,1,Z_ASIA_Liq2_TG,0
JP3735400008,873029,Nippon Telegraph and Telephone Corp.,NTT,9432,AE,6166,1,Z_ASIA_Liq2_TG,0
JP3738600000,863460,NGK Spark Plug Co. Ltd.,NGK,5334,AF,6166,1,Z_ASIA_Liq2_TG,0
JP3742600004,859493,NHK Spring Co. Ltd.,NHK,5991,AG,6166,1,Z_ASIA_Liq2_TG,0
JP3743000006,853946,Nippon Meat Packers Inc.,NI6,2282,AF,6166,1,Z_ASIA_Liq2_TG,0
JP3749400002,858541,Nippon Paint Holdings Co. Ltd.,NI7,4612,AG,6166,1,Z_ASIA_Liq2_TG,0
JP3750400008,906582,Micronics Japan Co. Ltd.,MJ3,6871,AF,6166,1,Z_ASIA_Liq2_TG,0
JP3750500005,693608,McDonald's Holding Co. Japan Ltd.,MJ8,2702,AF,6166,1,Z_ASIA_Liq2_TG,0
JP3752900005,A14Z74,Japan Post Holding Co. Ltd.,1JP,1JP,AE,6166,1,Z_ASIA_Liq2_TG,0
JP3753000003,859849,Nippon Yusen K.K.,NYKA,9101,AE,6166,1,Z_ASIA_Liq2_TG,1
JP3755200007,929131,Relo Group Inc.,665,665,AG,6166,1,Z_ASIA_Liq3_noDETG,0
JP3756200006,867337,Nifco Inc.,9WM,9WM,AG,6166,1,Z_ASIA_Liq3_noDETG,0
JP3756600007,864009,Nintendo Co. Ltd.,NTO,NTDOY,AE,6166,1,Z_ASIA_Liq2_TG,1
JP3758190007,A1JPFB,Nexon Co. Ltd,7NX,7NX,AE,6166,1,Z_ASIA_Liq2_TG,0
JP3762600009,857054,Nomura Holdings Inc.,NSE,8604,AE,6166,1,Z_ASIA_Liq2_TG,0
JP3762800005,630026,Nomura Research Institute Ltd.,NR7,4307,AG,6166,1,Z_ASIA_Liq2_TG,0
JP3765150002,912928,Harmonic Drive Systems Inc.,K3R,K3R,AG,6166,1,Z_ASIA_Liq2_TG,0
JP3768600003,860797,Haseko Corp.,HS6,1808,AF,6166,1,Z_ASIA_Liq2_TG,0
JP3769000005,877372,Hachijuni Bank Ltd.,5FI,5FI,AG,6166,1,Z_ASIA_Liq2_TG,0
JP3777800008,863383,Hanwa Co. Ltd.,HW4,HW4,AG,6166,1,Z_ASIA_Liq3_noDETG,0
JP3778630008,A0F6LZ,Bandai Namco Holdings Inc.,N9B,7832,AE,6166,1,Z_ASIA_Liq2_TG,0
JP3780100008,905986,Park24 Co. Ltd.,5FJ,5FJ,AG,6166,1,Z_ASIA_Liq3_noDETG,0
JP3783420007,899393,Hikari Tsushin Inc.,HIK,9435,AF,6166,1,Z_ASIA_Liq2_TG,0
JP3783600004,887942,East Japan Railway Co.,EJR,9020,AE,6166,1,Z_ASIA_Liq2_TG,0
JP3784600003,864341,Hisamitsu Pharmaceutical Co. Inc.,HPX,4530,AG,6166,1,Z_ASIA_Liq3_noDETG,0
JP3787000003,869254,Hitachi Construction Machinery Co. Ltd.,HCM,6305,AF,6166,1,Z_ASIA_Liq2_TG,0
JP3788600009,853219,Hitachi Ltd.,HIA1,6501,AE,6166,1,Z_ASIA_Liq2_TG,1
JP3789000001,858468,Hitachi Zosen Corp.,HZS,7004,AF,6166,1,Z_ASIA_Liq2_TG,0
JP3792600003,853852,Hino Motors Ltd.,HMO,7205,AF,6166,1,Z_ASIA_Liq2_TG,0
JP3795300007,A0LGD6,Hirata Corp.,1ZM,1ZM,AG,6166,1,Z_ASIA_Liq3_noDETG,0
JP3800390001,A0KD08,Bic Camera Inc.,1U3,1U3,AG,6166,1,Z_ASIA_Liq3_noDETG,0
JP3801600002,890849,Pigeon Corp.,9N3,9N3,AG,6166,1,Z_ASIA_Liq3_noDETG,0
JP3802300008,891638,Fast Retailing Co. Ltd.,FR7,9983,AE,6166,1,Z_ASIA_Liq2_TG,0
JP3802400006,863731,Fanuc Corp.,FUC,6954,AE,6166,1,Z_ASIA_Liq2_TG,1
JP3811000003,859317,Fujikura Ltd.,FJK,5803,AF,6166,1,Z_ASIA_Liq2_TG,1
JP3814000000,854607,Fujifilm Holdings Corp.,FJI,4901,AE,6166,1,Z_ASIA_Liq2_TG,0
JP3814800003,857977,Subaru Corp.,FUH,7270,AE,6166,1,Z_ASIA_Liq2_TG,0
JP3818000006,855182,Fujitsu Ltd.,FUJ1,6702,AE,6166,1,Z_ASIA_Liq2_TG,0
JP3819400007,908432,Fuji Media Holdings Inc.,FTN,4676,AG,6166,1,Z_ASIA_Liq3_noDETG,0
JP3820000002,857726,Fuji Electric Co. Ltd.,FJE,6504,AF,6166,1,Z_ASIA_Liq2_TG,0
JP3826270005,A0DNRE,Fuyo General Lease Co. Ltd.,FXL,FXLG,AG,6166,1,Z_ASIA_Liq3_noDETG,0
JP3826800009,861451,Furukawa Co. Ltd.,FUR,5715,AG,6166,1,Z_ASIA_Liq3_noDETG,0
JP3826900007,A0HL8C,UACJ Corp.,F4M,5741,AG,6166,1,Z_ASIA_Liq3_noDETG,0
JP3827200001,854857,Furukawa Electric Co. Ltd.,FKA,5801,AF,6166,1,Z_ASIA_Liq2_TG,0
JP3830000000,857451,Brother Industries Ltd.,BI5,6448,AG,6166,1,Z_ASIA_Liq2_TG,0
JP3830800003,857226,Bridgestone Corp.,BGT,5108,AE,6166,1,Z_ASIA_Liq2_TG,0
JP3834200002,884158,Heiwa Corp.,HWC,6412,AG,6166,1,Z_ASIA_Liq3_noDETG,0
JP3834800009,869699,Heiwa Real Estate Co. Ltd.,HZJ,8803,AG,6166,1,Z_ASIA_Liq3_noDETG,0
JP3837800006,856625,Hoya Corp.,HYB,7741,AE,6166,1,Z_ASIA_Liq2_TG,0
JP3841800000,875974,Hokuetsu Kishu Paper Co. Ltd.,HPE,3865,AG,6166,1,Z_ASIA_Liq3_noDETG,0
JP3845400005,854609,Hokuriku Electric Power Co. Inc.,6HO,6HO,AG,6166,1,Z_ASIA_Liq3_noDETG,0
JP3845770001,A0RD5X,Hoshizaki Corp,HS0,6465,AG,6166,1,Z_ASIA_Liq2_TG,0
JP3845800006,863779,Hosiden Corp.,HOD,6804,AG,6166,1,Z_ASIA_Liq3_noDETG,0
JP3853000002,864348,Horiba Ltd.,01H,6856,AG,6166,1,Z_ASIA_Liq3_noDETG,0
JP3854600008,853226,Honda Motor Co. Ltd.,HDM,7267,AE,6166,1,Z_ASIA_Liq2_TG,1
JP3862400003,856907,Makita Corp.,MK2A,MK2A,AF,6166,1,Z_ASIA_Liq2_TG,0
JP3866800000,853666,Panasonic Corp.,MAT1,MAT1,AE,6166,1,Z_ASIA_Liq2_TG,1
JP3868400007,854131,Mazda Motor Corp.,MZA,MZDA,AE,6166,1,Z_ASIA_Liq2_TG,0
JP3869960009,A2DXY2,Money Forward Inc.,47D,47D,AG,6166,1,Z_ASIA_Liq3_noDETG,0
JP3869970008,A0B7CU,Monex Beans Holdings Ltd.,NNL,8698,AF,6166,1,Z_ASIA_Liq2_TG,0
JP3870400003,855670,Marui Group Co. Ltd.,MUI,8252,AF,6166,1,Z_ASIA_Liq2_TG,0
JP3876600002,A1XFC8,Maruha Nichiro Corp.,6MN,6MN,AG,6166,1,Z_ASIA_Liq3_noDETG,0
JP3877600001,860414,Marubeni Corp.,MARA,8002,AE,6166,1,Z_ASIA_Liq2_TG,1
JP3879170003,A1XFEN,Maruwa Unyu Kikan Co.Ltd,1YM,1YM,AG,6166,1,Z_ASIA_Liq3_noDETG,0
JP3879250003,896803,Maruwa Co. Ltd.,6X5,6X5,AG,6166,1,Z_ASIA_Liq2_TG,0
JP3879400004,891613,Mandom Corp.,MD9,4917,AG,6166,1,Z_ASIA_Liq3_noDETG,0
JP3882750007,A0KFKM,Mixi Inc.,MXN,2121,AG,6166,1,Z_ASIA_Liq3_noDETG,0
JP3885780001,200455,Mizuho Financial Group Inc.,MZ8,8411,AE,6166,1,Z_ASIA_Liq2_TG,1
JP3888300005,858586,Mitsui Chemicals Inc.,MSI,4183,AE,6166,1,Z_ASIA_Liq2_TG,0
JP3888400003,860971,Mitsui Mining & Smelting Co. Ltd.,MMG,5706,AF,6166,1,Z_ASIA_Liq2_TG,0
JP3890350006,778924,Sumitomo Mitsui Financial Group Inc.,XMF,8316,AE,6166,1,Z_ASIA_Liq2_TG,0
JP3891600003,858575,Mitsui Engineering & Shipbuilding Co. Ltd.,MU1,7003,AF,6166,1,Z_ASIA_Liq2_TG,0
JP3892100003,529969,Sumitomo Mitsui Trust Holdings Inc.,MIU,8309,AF,6166,1,Z_ASIA_Liq2_TG,0
JP3893200000,858019,Mitsui Fudosan Co. Ltd.,MFU,8801,AE,6166,1,Z_ASIA_Liq2_TG,0
JP3893600001,853656,Mitsui & Co. Ltd.,MTS1,8031,AE,6166,1,Z_ASIA_Liq2_TG,1
JP3894900004,A0NFRG,Isetan Mitsukoshi Holdings Ltd.,4HP,3099,AF,6166,1,Z_ASIA_Liq2_TG,0
JP3896800004,862289,Mitsubishi Gas Chemical Co. Inc.,MUG,4182,AG,6166,1,Z_ASIA_Liq2_TG,0
JP3897700005,A0F6CH,Mitsubishi Chemical Holdings Corp.,M3C,4188,AE,6166,1,Z_ASIA_Liq2_TG,0
JP3898400001,857124,Mitsubishi Corp.,MBI,MITT,AE,6166,1,Z_ASIA_Liq2_TG,1
JP3899600005,853684,Mitsubishi Estate Co. Ltd.,MES,8802,AE,6166,1,Z_ASIA_Liq2_TG,0
JP3899800001,876551,Mitsubishi Motors Corp.,MMO,7211,AE,6166,1,Z_ASIA_Liq2_TG,0
JP3900000005,853314,Mitsubishi Heavy Industries Ltd.,MIH,MITH,AE,6166,1,Z_ASIA_Liq2_TG,1
JP3902400005,856532,Mitsubishi Electric Corp.,MIE1,MIET,AE,6166,1,Z_ASIA_Liq3_noDETG,0
JP3902900004,657892,Mitsubishi UFJ Financial Group Inc.,MFZ,8306,AE,6166,1,Z_ASIA_Liq2_TG,1
JP3903000002,857634,Mitsubishi Materials Corp.,MUJ,5711,AF,6166,1,Z_ASIA_Liq2_TG,0
JP3905200006,857090,Mizuno Corp.,MIZ,8022,AG,6166,1,Z_ASIA_Liq3_noDETG,0
JP3906000009,851838,Minebea Co. Ltd.,MEA,MBAS,AF,6166,1,Z_ASIA_Liq2_TG,0
JP3910620008,A1C4NT,Mirait One Corp.,5FO,5FO,AG,6166,1,Z_ASIA_Liq3_noDETG,0
JP3910660004,542064,Tokio Marine Holdings Inc.,MH6,8766,AG,6166,1,Z_ASIA_Liq2_TG,0
JP3914400001,853657,Murata Manufacturing Co. Ltd.,MUR1,6981,AE,6166,1,Z_ASIA_Liq2_TG,0
JP3918000005,A0RL1S,Meiji Holdings Co. Ltd.,3M0,2269,AF,6166,1,Z_ASIA_Liq2_TG,0
JP3919800007,864751,Meidensha Corp.,MW7,6508,AF,6166,1,Z_ASIA_Liq2_TG,0
JP3920860008,915913,MegaChips Corporation,MHC,6875,AG,6166,1,Z_ASIA_Liq3_noDETG,0
JP3921270009,A14VFU,Menicon Co. Ltd.,5FR,5FR,AG,6166,1,Z_ASIA_Liq3_noDETG,0
JP3924800000,867191,DMG Mori Co. Ltd.,0MO,0MO,AG,6166,1,Z_ASIA_Liq3_noDETG,0
JP3926800008,857223,Morinaga Milk Industry Co.Ltd.,MO8,2264,AG,6166,1,Z_ASIA_Liq3_noDETG,0
JP3931600005,865331,Yakult Honsha Co. Ltd,YKH,YKH,AF,6166,1,Z_ASIA_Liq2_TG,0
JP3932000007,857658,Yaskawa Electric Corp.,YEC,6506,AE,6166,1,Z_ASIA_Liq2_TG,1
JP3933800009,916008,Yahoo Japan Corp.,YOJ,4689,AE,6166,1,Z_ASIA_Liq2_TG,0
JP3935300008,A0LAVU,Yamaguchi Financial Group Inc.,5FW,5FW,AG,6166,1,Z_ASIA_Liq3_noDETG,0
JP3939000000,894372,YAMADA DENKI CO. LTD.,YME,9831,AG,6166,1,Z_ASIA_Liq2_TG,0
JP3942400007,856273,Astellas Pharma Inc.,YPH,4503,AE,6166,1,Z_ASIA_Liq2_TG,0
JP3942600002,855314,Yamaha Corp.,YHA,7951,AF,6166,1,Z_ASIA_Liq2_TG,0
JP3942800008,857690,Yamaha Motor Co. Ltd.,YMA,7272,AE,6166,1,Z_ASIA_Liq2_TG,0
JP3944130008,925637,USS Co. Ltd.,USV,4732,AG,6166,1,Z_ASIA_Liq2_TG,0
JP3944330004,A2AH3Y,UMC Electronics Co. Ltd.,UM3,UM3,AG,6166,1,Z_ASIA_Liq3_noDETG,0
JP3946750001,A14Z8L,Japan Post Bank Co. Ltd.,5JP,5JP,AE,6166,1,Z_ASIA_Liq2_TG,0
JP3951200009,862874,Unitika Ltd.,UTN,3103,AG,6166,1,Z_ASIA_Liq3_noDETG,0
JP3951600000,863807,Unicharm Corp.,UN4,8113,AG,6166,1,Z_ASIA_Liq2_TG,0
JP3955000009,856912,Yokogawa Electric Corp.,YKE,6841,AF,6166,1,Z_ASIA_Liq2_TG,0
JP3955800002,858091,The Yokohama Rubber Co. Ltd.,YRB,5101,AF,6166,1,Z_ASIA_Liq2_TG,0
JP3965400009,858569,Lion Corp.,LOC,4912,AG,6166,1,Z_ASIA_Liq2_TG,0
JP3967050000,A0JKE7,Raccoon Holdings Inc.,R8C,R8C,AG,6166,1,Z_ASIA_Liq3_noDETG,0
JP3967200001,927128,Rakuten Inc.,RAK,RAKG,AE,6166,1,Z_ASIA_Liq3_noDETG,0
JP3967220009,A3D9Y7,Rakuten Bank Ltd.,N5G,N5G,AG,6166,1,Z_ASIA_Liq2_TG,0
JP3970300004,A12BJJ,Recruit Holdings Co. Ltd.,1RH,1RH,AE,6166,1,Z_ASIA_Liq2_TG,0
JP3973400009,854279,Ricoh Co. Ltd.,RIC1,7752,AF,6166,1,Z_ASIA_Liq2_TG,0
JP3974450003,925315,Resorttrust Inc.,5FY,5FY,AF,6166,1,Z_ASIA_Liq3_noDETG,0
JP3976300008,896506,Ryohin Keikaku Co. Ltd.,3RK,3RK,AF,6166,1,Z_ASIA_Liq2_TG,0
JP3977200009,874837,Lintec Corp.,57T,57T,AG,6166,1,Z_ASIA_Liq3_noDETG,0
JP3982800009,869082,Rohm Co. Ltd.,ROM,6963,AF,6166,1,Z_ASIA_Liq2_TG,1
KYG0028A1085,A3C4Y0,Abbisko Cayman Ltd.,8ZD,8ZD,AG,6166,1,Z_ASIA_Liq3_noDETG,0
KYG0096M1096,A3CYF9,Acotec Scientific Holdings Ltd.,7W3,7W3,AF,6166,1,Z_ASIA_Liq2_TG,0
KYG011251066,A2PM8D,Afya Ltd.,1AY,1AY,AT,6166,1,Z_USA_Liq3_noDETG,0
KYG011981035,A0ES62,Agile Group Holdings Ltd.,A8P,3383,AF,6166,1,Z_ASIA_Liq2_TG,0
KYG012921535,A3EGHX,Africa Opportunity Fund Ltd.,0AO1,0AO1,AG,6166,1,Z_noMM,0
KYG0146B1032,A2P200,Akeso Inc.,4RY,4RY,AF,6166,1,Z_ASIA_Liq2_TG,0
KYG017191142,A2PVFU,Alibaba Group Holding Ltd.,2RR,2RR,AE,6166,1,Z_ASIA_Liq2_TG,1
KYG0192S1093,A0MM01,Ajisen (China) Holdings Ltd.,AJN,0538,AG,6166,1,Z_ASIA_Liq3_noDETG,0
KYG0260P1028,A400P6,Amer Sports. Inc.,483,483,AT,6166,1,Z_USA_Liq2_TG,0
KYG0330A1013,A2PWDV,Alphamab Oncology,3NK,3NK,AF,6166,1,Z_ASIA_Liq2_TG,0
KYG037AX1015,A1J58B,Ambarella Inc.,A8B,A8B,AC,6166,1,Z_USA_Liq2_TG,1
KYG039571008,A2QHCZ,Antengene Corp. Ltd.,722,722,AF,6166,1,Z_ASIA_Liq2_TG,0
KYG040111059,A0MVDZ,Anta Sports Products Ltd.,AS7,2020,AE,6166,1,Z_ASIA_Liq2_TG,1
KYG0519B1023,A2PUCQ,Ascentage Pharma Group International,36X,36X,AG,6166,1,Z_ASIA_Liq3_noDETG,0
KYG0520K1094,A2JRKN,Ascletis Pharma Inc.,2VJ,2VJ,AF,6166,1,Z_ASIA_Liq2_TG,0
KYG0535Q1331,A0M6UB,ASM Pacific Technology Ltd.,AY7A,AY7A,AF,6166,1,Z_ASIA_Liq3_noDETG,0
KYG0539C1069,A0QZUD,Asia Cement China Holdings Corp.,4OJ,0743,AG,6166,1,Z_ASIA_Liq3_noDETG,0
KYG0567U1278,A40P0P,Arqit Quantum Inc.,3D6,3D6,AZ,6166,1,Z_EU_Liq2_TG,0
KYG066341028,A1W93S,Autohome Inc.,8AHA,8AHA,AF,6166,1,Z_ASIA_Liq2_TG,0
KYG070341048,A0YCQ6,Baidu Inc. (A),B1CB,B1CB,AE,6166,1,Z_ASIA_Liq2_TG,1
KYG0705A1085,A2QR0D,Bairong Inc. (B),6B5,6B5,AG,6166,1,Z_ASIA_Liq3_noDETG,0
KYG0891M1069,A14S6Z,Baozun Inc.,2BZ,2BZ,AF,6166,1,Z_ASIA_Liq2_TG,0
KYG106891008,A114UE,Best Pacific International Holdings Ltd.,NWQ,NWQ,AG,6166,1,Z_ASIA_Liq3_noDETG,0
KYG1098A1013,A2QRS0,Bilibili Inc.,71BB,71BB,AE,6166,1,Z_ASIA_Liq2_TG,0
KYG1117K1141,A2PTXR,Bioceres Crop Solutions Corp.,0G4,0G4,AD,6166,1,Z_USA_Liq3_noDETG,0
KYG114481008,A3ECU9,Bitdeer Technologies Group,R1T,R1T,AF,6166,1,Z_ASIA_Liq2_TG,0
KYG121611084,A1C64L,Boer Power Holdings Ltd.,BOE,1685,AG,6166,1,Z_ASIA_Liq3_noDETG,0
KYG127751058,A1W79C,Boyaa Interactive International Ltd.,1BY,1BY,AG,6166,1,Z_ASIA_Liq2_TG,0
KYG1611B1077,A2PYJJ,Brooge Energy Ltd.,3SF,3SF,AG,6166,0,Z_ASIA_Liq3_noDETG,0
KYG1645A1094,A3CTND,Brii Biosciences Ltd.,7SS,7SS,AF,6166,1,Z_ASIA_Liq2_TG,0
KYG1674K1013,A2PNDZ,Budweiser Brewing Company APAC Ltd.,4BB,4BBG,AE,6166,1,Z_ASIA_Liq2_TG,1
KYG177661090,A2PLPT,Cambium Networks Corp.,089,089,AL,6166,1,Z_USA_Liq2_TG,0
KYG1941T1094,A115DR,Capital Environmental Holdings Ltd.,H2Y,H2Y,AG,6166,1,Z_ASIA_Liq3_noDETG,0
KYG2029E1052,A1JSAT,CGN Mining Co. Ltd.,VBO,VBO,AG,6166,1,Z_ASIA_Liq2_TG,0
KYG204791043,A1C1F2,Chaowei Power Holdings Ltd,EWC,0951,AG,6166,1,Z_ASIA_Liq3_noDETG,0
KYG207681001,A0Q2Q0,Central China Real Estate Ltd.,AJ5,0832,AG,6166,1,Z_ASIA_Liq3_noDETG,0
KYG2091K1388,A40H2A,Century Sunshine Group Holdings Ltd.,CSI0,CSI0,AG,6166,0,Z_ASIA_Liq3_noDETG,0
KYG210891001,590363,China Rare Earth Holdings Ltd.,RAE,0769,AG,6166,0,Z_ASIA_Liq3_noDETG,0
KYG2108Y1052,903621,China Resources Land Ltd.,CHZ,1109,AE,6166,1,Z_ASIA_Liq2_TG,0
KYG210961051,A0B5T9,China Mengniu Dairy Co. Ltd.,EZQ,2319,AE,6166,1,Z_ASIA_Liq2_TG,0
KYG210AW1064,A1W9X0,China Merchants Land Ltd.,TNY1,TNY1,AG,6166,1,Z_ASIA_Liq3_noDETG,0
KYG211081248,A1JLYP,China Medical System Holdings Ltd.,2M7C,2M7C,AF,6166,1,Z_ASIA_Liq2_TG,0
KYG2110P1000,A0DNLW,China Shineway Pharmaceutical Group Ltd.,C1S,2877,AF,6166,1,Z_ASIA_Liq2_TG,0
KYG2112D1051,A0MUT4,China High-Speed Transmission Equipment Group Co. Ltd.,BGR,0658,AF,6166,1,Z_ASIA_Liq2_TG,0
KYG2112Y1098,A0M189,China Dongxiang Group Co.,4C1,3818,AG,6166,1,Z_ASIA_Liq3_noDETG,0
KYG211321081,A0YAQ6,China Vanadium Titano Magnetite Mining Co. Ltd.,CV8S,0893,AG,6166,1,Z_ASIA_Liq3_noDETG,0
KYG2113L1068,A0YA4J,China Resources Building Materials Technology,C44,1313,AF,6166,1,Z_ASIA_Liq2_TG,0
KYG211461085,A1JQKP,Chow Tai Fook Jewellery Group Ltd,1CT,1CT,AE,6166,1,Z_ASIA_Liq2_TG,0
KYG2114E1686,A40XVT,China Water Industry Group Ltd.,HAU,HAU,AG,6166,1,Z_ASIA_Liq3_noDETG,0
KYG211501005,A1H6UR,China Hongqiao Group Ltd.,H0Q,1378,AE,6166,1,Z_ASIA_Liq2_TG,1
KYG211511160,A2NBW6,China Maple Leaf Educational Systems,CML1,CML1,AG,6166,1,Z_ASIA_Liq3_noDETG,0
KYG2116D1198,A2AGS2,China Huarong Energy Co. Ltd.,XYTA,XYTA,AG,6166,0,Z_ASIA_Liq3_noDETG,0
KYG2117U1022,A117DL,China Shengmu Organic Milk Ltd.,7OM,7OM,AG,6166,1,Z_ASIA_Liq3_noDETG,0
KYG211861045,A1C4XD,China Sanjiang Fine Chemicals Company Ltd.,8C9,2198,AF,6166,1,Z_ASIA_Liq2_TG,0
KYG2118N1079,A14U8U,China Harmony New Energy Auto Holding Ltd.,HA5,HA5,AF,6166,1,Z_ASIA_Liq2_TG,0
KYG211901064,A2PQ6R,China SCE Group Holdings Ltd.,XSP,XSP,AG,6166,1,Z_ASIA_Liq3_noDETG,0
KYG211921021,A1W98X,China Meidong Auto Hldgs Ltd.,55M,55M,AF,6166,1,Z_ASIA_Liq2_TG,0
KYG2119Z1090,A2PN5T,China Aoyuan Property Group Ltd.,47C,47C,AF,6166,1,Z_ASIA_Liq2_TG,0
KYG2120K1094,A2DLTF,China Yuhua Education Corp. Ltd.,2YU,2YU,AG,6166,1,Z_ASIA_Liq3_noDETG,0
KYG212151016,A2N461,China Renaissance Hldgs Ltd.,6RN,6RN,AG,6166,1,Z_ASIA_Liq3_noDETG,0
KYG2121R1039,A2H5WZ,China Literature Ltd.,C2X,C2X,AF,6166,1,Z_ASIA_Liq2_TG,0
KYG2125H1011,A41E9M,China Automotive Systems Inc.,2IW,2IW,AG,6166,1,Z_ASIA_Liq2_TG,0
KYG2133W1087,A2DHMW,China Resources Phoenix Healthcare Holdings Co. Ltd.,1PH,1PH,AF,6166,1,Z_ASIA_Liq2_TG,0
KYG2140A1076,A1J8V1,CIFI Holdings Group Co. Ltd.,6CI,6CI,AG,6166,1,Z_ASIA_Liq3_noDETG,0
KYG215791008,A1C9HR,China Modern Dairy Holdings Ltd.,07M,1117,AF,6166,1,Z_ASIA_Liq2_TG,0
KYG215A81084,A1CTTQ,China ZhengTong Auto Services Holdings Ltd.,ZA0,ZA0,AG,6166,0,Z_ASIA_Liq3_noDETG,0
KYG2162W1024,A1J025,China Yongda Automobiles Services Holdings Ltd.,1CY,1CY,AG,6166,1,Z_ASIA_Liq3_noDETG,0
KYG2163K1076,A2DQEM,China New Higher Ed. Grp. Ltd.,8CN,8CN,AG,6166,1,Z_ASIA_Liq3_noDETG,0
KYG217651051,A14QAZ,CK Hutchison Holdings Ltd.,2CK,2CK,AE,6166,1,Z_ASIA_Liq2_TG,1
KYG2176J1058,662762,"CK Life Sciences Int'l.,(Holdings) Inc.",LSI,8222,AG,6166,1,Z_ASIA_Liq3_noDETG,0
KYG2177B1014,A2GSU2,CK Asset Holdings Ltd.,1CK,1CK1,AE,6166,1,Z_ASIA_Liq2_TG,0
KYG2198S1093,A0N9P2,Cimc Enric Holdings Inc.,E8F,8289,AF,6166,1,Z_ASIA_Liq2_TG,0
KYG225371072,A117Q6,Cogobuy Group,7C3,7C3,AG,6166,1,Z_ASIA_Liq3_noDETG,0
KYG226921008,A2ATX5,COFCO Joycome Foods Ltd.,0M7,0M7,AF,6166,1,Z_ASIA_Liq2_TG,0
KYG229721140,A1C04L,Comba Telecom Systems Holding Ltd.,COA1,2342,AG,6166,1,Z_ASIA_Liq3_noDETG,0
KYG234201138,A2PQ5G,Comtec Solar Systems Group Ltd.,8C11,8C11,AG,6166,1,Z_ASIA_Liq3_noDETG,0
KYG237731073,913867,Consolidated Water Co. Inc.,CW2,CWCO,AT,6166,1,Z_USA_Liq2_TG,0
KYG245241032,A0MNX4,Country Garden Holdings Co. Ltd.,DZJ,2007,AF,6166,1,Z_ASIA_Liq2_TG,0
KYG2588M1006,A2PEFW,Cstone Pharmaceuticals Co. Ltd.,PH4,PH4,AF,6166,1,Z_ASIA_Liq2_TG,0
KYG2751H1020,A2PLM7,Dexin China Holdings Co. Ltd.,26X,26X,AG,6166,0,Z_ASIA_Liq3_noDETG,0
KYG2816P1072,A0M8U5,Dongyue Group Ltd.,4D3,0189,AF,6166,1,Z_ASIA_Liq2_TG,0
KYG2830J1031,A0Q8Q2,Daphne International Holdings Ltd.,PSX,0210,AG,6166,1,Z_ASIA_Liq3_noDETG,0
KYG286871044,A40PU6,Diginex Ltd.,I0Q,I0Q,AF,6166,1,Z_ASIA_Liq2_TG,1
KYG2953R1149,A1J083,AAC Technologies Holdings Inc.,A2XN,A2XN,AF,6166,1,Z_ASIA_Liq2_TG,0
KYG2R55E1030,A2DQXB,China Everbright Greentech Ltd.,CK7,CK7,AF,6166,1,Z_ASIA_Liq2_TG,0
KYG3042R1314,A3ESSZ,Regent Pacific Group Ltd.,RPG,RPGG,AG,6166,1,Z_ASIA_Liq3_noDETG,0
KYG3066L1014,A1C593,ENN Energy Holdings Ltd.,XGH,2688,AE,6166,1,Z_ASIA_Liq2_TG,1
KYG316421042,A2JMZN,CLPS Inc.,1UK,1UK,AG,6166,1,Z_ASIA_Liq3_noDETG,0
KYG321481015,A0EQWV,Eva Precision Industrial Holdings Ltd.,GZT,0838,AG,6166,1,Z_ASIA_Liq3_noDETG,0
KYG3224E1061,A2QD66,Everest Medicines Ltd.,6HN,6HN,AE,6166,1,Z_ASIA_Liq2_TG,0
KYG3307Z1090,879370,"Far East Consortium, Konsortium",FET,0035,AG,6166,1,Z_ASIA_Liq3_noDETG,0
KYG3311L1041,A0YDC6,Fantasia Holdings Group Company Ltd.,FT7,1777,AG,6166,1,Z_ASIA_Liq3_noDETG,0
KYG3323L1005,A0Q2S5,Fabrinet Co. Ltd.,FAN,FABR,AE,6166,1,Z_ASIA_Liq2_TG,0
KYG3461G1863,A3CSNG,Finsoft Financial Investment Holdings Ltd.,FI8,FI8,AG,6166,1,Z_noMM,0
KYG3472Y1199,A419P0,FIH Mobile Ltd.,FW30,FW30,AG,6166,1,Z_ASIA_Liq2_TG,0
KYG363361083,A1W50E,Forgame Holdings Ltd.,FH0,FH0,AG,6166,1,Z_ASIA_Liq3_noDETG,0
KYG367381053,910307,Fresh Del Monte Produce Inc.,FDM,FDP,AT,6166,1,Z_USA_Liq2_TG,0
KYG368441195,A1CZF7,Fufeng Group Ltd.,FFO1,0546,AG,6166,1,Z_ASIA_Liq3_noDETG,0
KYG3774X1088,A0M61Y,GCL Poly Energy Holdings Ltd.,3GY,3GY,AF,6166,1,Z_ASIA_Liq3_noDETG,0
KYG3777B1032,A0CACX,Geely Automobile Holdings Ltd.,GRU,0175,AE,6166,1,Z_ASIA_Liq2_TG,1
KYG3825B1059,A2ACSB,Genscript Biotech Corp.,G51,G51,AF,6166,1,Z_ASIA_Liq2_TG,0
KYG3871A1004,A3C3E0,Genor Biopharma Holdings Ltd.,67N0,67N0,AF,6166,1,Z_ASIA_Liq2_TG,0
KYG3902L1095,A2DF4S,GDS Holdings Ltd.,G401,G401,AF,6166,1,Z_ASIA_Liq2_TG,0
KYG3919S1057,657093,Global Bio-Chem Technology Group Co. Ltd.,GLY,0809,AG,6166,1,Z_ASIA_Liq3_noDETG,0
KYG393871085,A3C6AF,Globalfoundries Inc.,76J,76J,AC,6166,1,Z_USA_Liq2_TG,1
KYG3940K1058,A0YA2K,Glorious Property Holdings Ltd.,GI0A,0845,AG,6166,0,Z_ASIA_Liq3_noDETG,0
KYG398141013,A1C9EU,Goodbaby International Holdings Ltd.,GBH,1086,AF,6166,1,Z_ASIA_Liq2_TG,0
KYG3997H1386,A3D72Q,Glory Sun Financial Group Ltd.,W2T1,W2T1,AG,6166,1,Z_ASIA_Liq3_noDETG,0
KYG3R33A2053,A3D1KF,Ebang Intl Holdings Ltd.,7EBA,7EBA,AF,6166,1,Z_ASIA_Liq2_TG,0
KYG3R83K1037,A2DT6V,Foxconn Interconnect Technology Ltd.,0FJ,0FJ,AF,6166,1,Z_ASIA_Liq2_TG,0
KYG4066M1078,A3CQZ3,Graphex Group Ltd.,5100,5100,AG,6166,0,Z_noMM,0
KYG407691040,A1CZ9J,Greatview Aseptic Packaging Company Ltd.,8GA,0468,AG,6166,0,Z_ASIA_Liq3_noDETG,0
KYG4100M1050,A0J3T1,Greentown China Holdings Ltd.,G7C,3900,AG,6166,1,Z_ASIA_Liq3_noDETG,0
KYG4124C1096,A3C8H0,Grab Holdings Limited,A6I,A6I,AE,6166,1,Z_ASIA_Liq2_TG,1
KYG4134L1077,A2DRU6,Grand Baoxin Auto Group Ltd.,6BA,6BA,AG,6166,0,Z_ASIA_Liq3_noDETG,0
KYG4181B1196,A3DWKK,Guangdong Hong Kong Greater Bay Area Holdings Ltd.,16H0,16H0,AG,6166,1,Z_ASIA_Liq3_noDETG,0
KYG4232C1087,A0LGD0,Haitian International Holdings Ltd.,HI6,1882,AG,6166,1,Z_ASIA_Liq3_noDETG,0
KYG4290A1013,A2N5TQ,Haidilao International Holding Ltd.,8HI,8HI,AE,6166,1,Z_ASIA_Liq2_TG,1
KYG4387E1070,A2DTAJ,Health & Happiness (H&H) Interntional Ltd.,8BI,8BI,AF,6166,1,Z_ASIA_Liq2_TG,0
KYG4402L1510,A0YJE8,Hengan International Group Co. Ltd.,HGNC,1044,AE,6166,1,Z_ASIA_Liq2_TG,0
KYG4412G1010,A0DNX7,Herbalife Ltd.,HOO,HLF,AC,6166,1,Z_USA_Liq2_TG,0
KYG450481083,A0YDBS,Hengdeli Holdings Ltd.,XYUA,3389,AG,6166,1,Z_ASIA_Liq3_noDETG,0
KYG451391059,A2P098,HiTek Global Inc.,4JX,4JX,AF,6166,1,Z_ASIA_Liq2_TG,0
KYG451581055,A14PX6,HKBN Ltd.,2HK,2HK,AF,6166,1,Z_ASIA_Liq2_TG,0
KYG4520J1040,877147,HKR International Ltd.,HKR,0480,AG,6166,1,Z_ASIA_Liq3_noDETG,0
KYG4584R1092,A0NFGQ,Honghua Group Ltd.,4HB,0196,AG,6166,1,Z_ASIA_Liq3_noDETG,0
KYG4587S1049,A1W6PU,Greenland Hong Kong Holdings Ltd.,QFRA,QFRA,AG,6166,1,Z_ASIA_Liq3_noDETG,0
KYG4602S1057,A40QBS,Horizon Robotics Inc.,8YO,8YO,AF,6166,1,Z_ASIA_Liq2_TG,0
KYG464401143,A40THB,HUHUTECH International Group Inc.,B180,B180,AG,6166,1,Z_ASIA_Liq3_noDETG,0
KYG4644T1031,A2PXTF,Huijing Holdings Co. Ltd.,3XU,3XU,AF,6166,1,Z_ASIA_Liq2_TG,0
KYG465871120,A3CSNS,Huazhu Group Ltd.,CL4,CL4,AE,6166,1,Z_ASIA_Liq2_TG,0
KYG4672G1064,A0RMZE,Hutchison Telecommunications Hong Kong Ltd,4C6,0215,AG,6166,1,Z_ASIA_Liq3_noDETG,0
KYG4672N1198,A2PJ5B,Hutchison China MediTech Ltd.,H7T2,H7T2,AG,6166,1,Z_ASIA_Liq3_noDETG,0
KYG4712E1035,A2P65T,Hygeia Healthcare Holdings Co.,50I,50I,AF,6166,1,Z_ASIA_Liq2_TG,0
KYG4723A1085,A2PMJW,Impro Precision Industries Ltd.,7IP,7IP,AF,6166,1,Z_ASIA_Liq2_TG,0
KYG4740B1059,A2DJD8,Ichor Holdings Ltd,4IH,4IH,AL,6166,1,Z_USA_Liq2_TG,0
KYG476341030,A1402U,IMAX China Holding Inc.,IMK,IMK,AF,6166,1,Z_ASIA_Liq2_TG,0
KYG4783B1032,A2PVC2,InnoCare Pharma Ltd.,33C,33C,AF,6166,1,Z_ASIA_Liq2_TG,0
KYG4818G1010,A2N7N8,Innovent Biologics Inc.,6IB,6IB,AF,6166,1,Z_ASIA_Liq2_TG,0
KYG4914A1076,A3DF90,Intron Technology Holdings Ltd.,B46,B46,AG,6166,1,Z_ASIA_Liq3_noDETG,0
KYG4987A1094,A2QK1R,Jacobio Pharm. Co. Ltd.,77V,77V,AF,6166,1,Z_ASIA_Liq2_TG,0
KYG4990A1040,A3EV9A,J&T Global Express Ltd.,J92,J92,AF,6166,1,Z_ASIA_Liq2_TG,0
KYG4R39T1073,A3DGJ2,Horizon Construction Developm. Ltd.,B7H,B7H,AG,6166,1,Z_ASIA_Liq3_noDETG,0
KYG5074A1004,A2QJHB,JD Health International Inc.,8ZN,8ZN,AE,6166,1,Z_ASIA_Liq2_TG,1
KYG5074S1012,A3CPT6,JD Logistics Inc.,822,822,AE,6166,1,Z_ASIA_Liq2_TG,0
KYG5140J1013,A2PL6U,Jinxin Fertility Group Ltd.,3NX,3NX,AF,6166,1,Z_ASIA_Liq2_TG,0
KYG5141L1059,A2PXTE,Jiumaojiu International Holdings Ltd.,3YU,3YU,AF,6166,1,Z_ASIA_Liq2_TG,0
KYG5191P1054,A2QCW8,Joy Spreader Intera. Tech. Ltd.,5YN,5YN,AF,6166,1,Z_ASIA_Liq2_TG,0
KYG521321003,A0YFP8,Kaisa Group Holdings Ltd.,KG5,KG5,AG,6166,1,Z_ASIA_Liq3_noDETG,0
KYG521541048,A117DF,Kangda International Environmental Co. Ltd.,27K,27K,AF,6166,1,Z_ASIA_Liq2_TG,0
KYG5217R1011,A0MURV,Ka Shui International Holdings Ltd.,MI8,0822,AG,6166,1,Z_ASIA_Liq3_noDETG,0
KYG5224V1032,A3CSB7,Kanzhun Ltd.,8JN0,8JN0,AG,6166,1,Z_ASIA_Liq3_noDETG,0
KYG525621408,A0DK62,Kingboard Chemical Holdings Ltd.,KGZ,0148,AG,6166,1,Z_ASIA_Liq3_noDETG,0
KYG525681477,A0QZ4D,Kingdee International Software Group Co. Ltd.,KDIC,0268,AE,6166,1,Z_ASIA_Liq2_TG,1
KYG525741032,A0LF44,Kingdom Holdings Ltd.,K7A,0528,AG,6166,1,Z_ASIA_Liq3_noDETG,0
KYG5257K1076,A0LENM,Kingboard Laminates Holdings Ltd.,KLN,1888,AF,6166,1,Z_ASIA_Liq2_TG,0
KYG5264S1012,A3D4D9,Kingsoft Cloud Holdings Ltd.,KS70,KS70,AG,6166,1,Z_ASIA_Liq3_noDETG,0
KYG5264Y1089,A0M160,Kingsoft Corp. Ltd.,3K1,3888,AE,6166,1,Z_ASIA_Liq2_TG,0
KYG532241042,A0MUW7,KWG Group Holding Ltd.,KOU,KOU,AG,6166,1,Z_ASIA_Liq3_noDETG,0
KYG532631028,A2QNAP,Kuaishou Technology Co. Ltd.,5Y0,5Y0,AE,6166,1,Z_ASIA_Liq2_TG,1
KYG5427W1309,A0YH2V,Lee & Man Paper Manufacturing Ltd.,LMP,2314,AG,6166,1,Z_ASIA_Liq3_noDETG,0
KYG5438W1116,A12CU5,Lee´s Pharmaceutical Hldgs Ltd,L1PA,L1PA,AG,6166,1,Z_ASIA_Liq3_noDETG,0
KYG5462G1073,A1T72E,Lekoil Ltd.,L5K,L5K,AL,6166,1,Z_USA_Liq3_noDETG,0
KYG5479M1050,A2QACD,Li Auto Inc.,L87,L87,AE,6166,1,Z_ASIA_Liq2_TG,1
KYG548721177,A14M4J,Lifetech Scientific Corp.,81X,81X,AG,6166,1,Z_ASIA_Liq3_noDETG,0
KYG549581067,A2PLRC,Hansoh Pharmaceutical Group Co.Ltd.,3KY,3KY,AE,6166,1,Z_ASIA_Liq2_TG,0
KYG5496K1242,A0M0Z9,Li Ning Co. Ltd.,LNLB,2331,AE,6166,1,Z_ASIA_Liq2_TG,1
KYG5548P1054,A0LB38,LK Technology Holdings Ltd.,L5D,0558,AF,6166,1,Z_ASIA_Liq2_TG,0
KYG555551095,A1XA8H,Logan Property Holdings Co. Ltd.,5LP,5LP,AF,6166,1,Z_ASIA_Liq2_TG,0
KYG5571R1011,A2QSJU,Linklogis Inc.,0NY,0NY,AF,6166,1,Z_ASIA_Liq2_TG,0
KYG5635P1090,A0YDPN,Longfor Properties Co. Ltd.,RLF,0960,AE,6166,1,Z_ASIA_Liq2_TG,0
KYG5636C1078,A0Q9YC,Lonking Holdings Ltd.,C9IB,3339,AG,6166,1,Z_ASIA_Liq3_noDETG,0
KYG5688E1008,A3C80G,Yonghe Medical Group Co. Ltd.,L97,L97,AF,6166,1,Z_ASIA_Liq2_TG,0
KYG5700Y2097,A2QGF2,Lufax Holding Ltd.,0VU1,0VU1,AG,6166,0,Z_ASIA_Liq3_noDETG,0
KYG5784H1065,A1J2MK,Manchester United PLC,MUF,MUF,AC,6166,1,Z_USA_Liq2_TG,0
KYG5804A1076,A2PCAW,Maoyan Entertainment Ltd.,9ME,9ME,AG,6166,1,Z_ASIA_Liq3_noDETG,0
KYG596651029,A2JGHF,MeiraGTx Holdings PLC,328,328,AC,6166,1,Z_USA_Liq2_TG,0
KYG596691041,A2N5NR,Meituan Co. Ltd.,9MD,9MD,AE,6166,1,Z_ASIA_Liq2_TG,1
KYG5966D1051,A2DJD5,Meitu Inc.,M5U,M5U,AF,6166,1,Z_ASIA_Liq2_TG,0
KYG607441022,A1JA42,MGM China Holdings Ltd.,M04,M04,AF,6166,1,Z_ASIA_Liq2_TG,0
KYG6074A1085,A0YD5G,Mewah International Inc.,MWX,MEWI,AG,6166,1,Z_ASIA_Liq3_noDETG,0
KYG6082P1054,A2QML9,MicroPort CardioFlow Medtech Corp.,72X,72X,AF,6166,0,Z_ASIA_Liq2_TG,0
KYG608371046,A1C5AB,Microport Scientific Corp.,MSK,0853,AF,6166,1,Z_ASIA_Liq2_TG,0
KYG614131038,A0YDA1,Mingfa Group International Company Ltd.,8MG,0846,AG,6166,1,Z_ASIA_Liq3_noDETG,0
KYG6145U1094,A0HNNB,Minth Group Ltd.,M3I,0425,AG,6166,1,Z_ASIA_Liq3_noDETG,0
KYG6180F1081,A2QF4D,MINISO Group Holding Ltd.,MIF0,MIF0,AF,6166,1,Z_ASIA_Liq2_TG,0
KYG618101003,A0JC7N,Modern Beauty Salon Holdings Ltd.,M3L,0919,AF,6166,1,Z_ASIA_Liq2_TG,0
KYG618201092,A2AB5H,Modern Dental Group Ltd,1MD,1MD,AF,6166,1,Z_ASIA_Liq2_TG,0
KYG6264V1361,A2PQ1U,Mongolian Mining Corp.,29X2,29X2,AF,6166,1,Z_ASIA_Liq2_TG,0
KYG6382M1096,A0LB2X,NagaCorp. Ltd.,N9J,3918,AF,6166,1,Z_ASIA_Liq2_TG,0
KYG642571015,A0LFXB,Neo-Neon Holdings Ltd.,N2L,1868,AG,6166,1,Z_ASIA_Liq3_noDETG,0
KYG6427A1022,A2P5NF,NetEase Inc.,4Y01,4Y01,AE,6166,1,Z_ASIA_Liq2_TG,0
KYG6427W1042,A0M620,NetDragon Websoft Holdings Ltd.,3ND,8288,AF,6166,1,Z_ASIA_Liq2_TG,0
KYG6470A1168,A2QQTB,New Oriental Educat.&Techn.Grp Inc.,N1U0,N1U0,AE,6166,1,Z_ASIA_Liq2_TG,0
KYG650071098,A0MV9X,New World Department Store China Ltd.,NWM,0825,AG,6166,1,Z_ASIA_Liq3_noDETG,0
KYG6501M1050,A1W6CU,Nexteer Automotive Group Ltd.,8NX,8NX,AD,6166,1,Z_USA_Liq3_noDETG,0
KYG6525A1031,A1JG0Q,Newton Resources Ltd.,8NW,8NW,AG,6166,1,Z_ASIA_Liq3_noDETG,0
KYG6525F1028,A2N4PC,Nio Inc.,N3I,N3I,AE,6166,1,Z_ASIA_Liq2_TG,1
KYG6683N1034,A3C82G,Nu Holdings Ltd.,M1Z,M1Z,AS,6166,1,Z_USA_Liq2_TG,1
KYG674111011,A2P723,Ocumension Therapeutics,5DG,5DG,AF,6166,1,Z_ASIA_Liq2_TG,0
KYG686121032,A0MRJK,Pacific Textiles Holdings Ltd.,WHE,1382,AG,6166,1,Z_ASIA_Liq3_noDETG,0
KYG6981F1090,A2P4JC,Peijia Medical Ltd.,4WO,4WO,AF,6166,1,Z_ASIA_Liq2_TG,0
KYG7006A1094,A3DQJA,Perfect Corp.,SZ9,SZ9,AF,6166,1,Z_ASIA_Liq2_TG,0
KYG7082H1276,A0JEEL,Pico Far East Holdings Ltd.,PJFB,0752,AG,6166,1,Z_ASIA_Liq3_noDETG,0
KYG711391022,A2JKHM,Ping An Healthcare & Technology Co. Ltd.,1XZ,1XZ,AE,6166,1,Z_ASIA_Liq2_TG,1
KYG7170M1033,A2QKKF,Pop Mart International Group Ltd.,735,735,AF,6166,1,A_TradeRebel_HG3NONUS,1
KYG720051047,A0YBL8,Powerlong Real Estate Holdings Ltd,PW5,1238,AG,6166,1,Z_ASIA_Liq3_noDETG,0
KYG7255N1097,A3E3BG,Productive Technologies Company Ltd.,SUT,SUT,AG,6166,1,Z_ASIA_Liq3_noDETG,0
KYG7309C1096,A3C82F,Qingci Games Inc.,Z56,Z56,AG,6166,1,Z_ASIA_Liq3_noDETG,0
KYG7315B1297,A40WJT,Queen's Road Capital Investment Ltd.,47U0,47U0,AG,6166,1,Z_ASIA_Liq3_noDETG,0
KYG748071019,A14ZYZ,Regina Miracle International Holdings Ltd.,RMT,RMTG,AG,6166,1,Z_ASIA_Liq3_noDETG,0
KYG7733R1020,A3E1JW,Ryde Group Ltd.,D0S,D0S,AG,6166,1,Z_ASIA_Liq3_noDETG,0
KYG7785S1158,A40M38,Sanai Health Industry Grp Co.,WUP0,WUP0,AG,6166,1,Z_ASIA_Liq3_noDETG,0
KYG7800X1079,A0YFEW,Sands China Ltd.,599A,599A,AE,6166,1,Z_ASIA_Liq2_TG,1
KYG7814S1021,907440,SA SA International Holdings Ltd.,SSW,0178,AF,6166,1,Z_ASIA_Liq2_TG,0
KYG781631059,A0YEQ6,Sany Heavy Equipment International Holdings Company Ltd.,YXS,0631,AF,6166,1,Z_ASIA_Liq2_TG,0
KYG7956A1094,A2P60F,Seazen Group Ltd.,6FLA,6FLA,AG,6166,1,Z_ASIA_Liq2_TG,0
KYG8087W1015,A0HL4U,Shenzhou Intl. Group Hldgs.,S6L,2313,AE,6166,1,Z_ASIA_Liq2_TG,1
KYG8088A1168,A3CN0W,Shenzhen Investment Holdings Bay Area Development Co. Ltd.,HHI0,HHI0,AG,6166,1,Z_ASIA_Liq3_noDETG,0
KYG810431042,A0J3E1,Shimao Property Holdings Ltd.,QHI,QHI,AF,6166,1,Z_ASIA_Liq2_TG,0
KYG811511131,A0J3NL,Shui on Land Ltd.,OL5,0272,AF,6166,1,Z_ASIA_Liq2_TG,0
KYG811661035,A0YGKV,Shengli Oil & Gas Pipe Holdings Ltd.,GSG,1080,AG,6166,1,Z_ASIA_Liq3_noDETG,0
KYG8116M1087,A0YB0D,Shenguan Holdings Group Ltd.,S2N,0829,AG,6166,1,Z_ASIA_Liq3_noDETG,0
KYG8116S1057,A12FZL,Shunfeng International Clean Energy Ltd.,3SH,3SH,AF,6166,0,Z_ASIA_Liq2_TG,0
KYG812291253,A3CRCM,Siem Offshore Inc,S5H0,S5H0,AZ,6166,1,Z_EU_Liq3_noDETG,0
KYG8167W1380,A0CBDJ,Sino Biopharmaceutical Ltd.,SMZ1,1177,AF,6166,1,Z_ASIA_Liq2_TG,1
KYG816BP1201,A2AL3M,Sino Splendid Holdings Ltd.,HKM2,HKM2,AG,6166,1,Z_noMM,0
KYG8187G1055,A1C6AA,SITC International Holdings Co. Ltd.,7S8,1308,AF,6166,1,Z_ASIA_Liq2_TG,0
KYG8208B1014,A2P5N8,JD.com Inc.,013C,013C,AE,6166,1,Z_ASIA_Liq2_TG,1
KYG826001003,A0M1X8,Soho China Ltd.,45S,0410,AF,6166,1,Z_ASIA_Liq2_TG,0
KYG8268W1024,A0NAKN,Solargiga Energy Holdings Ltd.,3FV,0757,AG,6166,1,Z_ASIA_Liq3_noDETG,0
KYG844081060,A1JRKG,China Tianrui Group Cement Co.,T18,T18,AG,6166,1,Z_ASIA_Liq3_noDETG,0
KYG851581069,A2N7XN,Stoneco Ltd.,0Q0,0Q0,AC,6166,1,Z_USA_Liq2_TG,1
KYG853951203,A0N9QU,Strong Petrochemical Holdings Ltd.,K20A,0852,AG,6166,0,Z_ASIA_Liq3_noDETG,0
KYG8569A1067,A0YF8N,Sunac China Holdings Ltd.,SCNR,1918,AF,6166,1,Z_ASIA_Liq2_TG,0
KYG857001054,936016,SUNeVision Holdings Ltd.,VI6,8008,AG,6166,1,Z_noMM,0
KYG8586D1097,A0MUFB,Sunny Optical Technology Group Co. Ltd.,SXC,2382,AE,6166,1,Z_ASIA_Liq2_TG,1
KYG8672Y1089,A0MVRQ,Tao Heung Holdings Ltd.,BVI,0573,AG,6166,1,Z_ASIA_Liq3_noDETG,0
KYG8701T1388,A0RFDZ,TCL Multimedia Technology Holdings Ltd.,TC2A,TC2A,AF,6166,1,Z_ASIA_Liq3_noDETG,0
KYG872641009,A1XBE8,Tecnoglass Inc,7FH,7FH,AC,6166,1,Z_USA_Liq2_TG,0
KYG875721634,A1138D,Tencent Holdings Ltd,NNND,NNND,AE,6166,1,Z_ASIA_Liq2_TG,1
KYG875771134,A3DTMX,Tencent Music Entertainment Group,63T,63T,AF,6166,1,Z_ASIA_Liq2_TG,0
KYG876361257,A2PAZ7,Tethys Petroleum Ltd.,TP21,TP21,AG,6166,1,Z_ASIA_Liq3_noDETG,0
KYG8807B1068,A1137V,Theravance Biopharma Inc.,0TB,0TB,AF,6166,1,Z_ASIA_Liq2_TG,0
KYG8813K1085,A0MUFS,United Labs Intl Hldgs Ltd.,UNJ,UNJ,AG,6166,1,Z_ASIA_Liq3_noDETG,0
KYG8827C1006,A41HY9,Third Point Investors Ltd.,1Z5,1Z5,AG,6166,1,Z_ASIA_Liq3_noDETG,0
KYG884931042,A0RPSW,'361 Degrees International Ltd.,36L,1361,AF,6166,1,Z_ASIA_Liq2_TG,0
KYG886801060,A0JMZY,Tianjin Port Development Holdings Ltd.,T9P,T9P,AG,6166,0,Z_ASIA_Liq3_noDETG,0
KYG8875G1029,A14T7Q,3SBio Inc.,83B,83B,AF,6166,1,Z_ASIA_Liq2_TG,0
KYG8878S1030,899106,Tingyi (Cayman Islands) Holding Corp.,TYG,TYGG,AF,6166,1,Z_ASIA_Liq2_TG,0
KYG8918W1069,A2N9FG,Tongcheng-Elong Holdings Ltd.,TEM,TEMG,AF,6166,1,Z_ASIA_Liq2_TG,0
KYG8972T1067,A0MVK9,Towngas China Co. Ltd.,PGJ,PGJG,AF,6166,1,Z_ASIA_Liq3_noDETG,0
KYG9066F1019,A3CMCK,Trip.com Group Ltd.,CLVB,CLVB,AE,6166,1,Z_ASIA_Liq2_TG,1
KYG9094C1042,A3C7PV,Troops Inc.,SG5,SG5,AF,6166,1,Z_ASIA_Liq2_TG,0
KYG910191363,A1H4PU,Truly International Holdings Ltd.,TYU2,0732,AG,6166,1,Z_ASIA_Liq3_noDETG,0
KYG9222R1065,A0M8X2,Uni-President China Holdings Ltd.,58U,0220,AG,6166,1,Z_ASIA_Liq3_noDETG,0
KYG9310A1224,A3DMHQ,UTStarcom Holdings Corp.,UT5,UT5,AG,6166,1,Z_ASIA_Liq3_noDETG,0
KYG931751005,A0M7L2,Value Partners Group Ltd.,9Z1,0806,AG,6166,1,Z_ASIA_Liq3_noDETG,0
KYG9361H1092,757618,Vietnam Enterprise Investments Ltd.,VP3,VP3,AG,6166,1,Z_ASIA_Liq3_noDETG,0
KYG9390W1015,A2PH5Q,Viva Biotech Holdings,VB0,VB0,AG,6166,1,Z_ASIA_Liq3_noDETG,0
KYG9431R1039,A0NFF4,Want Want China Holdings Ltd.,4HQ,0151,AF,6166,1,Z_ASIA_Liq2_TG,0
KYG9471C2068,A40P0H,Vertical Aerospace Ltd.,M000,M000,AC,6166,1,Z_USA_Liq2_TG,0
KYG9515T1085,A2PRSF,Weibo Corp.,2WB,2WB,AF,6166,1,Z_ASIA_Liq2_TG,0
KYG9572D1034,A40Z5Y,Webull Corp.,4HU,4HU,AL,6166,1,Z_USA_Liq2_TG,0
KYG9593A1040,A2H7J2,Wharf Real Estate Investment Co. Ltd.,4WF,4WF,AE,6166,1,Z_ASIA_Liq2_TG,0
KYG960071028,A1116F,WH Group Ltd.,0WH,0WH,AF,6166,1,Z_ASIA_Liq2_TG,0
KYG961151035,A412UJ,WhiteFiber Inc.,D41,D41,AT,6166,1,Z_ASIA_Liq2_TG,0
KYG970081173,A2QJCN,WUXI Biologics [Cayman] Inc.,1FW2,1FW2,AE,6166,1,Z_ASIA_Liq2_TG,1
KYG9737K1094,A1J3HS,Wonderful Sky Financial Group Holdings Ltd.,6IG,6IG,AG,6166,1,Z_noMM,0
KYG9808A1058,A3ESJ3,WUXI XDC Cayman Inc.,L74,L74,AG,6166,1,Z_ASIA_Liq3_noDETG,0
KYG981491007,A0YA9J,Wynn Macau Ltd.,8WY,1128,AF,6166,1,Z_ASIA_Liq2_TG,0
KYG982391099,A2PWSC,XP Inc.,XP9,XP9,AC,6166,1,Z_USA_Liq2_TG,0
KYG9827V1068,A0LGDY,Xingda International Holdings Ltd.,XDH,1899,AG,6166,1,Z_ASIA_Liq3_noDETG,0
KYG9828G1082,A0DQJN,Xinyi Glass Holdings Co. Ltd.,XI9,0868,AE,6166,1,Z_ASIA_Liq2_TG,1
KYG982971072,A12GJT,XiabuXiabu Catering Management [China] Holdings Co. Ltd.,0XI,0XI,AF,6166,1,Z_ASIA_Liq2_TG,0
KYG9829N1025,A1JPAH,Xinyi Solar Holdings Ltd.,13X,13X,AE,6166,1,Z_ASIA_Liq2_TG,1
KYG982AW1003,A2QBX8,XPeng Inc.,8XP,8XP,AE,6166,1,Z_ASIA_Liq2_TG,1
KYG9830E1098,A1T592,Xinchen China Power Holdings Ltd.,4XI,4XI,AG,6166,1,Z_ASIA_Liq3_noDETG,0
KYG9830T1067,A2JNY1,Xiaomi Corp.,3CP,3CP,AE,6166,1,Z_ASIA_Liq2_TG,1
KYG983381099,A2DJKF,Yatra Online Inc.,26Y,26Y,AF,6166,1,Z_ASIA_Liq2_TG,0
KYG9835C1087,A2P5AL,Yeahka Ltd.,4YE,4YE,AF,6166,1,Z_ASIA_Liq2_TG,0
KYG984191075,A2ANNY,Yihai International Holding Ltd,YIR,YIR,AG,6166,1,Z_ASIA_Liq3_noDETG,0
KYG9843H1074,A116VD,Yida China Holdings Ltd.,YC2,YC2,AG,6166,1,Z_noMM,0
KYG9845C1069,A2QMA8,Yidu Tech Inc.,0EL,0EL,AF,6166,1,Z_ASIA_Liq2_TG,0
KYG9877S1021,A2PRUW,Yue Da International Holdings Ltd.,YDAB,YDAB,AG,6166,1,Z_ASIA_Liq3_noDETG,0
KYG9887T1168,A3DJSH,Zai Lab Ltd.,1ZLB,1ZLB,AE,6166,1,Z_ASIA_Liq2_TG,0
KYG9894K1085,A1CSJX,Zhongsheng Group Holdings Ltd.,5Z0,0881,AE,6166,1,Z_ASIA_Liq2_TG,0
KYG9897K1058,A2PRQ5,ZTO Express (Cayman) Inc.,ZTOB,ZTOB,AE,6166,1,Z_ASIA_Liq2_TG,1
KYG9898C1024,A2N7UZ,Zhongliang Holdings Group Co. Ltd.,3ZH,3ZH,AG,6166,1,Z_ASIA_Liq3_noDETG,0
KYG9898N1161,A2PQQA,Zhong An Group Ltd.,35Z,35Z,AG,6166,1,Z_ASIA_Liq3_noDETG,0
KYG989BA1027,A3EDZK,ZJLD Group Inc.,LH6,LH6,AG,6166,1,Z_ASIA_Liq3_noDETG,0
KYG9T20A1060,A2PBK8,Weimob Inc.,36W,36W,AF,6166,1,Z_ASIA_Liq2_TG,0
KYG9T43R1023,A2H7AY,Yixin Group Ltd.,1YX,1YX,AF,6166,1,Z_ASIA_Liq2_TG,0
KYG9TY5A1016,A3D7LY,Zura Bio Ltd.,94E,94E,AL,6166,1,Z_USA_Liq2_TG,0
LI0355147575,A2DYXV,Liechtensteinische Landesbank AG,LLS1,LLS1,AM,6166,1,Z_EU_Liq2_TG,0
LI1358444548,A40G3Q,CERDIOS SE,FU0A,FU0A,AM,6166,1,Z_EU_Liq3_noDETG,0
LR0008862868,886286,Royal Caribbean Group,RC8,RCL,AL,6166,1,Z_USA_Liq2_TG,1
LT0000100372,A0B6R1,Rokiskio Suris PC,YTV,RSU1L,AZ,6166,1,Z_EU_Liq3_noDETG,0
LT0000101446,A0B6SJ,Panevezio statybos trestas AB,YK3,PTR1L,AZ,6166,0,Z_EU_Liq3_noDETG,0
LT0000102030,A0B6TQ,Grigeo AB,WM8,GRG1L,AZ,6166,1,Z_EU_Liq3_noDETG,0
LT0000102253,A0B6TH,Bank of Siauliai AB,ZH5,SAB1L,AZ,6166,1,Z_EU_Liq3_noDETG,0
LT0000102279,A0B6TR,Invalda AB,WTK,IVL1L,AZ,6166,1,Z_EU_Liq3_noDETG,0
LT0000102337,A0B6TF,Apranga AB,WHX,APG1L,AZ,6166,1,Z_EU_Liq3_noDETG,0
LT0000104267,A0B583,Vilniaus baldai AB,UE3,VBL1L,AZ,6166,1,Z_EU_Liq3_noDETG,0
LT0000109324,A0B6R8,Utenos Trikotazas,UD5,UTR1L,AZ,6166,1,Z_EU_Liq3_noDETG,0
LT0000111650,A0B6WB,Klaipedos Nafta AB,XIC,KNF1L,AZ,6166,1,Z_EU_Liq3_noDETG,0
LT0000111676,A0B6RZ,Pieno Zvaigzdes AB,YOE,PZV1L,AZ,6166,1,Z_EU_Liq3_noDETG,0
LT0000115768,A2QEGR,Ignitis Group UAB,IGV0,IGV0,AZ,6166,1,Z_EU_Liq3_noDETG,0
LT0000121865,A0B6SC,Zemaitijos Pienas,IU8,ZMP1L,AZ,6166,1,Z_EU_Liq3_noDETG,0
LT0000123010,A0B6TU,Kauno Energija AB,WVJ,KNR1L,AZ,6166,0,Z_EU_Liq3_noDETG,0
LT0000123911,A0B6WK,Teo Lt AB,ZWS,TEO1L,AZ,6166,1,Z_EU_Liq3_noDETG,0
LT0000127466,A0NJBT,Agrowill Group AB,W9Z,AVG1L,AZ,6166,1,Z_EU_Liq3_noDETG,0
LT0000127508,A0M2DF,AB Vilkyskiu pienine,UDW,VLP1L,AZ,6166,1,Z_EU_Liq3_noDETG,0
LT0000128092,A0N95A,Linas Agro Group AB,YG4,LNA1L,AZ,6166,1,Z_EU_Liq3_noDETG,0
LU0038705702,889328,Millicom International Cellular S.A.,M4M1,MICC,AX,6166,1,Z_EU_Liq3_noDETG,0
LU0061462528,861149,RTL Group S.A.,RRTL,RRTL,GK,6183,1,A_MDAX_Profil1,1
LU0075646355,889539,Subsea 7 S.A.,SOC,SUBC,AX,6166,1,Z_EU_Liq2_TG,1
LU0088087324,914993,SES S.A.,SES,SDSFa,AX,6166,1,Z_EU_Liq2_TG,1
LU0251710041,A0JL4D,ORCO Germany S.A.,O5G,O5G,AX,6166,1,Z_EU_Liq3_noDETG,0
LU0327357389,A0M7QF,Kernel Holding S.A.,0KE,0KE,AX,6166,1,Z_EU_Liq3_noDETG,0
LU0383812293,A0Q9J4,Reinet Investments S.A.,RNT,REIT,AX,6166,1,Z_EU_Liq3_noDETG,0
LU0472835155,A0YF5P,exceet Group SE,H2A,H2A,AX,6166,1,Z_EU_Liq1_DETG,0
LU0569974404,A1H5UL,Aperam S.A.,7AA,7AA,AX,6166,1,Z_EU_Liq2_TG,1
LU0584671464,A1H63F,Adecoagro S.A.,ACD,ADCO,AX,6166,1,Z_EU_Liq2_TG,0
LU0607203980,A1JABB,IMC S.A.,IM4,IM4,AX,6166,1,Z_EU_Liq3_noDETG,0
LU0633102719,A1JJ4U,Samsonite International SA,1SO,1SO,AX,6166,1,Z_EU_Liq2_TG,0
LU0775917882,A1JXCV,Grand City Properties S.A.,GYC,GYC,GC,6183,1,A_SDAX,1
LU0974299876,A117M8,Globant S.A.,2G2,2G2,AL,6166,1,Z_USA_Liq2_TG,0
LU1048328220,A111C3,eDreams ODIGEO S.A.,1ED,1EDG,AX,6166,1,Z_EU_Liq2_TG,0
LU1068091351,A115LB,Brederode S.A.,28B,28B,AX,6166,1,Z_EU_Liq3_noDETG,1
LU1250154413,A14U78,ADLER Group S.A.,ADJ,ADJ,AX,6166,1,Z_EU_Liq1_DETG,1
LU1296758029,A141J3,Corestate Capital Holding S.A,CCAP,CCAG,AX,6166,1,Z_EU_Liq1_DETG,1
LU1404975507,A2AJLT,My Bucks S.A.,MBC,MBCG,AX,6166,0,Z_noMM,0
LU1598757687,A2DRTZ,ArcelorMittal S.A.,ARRD,ARRD,AX,6166,1,Z_EU_Liq1_DETG,1
LU1618151879,A2DR54,Logwin AG,TGHN,TGHN,AX,6166,1,Z_EU_Liq1_DETG,1
LU1673108939,A2DW8Z,Aroundtown S.A.,AT1,AT1,GK,6183,1,A_MDAX_Profil1,1
LU1701428291,A2H5WA,Nexa Resources S.A.,NE0,NE0,AX,6166,1,Z_EU_Liq3_noDETG,0
LU1704650164,A2H5Z1,BEFESA S.A.,BFSA,BFSA,GC,6183,1,A_SDAX,1
LU1778762911,A2JEGN,Spotify Technology S.A.,639,639,AS,6166,1,Z_USA_Liq1_DETG,1
LU2010095458,A2PLUG,Global Fashion Group S.A.,GFG,GFG,AX,6166,1,Z_EU_Liq1_DETG,1
LU2237380790,A2QEGF,Allegro.eu SA,AL0,AL0,AX,6166,1,Z_EU_Liq3_noDETG,0
LU2290522684,A2QNEL,InPost S.A.,669,669,AX,6166,1,Z_EU_Liq2_TG,1
LU2290523658,A2QM3K,HomeToGo SE,HTG,HTGG,AX,6166,1,Z_EU_Liq1_DETG,1
LU2333563281,A3CM2W,Tonies SE,TNIE,TNIE,GC,6183,1,A_SDAX,1
LU2356314745,A3CSWZ,Novem Group S.A.,NVM,NVM,AX,6166,1,Z_EU_Liq1_DETG,0
LU2358378979,A3CS4Z,GFJ ESG Acquisition I SE,LRND,LRND,AX,6166,1,Z_EU_Liq3_noDETG,0
LU2369833749,A3CV86,Ardagh Metal Packaging S.A.,7JZ,7JZ,AX,6166,1,Z_EU_Liq3_noDETG,0
LU2380748603,A3C81B,'468 SPAC II SE,MS1,MS1,AX,6166,1,Z_EU_Liq3_noDETG,0
LU2380749676,A3C8RX,SMG European Recovery SPAC SE,RCVR,RCVR,AX,6166,1,Z_EU_Liq2_TG,0
LU2458332611,A3DK8U,Alvotech SA,Z45,Z45,AX,6166,1,Z_EU_Liq3_noDETG,0
LU2592315662,A3EM26,d'Amico International Shipping S.A.,B7C0,B7C0,AX,6166,1,Z_EU_Liq2_TG,1
LU2598331598,A3EWCS,Tenaris S.A.,TW10,TW10,AX,6166,1,Z_EU_Liq1_DETG,1
LU2791994721,A408ST,Auna S.A.,GZ4,GZ4,AX,6166,1,Z_EU_Liq3_noDETG,0
LU2818110020,A40Q8F,Eleving Group S.A.,OT8,OT8,AX,6166,1,Z_EU_Liq3_noDETG,0
LU2859870326,A40H84,BigRep SE,B1GR,B1GR,AX,6166,1,Z_EU_Liq3_noDETG,0
LU2910446546,A40S0F,Zabka Group,9M1,9M1,AX,6166,1,Z_EU_Liq3_noDETG,0
LV0000100378,626077,Rigas Kugu Bovetava,UW3,RKB1REURp,AZ,6166,1,Z_EU_Liq3_noDETG,0
LV0000100600,A0M204,Siguldas CMAS A/S,W2I,SCM1REURp,AZ,6166,1,Z_EU_Liq3_noDETG,0
LV0000100808,931802,Latvijas Balzams,UM9,BAL1REURp,AZ,6166,1,Z_EU_Liq3_noDETG,0
LV0000101129,A0B5L2,SAF Tehnika AS,VTZ,VTZ,AZ,6166,1,Z_EU_Liq3_noDETG,0
MA0000011488,A0J3AH,Maroc Telecom S.A.,MSPA,IAM,AQ,6166,1,Z_EU_Liq3_noDETG,1
MC0000031187,852401,Societe des Bains de Mer et du Cercle des Etrangers a Monaco S.A.,RJ8,BAIN,AZ,6166,1,Z_EU_Liq2_TG,1
MHY0207T1001,A1W4G1,Ardmore Shipping Corp.,A61,A61,AT,6166,1,Z_USA_Liq2_TG,0
MHY1771G1026,A1C8A6,Costamare Inc.,LCM,CMRE,AP,6166,1,Z_EU_Liq2_TG,0
MHY2065G1219,A1J059,DHT Holdings Inc.,D8EN,D8EN,AC,6166,1,Z_USA_Liq2_TG,1
MHY2066G1044,A0D9BX,Diana Shipping Inc.,DSZ,DSX,AP,6166,1,Z_EU_Liq2_TG,0
MHY2106R1100,A1135G,Dorian LPG Ltd.,0DA,0DA,AS,6166,1,Z_USA_Liq2_TG,1
MHY235081079,A2JMZB,EuroDry Ltd.,0LQ,0LQ,AT,6166,1,Z_USA_Liq2_TG,0
MHY235921357,A2PXCQ,EuroSeas Ltd.,2LE1,2LE1,AP,6166,1,Z_EU_Liq2_TG,0
MHY2685T1313,A2ANH9,Genco Shipping & Trading Ltd.,GNU1,GNU1,AL,6166,1,Z_USA_Liq2_TG,0
MHY271836006,A2PEWC,Global Ship Lease Inc.,37H,37H,AP,6166,1,Z_EU_Liq3_noDETG,0
MHY272651263,A2QEX8,Globus Maritime Ltd.,0G93,0G93,AT,6166,1,Z_USA_Liq2_TG,0
MHY410531021,A2DGML,International Seaways Inc,IS5,IS5,AS,6166,1,Z_USA_Liq2_TG,1
MHY621321089,A1JY36,Navigator Holdings Ltd.,1NV,1NV,AP,6166,1,Z_EU_Liq2_TG,0
MHY641771016,A2N9R8,Okeanis Eco Tankers Corp.,7OK,7OK,AP,6166,1,Z_EU_Liq2_TG,1
MHY673051543,A3DZ0X,Performance Shipping Inc.,DS2,DS2,AL,6166,1,Z_USA_Liq2_TG,0
MHY737604006,A3D7NL,Seanergy Maritime Hldgs Corp.,RHS,RHSG,AP,6166,1,Z_EU_Liq2_TG,0
MHY7388L1039,A0Q2R4,Safe Bulkers Inc.,SBL,SB,AP,6166,1,Z_EU_Liq2_TG,0
MHY7542C1306,A2PB2X,Scorpio Tankers Inc.,S0QA,S0QA,AP,6166,1,Z_EU_Liq2_TG,0
MHY8162K2046,A2AM06,Star Bulk Carries Corp.,4FAP,4FAP,AP,6166,1,Z_EU_Liq2_TG,1
MHY816691064,A0HFYU,Stealthgas Inc.,S6W,GASS,AT,6166,1,Z_USA_Liq2_TG,0
MT0000650102,A1JY35,Angler Gaming PLC,0QM,0QM,AZ,6166,1,Z_EU_Liq3_noDETG,0
MT0000780107,A114S0,KAMBI GROUP PLC,7KB,7KB,AZ,6166,1,Z_EU_Liq3_noDETG,0
MT0001710103,A2JHFZ,River Tech PLC,9YQ,9YQ,AZ,6166,1,Z_EU_Liq3_noDETG,0
MT0001770107,A2JDEW,Cryptology Asset Group PLC,SRAG,SRAG,AZ,6166,1,Z_EU_Liq3_noDETG,0
MU0117U00026,A0NC6L,Golden Agri-Resources Ltd.,4G3A,GAGR,AG,6166,1,Z_ASIA_Liq3_noDETG,0
MU0295S00016,A1C3UJ,MakeMyTrip Ltd.,MY1,MMYT,AE,6166,1,Z_ASIA_Liq2_TG,0
MU0456S00006,A12GSG,Alphamin Resources Corp.,21L,21L,AC,6166,1,Z_USA_Liq2_TG,1
MU0461N00015,A2PA3F,Lighthouse Properties p.l.c.,87O,87O,AZ,6166,1,Z_EU_Liq3_noDETG,0
MX00BW020002,A2QAZF,Betterware d.México SAPI,BM0,BM0,AT,6166,1,Z_USA_Liq3_noDETG,0
MX01AC100006,A1JBMK,Arca Continental S.A.B. de C.V.,AJZ,AJZG,AL,6166,1,Z_USA_Liq3_noDETG,0
MX01AM050019,A3D9N4,America Movil S.A.B. de C.V.,MV91,MV91,AT,6166,1,Z_USA_Liq3_noDETG,0
MX01AX040009,A0HM5G,Axtel S.A.B. de C.V.,4GK,4GK,AL,6166,1,Z_USA_Liq3_noDETG,0
MX01AZ060013,A1H8JP,TV Azteca S.A.B. de C.V.,G4Z,TVAZ,AT,6166,0,Z_noMM,0
MX01BM1B0000,A0Q4ME,Bolsa Mexicana de Valores S.A.,BC51,BC51,AT,6166,1,Z_USA_Liq3_noDETG,0
MX01CU010003,A2DLRY,Becle S.A.B. de C.V.,6BE,6BE,AL,6166,1,Z_USA_Liq3_noDETG,0
MX01GA000004,A0JDXN,Grupo Aeroportuario del Pacifico S.A.B. de C.V.,G9N1,GAPB,AD,6166,1,Z_USA_Liq3_noDETG,0
MX01OM000018,A0LFES,Grupo Aerop.d.Centro Norte SAB,G7AB,G7AB,AL,6166,1,Z_USA_Liq3_noDETG,0
MX01OR010004,A2PRMA,Orbia Advance Corp.,4FZ,4FZ,AD,6166,1,Z_USA_Liq3_noDETG,0
MX01PI000005,A0JKQV,Promotora y Operadora de Infraestructura SAB de CV,AKY,PINFRA,AD,6166,1,Z_USA_Liq3_noDETG,0
MX01WA000038,A14PRL,Wal-Mart de Mexico S.A.B. de C.V.,4GNB,4GNB,AL,6166,1,Z_USA_Liq3_noDETG,0
MXP000511016,896720,Alfa S.A.B. de C.V.,G4L,G4L,AT,6166,1,Z_USA_Liq3_noDETG,0
MXP001161019,915732,Consorcio Ara S.A.B. de C.V.,4GJ,4GJ,AD,6166,1,Z_USA_Liq3_noDETG,0
MXP001391012,A0JL36,Alsea S.A. de C.V.,4FU,ALSEA,AT,6166,1,Z_USA_Liq3_noDETG,0
MXP001661018,165378,Grupo Aeroportuario del Sureste S.A.B. de CV,AED,ASURb,AD,6166,1,Z_USA_Liq3_noDETG,0
MXP225611567,912286,Cemex S.A.B. de C.V.,CEXB,CEXB,AL,6166,1,Z_USA_Liq3_noDETG,0
MXP320321310,914505,Fomento Economico Mexicano S.A.B. de C.V.,FOMC,FOMC,AD,6166,1,Z_USA_Liq3_noDETG,0
MXP370641013,900573,Grupo Financiero Inbursa S.A.B. de C.V.,4FY,4FY,AT,6166,1,Z_USA_Liq3_noDETG,0
MXP370711014,907669,Grupo Financiero Banorte S.A.B. de C.V.,4FN,4FN,AD,6166,1,Z_USA_Liq3_noDETG,0
MXP370841019,580892,Grupo Mexico S.A. de C.V.,4GE,4GE,AT,6166,1,Z_USA_Liq3_noDETG,0
MXP461181085,885075,Grupo Carso S.A.B. de C.V.,4GF,4GF,AD,6166,1,Z_USA_Liq3_noDETG,0
MXP4948K1056,915731,Gruma S.A.B. de C.V.,3G3B,3G3B,AL,6166,1,Z_USA_Liq3_noDETG,0
MXP495211262,904121,Grupo Bimbo S.A.B. de C.V.,4GM,4GMa,AD,6166,1,Z_USA_Liq3_noDETG,0
MXP4987V1378,904122,Grupo Televisa S.A.B. de C.V.,TLV1,GRPF,AT,6166,1,Z_USA_Liq3_noDETG,0
MXP554091415,897910,Industrias Penoles S.A.B. de C.V.,4FO,4FO,AD,6166,1,Z_USA_Liq3_noDETG,0
MXP8728U1671,907398,Organizacion Soriana S.A.B de C.V.,OSOB,SORIANAB,AT,6166,1,Z_USA_Liq3_noDETG,0
MYA004433001,A0JEKA,Steppe Cement Ltd.,ST9,STCM,AG,6166,1,Z_ASIA_Liq3_noDETG,0
NGSEPLAT0008,A11059,Seplat Petroleum Development Co.,134,134,AQ,6166,1,Z_EU_Liq3_noDETG,0
NL0000008977,A0ETXG,Heineken Holding N.V.,4H5,HEIO,AX,6166,1,Z_EU_Liq2_TG,1
NL0000009082,890963,Koninklijke KPN N.V.,KPN,KPN,AX,6166,1,Z_EU_Liq1_DETG,1
NL0000009165,A0CA0G,Heineken N.V.,HNK1,HEIN,AX,6166,1,Z_EU_Liq1_DETG,1
NL0000009538,940602,Koninklijke Philips N.V.,PHI1,PHI1,AX,6166,1,Z_EU_Liq1_DETG,1
NL0000018034,A0H0RS,AFC Ajax N.V.,AJXA,AJAX,AX,6166,1,Z_EU_Liq2_TG,1
NL0000226223,893438,STMicroelectronics N.V.,SGM,STM,AX,6166,1,Z_EU_Liq1_DETG,1
NL0000235190,938914,Airbus SE,AIR,EAD,GX,6183,1,A_DAX_N,1
NL0000238145,940883,ad pepper media International N.V.,APM,APME,AX,6166,1,Z_EU_Liq1_DETG,1
NL0000289213,853289,Wereldhave N.V.,WER,WEHA,AX,6166,1,Z_EU_Liq2_TG,1
NL0000289783,970259,Robeco Sustainable Global Stars Equities Fund N.V.,ROB,RBEN,AX,6166,1,Z_EU_Liq3_noDETG,0
NL0000289817,970254,Rolinco N.V.,ROC,RLIN,AX,6166,1,Z_EU_Liq2_TG,0
NL0000302636,923948,Van Lanschot Kempen N.V.,VA3,VLAN,AX,6166,1,Z_EU_Liq2_TG,1
NL0000313286,852176,Amsterdam Commodities N.V.,8AC,8AC,AX,6166,1,Z_EU_Liq2_TG,1
NL0000334118,868730,ASM International N.V.,AVS,ASMI,AX,6166,1,Z_EU_Liq1_DETG,1
NL0000337319,A0JMJ1,Koninklijke BAM Groep N.V.,BGPA,BAMN,AX,6166,1,Z_EU_Liq2_TG,1
NL0000345577,912784,CTAC N.V.,TAC,CTAN,AX,6166,1,Z_EU_Liq2_TG,1
NL0000345627,A0B8R8,Docdata N.V.,DOC2,DOCD,AX,6166,1,Z_EU_Liq3_noDETG,1
NL0000360618,A0JLZV,SBM Offshore N.V.,IHCB,SBMO,AX,6166,1,Z_EU_Liq2_TG,1
NL0000371243,851851,NV Nederlandsche Apparatenfabriek Nedap,NE3,NEDP,AX,6166,1,Z_EU_Liq3_noDETG,1
NL0000379121,879309,Randstad N.V.,RSH,RAND,AX,6166,1,Z_EU_Liq2_TG,1
NL0000395903,A0J2R1,Wolters Kluwer N.V.,WOSB,WLSNc,AX,6166,1,Z_Eurostoxx,1
NL0000440311,A0ETVC,Holland Colours N.V.,HCY,HCY,AX,6166,1,Z_EU_Liq3_noDETG,1
NL0000686509,A0LB0L,ASTARTA Holding PLC,Z6J,Z6J,AX,6166,1,Z_EU_Liq3_noDETG,0
NL0000687663,A0LFB3,AerCap Holdings N.V.,R1D,AER,AX,6166,1,Z_EU_Liq2_TG,0
NL0000817179,A0MP74,Sligro Food Group N.V.,8SF,SLIGR,AX,6166,1,Z_EU_Liq2_TG,1
NL0000852523,A0MQWT,TKH Group N.V.,TWSA,TWKNc,AX,6166,1,Z_EU_Liq2_TG,1
NL0000852531,A0MN1X,Kendrion N.V.,K3E,K3E,AX,6166,1,Z_EU_Liq2_TG,1
NL0000852564,A0MQ1F,Aalberts Industries N.V.,AACA,AALB,AX,6166,1,Z_EU_Liq2_TG,1
NL0000888691,A0MWED,AMG Critical Materials N.V.,ADG,AMG,AX,6166,1,Z_EU_Liq2_TG,1
NL0006237562,A0Q163,Arcadis N.V.,HIJ2,ARDS,AX,6166,1,Z_EU_Liq2_TG,1
NL0006294274,A115MJ,Euronext N.V.,ENXB,ENXB,AX,6166,1,Z_EU_Liq1_DETG,1
NL0009269109,A0YBCH,Heijmans N.V.,HJN1,HJN1,AX,6166,1,Z_EU_Liq2_TG,1
NL0009312842,A0YJZ4,Nedsense Enterprises N.V.,BFE,NEDSE,AX,6166,1,Z_EU_Liq3_noDETG,0
NL0009432491,A1CYGK,Koninklijke Vopak N.V.,VPK5,VOPA,AX,6166,1,Z_EU_Liq2_TG,1
NL0009434992,A1CWRM,Lyondellbasell Industries NV,DLY,LYB,AX,6166,1,Z_EU_Liq2_TG,1
NL0009538784,A1C5WJ,NXP Semiconductors N.V.,VNX,NXPI,AX,6166,1,Z_EU_Liq1_DETG,1
NL0009739416,A1JJQC,PostNL N.V.,TNTC,TNTC,AX,6166,1,Z_EU_Liq2_TG,1
NL0009805522,A1JGSL,Nebius Group N.V.,YDX,YNDX,AX,6166,1,Z_EU_Liq2_TG,1
NL0010273215,A1J4U4,ASML Holding N.V.,ASME,ASME,AX,6166,1,Z_Eurostoxx,1
NL0010273694,A1J4XD,Amatheon Agri Holding N.V.,7J9,7J9,AX,6166,1,Z_EU_Liq3_noDETG,1
NL0010389508,A1KCMJ,Tie Kinetix N.V.,TJH7,TJH7,AX,6166,0,Z_EU_Liq3_noDETG,0
NL0010391025,A1H65A,Pharming Group N.V.,PHGN,PHGN,AX,6166,1,Z_EU_Liq1_DETG,1
NL0010391108,A1T9KW,Photon Energy N.V.,P7V,P7V,AX,6166,1,Z_EU_Liq3_noDETG,0
NL0010545661,A1W599,CNH Industrial N.V.,37C,37C,AX,6166,1,Z_EU_Liq1_DETG,1
NL0010556684,A1W3ZG,Frank's International N.V.,FK2,FK2,AX,6166,0,Z_EU_Liq2_TG,0
NL0010558797,A1W4QF,OCI N.V.,OIC,OIC,AX,6166,1,Z_EU_Liq2_TG,1
NL0010583399,A1W60Y,Corbion N.V.,CSUA,CSUA,AX,6166,1,Z_EU_Liq2_TG,1
NL0010661864,A1XBE7,Value 8 N.V.,Y43,Y43,AX,6166,1,Z_EU_Liq3_noDETG,1
NL0010696654,A1XDTV,Uniqure BV,UQ1,UQ1,AX,6166,1,Z_EU_Liq2_TG,0
NL0010733960,A111FU,lastminute.com NV,09B,09B,AX,6166,1,Z_EU_Liq3_noDETG,0
NL0010773842,A115DY,NN Group N.V.,2NN,2NN,AX,6166,1,Z_EU_Liq1_DETG,1
NL0010776944,A115DT,Brunel International N.V.,3BY3,3BY3,AX,6166,1,Z_EU_Liq2_TG,1
NL0010801007,A116P8,IMCD N.V.,INX,INXM,AX,6166,1,Z_EU_Liq1_DETG,1
NL0010832176,A11602,Argenx SE,1AE,1AE,AX,6166,1,Z_Eurostoxx,1
NL0010872388,A12AGY,A.H.T. Syngas Technology N.V.,3SQ1,3SQ1,AX,6166,1,Z_EU_Liq1_DETG,0
NL0010872495,A12B97,ProQR Therapeutics N.V.,0PQ,0PQ,AX,6166,1,Z_EU_Liq2_TG,0
NL0011540547,A143G0,ABN AMRO Bank N.V.,AB2,AB2,AX,6166,1,Z_EU_Liq1_DETG,1
NL0011585146,A2ACKK,Ferrari N.V.,2FE,2FE,AX,6166,1,Z_Eurostoxx,1
NL0011660485,A2ADY0,Sif Holding N.V.,276,276,AX,6166,1,Z_EU_Liq2_TG,1
NL0011794037,A2ANT0,Koninklijke Ahold Delhaize N.V.,AHOG,AHOG,AX,6166,1,Z_Eurostoxx,1
NL0011821202,A2ANV3,ING Groep N.V.,INN1,INN1,AX,6166,1,Z_Eurostoxx,1
NL0011821392,A2AJ7T,Signify N.V.,G14,G14,AX,6166,1,Z_EU_Liq1_DETG,1
NL0011832811,A2AJSS,For Farmers B.V.,5FF,5FF,AX,6166,1,Z_EU_Liq2_TG,1
NL0011832936,A2AJ68,COSMO Pharmaceuticals N.V.,C43,C43,AX,6166,1,Z_EU_Liq2_TG,0
NL0011872643,A2AKBT,ASR Nederland N.V.,A16,A16,AX,6166,1,Z_EU_Liq1_DETG,1
NL0011872650,A2AJXD,Basic-Fit N.V.,B4F,B4F,AX,6166,1,Z_EU_Liq2_TG,1
NL0012044747,A2AR94,Redcare Pharmacy N.V.,RDC,RDC,GK,6183,1,A_MDAX_Profil1,1
NL0012059018,A2DHZ4,Exor N.V.,EYX,EYX,AX,6166,1,Z_EU_Liq1_DETG,1
NL0012194724,A2DQTP,Alumexx N.V.,NE8F,NE8F,AX,6166,1,Z_EU_Liq3_noDETG,1
NL0012365084,A2DY1J,NSI N.V.,N4RN,N4RN,AX,6166,1,Z_EU_Liq2_TG,1
NL0012650360,A2H5W8,RHI Magnesita N.V.,RHF,RHF,AX,6166,1,Z_EU_Liq3_noDETG,0
NL0012661870,A2H7A5,InflaRX N.V.,IF0,IF0G,AX,6166,1,Z_EU_Liq2_TG,1
NL0012747059,A2JEX2,Dutch Star Companies ONE NV,2DS,2DS,AX,6166,1,Z_EU_Liq2_TG,1
NL0012817175,A2JGMQ,Alfen N.V.,703,703,AX,6166,1,Z_EU_Liq1_DETG,1
NL0012866412,A2JLD1,BE Semiconductor Industries N.V.,BSI,BSI1,AX,6166,1,Z_EU_Liq1_DETG,1
NL0012969182,A2JNF4,Adyen B.V.,1N8,1N8,AX,6166,1,Z_Eurostoxx,1
NL0013056914,A2N5RS,Elastic N.V.,3E1,3E1,AX,6166,1,Z_EU_Liq1_DETG,1
NL0013267909,A2PB32,Akzo Nobel N.V.,AKU1,AKU1,AX,6166,1,Z_EU_Liq1_DETG,1
NL0013332471,A2PK2B,TomTom N.V.,OEMA,OEMA,AX,6166,1,Z_EU_Liq2_TG,1
NL0013654783,A2PRDK,Prosus N.V.,1TY,1TY,AX,6166,1,Z_Eurostoxx,1
NL0013654809,A2PMA5,ING Bank N.V. Fastned B.V.,FSF,FSF1,AX,6166,1,Z_EU_Liq2_TG,1
NL0013995087,A2PS9R,Cementir Holding N.V.,3PC,3PC,AX,6166,1,Z_EU_Liq2_TG,1
NL0014332678,A2P0E9,Jde Peet's B.V.,JDE,JDEG,AX,6166,1,Z_EU_Liq1_DETG,1
NL0014559478,A2QNZT,Technip Energies N.V.,68F,68F,AX,6166,1,Z_EU_Liq2_TG,1
NL00150000S7,A2QJL0,Cabka N.V.,7GW,7GW,AX,6166,1,Z_EU_Liq3_noDETG,0
NL00150001Q9,A2QL01,Stellantis N.V.,8TI,8TI,AX,6166,1,A_EUROSTOXX,1
NL00150001S5,A2QJW5,Kingfish Zeeland B.V.,93G,93G,AX,6166,1,Z_EU_Liq3_noDETG,0
NL00150002Q7,A2QJV6,Vivoryon Therapeutics N.V.,05Y,05Y,AX,6166,1,Z_EU_Liq2_TG,1
NL00150003E1,A3CRBN,Fugro N.V.,F3DC,F3DC,AX,6166,1,Z_EU_Liq2_TG,1
NL00150005Y4,A2QNWS,Pharvaris N.V.,9EN,9EN,AX,6166,1,Z_EU_Liq2_TG,0
NL00150006R6,A2QRMW,CTP B.V.,3YZ,3YZ,AX,6166,1,Z_EU_Liq2_TG,1
NL00150006Z9,A2QSAE,Azerion Group N.V.,9Q9,9Q9,AX,6166,1,Z_EU_Liq3_noDETG,1
NL0015000AU7,A3CQ3M,PEPCO GROUP LTD,8UX,8UX,AX,6166,1,Z_EU_Liq3_noDETG,0
NL0015000CG2,A3CT7P,New Amsterdam Invest N.V.,4C4,4C4,AX,6166,1,Z_EU_Liq3_noDETG,0
NL0015000D50,A3CR3E,NX Filtration B.V.,9KJ,9KJ,AX,6166,1,Z_EU_Liq3_noDETG,1
NL0015000F41,A3CYXP,Lilium N.V.,5KD,5KD,AX,6166,1,Z_EU_Liq3_noDETG,0
NL0015000GX8,A3CSM9,Envipco Holding N.V.,E1P0,E1P0,AX,6166,1,Z_EU_Liq2_TG,1
NL0015000HT4,A3C5RE,ONWARD Medical B.V.,63E,63E,AX,6166,1,Z_EU_Liq2_TG,1
NL0015000IY2,A3C291,Universal Music Group B.V.,0VD,0VD,AX,6166,1,Z_EU_Liq1_DETG,1
NL0015000K93,A3CZHN,Eurocommercial Properties N.V.,N4SA,N4SA,AX,6166,1,Z_EU_Liq2_TG,1
NL0015000LU4,A3DBBA,Iveco Group N.V.,R3D,R3DG,AX,6166,1,Z_EU_Liq1_DETG,1
NL0015000N33,A3C7YC,Ariston Holding N.V.,E0E,E0E,AX,6166,1,Z_EU_Liq2_TG,0
NL0015000PB5,A3C9KP,Ermenegildo Zegna N.V.,JN0,JN0,AX,6166,1,Z_EU_Liq2_TG,0
NL0015000RT3,A3DNGP,NEPI Rockcastle N.V.,0A3,0A3,AX,6166,1,Z_EU_Liq3_noDETG,1
NL0015000X07,A3DNL2,FL Entertainment N.V.,H98,H98,AX,6166,1,Z_EU_Liq3_noDETG,1
NL0015000YE1,A3DMC3,TME Pharma N.V.,0N6A,0N6A,AX,6166,1,Z_EU_Liq3_noDETG,1
NL00150012L7,A3DUAC,NewAmsterdam Pharma Co. N.V.,KH6,KH6,AX,6166,1,Z_EU_Liq2_TG,0
NL0015001FS8,A3EG0H,Ferrovial SE,8ZQ,8ZQ,AX,6166,1,Z_EU_Liq1_DETG,1
NL0015001KT6,A3ER8L,Brembo N.V.,Y8O,Y8O,AX,6166,1,Z_EU_Liq2_TG,1
NL0015001OI1,A3EXMP,MFE-MediaForEurope N.V.,T0J2,T0J2,AX,6166,1,Z_EU_Liq2_TG,1
NL0015001OJ9,A3EXL9,MFE-MediaForEurope N.V.,T0J1,T0J1,AX,6166,1,Z_EU_Liq2_TG,1
NL0015001W49,A4017D,Pluxee N.V,RV1,RV1,AX,6166,1,Z_EU_Liq2_TG,1
NL0015002AG2,A40P4A,Ebusco Holding NV,8J30,8J30,AX,6166,1,Z_EU_Liq2_TG,1
NL0015002BV9,A40X3G,Coincheck Group N.V.,J7O,J7O,AX,6166,1,Z_EU_Liq2_TG,0
NL0015002IE0,A419G6,Avantium Holding,27V0,27V0,AX,6166,1,Z_EU_Liq2_TG,1
NL0015002J03,A41BR1,Wallbox N.V.,67E0,67E0,AX,6166,1,Z_EU_Liq2_TG,0
NL0015002J37,A41ARP,JBS N.V.,Z98,Z98,AX,6166,1,Z_EU_Liq2_TG,0
NL0015002K83,A41H9X,Havas N.V.,JP71,JP71,AX,6166,1,Z_EU_Liq2_TG,1
NL0015002MS2,A41NML,Magnum Ice Cream Co.N.V.,7RM,7RM,AX,6166,1,Z_EU_Liq2_TG,1
NL0015002SN0,A41HBE,Qiagen N.V.,QIA,QIA0,GZ,6183,1,A_DAX_N,1
NL0015268814,A2QMBK,MPC Energy Solutions N.V.,5IX,5IX,AX,6166,1,Z_EU_Liq3_noDETG,0
NL0015285941,A2P72S,Immatics N.V.,4A3,4A3,AX,6166,1,Z_EU_Liq2_TG,1
NL0015435975,A2P8B7,Davide Campari-Milano N.V.,58H,58H,AX,6166,1,Z_EU_Liq1_DETG,1
NO0003021909,882240,ABG Sundal Collier Holding ASA,DAB,ASCO,AN,6166,1,Z_EU_Liq3_noDETG,0
NO0003025009,662892,Voss Veksel-OG Landmandsb.,UQ6,UQ6,AN,6166,1,Z_EU_Liq3_noDETG,0
NO0003033102,895919,Kongsberg Automotive ASA,K3A,KOA,AN,6166,1,Z_EU_Liq3_noDETG,0
NO0003049405,899464,Nekkar ASA,0TT,0TT,AN,6166,1,Z_EU_Liq2_TG,0
NO0003053308,901582,Scana ASA,1MP,1MP,AN,6166,1,Z_EU_Liq3_noDETG,0
NO0003053605,867218,Storebrand ASA,SKT,STB,AN,6166,1,Z_EU_Liq2_TG,1
NO0003054108,924848,Mowi ASA,PND,PNDG,AN,6166,1,Z_EU_Liq2_TG,1
NO0003055501,932405,Nordic Semiconductor ASA,N0S,NOD,AN,6166,1,Z_EU_Liq2_TG,1
NO0003058109,A2QR4S,Nordic Halibut AS,9K1,9K1,AN,6166,1,Z_EU_Liq3_noDETG,0
NO0003067902,904953,Hexagon Composites ASA,2HX,2HX,AN,6166,1,Z_EU_Liq2_TG,1
NO0003078107,569904,AF Gruppen ASA,AF8,AF8,AN,6166,1,Z_EU_Liq2_TG,1
NO0003078800,919493,TGS Nopec Geophysical Co. ASA,TGC,TGCG,AN,6166,1,Z_EU_Liq2_TG,1
NO0003079709,911463,Kitron ASA,KP5,KP5,AN,6166,1,Z_EU_Liq2_TG,1
NO0003080608,909875,Solstad Farstad ASA,SZL,SOFO,AN,6166,1,Z_EU_Liq2_TG,1
NO0003087603,569908,Byggma ASA,DR5,DR5,AN,6166,1,Z_EU_Liq3_noDETG,0
NO0003096208,570796,Leroy Seafood Group AS,Z1L,LSG,AN,6166,1,Z_EU_Liq2_TG,1
NO0003097503,A0LEQU,AKVA Group ASA,3QI,3QI,AN,6166,1,Z_EU_Liq3_noDETG,0
NO0003110603,870485,Bonheur ASA,V7P,BONN,AN,6166,1,Z_EU_Liq3_noDETG,0
NO0003117202,902989,Reach Subsea ASA,4RS,4RS,AN,6166,1,Z_EU_Liq3_noDETG,0
NO0003399909,873204,Odfjell SE,O7F,ODF,AN,6166,1,Z_EU_Liq2_TG,0
NO0003399917,877045,Odfjell SE,O7F1,ODFB,AN,6166,1,Z_EU_Liq3_noDETG,0
NO0003572802,569905,Arendals Fossekompani ASA,5VZ,5VZ,AN,6166,1,Z_EU_Liq3_noDETG,0
NO0003679102,896938,NRC Group ASA,8NR,8NR,AN,6166,1,Z_EU_Liq3_noDETG,0
NO0003733800,864042,Orkla ASA,OKL,ORK,AN,6166,1,Z_EU_Liq2_TG,1
NO0003921009,865623,DNO ASA,NK1A,DNO,AN,6166,1,Z_EU_Liq2_TG,1
NO0004822503,884578,Atea ASA,MKL,ATEA,AN,6166,1,Z_EU_Liq2_TG,1
NO0004913609,905868,Goodtech ASA,6FO,6FO,AN,6166,1,Z_EU_Liq3_noDETG,0
NO0005052605,851908,Norsk Hydro ASA,NOH1,NHY,AN,6166,1,Z_EU_Liq2_TG,1
NO0005806802,874286,Veidekke AS Navne-Aksjer NK,VK4,VK4,AN,6166,1,Z_EU_Liq3_noDETG,0
NO0006000603,593143,Sogn Sparebank,Y6M,Y6M,AN,6166,1,Z_EU_Liq3_noDETG,0
NO0006000801,A0DK56,SpareBank 1 Nord-Norge,93S,93S,AN,6166,1,Z_EU_Liq3_noDETG,0
NO0006000900,727533,Sparebanken Vest,K7I,K7I,AN,6166,1,Z_EU_Liq3_noDETG,0
NO0006001007,898046,Sandnes Sparebank,P7A,P7A,AN,6166,1,Z_EU_Liq3_noDETG,0
NO0006001601,593129,Aurskog Sparebank,VK2,VK2,AN,6166,1,Z_EU_Liq3_noDETG,0
NO0006001908,593153,Melhus Sparebank,K15,K15,AN,6166,1,Z_EU_Liq3_noDETG,0
NO0006390301,634727,SpareBank 1 SMN ASA,SJI,MING,AN,6166,1,Z_EU_Liq2_TG,0
NO0006390400,727556,SpareBank 1 Ringerike Hadeland,S0M,S0M,AN,6166,1,Z_EU_Liq3_noDETG,0
NO0010000045,931150,PhotoCure ASA,PHS,PHO,AN,6166,1,Z_EU_Liq3_noDETG,1
NO0010001118,918708,Itera ASA,IRI,IRI1,AN,6166,1,Z_EU_Liq3_noDETG,0
NO0010014632,A0HGR5,Biotec Pharmacon ASA,B4V,B4V,AN,6166,1,Z_EU_Liq2_TG,1
NO0010015175,A2QLBL,Cyviz AS,8P9,8P9,AN,6166,1,Z_EU_Liq3_noDETG,0
NO0010029804,593137,SpareBank 1 Helgeland,Z1D,Z1D,AN,6166,1,Z_EU_Liq3_noDETG,0
NO0010040611,A0BMED,Otello Corporation ASA,OS3,OPERA,AN,6166,1,Z_EU_Liq3_noDETG,0
NO0010063308,591260,Telenor ASA,TEQ,TEL,AN,6166,1,Z_EU_Liq2_TG,1
NO0010073489,A0J2P8,Austevoll Seafood ASA,Z85,AUSS,AN,6166,1,Z_EU_Liq2_TG,1
NO0010078850,A2QNZ9,Cambi ASA,3W7,3W7,AN,6166,1,Z_EU_Liq3_noDETG,0
NO0010081235,A0B733,Nel ASA,D7G,DIAG,AN,6166,1,Z_EU_Liq2_TG,1
NO0010096985,675213,Equinor ASA,DNQ,DNQ,AN,6166,1,Z_EU_Liq2_TG,1
NO0010098247,570011,StrongPoint ASA,PGT,PSIG,AN,6166,1,Z_EU_Liq3_noDETG,0
NO0010112675,A0BKK5,REC Silicon ASA,R3Q,REC,AN,6166,1,Z_EU_Liq2_TG,1
NO0010159684,A0D9B1,MediStim ASA,MD1,MD1,AN,6166,1,Z_EU_Liq3_noDETG,0
NO0010161896,A2QG6Z,DNB Bank ASA,D1NC,D1NC,AN,6166,1,Z_EU_Liq2_TG,1
NO0010187032,A0D9BZ,Sevan Marine ASA,4SM,SEVAN,AN,6166,1,Z_EU_Liq2_TG,1
NO0010196140,A0BLAH,Norwegian Air Shuttle ASA,NWC,NWC,AN,6166,1,Z_EU_Liq2_TG,1
NO0010205966,A0JKUU,Navamedic ASA,N1A,NAVA,AN,6166,1,Z_EU_Liq3_noDETG,0
NO0010208051,A0BL7F,Yara International ASA,IU2,YAR,AN,6166,1,Z_EU_Liq2_TG,1
NO0010209331,A0MSGT,Protector Forsikring ASA,PR4,PR4,AN,6166,1,Z_EU_Liq2_TG,0
NO0010215684,A0B97B,Akastor ASA,KY7,AKSO,AN,6166,1,Z_EU_Liq2_TG,1
NO0010234552,A0B8L8,Aker ASA,FKM,AKER,AN,6166,1,Z_EU_Liq2_TG,1
NO0010257728,A0ERQX,Havila Shipping ASA,H4S,H4S,AN,6166,1,Z_EU_Liq3_noDETG,0
NO0010263023,A0ETP8,Eidesvik Offshore ASA,E1V,EIOF,AN,6166,1,Z_EU_Liq3_noDETG,0
NO0010285562,A0M8KM,Sparebank 1 Østfold Akershus,Y4X,Y4X,AN,6166,1,Z_EU_Liq3_noDETG,0
NO0010310956,A0MR2G,Salmar ASA,JEP,JEP,AN,6166,1,Z_EU_Liq2_TG,1
NO0010345853,A0LHC1,Aker BP ASA,ARC,DTNOR,AN,6166,1,Z_EU_Liq2_TG,1
NO0010358484,A0MM87,Electromagnetic Geoservices ASA,E2M,EMGS,AN,6166,1,Z_EU_Liq3_noDETG,0
NO0010360019,A3DXEM,Noram Drilling Company A.S.,TM9,TM9,AN,6166,1,Z_EU_Liq2_TG,0
NO0010360266,A0MSSM,Bouvet ASA,BV4,BOUVET,AN,6166,1,Z_EU_Liq2_TG,1
NO0010365521,A0MUHR,Grieg Seafood ASA,GR8,GSFO,AN,6166,1,Z_EU_Liq2_TG,1
NO0010379266,A0MYHV,Norwegian Energy Co. ASA,CJ1,CJ11,AN,6166,1,Z_EU_Liq3_noDETG,0
NO0010397581,A2AKVR,Pareto Bank ASA,8PB,8PB,AN,6166,1,Z_EU_Liq3_noDETG,0
NO0010405640,A0Q2FS,PCI Biotech Holding ASA,4QG,4QG,AN,6166,1,Z_EU_Liq3_noDETG,0
NO0010405780,A3CSAK,Lytix Biopharma AS,6BG,6BG,AN,6166,1,Z_EU_Liq3_noDETG,0
NO0010466022,A0RK0Z,Polaris Media ASA,93J,93J,AN,6166,1,Z_EU_Liq3_noDETG,0
NO0010550056,A0N9X7,North Energy ASA,RN2,RN2,AN,6166,1,Z_EU_Liq2_TG,0
NO0010564701,A1C0Q3,Panoro Energy ASA,1PZ,PENO,AN,6166,1,Z_EU_Liq2_TG,1
NO0010571680,A1C0ZS,Wallenius Wilhelmsen ASA,WNL,WNL,AN,6166,1,Z_EU_Liq2_TG,1
NO0010571698,A1C04X,Wilh. Wilhelmsen Holding ASA,WML1,WWI,AN,6166,1,Z_EU_Liq3_noDETG,0
NO0010572589,A1C3YB,Saga Pure ASA,SAT,SAT1,AN,6166,1,Z_EU_Liq2_TG,1
NO0010576010,A1C04Y,Wilh. Wilhelmsen Holding ASA,WML2,WML2,AN,6166,1,Z_EU_Liq3_noDETG,0
NO0010582521,A1C47M,Gjensidige Forsikring ASA,XGJ,GJFS,AN,6166,1,Z_EU_Liq2_TG,1
NO0010597883,A1H64K,Nordic Nanovector ASA,8NN,8NN,AN,6166,1,Z_EU_Liq2_TG,0
NO0010598683,A1JWL4,Hofseth BioCare ASA,HBQ,HBQ,AN,6166,1,Z_EU_Liq3_noDETG,0
NO0010607971,A1JEMJ,Awilco LNG ASA,AWQ,AWQ,AN,6166,1,Z_EU_Liq2_TG,0
NO0010609662,A2H5N4,Webstep ASA,5ZF,5ZF,AN,6166,1,Z_EU_Liq3_noDETG,0
NO0010612450,A1JKF4,Selvaag Bolig A.S.,S2B,S2B,AN,6166,1,Z_EU_Liq3_noDETG,0
NO0010629108,A113MU,Next Biometrics Group ASA,NT7,NT7,AN,6166,1,Z_EU_Liq3_noDETG,0
NO0010631567,A1JR25,Sparebank 1 SR Bank ASA,B4M1,B4M1,AN,6166,1,Z_EU_Liq2_TG,0
NO0010633951,A2ALPJ,B2Holding ASA,B28,B28,AN,6166,1,Z_EU_Liq3_noDETG,0
NO0010657505,A1J5TM,Borregaard ASA,BO4,BO4,AN,6166,1,Z_EU_Liq2_TG,1
NO0010691660,A2H5LD,Sparebank 1 Nordmore,MZ3,MZ3,AN,6166,1,Z_EU_Liq3_noDETG,0
NO0010708068,A111AY,Vow ASA,213,213,AN,6166,1,Z_EU_Liq2_TG,1
NO0010708605,A112K1,Havyard Group ASA,1H2,1H2,AN,6166,1,Z_EU_Liq3_noDETG,0
NO0010708910,A116WU,Zalaris ASA,81Y,81Y,AN,6166,1,Z_EU_Liq2_TG,0
NO0010713571,A40QF0,Soiltech AS,6YA,6YA,AN,6166,1,Z_EU_Liq3_noDETG,0
NO0010713936,A2QEA9,Zaptec AS,6I4,6I4,AN,6166,1,Z_EU_Liq2_TG,1
NO0010714785,A2PZ5J,Vaccibody AS,5VB,5VB,AN,6166,1,Z_EU_Liq3_noDETG,0
NO0010715139,A12C5D,Scatec Solar ASA,66T,66T,AN,6166,1,Z_EU_Liq2_TG,1
NO0010715394,A119TZ,AqualisBraemar LOC ASA,26Q,26Q,AN,6166,1,Z_EU_Liq3_noDETG,0
NO0010716418,A12DBZ,Entra ASA,2EN,2EN,AN,6166,1,Z_EU_Liq3_noDETG,0
NO0010716582,A12A18,Aker Solutions ASA,1AKA,1AKA,AN,6166,1,Z_EU_Liq2_TG,1
NO0010722283,A2QFQQ,Elliptic Laboratories AS,EIP,EIP,AN,6166,1,Z_EU_Liq2_TG,0
NO0010724701,A2QFTF,Icelandic Salmon AS,I6X,I6X,AN,6166,1,Z_EU_Liq3_noDETG,0
NO0010734122,A14TLR,Vistin Pharma ASA,VP4,VP4,AN,6166,1,Z_EU_Liq3_noDETG,0
NO0010734338,A14TPZ,Multiconsult ASA,3MC,3MC,AN,6166,1,Z_EU_Liq3_noDETG,0
NO0010735343,A14U1Q,Europris ASA,2RG,2RG,AN,6166,1,Z_EU_Liq2_TG,1
NO0010736879,A14T4C,Vend Marketplaces ASA,XPGB,XPGB,AN,6166,1,Z_EU_Liq2_TG,1
NO0010743545,A143BJ,Kid ASA,97Q,97Q,AN,6166,1,Z_EU_Liq3_noDETG,0
NO0010748866,A2DLP7,Gentian Diagnostics ASA,6FK,6FK,AN,6166,1,Z_EU_Liq3_noDETG,0
NO0010751910,A2DTEV,SpareBank 1 Oestlandet,2SF,2SF,AN,6166,1,Z_EU_Liq3_noDETG,0
NO0010762792,A2QBRA,Instabank ASA,93V,93V,AN,6166,1,Z_EU_Liq3_noDETG,0
NO0010763550,A2AHND,Treasure ASA,T1A,T1A,AN,6166,0,Z_EU_Liq3_noDETG,0
NO0010764053,A40HW4,Haugesund Sparebank,Y7I,Y7I,AN,6166,0,Z_EU_Liq3_noDETG,0
NO0010768096,A2AQT0,Western Bulk Chartering AS,7EJ,7EJ,AN,6166,1,Z_EU_Liq3_noDETG,0
NO0010781560,A2QLFV,Skitude Holding AS,6UK,6UK,AN,6166,0,Z_noMM,0
NO0010791353,A2DS30,MPC Container ASA,MP2,MP2,AN,6166,1,Z_EU_Liq2_TG,1
NO0010808405,A2QKKB,Romerike Sparebank,92I,92I,AN,6166,1,Z_EU_Liq3_noDETG,0
NO0010811961,A2JNDN,SoftOx Solutions A.S.,6FV,6FV,AN,6166,1,Z_EU_Liq3_noDETG,0
NO0010815103,A2QKYG,Kraft Bank ASA,709,709,AN,6166,1,Z_EU_Liq3_noDETG,0
NO0010815673,A2JGNR,Fjordkraft Holding ASA,1ZK,1ZK,AN,6166,1,Z_EU_Liq2_TG,1
NO0010816093,A2JGEL,Elkem ASA,1DP,1DP,AN,6166,1,Z_EU_Liq2_TG,1
NO0010816895,A2PLN0,Okea ASA,3SX,3SX,AN,6166,1,Z_EU_Liq2_TG,0
NO0010829765,A2P7K9,Andfjord Salmon AS,50R,50R,AN,6166,1,Z_EU_Liq3_noDETG,0
NO0010833262,A2PK8E,Klaveness Combination Carriers ASA,36K,36K,AN,6166,1,Z_EU_Liq2_TG,0
NO0010840507,A2P39H,Pexip Holding ASA,4W9,4W9,AN,6166,1,Z_EU_Liq2_TG,1
NO0010840515,A2PBB3,Axactor SE,2LJ,2LJ,AN,6166,1,Z_EU_Liq3_noDETG,0
NO0010856511,A2PMG8,NORBIT ASA,4NK,4NK,AN,6166,1,Z_EU_Liq2_TG,0
NO0010859580,A2QP0Z,Arctic Bioscience AS,9TD,9TD,AN,6166,1,Z_EU_Liq3_noDETG,0
NO0010859648,A2QJ0U,Huddlestock Fintech AS,9JR,9JR,AN,6166,1,Z_EU_Liq3_noDETG,0
NO0010861115,A2PTK2,Norske Skog AS,0BQ,0BQ,AN,6166,1,Z_EU_Liq3_noDETG,0
NO0010861990,A2PRFU,ProSafe SE,1Q6,1Q6,AN,6166,1,Z_EU_Liq3_noDETG,0
NO0010863285,A2PTV3,Sats ASA,2S0,2S0,AN,6166,1,Z_EU_Liq3_noDETG,0
NO0010864036,A2P86S,Elop AS,72G,72G,AN,6166,1,Z_EU_Liq3_noDETG,0
NO0010872468,A2QD56,Agilyx AS,5NQ,5NQ,AN,6166,1,Z_EU_Liq2_TG,0
NO0010876642,A2P85S,Cloudberry Clean Energy ASA,52K,52K,AN,6166,1,Z_EU_Liq2_TG,1
NO0010884794,A2P6KS,Ice Fish Farm AS,4YYA,4YYA,AN,6166,1,Z_EU_Liq3_noDETG,0
NO0010886625,A2P701,Aker BioMarine AS,1PG,1PG,AN,6166,1,Z_EU_Liq3_noDETG,0
NO0010887565,A2QFVR,Ocean Sun AS,OW7,OW7,AN,6166,1,Z_EU_Liq3_noDETG,0
NO0010890965,A2QBBR,Bewi ASA,5T0,5T0,AN,6166,1,Z_EU_Liq3_noDETG,0
NO0010892094,A2QDK9,Salmon Evolution Holding AS,60E,60E,AN,6166,1,Z_EU_Liq2_TG,1
NO0010892359,A2QD5A,Hydrogenpro AS,R6Z,R6Z,AN,6166,1,Z_EU_Liq2_TG,0
NO0010892912,A2QFMZ,Norcod AS,NO9,NO9,AN,6166,1,Z_EU_Liq3_noDETG,0
NO0010893902,A2QMHZ,Proximar Seafood AS,84Q,84Q,AN,6166,1,Z_EU_Liq3_noDETG,0
NO0010894231,A2QFJZ,LINK Mobility Group Holding ASA,L1N,L1N,AN,6166,1,Z_EU_Liq3_noDETG,0
NO0010894512,A2QD8B,CSAM Health Group AS,6Q1,6Q1,AN,6166,1,Z_EU_Liq3_noDETG,0
NO0010895782,A2QHVY,Xplora Technologies AS,86P,86P,AN,6166,1,Z_EU_Liq3_noDETG,0
NO0010904923,A2QKGG,Hexagon Purus AS,0QJ,0QJ,AN,6166,1,Z_EU_Liq2_TG,1
NO0010907389,A2QPU1,Rana Gruber AS,7XH,7XH,AN,6166,1,Z_EU_Liq2_TG,0
NO0010907744,A2QRF0,Green Minerals AS,5IP,5IP,AN,6166,1,Z_EU_Liq3_noDETG,0
NO0010911902,A2QLA1,Elektroimportoren AS,9F9,9F9,AN,6166,1,Z_EU_Liq3_noDETG,0
NO0010914641,A3DGPU,Ocean GeoLoop AS,FQ4,FQ4,AN,6166,1,Z_EU_Liq3_noDETG,0
NO0010917339,A2QNES,Horisont Energi AS,9GJ,9GJ,AN,6166,1,Z_EU_Liq3_noDETG,0
NO0010917719,A2QPA7,Arctic Fish Holding AS,6TW,6TW,AN,6166,1,Z_EU_Liq3_noDETG,0
NO0010920945,A3CM9J,Hynion AS,36R,36R,AN,6166,0,Z_EU_Liq3_noDETG,0
NO0010921232,A2QNH0,Aker Horizons AS,7QF,7QF,AN,6166,1,Z_EU_Liq2_TG,1
NO0010921299,A3CQSR,Harmonychain AS,7EW,7EW,AN,6166,1,Z_EU_Liq3_noDETG,0
NO0010923121,A3C90T,CO2 Capsol AS,W9K,W9K,AN,6166,1,Z_EU_Liq3_noDETG,0
NO0010927288,A2QPCH,Lumi Gruppen AS,8KS,8KS,AN,6166,1,Z_EU_Liq3_noDETG,0
NO0010931207,A2QP16,Skandia Greenpower AS,0RQ,0RQ,AN,6166,1,Z_EU_Liq3_noDETG,0
NO0010931918,A2QP3K,HAV Group ASA,6HH,6HH,AN,6166,1,Z_EU_Liq3_noDETG,0
NO0010950249,A3CNLM,Bergen Carbon Solutions AS,7X7,7X7,AN,6166,1,Z_EU_Liq2_TG,1
NO0010951577,A2QR3C,Tekna Holding AS,8VB,8VB,AN,6166,1,Z_EU_Liq3_noDETG,0
NO0010955917,A3CMW6,Deep Value Driller AS,9YG,9YG,AN,6166,1,Z_EU_Liq2_TG,0
NO0010963275,A2QR3K,Desert Control AS,8KT,8KT,AN,6166,1,Z_EU_Liq2_TG,0
NO0010969108,A3CPSZ,Norsk Titanium AS,84F,84F,AN,6166,1,Z_EU_Liq3_noDETG,0
NO0010974983,A3CSWR,Masoval AS,9QP,9QP,AN,6166,1,Z_EU_Liq3_noDETG,0
NO0010976343,A3CRUH,M Vest Water AS,7YA,7YA,AN,6166,1,Z_EU_Liq3_noDETG,0
NO0010984966,A3CRLZ,Norwegian Block Exchange AS,9Q3,9Q3,AN,6166,1,Z_EU_Liq3_noDETG,0
NO0011002586,A3CRSE,Elopak AS,9J7,9J7,AN,6166,1,Z_EU_Liq2_TG,0
NO0011002651,A3CRTG,Nordhealth AS,6E5,6E5,AN,6166,1,Z_EU_Liq3_noDETG,0
NO0011008971,A3CSFU,SmartCraft ASA,9YK,9YK,AN,6166,1,Z_EU_Liq3_noDETG,0
NO0011012502,A3CRYH,Smartoptics Group AS,3YL,3YL,AN,6166,1,Z_EU_Liq3_noDETG,0
NO0011013765,A3CTW3,Gigante Salmon AS,96M,96M,AN,6166,1,Z_EU_Liq3_noDETG,0
NO0011016040,A3CSVS,Komplett ASA,GJ60,GJ60,AN,6166,1,Z_EU_Liq3_noDETG,0
NO0011082075,A3C8LV,Höegh Autoliners ASA,V02,V02,AN,6166,1,Z_EU_Liq2_TG,1
NO0011202772,A3DEH5,VAR Energi AS,J4V,J4V,AN,6166,1,Z_EU_Liq2_TG,1
NO0012470089,A3DHA0,Tomra Systems ASA,TMRA,TMRA,AN,6166,1,Z_EU_Liq2_TG,1
NO0012483207,A3DJTR,Sparebanken Møre AS,K5X,K5X,AN,6166,1,Z_EU_Liq3_noDETG,0
NO0012535832,A3DL96,Polight AS,3OL0,3OL0,AN,6166,1,Z_EU_Liq3_noDETG,0
NO0012548819,A3DMCE,Sikri Holding ASA,57U0,57U0,AN,6166,0,Z_EU_Liq3_noDETG,0
NO0012555459,A3DMCQ,Endur ASA,4ZT0,4ZT0,AN,6166,1,Z_EU_Liq3_noDETG,0
NO0012706763,A3D3XV,Bien Sparebank ASA,JX0,JX0,AN,6166,1,Z_EU_Liq3_noDETG,0
NO0012851874,A3EC4Y,New DOF ASA,UV3,UV3,AN,6166,1,Z_EU_Liq2_TG,0
NO0012861683,A3D65B,Ayfie Group AS,72H0,72H0,AN,6166,1,Z_EU_Liq3_noDETG,0
NO0012885252,A3EEQK,Norse Atlantic ASA,9LG0,9LG0,AN,6166,1,Z_EU_Liq3_noDETG,0
NO0012916131,A3EEUZ,Techstep ASA,B1T0,B1T0,AN,6166,1,Z_EU_Liq3_noDETG,0
NO0012928805,A3ETUJ,Nordic Aqua Partners AS,22L,22L,AN,6166,1,Z_EU_Liq3_noDETG,0
NO0012942525,A3EJCY,PetroNor E&P ASA,FQ00,FQ00,AN,6166,1,Z_EU_Liq3_noDETG,0
NO0012953720,A3EJET,Hunter Group ASA,4BD0,4BD0,AN,6166,1,Z_EU_Liq3_noDETG,0
NO0013033795,A3EUN9,Circio Holding ASA,TA50,TA50,AN,6166,1,Z_EU_Liq3_noDETG,0
NO0013052209,A3EXM4,Norconsult ASA,JL80,JL80,AN,6166,1,Z_EU_Liq3_noDETG,0
NO0013119255,A400EA,Interoil Exploration and Production ASA,1ZD0,1ZD0,AN,6166,1,Z_EU_Liq3_noDETG,0
NO0013162693,A403MH,Nordic Mining ASA,7NM0,7NM0,AN,6166,1,Z_EU_Liq2_TG,0
NO0013178616,A40A79,Public Property Invest ASA,6SO,6SO,AN,6166,1,Z_EU_Liq3_noDETG,0
NO0013186460,A403WR,Ensurge Micropower ASA,B7X,B7X,AN,6166,1,Z_EU_Liq3_noDETG,0
NO0013209858,A40ED9,Flekkefjord Sparebank,I7O,I7O,AN,6166,1,Z_EU_Liq3_noDETG,0
NO0013219535,A40EDQ,Cavendish Hydrogen ASA,V07,V07,AN,6166,1,Z_EU_Liq2_TG,1
NO0013228585,A403T5,Golden Energy Offsh. Serv. AS,J9X0,J9X0,AN,6166,1,Z_EU_Liq3_noDETG,0
NO0013256180,A40D18,Borgestad ASA,H460,H460,AN,6166,1,Z_EU_Liq3_noDETG,0
NO0013355859,A40P11,Lifecare ASA,LFC0,LFC0,AN,6166,1,Z_EU_Liq3_noDETG,0
NO0013401380,A40P7B,Hermana Holding ASA,OF30,OF30,AN,6166,1,Z_EU_Liq3_noDETG,0
NO0013457952,A40WJJ,Observe Medical ASA,OM50,OM50,AN,6166,1,Z_EU_Liq3_noDETG,0
NO0013461350,A411HR,Integrated Wind Solutions ASA,9UG1,9UG1,AN,6166,1,Z_EU_Liq3_noDETG,0
NO0013464750,A40ZYD,Atlantic Sapphire ASA,4AS,4AS,AN,6166,1,Z_EU_Liq3_noDETG,0
NO0013470534,A411HK,Huddly AS,14B0,14B0,AN,6166,1,Z_EU_Liq3_noDETG,0
NO0013483503,A411M9,CodeLab Capital AS,P990,P990,AN,6166,1,Z_EU_Liq3_noDETG,0
NO0013524942,A415VC,Ultimovacs ASA,7UM0,7UM0,AN,6166,1,Z_EU_Liq3_noDETG,0
NO0013536078,A41B4H,IDEX Biometrics ASA,I8X,I8X,AN,6166,1,Z_EU_Liq3_noDETG,0
NO0013536151,A41BLY,Kongsberg Gruppen AS,KOZ1,KOZ1,AN,6166,1,A_TradeRebel_HG3NONUS,1
NO0013601245,A41BQM,EAM Solar ASA,EA20,EA20,AN,6166,1,Z_EU_Liq3_noDETG,0
NO0013647693,A41H72,Fjord Defence Group ASA,S5B0,S5B0,AN,6166,1,Z_EU_Liq3_noDETG,0
NO0013682948,A41H9F,Arribatec Group ASA,B7Z,B7Z,AN,6166,1,Z_EU_Liq3_noDETG,0
NO0013683409,A41HA0,Nordic Financials ASA,82T,82T,AN,6166,1,Z_EU_Liq3_noDETG,0
NO0013696799,A41U71,Havila Kystruten AS,6FZ0,6FZ0,AN,6166,1,Z_EU_Liq3_noDETG,0
NO0013698431,A41TSE,Energeia AS,F620,F620,AN,6166,1,Z_EU_Liq3_noDETG,0
NO0013711713,A41YN5,Oncoinvent ASA,7BG,7BG,AN,6166,1,Z_USA_Liq3_noDETG,0
NO0013711739,A420G0,Dolphin Drilling AS,5DP,5DP,AN,6166,1,Z_EU_Liq3_noDETG,0
NO0013721613,A41YPU,Otovo ASA,89K0,89K0,AN,6166,1,Z_EU_Liq3_noDETG,1
NO0013735894,A41YS7,Aqua Bio Technology ASA,3FZ0,3FZ0,AN,6166,1,Z_EU_Liq3_noDETG,0
NZAIAE0002S6,A111EQ,Auckland International Airport Ltd.,BZTA,BZTA,AG,6166,1,Z_ASIA_Liq3_noDETG,0
NZAIRE0001S2,881317,Air New Zealand Ltd.,BZU,BZUG,AG,6166,1,Z_ASIA_Liq3_noDETG,0
NZATME0002S8,A1JB6S,a2 Milk Co. Ltd.,14L,14L,AG,6166,1,Z_ASIA_Liq3_noDETG,0
NZBRME0001S2,A2QC2E,Barramundi Ltd.,607,607,AG,6166,1,Z_ASIA_Liq3_noDETG,0
NZCENE0001S6,922214,Contact Energy Ltd.,BZB,BZB,AG,6166,1,Z_ASIA_Liq3_noDETG,0
NZCNUE0001S2,A1JMPL,Chorus Ltd.,7CH,7CH,AG,6166,1,Z_ASIA_Liq3_noDETG,0
NZEBOE0001S6,724635,EBOS Group Ltd,EJG,EJGG,AG,6166,1,Z_ASIA_Liq3_noDETG,0
NZFAPE0001S2,881319,Fisher & Paykel Health Corp. Ltd.,FPLB,FPH,AG,6166,1,Z_ASIA_Liq3_noDETG,0
NZFBUE0001S0,632335,Fletcher Building Ltd.,FLQ,FBU,AG,6166,1,Z_ASIA_Liq3_noDETG,0
NZFSFE0001S5,A0J31Q,Fonterra Shareholders' Fund Ltd.,F01,F01u,AG,6166,1,Z_noMM,0
NZGNEE0001S7,A11065,Genesis Energy Ltd,1G6,1G6,AG,6166,1,Z_ASIA_Liq3_noDETG,0
NZHELE0001S9,884451,Tourism Holdings Ltd.,UCH,THL,AG,6166,1,Z_ASIA_Liq3_noDETG,0
NZHGHE0007S9,A2N8PX,Heartland Group Holdings Ltd.,73X,73X,AG,6166,1,Z_ASIA_Liq3_noDETG,0
NZKMDE0001S3,A0YESU,Kathmandu Holdings Ltd.,KD2,KD2,AG,6166,1,Z_noMM,0
NZMELE0002S7,A14SF0,Meridian Energy Ltd.,15M1,15M1,AG,6166,1,Z_ASIA_Liq3_noDETG,0
NZMFTE0001S9,A0CATD,Mainfreight Ltd.,NK7,MFT,AG,6166,1,Z_ASIA_Liq3_noDETG,0
NZMRPE0001S2,A1T9LV,Mercury NZ Ltd.,MRY,MRP,AG,6166,1,Z_ASIA_Liq3_noDETG,0
NZNEUE0001S8,A0DPHQ,Neuren Pharmaceuticals Ltd.,NK9,NK9,AG,6166,1,Z_ASIA_Liq3_noDETG,0
NZNZLE0001S2,A3CUMC,New Zealand Rural Land Company Ltd.,8UK,8UK,AG,6166,1,Z_ASIA_Liq3_noDETG,0
NZRBDE0001S1,907297,Restaurants Brands New Zealand Ltd.,RB6,RBD,AU,6166,0,Z_noMM,0
NZRYME0001S4,749279,Ryman Healthcare Ltd.,RH7,RYM,AG,6166,1,Z_ASIA_Liq3_noDETG,0
NZSCLE0002S8,A119EF,Scales Corp. Ltd.,S05,S05,AG,6166,1,Z_ASIA_Liq3_noDETG,0
NZSKCE0001S2,906352,Skycity Entertainment Group,RX4,SKC,AG,6166,1,Z_noMM,0
NZSUME0001S0,A1JYQH,Summerset Group Holdings Ltd.,20S,20S,AG,6166,1,Z_ASIA_Liq3_noDETG,0
NZTELE0001S4,882336,Spark New Zealand Ltd.,NZT,NZT,AG,6166,1,Z_ASIA_Liq3_noDETG,0
NZWHSE0001S6,899220,The Warehouse Group Ltd.,UXN,WHS,AG,6166,1,Z_noMM,0
NZXROE0001S2,A1H4J8,Xero Ltd.,0XE,0XE,AG,6166,1,Z_ASIA_Liq3_noDETG,0
PA1436583006,120100,Carnival Corp.,CVC1,CCLC,AC,6166,1,Z_USA_Liq2_TG,1
PAP169941328,884869,Banco Latinoamericano de Comercio Exterior S.A.,D8Q,BLX,AD,6166,1,Z_USA_Liq3_noDETG,0
PAP310761054,A0H1Q1,Copa Holdings S.A.,C2H,CPAU,AT,6166,1,Z_USA_Liq2_TG,0
PEP648014202,625947,Volcan Compania Minera S.A.A.,H3Z,H3Z_p,AT,6166,0,Z_noMM,0
PG0008526520,852652,Bougainville Copper Ltd.,BOU1,BOCP,AF,6166,1,Z_ASIA_Liq2_TG,0
PL11BTS00015,A1J1ZZ,'11 bit studios SA,11C,11C,AO,6166,1,Z_EU_Liq3_noDETG,0
PLA295700027,A3CRY8,Incuvo S.A.,68X,68X,AO,6166,1,Z_EU_Liq3_noDETG,0
PLAB00000019,A0LA5E,AB S.A.,8B6,8B6,AO,6166,1,Z_EU_Liq3_noDETG,0
PLALIOR00045,A1J9PZ,Alior Bank S.A.,A6O,A6O1,AO,6166,1,Z_EU_Liq3_noDETG,0
PLAMBRA00013,A0ER66,Ambra S.A.,1W7,1W7,AO,6166,1,Z_EU_Liq3_noDETG,0
PLANSWR00019,A2QL7L,Answear.com SA,90Z,90Z,AO,6166,1,Z_EU_Liq3_noDETG,0
PLAPATR00018,906743,Apator S.A.,8QM,8QM,AO,6166,1,Z_EU_Liq3_noDETG,0
PLARTFX00011,A2DG1W,Artifex Mundi S.A.,7XA,7XA,AO,6166,1,Z_noMM,0
PLARTGS00019,A2PLET,Art Games Studio S.A.,223,223,AO,6166,1,Z_noMM,0
PLARTPR00012,A0YCRT,Arctic Paper S.A.,A0P,A0P,AO,6166,1,Z_EU_Liq2_TG,0
PLATAL000046,A14YD5,Atal SA,1UY,1UY,AO,6166,1,Z_EU_Liq3_noDETG,0
PLATPRT00018,A2AMJD,Auto Partner S.A.,6KF,6KF,AO,6166,1,Z_EU_Liq3_noDETG,0
PLBH00000012,907562,Bank Handlowy W Warszawie S.A.,6HW,6HW,AO,6166,1,Z_EU_Liq3_noDETG,0
PLBIG0000016,894956,Bank Millennium S.A.,1HN,1HN,AO,6166,1,Z_EU_Liq3_noDETG,0
PLBIOPL00013,A2QNGE,Bio Planet S.A.,8WS,8WS,AO,6166,1,Z_EU_Liq3_noDETG,0
PLBIOTN00029,A0D9SD,Bioton S.A.,7U5,7U5,AO,6166,1,Z_EU_Liq3_noDETG,0
PLBKDGM00019,A3C5GY,Baked Games SA,4U6,4U6,AO,6166,1,Z_EU_Liq3_noDETG,0
PLBLOBR00014,A1J10V,Bloober Team S.A.,6BO,6BO,AO,6166,1,Z_EU_Liq3_noDETG,0
PLBMBIT00010,A2PL08,BoomBit S.A.,57QA,57QA,AO,6166,1,Z_EU_Liq3_noDETG,0
PLBMDLB00018,A1J10U,Biomed-Lublin Wytw.Sur.i Szcz.,6NQ,6NQ,AO,6166,1,Z_EU_Liq3_noDETG,0
PLBNFTS00018,A1JALK,Benefit Systems S.A.,3ZV,3ZV,AO,6166,1,Z_EU_Liq3_noDETG,0
PLBRE0000012,884537,mBank S.A.,BRU,BREB,AO,6166,1,Z_EU_Liq3_noDETG,0
PLBRN2400013,A2JC5C,Brand 24 S.A.,8GS,8GS,AO,6166,1,Z_noMM,0
PLBRSZW00011,902089,Boryszew S.A.,BOW,BORW,AO,6166,0,Z_EU_Liq3_noDETG,0
PLBSK0000017,889137,ING Bank Slaski S.A.,6GF,6GF,AO,6166,1,Z_EU_Liq3_noDETG,0
PLBUDMX00013,896676,Budimex S.A.,FBF,FBFG,AO,6166,1,Z_EU_Liq3_noDETG,0
PLBZ00000044,677298,Santander Bank Polska S.A.,BZI,BZIG,AO,6166,1,Z_EU_Liq3_noDETG,0
PLCCC0000016,A0DNL1,CCC S.A.,6RK,6RK,AO,6166,1,Z_EU_Liq3_noDETG,0
PLCFRPT00013,A0Q0G9,Cyfrowy Polsat S.A.,CP9,CPS,AO,6166,1,Z_EU_Liq3_noDETG,0
PLCHRPK00018,A2H8NY,Cherrypick Games S.A.,0E3,0E3,AO,6166,0,Z_noMM,0
PLCLNPH00015,A2DJW6,Celon Pharma S.A.,8RP,8RP,AO,6166,1,Z_EU_Liq3_noDETG,0
PLCMPLD00016,896270,Sygnity S.A.,CPN,CPNG,AO,6166,1,Z_EU_Liq3_noDETG,0
PLCNSLB00012,A3C5GZ,Console Labs SA,9ZK,9ZK,AO,6166,1,Z_EU_Liq3_noDETG,0
PLCNTSL00014,911886,Cognor Holding SA,WO9,WO9,AO,6166,1,Z_EU_Liq3_noDETG,0
PLCPTRT00014,A3CNAX,Captor Therapeutics S.A.,60Q,60Q,AO,6166,1,Z_EU_Liq3_noDETG,0
PLCRBST00016,A2PXAQ,Carbon Studio SA,0SP,0SP,AO,6166,1,Z_noMM,0
PLCRFRG00016,A2JM16,Creativeforge Games SA,19F,19F,AO,6166,1,Z_EU_Liq3_noDETG,0
PLCRPJR00019,A2JR4R,Creepy Jar SA,3CJ,3CJ,AO,6166,1,Z_EU_Liq3_noDETG,0
PLCTINT00018,A0NJDD,CI Games S.A.,CI7,CI7,AO,6166,1,Z_EU_Liq3_noDETG,0
PLDADEL00013,A2QRJL,Dadelo S.A.,91N0,91N0,AO,6166,1,Z_EU_Liq3_noDETG,0
PLDINPL00011,A2DPXC,Dino Polska S.A.,5Y2,5Y2,AO,6166,0,Z_EU_Liq3_noDETG,0
PLDLITY00010,A2QFQ0,Duality SA,824,824,AO,6166,1,Z_noMM,0
PLDMDVL00012,A0LC5S,Dom Development S.A.,6WV,6WV,AO,6166,1,Z_EU_Liq3_noDETG,0
PLDRG0000013,A3CRZA,Drago Entertainment S.A.,65M,65M,AO,6166,1,Z_EU_Liq3_noDETG,0
PLDTLGM00019,A3CRY7,Detalion Games SA,9XJ,9XJ,AO,6166,0,Z_EU_Liq3_noDETG,0
PLECBDZ00013,541407,Elektrocieplownia Bedzin S.A.,JH8,JH8,AO,6166,1,Z_EU_Liq3_noDETG,0
PLECCGM00012,A2PEDF,ECC Games SA,2UG,2UG,AO,6166,1,Z_noMM,0
PLECHPS00019,902092,Echo Investment S.A.,4I3,4I3,AO,6166,1,Z_EU_Liq3_noDETG,0
PLENERG00022,A1W95U,Energa S.A.,EN2,EN2,AO,6166,1,Z_EU_Liq3_noDETG,0
PLENLMD00017,A1JDAR,Centrum Medyczne ENEL-Med S.A.,E19,E19,AO,6166,1,Z_EU_Liq3_noDETG,0
PLENTER00017,A2ADL0,Enter Air SA,10N,10N,AO,6166,1,Z_EU_Liq3_noDETG,0
PLERBUD00012,A0MXQG,Erbud S.A.,9DP,9DP,AO,6166,1,Z_EU_Liq3_noDETG,0
PLEURCH00011,A0DQA0,Eurocash S.A.,E07,EURG,AO,6166,1,Z_EU_Liq3_noDETG,0
PLFRENT00014,A1J12C,Forever Entertainment S.A.,8FE,8FE,AO,6166,1,Z_EU_Liq3_noDETG,0
PLFRMGR00015,A1J116,The Farm 51 Group S.A.,F51,F51G,AO,6166,0,Z_EU_Liq3_noDETG,0
PLGEOTR00010,A2PNWP,Geotrans SA,5Z4,5Z4,AO,6166,1,Z_EU_Liq3_noDETG,0
PLGMHTS00015,A40PPA,GameHunters S.A.,V2Q,V2Q,AO,6166,1,Z_EU_Liq3_noDETG,0
PLGMNGF00017,A2P958,Gaming Factory S.A.,9JU,9JU,AO,6166,1,Z_EU_Liq3_noDETG,0
PLGMSOP00019,A2P3F2,Games Operators SA,8P7,8P7,AO,6166,1,Z_EU_Liq3_noDETG,0
PLGPW0000017,A1C7YU,Warsaw Stock Exchange,WSX,WSXG,AO,6166,1,Z_EU_Liq3_noDETG,0
PLGRMNK00014,A12CK9,Mennica Skarbowa SA,98S,98S,AO,6166,1,Z_EU_Liq3_noDETG,0
PLGRODN00015,A1J12R,Grodno S.A.,WO7,WO7,AO,6166,1,Z_EU_Liq3_noDETG,0
PLGTC0000037,A0CA6H,Globe Trade Centre S.A.,G91,G91,AO,6166,1,Z_EU_Liq3_noDETG,0
PLHCKLG00010,A2JAMS,Huckleberry Games S.A.,6SH,6SH,AO,6166,1,Z_noMM,0
PLHDRGM00011,A3DDGA,Hydra Games S.A.,H4F,H4F,AO,6166,1,Z_noMM,0
PLHOTB000011,A0RNWQ,Carlson Investments SA,2HB,2HB,AO,6166,1,Z_EU_Liq3_noDETG,0
PLIFN4L00018,A2AP61,iFun4all S.A.,IF4,IF4,AO,6166,0,Z_noMM,0
PLIMRGM00010,A3C20N,Immersion Games Spolka Akcyjna,73W,73W,AO,6166,1,Z_EU_Liq3_noDETG,0
PLJJBEE00028,A2JN1E,Jujubee S.A.,5JJ,5JJ,AO,6166,1,Z_EU_Liq3_noDETG,0
PLJRINV00013,A12CLL,JR Holding S.A.,8JA,8JA,AO,6166,1,Z_EU_Liq3_noDETG,0
PLJSW0000015,A1JCB2,Jastrzebska Spolka Weglowa S.A.,J2S,J2S,AO,6166,1,Z_EU_Liq3_noDETG,0
PLKETY000011,898447,Grupa Kety S.A.,GQ2,GQ2,AO,6166,1,Z_EU_Liq3_noDETG,0
PLKGHM000017,908063,KGHM Polska Miedz S.A.,KGHA,KGHA,AO,6166,1,Z_EU_Liq3_noDETG,1
PLKGNRC00015,553559,Zespol Elektrocieplowni Wroclawskich Kogeneracja S.A.,2ZO,2ZO,AO,6166,1,Z_EU_Liq3_noDETG,0
PLKL2PL00014,A3CRY9,Kool2play SA,8Q8,8Q8,AO,6166,1,Z_EU_Liq3_noDETG,0
PLKLBTR00014,A2PTWA,Klabater SA,0W3,0W3,AO,6166,0,Z_noMM,0
PLKRK0000010,A1JFY4,Kruk S.A.,83I,83I,AO,6166,1,Z_EU_Liq3_noDETG,0
PLLMPAY00016,A3EWU0,LM PAY Spolka Akcyjna,Y00,Y00,AO,6166,1,Z_EU_Liq3_noDETG,0
PLLPP0000011,121065,LPP S.A.,1RY,1RYG,AO,6166,1,Z_EU_Liq3_noDETG,1
PLLSRMD00018,A12CLS,One More Level S.A.,1OJ,1OJ,AO,6166,1,Z_EU_Liq3_noDETG,0
PLLUBAW00013,911093,Lubawa S.A.,WQ2,WQ2,AO,6166,1,Z_EU_Liq3_noDETG,0
PLLVMGM00016,A3CTZD,Live Motion Games,4YM,4YM,AO,6166,0,Z_EU_Liq3_noDETG,0
PLLVTSF00010,A111R3,LIVECHAT Software S.A.,886,886,AO,6166,1,Z_EU_Liq3_noDETG,0
PLLWBGD00016,A0RP05,Lubelski Wegiel Bogdank S.A.,UXX,UXX,AO,6166,1,Z_EU_Liq3_noDETG,0
PLMBION00016,A1J13Q,Mabion SA,272,272,AO,6166,1,Z_EU_Liq3_noDETG,0
PLMLSTM00015,A2JP5U,ML System S.A.,6UX,6UX,AO,6166,1,Z_EU_Liq3_noDETG,0
PLMOBRK00013,A1C3YC,Mo-BRUK S.A.,1VX,1VX,AO,6166,1,Z_EU_Liq3_noDETG,0
PLMRBUD00015,A0REM5,Mirbud S.A.,9SX,9SX,AO,6166,1,Z_EU_Liq3_noDETG,0
PLMRCTR00015,A1XCKG,Mercator Medical S.A.,MM2,MM2,AO,6166,1,Z_EU_Liq3_noDETG,0
PLMRTIN00011,A12CLY,Merit Invest S.A.,2EK,2EK,AO,6166,1,Z_EU_Liq3_noDETG,0
PLMUZA000019,925610,Wydawnictwo Muza S.A.,M9Z,M9Z,AO,6166,1,Z_noMM,0
PLMVGMS00011,A2PA3X,Movie Games S.A.,2LH,2LH,AO,6166,1,Z_EU_Liq3_noDETG,0
PLNCTLC00018,A3DKFT,Noctiluca S.A.,G0Z,G0Z,AO,6166,1,Z_EU_Liq3_noDETG,0
PLNEWAG00012,A1W93P,Newag S.A.,N0GA,N0GA,AO,6166,1,Z_EU_Liq3_noDETG,0
PLONCTH00011,A2JJ69,OncoArendi Therapeutics S.A.,1B1,1B1,AO,6166,1,Z_EU_Liq3_noDETG,0
PLONDE000018,A3CVP8,ONDE S.A.,0XF,0XF,AO,6166,1,Z_EU_Liq3_noDETG,0
PLOPNPL00013,A0NJDH,Oponeo.pl S.A.,79I,79I,AO,6166,1,Z_EU_Liq3_noDETG,0
PLOPTEM00012,A1C528,OPTeam S.A.,7GS,7GS,AO,6166,1,Z_EU_Liq3_noDETG,0
PLOPTTC00011,534356,CD Projekt S.A.,7CD,CDR,AO,6166,1,Z_EU_Liq3_noDETG,1
PLPCCRK00076,A1165C,PCC Rokita S.A.,229,229,AO,6166,1,Z_EU_Liq3_noDETG,0
PLPCFGR00010,A2QLG3,PCF Group S.A.,6D1,6D1,AO,6166,1,Z_EU_Liq3_noDETG,0
PLPEKAO00016,914910,Bank Pekao S.A.,BP1,BP1,AO,6166,1,Z_EU_Liq3_noDETG,1
PLPGER000010,A0YC19,Polska Grupa Energetyczna S.A.,6PG,6PG,AO,6166,1,Z_EU_Liq3_noDETG,0
PLPHN0000014,A1KCVX,Polski Holding Nieruchomosci S.A.,2PN,2PN,AO,6166,1,Z_EU_Liq3_noDETG,0
PLPILAB00012,A12CL3,Datawalk S.A.,01R,01R,AO,6166,1,Z_EU_Liq3_noDETG,0
PLPKN0000018,929424,Polski Koncern Naftowy Orlen S.A.,PKY1,PKY1,AO,6166,1,Z_EU_Liq3_noDETG,1
PLPKO0000016,A0DLEV,Powszechna Kasa Oszczednosci [PKO] Bank Polski S.A.,P9O,P9O,AO,6166,1,Z_EU_Liq3_noDETG,1
PLPKPCR00011,A1W7D1,PKP Cargo S.A.,PK3,PK3,AO,6166,1,Z_EU_Liq3_noDETG,0
PLPLAYW00015,A2AT5Y,PlayWay S.A.,6P5,6P5,AO,6166,1,Z_EU_Liq3_noDETG,0
PLPLCHL00019,A2QLAZ,Play2Chill S.A.,688,688,AO,6166,1,Z_EU_Liq3_noDETG,0
PLPNCHP00016,A3CWXA,Punch Punk S.A.,6K7,6K7,AO,6166,0,Z_noMM,0
PLPOLWX00026,A12C8M,polWAX S.A.,1LW,1LW,AO,6166,1,Z_EU_Liq3_noDETG,0
PLPRBLG00010,A2N9NP,Pure Biologics S.A.,PQB,PQB,AO,6166,1,Z_EU_Liq3_noDETG,0
PLPZU0000011,A0YCYA,Powszechny Zaklad Ubezpieczen S.A.,7PZ,7PZ,AO,6166,1,Z_EU_Liq3_noDETG,1
PLQBCGM00018,A2ASZ0,Qubicgames S.A.,QA7,QA7,AO,6166,1,Z_EU_Liq3_noDETG,0
PLR220000018,A2JAWM,R22 SA,0K0,0K0,AO,6166,1,Z_EU_Liq3_noDETG,0
PLRNBWT00031,A0NJDM,Rainbow Tours S.A.,1X6,1X6,AO,6166,1,Z_EU_Liq3_noDETG,0
PLROPCE00017,910350,Zaklady Magnezytowe Rop. S.A.,QL7,QL7,AO,6166,1,Z_EU_Liq3_noDETG,0
PLSELNA00010,A0MXMU,Selena FM S.A.,3Z3,3Z3,AO,6166,1,Z_EU_Liq3_noDETG,0
PLSELVT00013,A1JUH2,Ryvu Therapeutics S.A.,9Y4,9Y4,AO,6166,1,Z_EU_Liq3_noDETG,0
PLSHPR000021,A3CTP4,Shoper S.A.,8FF,8FF,AO,6166,1,Z_EU_Liq3_noDETG,0
PLSMFBC00016,A2P2YR,Sim Fabric S.A.,853,853,AO,6166,0,Z_EU_Liq3_noDETG,0
PLSNKTK00019,A1JD4W,Synektik SA,A2P,A2P,AO,6166,1,Z_EU_Liq3_noDETG,0
PLSNTFG00017,A12CMH,Setanta S.A.,SE2,SE2,AO,6166,0,Z_EU_Liq3_noDETG,0
PLSOFTB00016,914744,Asseco Poland S.A.,SFB1,SFB1,AO,6166,1,Z_EU_Liq3_noDETG,0
PLSPRSF00011,A2QGAZ,SpyroSoft S.A.,2NP,2NP,AO,6166,1,Z_EU_Liq3_noDETG,0
PLSTIGR00012,A1J15N,Columbus Energy S.A.,0Q8,0Q8,AO,6166,1,Z_EU_Liq3_noDETG,0
PLSTLEX00019,892867,Stalexport Autostrady S.A.,8ZZ,8ZZ,AO,6166,1,Z_EU_Liq3_noDETG,0
PLSTLPD00017,911884,Stalprodukt S.A.,0WB,0WB,AO,6166,1,Z_EU_Liq3_noDETG,0
PLSTLSK00016,904718,Sanok Rubber Company Spólka Akcyjna,1NX,1NX,AO,6166,1,Z_EU_Liq3_noDETG,0
PLSTRWI00019,A2QBT9,Starward Industries S.A.,4T6,4T6,AO,6166,1,Z_EU_Liq3_noDETG,0
PLSUNEX00013,A1J15Q,Sunex S.A.,HN6,HN6,AO,6166,1,Z_EU_Liq3_noDETG,0
PLTAURN00011,A1C0ZK,Tauron Polska Energia SA,1T5,1T5,AO,6166,1,Z_EU_Liq3_noDETG,0
PLTBULL00024,A2N4XQ,T-Bull S.A.,TBU,TBU,AO,6166,1,Z_EU_Liq3_noDETG,0
PLTHDST00017,A2JH8G,The Dust S.A.,0YF,0YF,AO,6166,0,Z_noMM,0
PLTLKPL00017,917448,TPSA - Telekomunikacja P. S.A.,TPA1,TPA1,AO,6166,1,Z_EU_Liq3_noDETG,0
PLTOYA000011,A1JKWG,Toya S.A.,6PJ,6PJ,AO,6166,1,Z_EU_Liq3_noDETG,0
PLTSQGM00016,A2JL3T,Ten Square Games S.A.,1HQ,1HQ,AO,6166,1,Z_EU_Liq3_noDETG,0
PLUNMOT00013,A12CMS,Unimot S.A.,5G9,5G9,AO,6166,1,Z_EU_Liq3_noDETG,0
PLVOXEL00014,A1J16A,Voxel,0NX,0NX,AO,6166,1,Z_EU_Liq3_noDETG,0
PLVRCM000016,A3CPEB,Vercom S.A.,14W,14W,AO,6166,1,Z_EU_Liq3_noDETG,0
PLVVDGM00014,A12CMW,Vivid Games S.A.,6V2,6V2,AO,6166,0,Z_noMM,0
PLWDPCK00017,A3C28J,Woodpecker.Co S.A,8FG,8FG,AO,6166,1,Z_EU_Liq3_noDETG,0
PLWELTN00012,A0NDN4,Wielton S.A.,2W1,2W1,AO,6166,1,Z_EU_Liq3_noDETG,0
PLXTPL000018,A2DYT9,XTPL SA,5C8,5C8,AO,6166,1,Z_EU_Liq3_noDETG,0
PLXTRDM00011,A2AJ7Q,X-Trade Brokers Dom Maklerski S.A.,9PR,9PR,AO,6166,1,Z_EU_Liq3_noDETG,0
PLYORIM00019,A12CMY,Varsav Games Studios S.A.,2QW,2QW,AO,6166,1,Z_noMM,0
PLZAPUL00057,A0HMEF,Grupa Azoty Zaklady Az. Pulawy,1V5,1V5,AO,6166,1,Z_EU_Liq3_noDETG,0
PLZATRM00012,A0Q4ZP,Grupa Azoty S.A.,5PL,5PL,AO,6166,1,Z_EU_Liq3_noDETG,0
PR30040P1032,A1T8GY,Evertec Inc.,2EV,2EV,AL,6166,1,Z_USA_Liq3_noDETG,0
PR3186727065,A1C9RC,First BanCorp.,OLWN,FBP,AL,6166,1,Z_USA_Liq3_noDETG,0
PR7331747001,A1JY4C,Popular Inc.,PP4A,PP4A,AT,6166,1,Z_USA_Liq2_TG,0
PTALT0AE0002,A0D8NY,Altri SGPS S.A.,ACJ,ACJ,AW,6166,1,Z_EU_Liq2_TG,1
PTBCP0AM0015,A2ATK9,Banco Comerciale Portugues S.A.,BCPN,BCPNn,AW,6166,1,Z_EU_Liq2_TG,1
PTCOR0AE0006,875180,Corticeira Amorim - Sociedade Gestora Participacoes Sociais S.A.,AS4,CORA,AW,6166,1,Z_EU_Liq2_TG,1
PTCTT0AM0001,A1W9RB,CTT - Correios de Portugal S.A.,C7T,C7T,AW,6166,1,Z_EU_Liq2_TG,1
PTEDP0AM0009,906980,EDP - Energias de Portugal S.A.,EDP,EDP,AW,6166,1,Z_EU_Liq2_TG,1
PTFCP0AM0008,918664,Futebol Clube do Porto - Futebol SAD,FBC,FCPP,AW,6166,1,Z_EU_Liq3_noDETG,0
PTGAL0AM0009,A0LB24,Galp Energia SGPS S.A.,GZ5,GALP,AW,6166,1,Z_EU_Liq2_TG,1
PTGMC0AM0003,A0B9WT,Grupo Media Capital SGPS S.A.,GQV,MCPT,AW,6166,0,Z_EU_Liq3_noDETG,0
PTIBS0AM0008,A0X8WE,Ibersol SGPS S.A.,L34,L34,AW,6166,1,Z_EU_Liq3_noDETG,0
PTIPR0AM0000,938906,Impresa SGPS S.A.,IR9,IPRN,AW,6166,0,Z_EU_Liq3_noDETG,0
PTJMT0AE0001,878605,"Jeronimo Martins, SGPS, S.A.",JEM,JMT,AW,6166,1,Z_EU_Liq2_TG,1
PTMEN0AE0005,896770,MOTA-ENGIL SGPS S.A.,M09,MOTA,AW,6166,1,Z_EU_Liq2_TG,1
PTMFR0AM0003,A0MVD4,Martifer SGPS S.A.,FRW,FRW,AW,6166,1,Z_EU_Liq3_noDETG,0
PTNBA0AM0006,501816,NOVABASE SGPS S.A.,NVQ,NBAN,AW,6166,1,Z_EU_Liq3_noDETG,0
PTPAD0AM0007,A0MX4J,Glintt - Global Intelligent Technologies S.A.,PAJA,GLINT,AW,6166,1,Z_EU_Liq3_noDETG,0
PTPTC0AM0009,895464,Pharol SGPS S.A.,PTCA,PTC,AW,6166,1,Z_EU_Liq2_TG,1
PTPTI0AM0006,895885,Navigator Company S.A.,PO9,PO9,AW,6166,1,Z_EU_Liq2_TG,1
PTREL0AM0008,A0MVJA,"REN - Redes Energeticas Nacionais, SGPS, S.A.",RN4,RN4,AW,6166,1,Z_EU_Liq2_TG,1
PTSCP0AM0001,918665,Sporting Lissabon,SCG,SPSO,AW,6166,1,Z_EU_Liq3_noDETG,0
PTSEM0AM0004,485513,"Semapa - Sociedade de Investimento e Gestao S.G.P.S., S.A.",SQQ1,SQQ1,AW,6166,1,Z_EU_Liq3_noDETG,0
PTSLB0AM0010,A0MSP7,Sport Lisboa e Benfica SAD,M0W,M0W,AW,6166,1,Z_EU_Liq3_noDETG,0
PTSNC0AM0006,A0Q0AF,Sonaecom SGPS SA,XOA1,SNC,AW,6166,1,Z_EU_Liq3_noDETG,0
PTSON0AM0001,A0QZ4X,Sonae SGPS S.A.,YSON,YSO,AW,6166,1,Z_EU_Liq2_TG,1
PTTD10AM0000,A1C3ME,Teixeira Duarte S.A.,TXC2,TDU,AW,6166,1,Z_EU_Liq3_noDETG,0
PTZON0AM0006,A0NEHN,NOS SGPS S.A.,PMV,ZON,AW,6166,1,Z_EU_Liq2_TG,1
ROSNGNACNOR3,A1W7F9,Societ.Nat.de Gaze Nat.Romgaz,RZ8B,RZ8B,AO,6166,1,Z_EU_Liq3_noDETG,0
ROSNPPACNOR9,766152,OMV Petrom,XNE,XNE,AZ,6166,0,Z_EU_Liq3_noDETG,0
ROTGNTACNOR8,A0M8Y6,Societatea Nationala de Transport Gaze Naturale Transgaz S.A.,7RN,7RN,AO,6166,1,Z_EU_Liq3_noDETG,0
ROTLVAACNOR1,927146,Banca Transilvania Cluj S.A.,7TB,7TB,AO,6166,1,Z_EU_Liq3_noDETG,0
SE0000106205,887234,Peab AB,PEKB,PEABb,AN,6166,1,Z_EU_Liq3_noDETG,0
SE0000106270,872318,H & M Hennes & Mauritz AB,HMSB,HEMS,AN,6166,1,Z_EU_Liq1_DETG,1
SE0000107203,877360,AB Industrivärden,IDV1,INDU,AN,6166,1,Z_EU_Liq2_TG,0
SE0000108201,884316,SKF AB,SKFA,SKFa,AN,6166,1,Z_EU_Liq2_TG,0
SE0000108227,852608,SKF AB,SKFB,SKFb,AN,6166,1,Z_EU_Liq2_TG,1
SE0000108649,857463,Ericsson,ERCG,ERICa,AN,6166,1,Z_EU_Liq1_DETG,1
SE0000108656,850001,Ericsson,ERCB,ERICb,AN,6166,1,Z_EU_Liq1_DETG,1
SE0000108847,884780,Lundbergföretagen AB,LU3B,LUNDb,AN,6166,1,Z_EU_Liq2_TG,1
SE0000111940,882286,Ratos AB,RAZB,RATO,AN,6166,1,Z_EU_Liq3_noDETG,0
SE0000112252,886734,Rottneros AB,RBG,RROS,AN,6166,1,Z_EU_Liq2_TG,1
SE0000112724,856193,Svenska Cellulosa AB,SCA,SCAb,AN,6166,1,Z_EU_Liq2_TG,1
SE0000113250,863784,SKANSKA AB,SKNB,SKAb,AN,6166,1,Z_EU_Liq2_TG,1
SE0000114837,873098,Trelleborg AB,TLLB,TRELb,AN,6166,1,Z_EU_Liq2_TG,1
SE0000115420,871229,AB Volvo publ,VOL3,VOLVa,AN,6166,1,Z_EU_Liq2_TG,1
SE0000115446,855689,Volvo,VOL1,VOLVb,AN,6166,1,Z_EU_Liq2_TG,1
SE0000117970,880767,NCC AB,NCGB,NCCb,AN,6166,1,Z_EU_Liq3_noDETG,0
SE0000119299,912028,Elanders AB,EA5B,ELANb,AN,6166,1,Z_EU_Liq3_noDETG,0
SE0000120669,881832,SSAB AB B,SKWC,SKWC,AN,6166,1,Z_EU_Liq2_TG,1
SE0000120784,880202,Skandinaviska Enskilda Banken AB,SEBC,SEBc,AN,6166,1,Z_EU_Liq2_TG,1
SE0000135485,905265,RaySearch Laboratories AB,27R,27R,AN,6166,1,Z_EU_Liq2_TG,0
SE0000148884,859768,Skandinaviska Enskilda Banken AB,SEBA,SEBa,AN,6166,1,Z_EU_Liq2_TG,1
SE0000163594,883870,Securitas AB,S7MB,SECUb,AN,6166,1,Z_EU_Liq2_TG,1
SE0000163628,896279,Elekta AB,EJXB,EKTAb,AN,6166,1,Z_EU_Liq2_TG,1
SE0000171100,887029,SSAB AB,SKWA,SSABa,AN,6166,1,Z_EU_Liq2_TG,1
SE0000171886,895273,Svenska Cellulosa AB,SCA1,SCA,AN,6166,1,Z_EU_Liq2_TG,1
SE0000188518,885227,Catella AB,SKVB,CATb,AN,6166,1,Z_EU_Liq3_noDETG,0
SE0000190126,886939,AB Industrivärden,IDVA,INDUa,AN,6166,1,Z_EU_Liq2_TG,1
SE0000195810,887375,Bure Equity AB,BLZ,BURE,AN,6166,1,Z_EU_Liq3_noDETG,0
SE0000202624,889714,Getinge AB,GTN,GIND,AN,6166,1,Z_EU_Liq2_TG,1
SE0000233934,899450,Pricer AB,PRRB,PRICb,AN,6166,1,Z_EU_Liq2_TG,1
SE0000242455,895705,Swedbank AB,FRYA,SWEDna,AN,6166,1,Z_EU_Liq2_TG,1
SE0000323305,925898,Softronic AB,SF7,SOFb,AN,6166,1,Z_EU_Liq3_noDETG,0
SE0000366098,920253,Net Insight AB,NSGB,NETIb,AN,6166,1,Z_EU_Liq3_noDETG,0
SE0000379190,906997,Castellum AB,TEX,TEXA,AN,6166,1,Z_EU_Liq2_TG,1
SE0000421273,931236,Knowit AB,KOW,KNOW,AN,6166,1,Z_EU_Liq3_noDETG,0
SE0000514705,922032,Obducat AB,OBD,OBDUb,AR,6166,1,A_LP_NGM_RISEN_BIS_17:30,0
SE0000526626,931444,Micro Systemation AB,W98,W98,AN,6166,1,Z_EU_Liq3_noDETG,0
SE0000567539,922728,Poolia AB,PXO,POOLb,AN,6166,1,Z_EU_Liq3_noDETG,0
SE0000567752,924242,Novotek AB,Z9D,Z9D,AN,6166,1,Z_EU_Liq3_noDETG,0
SE0000584948,929335,Clas Ohlson AB,OHCB,CLASb,AN,6166,1,Z_EU_Liq3_noDETG,0
SE0000667891,865956,SANDVIK AB,SVKB,SANDb,AN,6166,1,Z_EU_Liq2_TG,1
SE0000667925,938475,Telia Company AB,TLS,TLIA,AN,6166,1,Z_EU_Liq2_TG,1
SE0000671745,570294,Avensia AB (publ),5IY,5IY,AN,6166,1,Z_EU_Liq3_noDETG,0
SE0000683484,A0NEVD,CellaVision AB,C26,CEVI,AN,6166,1,Z_EU_Liq3_noDETG,0
SE0000695876,577335,Alfa-Laval AB,AA9,ALFA,AN,6166,1,Z_EU_Liq2_TG,1
SE0000722365,509722,Vivesto AB,OMAX,OMAXG,AN,6166,1,Z_EU_Liq3_noDETG,0
SE0000736415,A0HG6G,Orexo AB,C5G,ORX,AN,6166,1,Z_EU_Liq3_noDETG,0
SE0000806994,890459,JM AB,JMM,JM,AN,6166,1,Z_EU_Liq3_noDETG,0
SE0000825820,729364,Lundin Petroleum AB,LYV,LUPE,AN,6166,1,Z_EU_Liq2_TG,1
SE0000862997,807435,BillerudKorsnäs AB,BNF,BNF,AN,6166,1,Z_EU_Liq2_TG,1
SE0000872095,A0LA5K,Swedish Orphan Biovitrum AB,B6E,BVT,AN,6166,1,Z_EU_Liq2_TG,1
SE0000936478,633824,Intrum AB,IJU,IJ,AN,6166,0,Z_EU_Liq2_TG,0
SE0001137985,A0BLFX,Active Biotech AB,BTPC,ACTI,AN,6166,1,Z_EU_Liq3_noDETG,0
SE0001200015,A0B7BR,INVISIO Communications AB,ICQ,ICQG,AN,6166,1,Z_EU_Liq2_TG,1
SE0001279142,A0DK8Q,Impact Coatings AB,1IC,IMPC,AN,6166,1,Z_EU_Liq3_noDETG,0
SE0001338039,A0J2PP,Formpipe Software AB,F3J,F3J,AN,6166,1,Z_EU_Liq3_noDETG,0
SE0001515552,A0HFVY,Indutrade AB,I1M,INDT,AN,6166,1,Z_EU_Liq2_TG,1
SE0001552357,A0HHJU,TradeDoubler AB,T1D,TRADS,AN,6166,1,Z_EU_Liq3_noDETG,0
SE0001662222,A0J2R2,Husqvarna AB,HRZA,HRZA,AN,6166,1,Z_EU_Liq2_TG,0
SE0001662230,A0J2R3,Husqvarna AB,HRZ,HUSQ,AN,6166,1,Z_EU_Liq2_TG,1
SE0001824004,A0X93F,G5 Entertainment AK,U3I,U3I,AN,6166,1,Z_EU_Liq2_TG,1
SE0001863291,A12CM6,Net Gaming Europe AB,7NG,7NG,AN,6166,1,Z_EU_Liq3_noDETG,0
SE0002148817,A0M65T,Hansa Medical AB,24H,24H,AN,6166,1,Z_EU_Liq3_noDETG,0
SE0002190926,A0M84G,Karolinska Development AB,2I9,2I9,AN,6166,1,Z_EU_Liq3_noDETG,0
SE0002478776,A0X93V,Senzime AB,6YC,6YC,AN,6166,1,Z_EU_Liq3_noDETG,0
SE0002485979,A0Q4ER,Genovis AB,5GV,5GV,AN,6166,1,Z_EU_Liq2_TG,0
SE0002591420,A111E5,Tobii AB,24T,24T,AN,6166,1,Z_EU_Liq2_TG,1
SE0002626861,A0RDJD,Cloetta AB,0CL,CLOEb,AN,6166,1,Z_USA_Liq3_noDETG,0
SE0003273531,A12CNP,EcoRub AB,7M8,7M8,AN,6166,1,Z_EU_Liq3_noDETG,0
SE0003491562,A1KBZ1,Episurf Medical AB,16E,16E,AN,6166,1,Z_EU_Liq3_noDETG,0
SE0003756758,A2DRL9,Sdiptech AB,938,938,AN,6166,1,Z_EU_Liq3_noDETG,0
SE0003815604,A1JH3B,PledPharma AB,P0F,P0F,AN,6166,1,Z_EU_Liq3_noDETG,0
SE0003849223,A1JGQU,FinnvedenBulten AB,3FB,3FB,AN,6166,1,Z_EU_Liq2_TG,0
SE0003917798,A1W9Z9,Sivers Semiconductors AB,2DG,2DG,AN,6166,1,Z_EU_Liq2_TG,0
SE0003943620,A1WZEV,Enzymatica AB,EN9,EN9,AN,6166,1,Z_EU_Liq3_noDETG,0
SE0004840718,A1J5GZ,Xvivo Perfusion AB,3XV,3XV,AN,6166,1,Z_EU_Liq3_noDETG,0
SE0004898799,A3CSAR,Hexicon AB,67T,67T,AN,6166,1,Z_EU_Liq3_noDETG,0
SE0004977692,A1W9VK,Platzer Fastigh.Hldg AB (publ),V8E,V8E,AN,6166,1,Z_EU_Liq3_noDETG,0
SE0005034550,A1J8U3,Neobo Fastigheter AB,4M2B,4M2B,AN,6166,1,Z_EU_Liq2_TG,0
SE0005101003,A1T6SL,Nexam Chemical Holding AB,NC4,NC4,AN,6166,1,Z_EU_Liq3_noDETG,0
SE0005190238,A1WYU5,TELE2 AB,NCYD,NCYD,AN,6166,1,Z_EU_Liq2_TG,1
SE0005308541,A1W27C,SaltX Technology Holding AB,7X9,7X9,AN,6166,1,Z_EU_Liq2_TG,0
SE0005308558,A1W27D,Clavister AB,89P,89P,AN,6166,1,Z_EU_Liq2_TG,0
SE0005392537,A140K4,SolTech Energy Sweden AB,7ST,7ST,AN,6166,1,Z_EU_Liq3_noDETG,0
SE0005497732,A12AZY,EQL Pharma AB,7JK,7JK,AN,6166,1,Z_EU_Liq3_noDETG,0
SE0005731833,A1XFGC,Braincool AB,5YL,5YL,AN,6166,1,Z_EU_Liq3_noDETG,0
SE0005794617,A110VV,Saniona AB,30S,30S,AN,6166,1,Z_EU_Liq3_noDETG,0
SE0005877560,A2H8Z1,Scandinavian Enviro Systems AB,1HR,1HR,AN,6166,1,Z_EU_Liq3_noDETG,0
SE0005878741,A115EQ,Bactiguard Holding AB,5JE,5JE,AN,6166,1,Z_EU_Liq3_noDETG,0
SE0005933082,A117DG,Heliospectra AB (pupl),H00,H00,AN,6166,1,Z_EU_Liq3_noDETG,0
SE0005992831,A114UR,Starbreeze AB,2ST,2ST,AN,6166,1,Z_EU_Liq3_noDETG,0
SE0005999836,A115QU,Afry AB,B3Y1,B3Y1,AN,6166,1,Z_EU_Liq3_noDETG,0
SE0006261046,A2JAZV,Humble Group AB,B39,B39,AN,6166,1,Z_EU_Liq2_TG,0
SE0006288015,A12DF5,Granges AB,9GR,9GR,AN,6166,1,Z_EU_Liq3_noDETG,0
SE0006342333,A14MJ9,NP3 Fastigheter AB,N33,N33,AN,6166,1,Z_EU_Liq3_noDETG,0
SE0006343745,A14NY2,Sprint Bioscience AB,5JA1,5JA1,AN,6166,1,Z_EU_Liq3_noDETG,0
SE0006371126,A2JAZX,Cantargia AB,7V3,7V3,AN,6166,1,Z_EU_Liq3_noDETG,0
SE0006422390,A12FTD,Thule Group AB,TU0,TU0,AN,6166,1,Z_EU_Liq2_TG,1
SE0006425815,A14TK6,PowerCell Sweden AB,27W,27W,AN,6166,1,Z_EU_Liq2_TG,1
SE0006509949,A14NAK,Eltel AB,E5E,E5E,AN,6166,1,Z_EU_Liq3_noDETG,0
SE0006510335,A2DYER,OrganoClick AB,0CF,0CF,AN,6166,1,Z_EU_Liq3_noDETG,0
SE0006625471,A14NPY,Dustin Group AB,9DG,9DG,AN,6166,1,Z_EU_Liq3_noDETG,0
SE0006993770,A14RAV,Axfood AB,AXL1,AXL1,AN,6166,1,Z_EU_Liq2_TG,0
SE0006994448,A14RZK,TargetEveryOne AB,9TE,9TE,AN,6166,1,Z_EU_Liq3_noDETG,0
SE0007074281,A14SVU,Hexpol AB,4QT1,4QT1b,AN,6166,1,Z_EU_Liq2_TG,1
SE0007075056,A14UH1,Eolus Vind AB,7EVB,7EVB,AN,6166,1,Z_EU_Liq2_TG,0
SE0007100359,A14U1R,Pandox AB,POX,POX,AN,6166,1,Z_EU_Liq3_noDETG,0
SE0007100581,A14TVM,Assa Abloy AB,ALZC,ALZC,AN,6166,1,Z_EU_Liq2_TG,1
SE0007100599,A14S60,Svenska Handelsbanken AB,SVHH,SVHH,AN,6166,1,Z_EU_Liq2_TG,1
SE0007100607,A14S61,Svenska Handelsbanken AB,SVHG,SVHG,AN,6166,1,Z_EU_Liq2_TG,1
SE0007280326,A14V7P,Klaria Pharma Holding AB (publ),6FN,6FN,AN,6166,1,Z_EU_Liq3_noDETG,0
SE0007413455,A2N87T,Alzinova AB,78D,78D,AN,6166,1,Z_EU_Liq3_noDETG,0
SE0007439443,A14ZN9,Storytel AB,DST,DSTG,AN,6166,1,Z_EU_Liq2_TG,0
SE0007491303,A140RV,Bravida Holding AB,BV0,BV0,AN,6166,1,Z_EU_Liq2_TG,1
SE0007577895,A14W4W,Vicore Pharma Holding AB,6Y4,6Y4,AN,6166,1,Z_EU_Liq2_TG,0
SE0007578141,A143TN,Minesto AB,7MN,7MN,AN,6166,1,Z_EU_Liq3_noDETG,0
SE0007614722,A1415N,K33 AB,869,869,AN,6166,1,Z_EU_Liq3_noDETG,0
SE0007640156,A2ABGP,Scandic Hotels Group AB,10H,10H,AN,6166,1,Z_EU_Liq2_TG,1
SE0007691613,A1437L,Dometic Group AB,D00,D00,AN,6166,1,Z_EU_Liq2_TG,1
SE0007692850,A2ABG7,Camurus AB,7CA,7CA,AN,6166,1,Z_EU_Liq2_TG,1
SE0007871363,A2ACFE,Vitec Software Group AB,7VS,7VS,AN,6166,1,Z_EU_Liq2_TG,0
SE0007897079,A2ALUM,AcadeMedia AB,V8T,V8T,AN,6166,1,Z_EU_Liq3_noDETG,0
SE0008014476,A2JG28,Plejd AB,3CA,3CA,AN,6166,1,Z_EU_Liq3_noDETG,0
SE0008015259,A2AFQL,Infant Bacterial Therapeutics AB,9IB,9IB,AN,6166,1,Z_EU_Liq3_noDETG,0
SE0008040653,A2AFX9,Humana AB,47H,47H,AN,6166,1,Z_EU_Liq3_noDETG,0
SE0008091581,A2AKB8,Bonava AB,66B,66B,AN,6166,1,Z_EU_Liq2_TG,1
SE0008241491,A2ALUN,SynAct Pharma AB,8F8,8F8,AN,6166,1,Z_EU_Liq3_noDETG,0
SE0008294953,A2AKVC,Paradox Interactive AB,ETA,ETA,AN,6166,1,Z_EU_Liq2_TG,0
SE0008321921,A2AJWX,BE Group AB,BGA1,BGA1,AN,6166,1,Z_EU_Liq3_noDETG,0
SE0008347660,A2AMJH,B3 Consulting Group AB,B37,B37,AN,6166,1,Z_EU_Liq3_noDETG,0
SE0008348304,A2AL9Z,GomSpace Group AB,1G2,1G2,AN,6166,1,Z_EU_Liq2_TG,0
SE0008374383,A2AMJE,Maha Energy AB,7M7,7M7,AN,6166,1,Z_EU_Liq3_noDETG,0
SE0008613731,A2DPS4,Biovica International AB,9II,9II,AN,6166,1,Z_EU_Liq3_noDETG,0
SE0009155518,A2DGZU,Gapwaves AB,GW3,GW3,AN,6166,1,Z_EU_Liq3_noDETG,0
SE0009160872,A2ASQ7,MedCap AB,61MA,61MA,AN,6166,1,Z_EU_Liq3_noDETG,0
SE0009189608,A2DJ2K,AcouSort AB,4SA,4SA,AN,6166,1,Z_EU_Liq3_noDETG,0
SE0009190192,A2ATW1,Crunchfish AB,1DA,1DA,AN,6166,1,Z_EU_Liq3_noDETG,0
SE0009216278,A2DNT6,MIPS AB O.N.,7M1,7M1,AN,6166,1,Z_EU_Liq2_TG,1
SE0009242654,A2DGQ3,Scandinavian ChemoTech AB,8V6,8V6,AN,6166,1,Z_EU_Liq3_noDETG,0
SE0009268279,A2DGQ5,Smart Eye AB,SE9,SE9,AN,6166,1,Z_EU_Liq2_TG,0
SE0009414576,A2DLU2,Oncopeptides AB,OND,OND,AN,6166,1,Z_EU_Liq3_noDETG,1
SE0009554454,A2E40N,Samhallsbyggnadsbolaget I Norden AB,JSI,JSIG,AN,6166,1,Z_EU_Liq2_TG,1
SE0009580756,A2DMG6,H100 Group AB,GS9,GS9,AN,6166,1,Z_EU_Liq3_noDETG,0
SE0009607252,A2DP4W,Intervacc AB,2E9,2E9,AN,6166,1,Z_EU_Liq3_noDETG,0
SE0009663826,A2DN2N,Ambea AB,6MA,6MA,AN,6166,1,Z_EU_Liq3_noDETG,0
SE0009697220,A2DRX6,Enea AB,EED5,EED5,AN,6166,1,Z_EU_Liq3_noDETG,0
SE0009778848,A2DRQV,Medicover AB,5M0B,5M0B,AN,6166,1,Z_EU_Liq2_TG,1
SE0009806607,A2DRVZ,Munters Group AB,1MS,1MS1,AN,6166,1,Z_EU_Liq2_TG,1
SE0009858152,A2DTSD,Bonesupport Holding AB,2B4,2B4,AN,6166,1,Z_EU_Liq2_TG,1
SE0009888738,A2DR6B,Boozt AB,BOK,BOKG,AN,6166,1,Z_EU_Liq2_TG,1
SE0009921588,A2DS4F,Bilia AB,BHJC,BHJC,AN,6166,1,Z_EU_Liq2_TG,0
SE0009922156,A2DS2Z,Essity AB,ESW,ESW,AN,6166,1,Z_EU_Liq3_noDETG,1
SE0009922164,A2DS20,Essity AB,ESWB,ESWB,AN,6166,1,Z_EU_Liq2_TG,1
SE0009973563,A2H48J,XSpray Pharma AB,6XP,6XP,AN,6166,1,Z_EU_Liq3_noDETG,0
SE0009997018,A2DYY7,HMS Industrial Networks AB,4H3A,4H3A,AN,6166,1,Z_EU_Liq2_TG,0
SE0010100958,A2DY0M,Latour Investment AB,18LB,18LB,AN,6166,1,Z_EU_Liq2_TG,1
SE0010323311,A2H5GS,BioArctic AB,B9A,B9A,AN,6166,1,Z_EU_Liq2_TG,1
SE0010415281,A2DYQG,Anoto Group AB,XTL1,XTL1,AN,6166,1,Z_EU_Liq3_noDETG,0
SE0010468116,A2H7JW,Arjo AB,A39,A39,AN,6166,1,Z_EU_Liq2_TG,1
SE0010494708,A2JSSN,Botnia Exploration Holding AB,F77,F77,AN,6166,1,Z_EU_Liq3_noDETG,0
SE0010520106,A2H9ZR,Enad Global 7 AB,0SG,0SG,AN,6166,1,Z_EU_Liq3_noDETG,0
SE0010520254,A2PL6Z,K2A Knaust & Andersson Fastigheter AB,F70,F70,AN,6166,1,Z_EU_Liq3_noDETG,0
SE0010521153,A2JADJ,Scout Gaming Group AB,6Y2,6Y2,AN,6166,0,Z_EU_Liq3_noDETG,0
SE0010546242,A2H9T4,Acconeer AB,2LU,2LU,AN,6166,1,Z_USA_Liq3_noDETG,0
SE0010546911,A2H8S5,'24SevenOffice Group AB,719,719,AN,6166,1,Z_EU_Liq3_noDETG,0
SE0010662585,A2PQ08,Valuno Group AB,QBT,QBTG,AR,6166,1,A_LP_NGM_RISEN_BIS_17:30,0
SE0010663161,A2JCEK,Veteranpoolen AB,QI5,QI5,AN,6166,1,Z_EU_Liq3_noDETG,0
SE0010820381,A2JFPH,Smoltek Nanotech Holding AB,GY9,GY9,AN,6166,1,Z_EU_Liq3_noDETG,0
SE0010832204,A2JE9Q,Cibus Nordic Real Estate AB,6N5,6N5,AN,6166,1,Z_EU_Liq2_TG,0
SE0010948588,A2JG92,BHG Group AB,7B1,7B1,AN,6166,1,Z_EU_Liq2_TG,0
SE0011090000,A2JK8T,Holmen AB,HL9D,HL9D,AN,6166,1,Z_EU_Liq3_noDETG,0
SE0011090018,A2JH43,Holmen AB,HL9C,HL9C,AN,6166,1,Z_EU_Liq2_TG,1
SE0011090547,A2JMQ2,Beijer Alma AB,6O4,6O4,AN,6166,1,Z_EU_Liq3_noDETG,0
SE0011166974,A2JJ96,Fabege AB,WILC,WILG,AN,6166,1,Z_EU_Liq3_noDETG,1
SE0011178458,A2PQTV,Dicot AB,KN0,KN0,AN,6166,1,Z_EU_Liq3_noDETG,0
SE0011204510,A2JLZ5,Nederman Holding AB,5QR,5QR,AN,6166,1,Z_EU_Liq3_noDETG,0
SE0011205202,A2JLT3,Vitrolife AB,VTFN,VTFN,AN,6166,1,Z_EU_Liq2_TG,1
SE0011256312,A2JMSQ,Eniro AB,EN8A,EN8A,AN,6166,1,Z_EU_Liq3_noDETG,0
SE0011281757,A2JP7Q,Midsummer AB,5UX,5UX,AN,6166,1,Z_EU_Liq3_noDETG,0
SE0011311554,A2JNF7,Divio Technologies AB,DH1,DH1,AN,6166,1,Z_EU_Liq3_noDETG,0
SE0011337708,A2JNX7,AAK AB,6AA0,6AA0,AN,6166,1,Z_EU_Liq2_TG,1
SE0011426428,A2N80V,Nyfosa AB,2JM,2JM,AN,6166,1,Z_EU_Liq3_noDETG,0
SE0011528017,A2NB03,Nordic Iron Ore AB,NIO,NIO,AN,6166,1,Z_EU_Liq3_noDETG,0
SE0011644376,A2N5P8,BIMobject AB,BOJB,BOJB,AN,6166,1,Z_EU_Liq3_noDETG,0
SE0011870195,A2PAP3,Lime Technologies AB,LTX,LTXG,AN,6166,1,Z_EU_Liq3_noDETG,0
SE0012116390,A2PFRW,Nordic Entertainment Group AB,NEB,NEB,AN,6166,1,Z_EU_Liq2_TG,1
SE0012141687,A2PBSB,SkiStar AB,3AJ,3AJ,AN,6166,1,Z_EU_Liq3_noDETG,0
SE0012323715,A2PGZD,Karnov Group AB,3UA,3UA,AN,6166,1,Z_EU_Liq3_noDETG,0
SE0012454072,A2PG8N,Avanza Bank Holding AB,1JJA,1JJA,AN,6166,1,Z_EU_Liq3_noDETG,0
SE0012481364,A2PLNY,John Mattson Fastighetsföretagen AB,AR5,AR5,AN,6166,1,Z_EU_Liq3_noDETG,0
SE0012481570,A2PG12,Eurobattery Minerals AB,EBM,EBMG,AR,6166,1,A_LP_NGM_RISEN_BIS_17:30,0
SE0012570448,A2PKX1,OssDsign AB,5J6,5J6,AN,6166,1,Z_EU_Liq2_TG,0
SE0012673267,A2PK19,Evolution Gaming Group AB,E3G1,E3G1,AN,6166,1,Z_EU_Liq2_TG,1
SE0012729366,A2PL4H,Troax Group AB,5TOA,5TOA,AN,6166,1,Z_EU_Liq3_noDETG,0
SE0012853455,A2PQ7G,EQT AB,6EQ,6EQ,AN,6166,1,Z_EU_Liq2_TG,1
SE0012904803,A2PQ20,KebNi AB,KEN,KEN1,AN,6166,1,Z_EU_Liq3_noDETG,0
SE0013513652,A2P1F3,Stayble Therapeutics AB,4K4,4K4,AN,6166,1,Z_EU_Liq3_noDETG,0
SE0013647385,A2PX00,BICO Group AB,49Z,49Z,AN,6166,1,Z_EU_Liq2_TG,1
SE0013747870,A2P1MJ,Electrolux Professional AB,4KK1,4KK1,AN,6166,1,Z_EU_Liq3_noDETG,0
SE0014262887,A2P7NL,Biofrigas Sweden AB,1IO,1IO,AN,6166,1,Z_noMM,0
SE0014401014,A2P71A,Magle Chemoswed Holding AB,52X,52X,AN,6166,1,Z_EU_Liq3_noDETG,0
SE0014401329,A2QDXY,Klimator AB,8FK,8FK,AN,6166,1,Z_EU_Liq3_noDETG,0
SE0014401378,A2P4TH,AddLife AB,1AD1,1AD1,AN,6166,1,Z_EU_Liq3_noDETG,0
SE0014428512,A2P46G,Surgical Science Sweden AB,4P41,4P41,AN,6166,1,Z_EU_Liq2_TG,1
SE0014428835,A2P7XX,VNV Global AB,82K,82K,AN,6166,1,Z_EU_Liq3_noDETG,0
SE0014504817,A2P6WP,Loomis AB,K900,K900,AN,6166,1,Z_EU_Liq2_TG,1
SE0014781795,A2QEPD,Addtech AB,AZZ2,AZZ2,AN,6166,1,Z_EU_Liq2_TG,1
SE0014855029,A2QCUH,Implantica AG SDR´s,8IM1,8IM1q,AN,6166,1,Z_EU_Liq2_TG,0
SE0014960373,A2QJA4,Sweco AB,7W71,7W71,AN,6166,1,Z_EU_Liq2_TG,0
SE0014990966,A2QEJ6,Lagercrantz Group AB,LG72,LG72,AN,6166,1,Z_EU_Liq2_TG,0
SE0015192067,A2QHT3,Nordnet AB,9JL,9JL,AN,6166,1,Z_EU_Liq2_TG,0
SE0015193529,A2QG5Z,CirChem AB,CRB,CRBG,AN,6166,1,Z_EU_Liq3_noDETG,0
SE0015244520,A2QJRW,Bioinvent International AB,BIX0,BIX0,AN,6166,1,Z_EU_Liq3_noDETG,0
SE0015346135,A2QLG7,Stillfront Group AB,1YS0,1YS0,AN,6166,1,Z_EU_Liq2_TG,1
SE0015346424,A3CU16,Spermosens AB,9R5,9R5,AN,6166,1,Z_EU_Liq3_noDETG,0
SE0015382072,A2QP0Q,Lipigon Pharmaceuticals AB,9RP,9RP,AN,6166,1,Z_EU_Liq3_noDETG,0
SE0015483276,A2QPAW,Cint Group AB,8QX,8QX,AN,6166,1,Z_EU_Liq3_noDETG,0
SE0015504477,A2QNWV,Fractal Gaming Group AB,5HS,5HS,AN,6166,1,Z_EU_Liq3_noDETG,0
SE0015657788,A2QRSP,Yubico AB,0FE,0FE,AN,6166,1,Z_EU_Liq3_noDETG,0
SE0015658109,A3CPHU,Epiroc AB,3AD1,3AD1,AN,6166,1,Z_EU_Liq2_TG,1
SE0015658117,A3CPHW,Epiroc AB,3AD2,3AD2,AN,6166,1,Z_EU_Liq3_noDETG,0
SE0015658570,A2QQQ4,Kancera AB,3EE0,3EE0,AN,6166,1,Z_EU_Liq3_noDETG,0
SE0015659834,A2QRH8,RugVista Group AB,81N,81N,AN,6166,1,Z_EU_Liq3_noDETG,0
SE0015661152,A3CMH3,Hamlet Pharma AB,7ZT,7ZT,AN,6166,1,Z_EU_Liq3_noDETG,0
SE0015671995,A2PPYL,Hemnet AB,8QV,8QV,AN,6166,1,Z_EU_Liq3_noDETG,0
SE0015811377,A3C29J,Edyoutec AB,7Q4,7Q4,AN,6166,1,Z_EU_Liq3_noDETG,0
SE0015811955,A3CMTF,Investor AB (A),IVS,IVS1,AN,6166,1,Z_EU_Liq2_TG,1
SE0015811963,A3CMTG,Investor AB (B),IVSD,IVSD,AN,6166,1,Z_EU_Liq2_TG,1
SE0015812417,A3CPMN,Garo AB,46GA,46GA,AN,6166,1,Z_EU_Liq2_TG,0
SE0015949201,A3CN22,Lifco AB,1L30,1L30,AN,6166,1,Z_EU_Liq2_TG,1
SE0015949433,A3CQZ5,LINC AB,6ZB,6ZB,AN,6166,1,Z_EU_Liq3_noDETG,0
SE0015949748,A3CMPX,Beijer Ref AB,BRZ0,BRZ0,AN,6166,1,Z_EU_Liq2_TG,0
SE0015960935,A3CR3V,Acast AB,0PN,0PN,AN,6166,1,Z_EU_Liq2_TG,0
SE0015961222,A3CPLX,ProAct IT Group AB,PIU0,PIU0,AN,6166,1,Z_EU_Liq3_noDETG,0
SE0015961909,A3CMTD,Hexagon AB,HXG,HXGG,AN,6166,1,Z_EU_Liq2_TG,1
SE0015961982,A3CSG7,Vimian Group AB,0V0,0V0,AN,6166,1,Z_EU_Liq3_noDETG,0
SE0015962097,A3CMUN,ITAB Shop Concept AB,29I0,29I0,AN,6166,1,Z_EU_Liq3_noDETG,0
SE0015962477,A3CPKB,Nolato AB,NBF,NBF,AN,6166,1,Z_EU_Liq3_noDETG,0
SE0015962485,A3CR3B,RVRC Holding AB,0GE,0GE,AN,6166,1,Z_EU_Liq3_noDETG,0
SE0015987946,A3CMUC,SyntheticMR AB,9480,9480,AN,6166,1,Z_EU_Liq3_noDETG,0
SE0015988019,A3CRAH,NIBE Industrier AB,NJB,NJB,AN,6166,1,Z_EU_Liq2_TG,1
SE0015988167,A3CPSQ,SwedenCare AB,7XY,7XY,AN,6166,1,Z_EU_Liq2_TG,0
SE0015988373,A3CRAU,Sedana Medical AB,7D2A,7D2A,AN,6166,1,Z_EU_Liq2_TG,0
SE0016074249,A3CSTF,MilDef Group AB,8QA,8QA,AN,6166,1,Z_EU_Liq2_TG,0
SE0016101844,A3CRFP,Sinch AB,1I9A,1I9A,AN,6166,1,Z_EU_Liq2_TG,1
SE0016128151,A3CTEX,VEF AB,0TX,0TX,AN,6166,1,Z_EU_Liq3_noDETG,0
SE0016288476,A3C7PN,New Bubbleroom Sweden AB,K3N,K3N,AN,6166,1,Z_EU_Liq3_noDETG,0
SE0016588867,A3C811,Devyser Diagnostics AB,OL0,OL0,AN,6166,1,Z_EU_Liq3_noDETG,0
SE0016589188,A3C35N,AB Electrolux,ELXC,ELXC,AN,6166,1,Z_EU_Liq2_TG,1
SE0016609499,A3C9RE,Systemair AB,52SA,52SA,AN,6166,1,Z_EU_Liq2_TG,0
SE0016787071,A3C4XN,Truecaller AB,49X0,49X0,AN,6166,1,Z_EU_Liq3_noDETG,1
SE0016787279,A3C587,XP Chemistries AB,86Q,86Q,AN,6166,1,Z_EU_Liq3_noDETG,0
SE0016797732,A3C4JU,Storskogen Group AB,0VK,0VK,AN,6166,1,Z_EU_Liq2_TG,1
SE0016797773,A3C7VR,Candles Scandinavia AB,LY7,LY7,AN,6166,1,Z_EU_Liq3_noDETG,0
SE0016798763,A3C283,CTEK AB (publ),1F7,1F7,AN,6166,1,Z_EU_Liq3_noDETG,0
SE0016829501,A3C7S6,Opter AB,M3W,M3W,AN,6166,1,Z_EU_Liq3_noDETG,0
SE0016833149,A3C90Y,Adtraction Group AB,Q59,Q59,AN,6166,1,Z_EU_Liq3_noDETG,0
SE0016843486,A3C7VN,Norditek Group AB,O5D,O5D,AN,6166,1,Z_EU_Liq3_noDETG,0
SE0016843809,A3D5EX,SHT Smart High-Tech AB,7H6,7H6,AN,6166,1,Z_EU_Liq3_noDETG,0
SE0017072259,A40XCK,Intea Fastigheter AB B,1DZ0,1DZ0,AN,6166,1,Z_EU_Liq3_noDETG,0
SE0017072267,A40XCL,Intea Fastigheter AB,1DZ,1DZ,AN,6166,1,Z_EU_Liq3_noDETG,0
SE0017082548,A3C8KR,Solid Försäkring AB,RR5,RR5,AN,6166,1,Z_EU_Liq3_noDETG,0
SE0017083272,A3C8YA,Nivika Fastigheter AB,Y5R,Y5R,AN,6166,1,Z_EU_Liq3_noDETG,0
SE0017083835,A3C815,ChargePanel AB,Q6F,Q6F,AN,6166,1,Z_EU_Liq3_noDETG,0
SE0017105620,A3C802,Tobii Dynavox AB,H3Q,H3Q,AN,6166,1,Z_EU_Liq2_TG,0
SE0017131220,A3C7KE,Resqunit AB (publ),Z16,Z16,AN,6166,0,Z_noMM,0
SE0017133705,A40LE8,NanoEcho AB,XT4,XT4,AN,6166,1,Z_EU_Liq3_noDETG,0
SE0017160773,A3DBA2,NCAB Group AB,XB1,XB1,AN,6166,1,Z_EU_Liq2_TG,0
SE0017161458,A3DCHC,Svolder AB,SKD,SKD,AN,6166,1,Z_EU_Liq3_noDETG,0
SE0017483506,A3DDPQ,Instalco AB,4IIA,4IIA,AN,6166,1,Z_EU_Liq2_TG,1
SE0017486889,A3DLE9,Atlas Copco AB,ACO4,ACO4,AN,6166,1,Z_EU_Liq2_TG,1
SE0017486897,A3DLJK,Atlas Copco AB,ACO5,ACO5,AN,6166,1,Z_EU_Liq2_TG,1
SE0017487242,A3DK5R,Promimic AB,B0T,B0T,AN,6166,1,Z_EU_Liq3_noDETG,0
SE0017562523,A3DH17,Momentum Group AB,X64,X64,AN,6166,1,Z_EU_Liq3_noDETG,0
SE0017564461,A3DJVC,Oneflow AB,L58,L58,AN,6166,1,Z_EU_Liq3_noDETG,0
SE0017615644,A3DSME,Alleima AB,M46,M46,AN,6166,1,Z_EU_Liq2_TG,1
SE0017769136,A3DMU0,Arctic Blue Beverages AB,U5L,U5L,AN,6166,1,Z_EU_Liq3_noDETG,0
SE0017769995,A3DL7T,BioGaia AB,BGLA,BGLAG,AN,6166,1,Z_EU_Liq2_TG,1
SE0017780133,A3DMZH,Wallenstam AB,WAE,WAE,AN,6166,1,Z_EU_Liq3_noDETG,0
SE0017832488,A3DM8U,Fastighets AB Balder,28F0,28F0,AN,6166,1,Z_EU_Liq2_TG,0
SE0017885767,A3DM3Z,Addnode Group AB,AR7,AR7,AN,6166,1,Z_EU_Liq3_noDETG,0
SE0017911233,A3DL7W,Transferator AB (publ),8JJ2,8JJ2,AN,6166,1,Z_noMM,0
SE0017911704,A3DN23,Observit AB,T3Z,T3Z,AN,6166,1,Z_noMM,0
SE0018012494,A3DPAQ,Modern Times Group MTG AB,MRTA,MRTA,AN,6166,1,Z_EU_Liq2_TG,1
SE0018012635,A3DM8V,Wihlborgs Fastigheter AB,1EJ,1EJ,AN,6166,1,Z_EU_Liq3_noDETG,0
SE0018013849,A3DMAZ,Precise Biometrics AB,PBC,PBCG,AN,6166,1,Z_EU_Liq3_noDETG,0
SE0018040677,A3DNLJ,Hexatronic Group AB,02H0,02H0,AN,6166,1,Z_EU_Liq3_noDETG,0
SE0018396947,A3DMGX,Absolicon Solar Collector AB,ZY0,ZY0,AN,6166,1,Z_EU_Liq3_noDETG,0
SE0018397184,A3DMG3,Artificial Solutions International AB,5JG,5JG,AN,6166,1,Z_EU_Liq3_noDETG,0
SE0018538068,A3D3A1,Verve Group SE,VRV,VRV,GC,6183,1,A_SDAX,1
SE0019072158,A3D3AS,LumenRadio AB,YV7,YV7,AN,6166,1,Z_EU_Liq3_noDETG,0
SE0019175274,A3D32A,Scandinavian Astor Group AB,Y73,LANC,AR,6166,1,A_LP_NGM_RISEN_BIS_17:30,0
SE0019354358,A3D36H,Mindark PE AB,Z7R,Z7R,AN,6166,1,Z_EU_Liq3_noDETG,0
SE0020050417,A3D69V,Boliden AB,BWJ,BWJ,AN,6166,1,Z_EU_Liq2_TG,1
SE0020181014,A3EFZT,Medivir AB,MVR0,MVR0,AN,6166,1,Z_EU_Liq3_noDETG,0
SE0020353928,A3EGXK,Moberg Pharma AB,MB8,MB8,AN,6166,1,Z_EU_Liq2_TG,0
SE0020356970,A3EHNY,New Wave Group AB,NWG0,NWG0,AN,6166,1,Z_EU_Liq3_noDETG,0
SE0020357754,A3EJC5,Coegin Pharma AB,7Z6,7Z6,AR,6166,1,A_LP_NGM_RISEN_BIS_17:30,0
SE0020388577,A3EN5G,Cinclus Pharma Holding AB,J8P,J8P,AN,6166,1,Z_EU_Liq3_noDETG,0
SE0020699296,A3ETB3,Epti AB,G7H0,G7H0,AN,6166,1,Z_EU_Liq3_noDETG,0
SE0020848356,A3EWR4,Rusta AB,6ZZ,6ZZ,AN,6166,1,Z_EU_Liq3_noDETG,0
SE0020998854,A3EXYC,Mavshack AB,2MV,2MV,AN,6166,1,Z_EU_Liq3_noDETG,0
SE0021148160,A3E4UV,Copperstone Resources AB,5KP,5KP,AN,6166,1,Z_EU_Liq3_noDETG,0
SE0021513645,A401UE,PMD Device Solutions AB,8T00,8T00,AN,6166,0,Z_noMM,0
SE0021628898,A40AE9,Volvo Car AB,8JO1,8JO1,AN,6166,1,Z_EU_Liq2_TG,1
SE0021921269,A403UW,Saab AB,SDV1,SDV1,AN,6166,1,Z_EU_Liq2_TG,1
SE0021921327,A40CXM,Björn Borg AB,6BB,6BB,AN,6166,1,Z_EU_Liq3_noDETG,0
SE0022050183,A40D5F,Eastnine AB (publ),O060,O060,AN,6166,1,Z_EU_Liq3_noDETG,0
SE0022060521,A40D0L,Kinnevik AB,IV61,IV61,AN,6166,1,Z_EU_Liq2_TG,1
SE0022062196,A40CXH,AQ Group AB,7AQ0,7AQ0,AN,6166,1,Z_EU_Liq3_noDETG,0
SE0022088233,A40CWA,Compodium International AB,8OB0,8OB0,AN,6166,1,Z_EU_Liq3_noDETG,0
SE0022239950,A40CZ4,MENDUS AB,1YG0,1YG0,AN,6166,1,Z_EU_Liq3_noDETG,0
SE0022419784,A40P16,Sectra AB,61L0,61L0,AN,6166,1,Z_EU_Liq2_TG,0
SE0022447173,A40HPX,Aptahem AB,94V0,94V0,AN,6166,1,Z_noMM,0
SE0022447348,A40H89,Flerie AB,1NP1,1NP1,AN,6166,1,Z_EU_Liq3_noDETG,0
SE0022574331,A40H7V,Qlife Holding AB,4HG0,4HG0,AN,6166,1,Z_EU_Liq3_noDETG,0
SE0022726485,A40HBD,Betsson AB,V72,V72,AN,6166,1,Z_EU_Liq2_TG,1
SE0023135298,A40U85,NOBA Bank Group AB,ZR5,ZR5,AN,6166,1,Z_EU_Liq2_TG,0
SE0023261292,A40P4H,ExpreS2ion Biotech Holding AB,5JD0,5JD0,AN,6166,1,Z_EU_Liq3_noDETG,0
SE0023261599,A40X1Q,Carasent AB,E0C,E0C,AN,6166,1,Z_EU_Liq3_noDETG,0
SE0023287339,A40P64,Syncro Group AB B,7PF0,7PF0,AN,6166,1,Z_EU_Liq3_noDETG,0
SE0023313069,A40W28,Zenergy AB,8T40,8T40,AN,6166,1,Z_EU_Liq3_noDETG,0
SE0023313762,A40WTZ,Apotea AB,V30,V30,AN,6166,1,Z_EU_Liq2_TG,0
SE0023314315,A40WEB,Respiratorius AB,HF00,HF00,AN,6166,1,Z_EU_Liq3_noDETG,0
SE0023468194,A40WG6,Tangiamo Touch Technology AB,5J70,5J70,AN,6166,0,Z_EU_Liq3_noDETG,0
SE0023595459,A411NM,Fluicell AB,5J90,5J90,AN,6166,1,Z_EU_Liq3_noDETG,0
SE0023615638,A411F9,Asmodee Group AB,2EX,2EX,AN,6166,1,Z_EU_Liq2_TG,0
SE0023615885,A40WJC,Embracer Group AB,TH92,TH92,AN,6166,1,Z_EU_Liq2_TG,1
SE0023837182,A40WKL,Climeon AB,DCL0,DCL0,AN,6166,1,Z_EU_Liq3_noDETG,0
SE0024173637,A41BED,Alligator Bioscience AB,7AL0,7AL0,AN,6166,1,Z_EU_Liq3_noDETG,0
SE0024320832,A411NX,Atrium Ljungberg AB,A1A0,A1A0,AN,6166,1,Z_EU_Liq3_noDETG,0
SE0025010671,A41BGQ,Bufab AB,29B0,29B0,AN,6166,1,Z_EU_Liq3_noDETG,0
SE0025158629,A41BLJ,Mycronic AB,MLT0,MLT0,AN,6166,1,A_TradeRebel_HG3NONUS,1
SE0025197619,A41BQP,Logistri Fastighets AB,6DV0,6DV0,AN,6166,1,Z_EU_Liq3_noDETG,0
SE0025666969,A41E66,TF Bank AB,6TF0,6TF0,AN,6166,1,Z_EU_Liq3_noDETG,0
SE0025940513,A41DJ2,Cell Impact AB,ICL,ICL1,AN,6166,1,Z_EU_Liq3_noDETG,0
SE0026598583,A41PJJ,Xbrane Biopharma AB,7XB0,7XB0,AN,6166,1,Z_EU_Liq3_noDETG,0
SE0026876476,A41TQP,Byggmastare Anders J Ahlstrom Holding AB,W060,W060,AN,6166,1,Z_EU_Liq3_noDETG,0
SE0027099326,A41YKP,Bambuser AB,5JL0,5JL0,AD,6166,1,Z_USA_Liq2_TG,0
SG0531000230,890753,Venture Corp. Ltd.,VEM,VENM,AF,6166,1,Z_ASIA_Liq2_TG,0
SG1A98006814,884482,Creative Technology Ltd.,CTL,CREA,AG,6166,1,Z_ASIA_Liq3_noDETG,0
SG1B51001017,862665,Jardine Cycle & Carriage Ltd.,CYC,JCYC,AE,6166,1,Z_ASIA_Liq2_TG,0
SG1BB6000006,A14T4V,Acma Ltd.,AAX1,AAX1,AG,6166,1,Z_ASIA_Liq3_noDETG,0
SG1BD0000008,A14V1Z,S i2i Ltd.,MZZ1,MZZ1,AG,6166,1,Z_ASIA_Liq3_noDETG,0
SG1BI7000000,A140KC,SIIC Environment Holdings Ltd,A9W1,A9W1,AF,6166,1,Z_ASIA_Liq2_TG,0
SG1CB2000008,A1430M,Sin Heng Heavy Machinery Ltd.,SNVA,SNVA,AG,6166,1,Z_ASIA_Liq3_noDETG,0
SG1CE4000000,A142KV,Kencana Agri Ltd.,KEBA,KEBAn,AG,6166,1,Z_ASIA_Liq3_noDETG,0
SG1DD2000002,A2DG57,Ocean Sky International Ltd.,O3S1,O3S1,AG,6166,1,Z_ASIA_Liq3_noDETG,0
SG1F60858221,910981,Singapore Technologies Engineering Ltd.,SJX,STEG,AF,6166,1,Z_ASIA_Liq2_TG,0
SG1G47869290,924834,CSE Global Ltd.,XCC,CSES,AG,6166,1,Z_ASIA_Liq3_noDETG,0
SG1I52882764,938036,SATS Ltd.,W1J,SIAT,AF,6166,1,Z_ASIA_Liq2_TG,0
SG1I53882771,938153,Sia Engineering Co. Ltd.,O3H,O3H,AF,6166,1,Z_ASIA_Liq2_TG,0
SG1I55882803,881302,Great Eastern Holdings Ltd.,G5W,G5W,AG,6166,0,Z_ASIA_Liq3_noDETG,0
SG1I67883666,502261,Addvalue Technologies Ltd.,DDU,AVAU,AG,6166,1,Z_ASIA_Liq3_noDETG,0
SG1J17886040,877528,Pacific Century Regional Developments Ltd.,PFQ,PCEN,AG,6166,1,Z_ASIA_Liq3_noDETG,0
SG1J26887955,590379,Singapore Exchange Ltd.,SOU,SGXL,AE,6166,1,Z_ASIA_Liq2_TG,1
SG1L01001701,880105,DBS Group Holdings Ltd.,DEVL,DBSM,AE,6166,1,Z_ASIA_Liq2_TG,1
SG1M31001969,878618,United Overseas Bank Ltd.,UOB,UOBH,AE,6166,1,Z_ASIA_Liq2_TG,0
SG1N31909426,260931,ComfortDelGro Corp.,VZ1,VZ1,AF,6166,1,Z_ASIA_Liq2_TG,0
SG1N89910219,481972,Singapore Post Ltd.,SGR,SPOS,AF,6166,1,Z_ASIA_Liq2_TG,0
SG1O24911883,A0D81K,Ying Li International Real Estate Ltd.,SIB,YING,AG,6166,1,Z_noMM,0
SG1O44912994,757620,Heeton Holdings Ltd.,SST,HEET,AG,6166,1,Z_ASIA_Liq3_noDETG,0
SG1R50925390,A0ET60,SembCorp Industries Ltd.,SBOA,SCIL,AF,6166,1,Z_ASIA_Liq2_TG,0
SG1R89002252,865825,City Developments Ltd.,CDE,CYDM,AF,6166,1,Z_ASIA_Liq2_TG,0
SG1S04926220,A0F452,Oversea-Chinese Banking Corp. Ltd.,OCBA,OCBC,AE,6166,1,Z_ASIA_Liq2_TG,0
SG1S48927937,A0HNHM,ISDN Holdings Ltd.,I8D,ISDN,AF,6166,1,Z_ASIA_Liq2_TG,0
SG1S76928401,A0H0ZE,Cosco Shipping International (SG) Co. Ltd.,VZS,COSC,AG,6166,1,Z_ASIA_Liq3_noDETG,0
SG1S83002349,866310,UOL Group Ltd.,U1O,UTOS,AF,6166,1,Z_ASIA_Liq2_TG,0
SG1T06929205,A0JJ7C,China Aviation Oil (Singapore) Corp. Ltd.,VZ8,CNAO,AG,6166,1,Z_ASIA_Liq3_noDETG,0
SG1T36930298,A0JMEY,Natural Cool Holdings Ltd.,N7E,NCHL,AF,6166,1,Z_ASIA_Liq2_TG,0
SG1T56930848,A0KEWL,Wilmar International Ltd.,RTHA,WLIL,AE,6166,1,Z_ASIA_Liq2_TG,0
SG1T57930854,A0LA85,Yanlord Land Group Ltd.,YLG,YLG,AF,6166,1,Z_ASIA_Liq2_TG,0
SG1T58930911,A0J3Q3,Fraser & Neave Ltd.,FNV2,FRNM,AF,6166,1,Z_ASIA_Liq2_TG,0
SG1T74931364,A0Q4SE,Yoma Strategic Holdings Ltd.,O3B,O3B,AF,6166,1,Z_ASIA_Liq2_TG,0
SG1T75931496,A0KFC2,Singapore Telecommunications Ltd.,SIT4,STEL,AF,6166,1,Z_ASIA_Liq2_TG,0
SG1T88932077,A0LCBK,Bukit Sembawang Estates Ltd.,B1W1,BSES,AG,6166,1,Z_ASIA_Liq3_noDETG,0
SG1U47933908,A0MKZK,Indofood Agri Resources Ltd.,ZVF,IFAR,AF,6166,1,Z_ASIA_Liq2_TG,0
SG1U68934629,A0ML07,Keppel Corp. Ltd.,KEP1,KPLM,AE,6166,1,Z_ASIA_Liq2_TG,0
SG1U76934819,A0MN4D,"Yangzijiang Shipbuilding Holdings Ltd., Jingjiang City",B8O,YAZG,AF,6166,1,Z_ASIA_Liq2_TG,0
SG1U97935860,A0MSK6,Soup Holdings Limited,SR6,SR6,AF,6166,1,Z_ASIA_Liq3_noDETG,0
SG1V12936232,A0MVC1,Starhub Ltd.,RYTB,RYT,AF,6166,1,Z_ASIA_Liq2_TG,0
SG1V61937297,A0MZ57,Singapore Airlines Ltd.,SIA1,SIAR,AE,6166,1,Z_ASIA_Liq2_TG,0
SG1W35938974,A0M82Y,First Resources Ltd.,5F1,FRLD,AG,6166,1,Z_ASIA_Liq3_noDETG,0
SG1W44939146,A0NAG5,KSH Holdings Ltd.,XEUA,KSHH,AF,6166,1,Z_ASIA_Liq2_TG,0
SG2B80958517,A1C053,Oue Ltd.,OUE1,OVES,AG,6166,1,Z_ASIA_Liq3_noDETG,0
SG2C90967473,A1JFP7,OneApex Ltd.,CWF,CHGL,AG,6166,1,Z_ASIA_Liq3_noDETG,0
SG2D00968206,A1JFYB,Hutchison Port Holdings Trust,H09,HPHT,AF,6166,1,Z_ASIA_Liq2_TG,0
SG2D13002373,877446,Tuan Sing Holdings Ltd.,TUS,TSHS,AG,6166,1,Z_ASIA_Liq3_noDETG,0
SG2E67980267,A1JWLX,Bumitama Agri Ltd.,2BU,2BU,AG,6166,1,Z_ASIA_Liq3_noDETG,0
SG2E90982678,A1J0X3,Maxi-Cash Financial Services Corp.Ltd,5MX,5MX,AG,6166,1,Z_noMM,0
SG2F24986083,A1J689,Geo Energy Resources Ltd,7GE,7GE,AF,6166,1,Z_ASIA_Liq2_TG,0
SG2F25986140,A1J7GZ,Oxley Holdings Ltd.,8OX1,8OX1,AG,6166,1,Z_ASIA_Liq3_noDETG,0
SG2G04994999,A1W30H,Rex International Holdings Ltd.,RXI,RXI,AG,6166,1,Z_ASIA_Liq3_noDETG,0
SG2G19997136,A1W56L,Sino Grandness Food Industry Group Ltd.,JSO1,JSO1,AG,6166,0,Z_ASIA_Liq3_noDETG,0
SG9999000020,890331,Flex Ltd.,FXI,FLEX,AC,6166,1,Z_USA_Liq2_TG,0
SG9999003735,A0MQ1C,XP Power Ltd.,4XP,4XP,AG,6166,1,Z_ASIA_Liq3_noDETG,0
SG9999011118,A1XEZF,Simec Atlantis Energy Ltd.,7K8,7K8,AZ,6166,1,Z_EU_Liq3_noDETG,0
SG9999012629,A14L8C,Kenon Holdings Ltd.,76N,76N,AG,6166,1,Z_ASIA_Liq3_noDETG,0
SG9999014716,A1436W,Wave Life Sciences Ltd.,1U5,1U5,AE,6166,1,Z_ASIA_Liq2_TG,0
SG9999014831,A2ACCC,GigaMedia Ltd.,GIFN,GIFN,AG,6166,1,Z_ASIA_Liq3_noDETG,0
SG9999015267,A2AJ7S,BOC Aviation Ltd.,8BO,8BO,AF,6166,1,Z_ASIA_Liq2_TG,0
SGXE13155820,A3DNCJ,Memiontec Holdings Ltd.,8900,8900,AG,6166,1,Z_ASIA_Liq3_noDETG,0
SGXE21576413,A2JNV9,Genting Singapore Ltd.,36T,36T,AF,6166,1,Z_ASIA_Liq2_TG,0
SGXE27499115,A40M0D,Airports of Thailand PCL (SDRs),NYV,NYV,AG,6166,1,Z_ASIA_Liq3_noDETG,0
SGXE34184239,A40CE1,Seatrium Ltd.,S8N0,S8N0,AF,6166,1,Z_ASIA_Liq2_TG,0
SGXE62145532,A3C2HL,Capitaland Investment Ltd.,5NU,5NU,AF,6166,1,Z_ASIA_Liq2_TG,0
SGXE82458550,A40M0E,Delta Electronics (Thai.) PCL (SDRs),DLS0,DLS0,AG,6166,1,Z_ASIA_Liq3_noDETG,0
SGXE96528042,A40M0F,PTT Exploration & Production PCL (SDRs),PTT,PTTG,AG,6166,1,Z_ASIA_Liq3_noDETG,0
SGXZ27777630,A3DSKL,Verde Agritech Ltd.,T48,T48,AG,6166,1,Z_ASIA_Liq3_noDETG,0
SGXZ53070850,A40S1F,Hafnia Ltd.,RE0,RE0,AE,6166,1,Z_ASIA_Liq2_TG,1
SGXZ55111462,A3ESV6,VINFAST AUTO PTE. LTD.,0TL,0TL,AE,6166,1,Z_ASIA_Liq2_TG,1
SGXZ57724486,A40P1Y,Maxeon Solar Technologies Ltd.,5QJ1,5QJ1,AC,6166,1,Z_USA_Liq2_TG,0
SGXZ69436764,A40HQM,BW LPG Ltd.,1PE,1PE,AE,6166,1,Z_ASIA_Liq2_TG,1
SI0021110513,A0Q2CB,Sava Reinsurance PLC,I69,I69,AO,6166,1,Z_EU_Liq3_noDETG,0
SI0021117344,A2N73H,Nova Ljubljanska Banka,N1V1,N1V1,AO,6166,1,Z_EU_Liq3_noDETG,0
SI0031101346,923271,Luka Koper D.D.,2FA,2FA,AO,6166,1,Z_EU_Liq3_noDETG,1
SI0031102120,903246,"Krka,tov.zdravil,dd,Novo Mesto",KN8,KN8,AZ,6166,0,Z_EU_Liq3_noDETG,0
TH0001010014,883565,Bangkok Bank PCL,BKKF,BBL,AG,6166,1,Z_ASIA_Liq3_noDETG,0
TH0003010R12,676055,Siam Cement PCL (NVDRs),NVAQ,SCCt,AG,6166,1,Z_ASIA_Liq3_noDETG,0
TH0003010Z12,136003,Siam Cement PCL,TCM1,SCCa,AG,6166,1,Z_ASIA_Liq3_noDETG,0
TH0016010017,878347,Kasikornbank PCL,TFBF,KBAN,AG,6166,1,Z_ASIA_Liq3_noDETG,0
TH0016010R14,676056,Kasikornbank PCL (NVDRs),NVAR,KBANt,AG,6166,1,Z_ASIA_Liq3_noDETG,0
TH0021010R14,542092,Siam City Cement PCL,RY5,SCCCt,AG,6166,1,Z_noMM,0
TH0023010R10,675455,Bank of Ayudhya PCL (NVDRs),NVAU,BAYt,AG,6166,1,Z_ASIA_Liq3_noDETG,0
TH0041010Y13,A0X8PJ,CIMB Thai Bank PLC,BK6B,BTf,AG,6166,0,Z_ASIA_Liq3_noDETG,0
TH0068010R15,675530,TMB Bank PCL (NVDRs),NVPJ,NVPJq,AG,6166,1,Z_ASIA_Liq3_noDETG,0
TH0068010Z15,A1C08A,TMB Bank PLC,TMLF,TMLF,AG,6166,1,Z_ASIA_Liq3_noDETG,0
TH0083010R14,676049,Thanachart Capital PCL (NVDRs),NVAK,NFSt,AG,6166,1,Z_ASIA_Liq3_noDETG,0
TH0083B10Z10,A2N5QR,Thanachart Capital PCL,NFPH,NFPH,AG,6166,1,Z_ASIA_Liq3_noDETG,0
TH0088010R13,A0B91S,Padaeng Industry PCL,QU5A,PDIt,AG,6166,1,Z_ASIA_Liq3_noDETG,0
TH0101010R14,675456,Charoen Pokphand Foods PLC (NVDRs),NVAV,CPFt,AG,6166,1,Z_ASIA_Liq3_noDETG,0
TH0101A10Z19,A1JUZ7,Charoen Pokphand Foods PCL,CPOF,CPFf,AG,6166,1,Z_ASIA_Liq3_noDETG,0
TH0121010019,957072,Kiatnakin Bank PCL,KIFF,KKf,AG,6166,1,Z_ASIA_Liq3_noDETG,0
TH0121010R12,691433,Kiatnakin Bank PCL (NVDRs),NVA6,KKt,AG,6166,1,Z_ASIA_Liq3_noDETG,0
TH0122010R10,675521,KCE Electronics PCL (NVDRs),NVPA,KCEt,AG,6166,1,Z_ASIA_Liq3_noDETG,0
TH0128B10Z17,A0RNQL,Minor International PCL,8MI,8MI,AG,6166,1,Z_noMM,0
TH0143010R16,676046,Land and Houses PCL (NVDRs),NVAH,LHt,AG,6166,1,Z_ASIA_Liq3_noDETG,0
TH0143010Z16,200423,Land and Houses PCL,LHOG,LHf,AG,6166,1,Z_ASIA_Liq3_noDETG,0
TH0148010R15,676041,Banpu PCL (NVDRs),NVAC,BANPt,AG,6166,1,Z_ASIA_Liq3_noDETG,0
TH0148A10Z14,A1XECY,Banpu PCL,BPFG,BPFG,AG,6166,1,Z_ASIA_Liq3_noDETG,0
TH0150010R11,675522,Krung Thai Bank PCL (NVDRs),NVPB,KTBt,AG,6166,1,Z_ASIA_Liq3_noDETG,0
TH0150010Z11,165129,Krung Thai Bank PCL,KTB1,KTB,AG,6166,1,Z_ASIA_Liq3_noDETG,0
TH0168A10Z19,A0B5KY,Bumrungrad Hospital PCL,BZ7A,BHf,AG,6166,1,Z_ASIA_Liq3_noDETG,0
TH0209010R15,A0RACT,Thai Vegetables Oil PCL (NVDRs),TVTB,TVTB,AG,6166,1,Z_ASIA_Liq3_noDETG,0
TH0209010Z15,957440,Thai Vegetable Oil PCL,TVTA,TVOf,AG,6166,1,Z_noMM,0
TH0212010R19,789320,TPI Polene PCL (NVDRs),NVP6,TPIPt,AG,6166,1,Z_ASIA_Liq3_noDETG,0
TH0219010R14,766158,Tipco Asphalt PCL,NVP5,TASCt,AG,6166,1,Z_ASIA_Liq3_noDETG,0
TH0219010Z14,A14R7X,Tipco Asphalt PCL,TPY1,TPY1,AG,6166,1,Z_ASIA_Liq3_noDETG,0
TH0254A10Z14,A1C079,Sri Trang Agro-Industry PCL,YTAA,STA,AG,6166,1,Z_ASIA_Liq3_noDETG,0
TH0268010R11,676018,Advanced Info Service PCL (NVDRs),NVAA,ADVAt,AG,6166,1,Z_ASIA_Liq3_noDETG,0
TH0268010Z11,889577,Advanced Info Service PCL,AISF,ADVAf,AG,6166,1,Z_ASIA_Liq3_noDETG,0
TH0324010R12,675458,Hana Microelectronics PCL (NVDRs),NVAX,HANAt,AG,6166,1,Z_ASIA_Liq3_noDETG,0
TH0324B10Z19,A1JU9W,Hana Microelectronics PCL,HAA1,HAA1f,AG,6166,1,Z_ASIA_Liq3_noDETG,0
TH0355010R16,676051,PTT Exploration & Production PCL (NVDRs),NVAL,PTTEt,AG,6166,1,Z_ASIA_Liq3_noDETG,0
TH0355A10Z12,A0JKZV,PTT Exploration & Production PCL,PTTG,PTTE,AG,6166,1,Z_ASIA_Liq3_noDETG,0
TH0371010R13,121232,Supalai PCL (NVDRs),NYVL,NYVLt,AG,6166,1,Z_ASIA_Liq3_noDETG,0
TH0376010R12,676047,Loxley PCL,NVAI,LOXLt,AG,6166,1,Z_ASIA_Liq3_noDETG,0
TH0380010R14,726126,Thaicom PCL,NYVP,SATTt,AG,6166,1,Z_noMM,0
TH0380010Y15,A0MXNE,Thaicom PCL,HI11,THCOMf,AG,6166,1,Z_noMM,0
TH0418010R12,675459,Jasmine International PCL (NVDRs),NVAY,JASt,AG,6166,1,Z_noMM,0
TH0418G10Z11,A2DJ2S,Jasmine International PCL,JASN,JASNf,AG,6166,1,Z_ASIA_Liq3_noDETG,0
TH0420010R18,A0NEGM,Bangchak Corporation PCL (NVDRs),7BP1,7BP1t,AG,6166,1,Z_ASIA_Liq3_noDETG,0
TH0420010Y19,A2DP5M,Bangchak Corporation PCL,7BP,7BP,AG,6166,1,Z_ASIA_Liq3_noDETG,0
TH0438010R10,575662,Italian-Thai Development PCL,NYVF,ITDt,AG,6166,1,Z_ASIA_Liq3_noDETG,0
TH0438010Z10,A0CANQ,Italian-Thai Development PCL,IU9,ITDf,AG,6166,0,Z_ASIA_Liq3_noDETG,0
TH0450010R15,676054,Thai Union Group PCL (NVDRs),NVAP,TUF,AG,6166,1,Z_ASIA_Liq3_noDETG,0
TH0450010Y16,A140S1,Thai Union Group PCL,THYG,THYG,AG,6166,1,Z_ASIA_Liq3_noDETG,0
TH0465010013,893183,Electricity Generating PCL,ECGF,EGCOf,AG,6166,1,Z_ASIA_Liq3_noDETG,0
TH0471010Y12,A0LELK,IRPC PLC,TPIG,IRPCf,AG,6166,1,Z_ASIA_Liq3_noDETG,0
TH0528010R18,675457,Delta Electronics [Thailand] PCL (NVDRs),NVAW,DELTt,AG,6166,0,Z_ASIA_Liq3_noDETG,0
TH0528A10Z14,A3EEYF,Delta Electronics PLC,DLS,DLSG,AG,6166,1,Z_ASIA_Liq3_noDETG,0
TH0530010R14,724703,Ch. Karnchang PCL,NYVC,NYVCt,AG,6166,1,Z_ASIA_Liq3_noDETG,0
TH0535010R13,812877,Thoresen Thai Agencies PCL,NYVU,TTAt,AG,6166,1,Z_ASIA_Liq3_noDETG,0
TH0535010Z13,778909,Thoresen Thai Agencies PCL,OHR,TTAf,AG,6166,1,Z_noMM,0
TH0616010R11,A0RBTK,Eastern Water Res Dev&Mgmt PLC (NVDRs),7ES1,7ES1t,AG,6166,1,Z_ASIA_Liq3_noDETG,0
TH0616010Z11,A0ER0V,Eastern Water Resources Development & Management PCL,7ES,EASWf,AG,6166,1,Z_noMM,0
TH0637010Y18,A2PH37,Ratch Group PCL,RA5F,RA5Ff,AG,6166,1,Z_noMM,0
TH0639010Z13,A0D96T,Cal-Comp Electronics Thailand PCL,CCDG,CCETf,AG,6166,1,Z_noMM,0
TH0646010R18,754704,PTT PCL (NVDRs),NVA3,PTTt,AG,6166,1,Z_ASIA_Liq3_noDETG,0
TH0646010Z18,A2JKFZ,PTT PCL,PTOG,PTO1,AG,6166,1,Z_ASIA_Liq3_noDETG,0
TH0662010014,120882,Internet Thailand Public Co. Ltd.,IE2A,INTRf,AG,6166,1,Z_ASIA_Liq3_noDETG,0
TH0664010R11,529919,AEON Thana Sinsap Thailand PCL (NVDRs),AE3,AE3,AG,6166,1,Z_noMM,0
TH0671010Z16,548184,Major Cineplex Group,MJG1,MAJOf,AG,6166,1,Z_ASIA_Liq3_noDETG,0
TH0675010Y18,A2PDWP,Frasers Property (Thailand) Ltd.,6TI,6TI,AG,6166,1,Z_noMM,0
TH0689010Z18,A2NB5M,Krungthai Card Public Co. Ltd.,KRTA,KRTA,AG,6166,1,Z_ASIA_Liq3_noDETG,0
TH0692010R12,A0DQQE,Tata Steel (Thailand) PCL,MVX,MVXt,AG,6166,1,Z_ASIA_Liq3_noDETG,0
TH0737010Y16,A0M6Q2,CP All PCL,LVN,CPALL,AG,6166,1,Z_ASIA_Liq3_noDETG,0
TH0750010Y19,A1XBVW,Rayong Purifier PCL,R4Q,R4Q,AG,6166,1,Z_ASIA_Liq3_noDETG,0
TH0765010R16,A0B5VL,Airports of Thailand PCL (NVDRs),NYVQ,AOTt,AG,6166,1,Z_ASIA_Liq3_noDETG,0
TH0765010Z16,A2DLST,Airports of Thailand PCL,TX3A,TX3A,AG,6166,1,Z_ASIA_Liq3_noDETG,0
TH0796010013,A0DJ1F,Thai Oil PCL,LQZ,LQZf,AG,6166,1,Z_ASIA_Liq3_noDETG,0
TH0796010R11,A0DJ1G,Thai Oil PCL (NVDRs),LQZ1,LQZt,AG,6166,1,Z_ASIA_Liq3_noDETG,0
TH0803010014,A0DLK8,MCOT PCL,OLU,MCOTf,AG,6166,1,Z_ASIA_Liq3_noDETG,0
TH0803010R15,A0DLK7,MCOT PCL (NVDRs),OLU1,MCOTt,AG,6166,1,Z_ASIA_Liq3_noDETG,0
TH0815010010,A0DP2R,Polyplex (Thailand) PCL,PKW,POF,AG,6166,1,Z_ASIA_Liq3_noDETG,0
TH0823010010,A0EQUW,Somboon Advance Technology PCl,PSQ,PSQ,AG,6166,1,Z_ASIA_Liq3_noDETG,0
TH0831010010,A0D9V8,Solartron PCL,TUUF,SOLAf,AG,6166,1,Z_ASIA_Liq3_noDETG,0
TH0831010R16,A0EAJ9,Solartron PCL,TUU,SOLAt,AG,6166,1,Z_ASIA_Liq3_noDETG,0
TH0902010014,A0J2LZ,Thai Beverage PCL,T6W,TBEV,AF,6166,1,Z_ASIA_Liq2_TG,0
TH0961010R11,A0Q245,Thai Tap Water Supply PCL (NVDRs),F1P2,F1P2,AG,6166,1,Z_ASIA_Liq3_noDETG,0
TH0961010Y12,A1104F,Thai Tap Water Supply PCL,F1P,F1P,AG,6166,1,Z_ASIA_Liq3_noDETG,0
TH0963010R17,A0M9FS,Asiasoft Corp. PCL (NVDRs),5ASA,ASCT,AG,6166,1,Z_ASIA_Liq3_noDETG,0
TH0975010016,A0QYA0,Esso Thailand PCL,JAV,ESSOf,AG,6166,0,Z_ASIA_Liq3_noDETG,0
TH0979010R13,A0YJLK,Siamgas & Petrochemicals PCL (NVDRs),4QVA,4QVA,AG,6166,1,Z_ASIA_Liq3_noDETG,0
TH0999010R11,A0RK9W,Tisco Financial Group PCL (NVDRs),47TA,47TA,AG,6166,1,Z_ASIA_Liq3_noDETG,0
TH0999010Z11,A0RFEA,TISCO Financial Group PCL,47T,TISCO,AG,6166,1,Z_ASIA_Liq3_noDETG,0
TH1016010R13,A0YA3M,Bangkok Life Assurance PCL (NVDRs),XBLA,BLAq,AG,6166,1,Z_ASIA_Liq3_noDETG,0
TH1027010012,A0YJG0,Indorama Ventures Co. Ltd.,I93,IVLz,AG,6166,1,Z_ASIA_Liq3_noDETG,0
TH1027010R10,A1CXKA,Indorama Ventures Co. Ltd. (NVDRs),I93A,I93A,AG,6166,1,Z_ASIA_Liq3_noDETG,0
TH1074010014,A1JMDG,PTT Global Chemical PCL,GCB,GCBT,AG,6166,1,Z_ASIA_Liq3_noDETG,0
TH3437010R19,A1JYX1,Asia Aviation PCL (NVDRs),55AA,55AA,AG,6166,1,Z_ASIA_Liq3_noDETG,0
TH4403010010,A12D4W,Bangkok Airways PCL,8BA,8BA,AG,6166,1,Z_ASIA_Liq3_noDETG,0
TH6999010015,A2ACY1,Bangkok Expressway and Metro,B4X,B4X,AG,6166,1,Z_ASIA_Liq3_noDETG,0
TH7411010R10,A2AR05,BCPG Public Company Ltd. (NVDRs),8BCN,8BCNq,AG,6166,1,Z_noMM,0
TH7595010R10,A2DHFF,Pruksa Holdings PCL (NVDRs),2PR3,2PR3t,AG,6166,1,Z_ASIA_Liq3_noDETG,0
THA790010R17,A3DK62,SCB X PCL,OU80,OU80,AG,6166,1,Z_ASIA_Liq3_noDETG,0
US0003041052,A0RGJS,AAC Technologies Holdings Inc. (ADRs),A2X,A2Xy,AG,6166,1,Z_ASIA_Liq3_noDETG,0
US00032Q1040,A3CSR9,Whitehawk Therapeutics Inc.,3350,3350,AL,6166,1,Z_USA_Liq3_noDETG,0
US0003611052,862821,AAR Corp.,ARZ,AARC,AC,6166,1,Z_USA_Liq2_TG,0
US0003752047,675089,ABB Ltd. (ADRs),ABJA,ABBy,AY,6166,1,Z_EU_Liq3_noDETG,0
US00080Q1058,A3CN4G,ABN AMRO Bank N.V. (ADRs),AB2A,AB2Ay,AY,6166,1,Z_EU_Liq3_noDETG,0
US00090Q1031,A2JBN6,ADT Inc.,541,541,AC,6166,1,Z_USA_Liq2_TG,0
US0009571003,857218,ABM Industries Incorporated,AB4,ABM,AC,6166,1,Z_USA_Liq2_TG,0
US0010551028,853081,AFLAC Inc.,AFL,AFL,AS,6166,1,Z_USA_Liq1_DETG,1
US0010841023,888282,AGCO Corp.,AGJ,AGCO,AL,6166,1,Z_USA_Liq2_TG,1
US00108J1097,A2H62F,ACM Research Inc.,813,813,AC,6166,1,Z_USA_Liq2_TG,0
US00109K1051,A2QMDB,AFC Gamma Inc.,0FG,0FG,AT,6166,1,Z_USA_Liq2_TG,0
US0012285013,A3CU0W,AG Mortgage Investment Trust Inc.,8AGA,8AGA,AT,6166,1,Z_USA_Liq2_TG,0
US00123Q1040,A2AR58,AGNC Inc. Corp.,4OQ1,4OQ1,AL,6166,1,Z_USA_Liq2_TG,1
US00130H1059,882177,The AES Corporation,AES,AES,AS,6166,1,Z_USA_Liq2_TG,1
US00164V1035,A1JBRG,AMC Networks Inc.,9AC,9AC,AC,6166,1,Z_USA_Liq2_TG,0
US00165C3025,A3D7MZ,AMC Entertainment Holdings Inc.,AH91,AH91,AS,6166,1,Z_USA_Liq2_TG,1
US0017441017,798185,AMN Healthcare Services Inc.,HCQ,AHS,AC,6166,1,Z_USA_Liq2_TG,0
US00175J1079,A2DLLC,AMMO Inc.,92P,92P,AT,6166,1,Z_USA_Liq2_TG,0
US00181T1079,A1XEER,A-Mark Precious Metals Inc.,AND,ANDG,AT,6166,1,Z_USA_Liq2_TG,0
US00182C1036,A1W15D,ANI Pharmaceuticals Inc.,BSFA,BSFA,AL,6166,1,Z_USA_Liq2_TG,0
US00183L2016,A4142Q,Angi Inc.,2UH0,2UH0,AT,6166,1,Z_USA_Liq2_TG,0
US00187Y1001,A2P4DS,API Group Corp.,4XY,4XY,AL,6166,1,Z_USA_Liq2_TG,0
US00191U1025,A2JG99,ASGN Inc.,OA2,OA2,AC,6166,1,Z_USA_Liq2_TG,0
US00202F1021,A14WZ1,A.P. Moller - Maersk A/S (ADRs),DP4H,DP4Hy,AL,6166,1,Z_USA_Liq3_noDETG,0
US00206R1023,A0HL9Z,AT & T Inc.,SOBA,T,AB,6166,1,Z_USA_Liq1_DETG,1
US00211V1061,A0NBL5,ATA Inc. (ADRs),3IZ,ATAIy,AT,6166,1,Z_USA_Liq2_TG,0
US0021202025,A2PM86,aTyr Pharma Inc.,471A,471A,AL,6166,1,Z_USA_Liq2_TG,0
US0021211018,A1XEYC,A10 Networks Inc.,8A0,8A0,AL,6166,1,Z_USA_Liq2_TG,0
US00215F1075,A2AMHC,ATN International Inc.,ATP,ATNI,AD,6166,1,Z_USA_Liq3_noDETG,0
US00215W1009,A2JH8Q,ASE Technology Holding Co. Ltd. (ADRs),2DQ,2DQ,AE,6166,1,Z_ASIA_Liq2_TG,0
US00217D1000,A3CL8W,AST SpaceMobile Inc.,3ZU0,3ZU0,AS,6166,1,Z_USA_Liq2_TG,1
US00218A1051,A3DRP8,ASP Isotopes Inc.,W62,W62,AD,6166,1,Z_USA_Liq2_TG,0
US0022554044,A3DTJ2,AUO Corp. (ADRs),AU7,AU7y,AG,6166,1,Z_ASIA_Liq3_noDETG,0
US00246W1036,914410,AXT Inc.,AHV,AXTI,AC,6166,1,Z_USA_Liq2_TG,0
US0024741045,863132,AZZ Inc.,AI7,AZZ,AT,6166,1,Z_USA_Liq2_TG,0
US0028241000,850103,Abbott Laboratories,ABL,ABT,AB,6166,1,Z_USA_Liq1_DETG,1
US00287Y1091,A1J84E,Abbvie Inc.,4AB,4AB,AS,6166,1,Z_USA_Liq1_DETG,1
US0028962076,903016,Abercrombie & Fitch Co.,AFT,ANF,AS,6166,1,Z_USA_Liq1_DETG,1
US00289Y2063,A3DMHM,Abeona Therapeutics Inc.,PCJ,PCJ,AC,6166,1,Z_USA_Liq2_TG,0
US00370M1036,A3EWCP,Abivax S.A.(ADRs),2X10,2X10y,AY,6166,1,Z_EU_Liq2_TG,0
US0038813079,164631,Acacia Research Corp.,AZG2,ACTS,AT,6166,1,Z_USA_Liq3_noDETG,0
US00404A1097,A1JNMF,Acadia Healthcare Co. Inc.,7RA,7RA,AD,6166,1,Z_USA_Liq3_noDETG,0
US0042251084,603035,Acadia Pharmaceuticals Inc.,DR6,DR6,AC,6166,1,Z_USA_Liq2_TG,0
US00435F3091,A14PXZ,Accor S.A. (ADRs),ACR1,ACR1y,AT,6166,1,Z_USA_Liq3_noDETG,0
US0043971052,A0MKWM,Accuray Inc.,XEJ,ARAY,AL,6166,1,Z_USA_Liq2_TG,0
US00444T2096,A3DWPN,Talphera Inc.,R5XA,R5XA,AC,6166,1,Z_USA_Liq2_TG,0
US0044685008,A2QAR3,Achieve Life Sciences Inc.,SP4P,SP4P,AC,6166,1,Z_USA_Liq2_TG,0
US0044981019,A0MXU1,ACI Worldwide Inc.,TSA,ACIW,AC,6166,1,Z_USA_Liq2_TG,0
US00449L1026,A3CUPM,Achilles Therapeutics PLC (ADRs),698,698y,AY,6166,0,Z_EU_Liq3_noDETG,0
US00449R1095,A3DU70,Accelleron Industries Ltd. (ADRs),ZH20,ZH20y,AT,6166,0,Z_ASIA_Liq3_noDETG,0
US00461U1051,A1412H,Aclaris Therapeutics Inc.,8AT,8AT,AL,6166,1,Z_USA_Liq2_TG,0
US00486H1059,A3C7M6,ADTRAN Holdings Inc.,QH9,QH9,AB,6166,1,A_SDAX,1
US00489Q1022,A2QQP7,ACRES Commercial Realty Corp.,R9L,R9L,AD,6166,1,Z_USA_Liq3_noDETG,0
US00507W2061,A2QA48,Actinium Pharmaceuticals Inc.,7AY1,7AY1,AC,6166,1,Z_USA_Liq2_TG,0
US00508Y1029,813307,Acuity Inc.,AQ8,AYI,AL,6166,1,Z_USA_Liq2_TG,0
US0050981085,A2ATTR,Acushnet Holdings Corp.,163,163,AC,6166,1,Z_USA_Liq2_TG,0
US0053291078,A2QN45,Adagene Inc. (ADRs),978,978y,AF,6166,1,Z_ASIA_Liq2_TG,0
US00650F1093,A2PLR5,Adaptive Biotechnologies Corp.,1HM,1HM,AC,6166,1,Z_USA_Liq2_TG,0
US00653A1079,A14SUX,Adaptimmune Therapeutics PLC (ADRs),473A,473Ay,AY,6166,1,Z_EU_Liq3_noDETG,0
US00654J2069,A3EXC6,Addex Therapeutics SA (ADRs),APE1,APE1y,AY,6166,1,Z_EU_Liq2_TG,0
US0067391062,A0YBKM,Addus HomeCare Corp.,A41,ADUS,AT,6166,1,Z_USA_Liq3_noDETG,0
US0067542045,A0YGQE,Adecco Group AG (ADRs),ADIA,ADIAGy,AY,6166,1,Z_EU_Liq3_noDETG,0
US00676P1075,A3DRWP,Adeia Inc.,8OZ,8OZ,AL,6166,1,Z_noMM,0
US00687A1079,A0MNCC,adidas AG (ADRs),ADS1,ADSGy,GX,6183,1,Z_EU_Liq3_noDETG,1
US00704R1095,A3EEED,Adlai Nortye Ltd. (ADRs),N2U0,N2U0y,AT,6166,1,Z_USA_Liq3_noDETG,0
US0071921078,A1JJZQ,Admiral Group PLC (ADRs),FLN0,FLN0y,AY,6166,1,Z_EU_Liq3_noDETG,0
US00724F1012,871981,Adobe Inc.,ADB,ADBE,AL,6166,1,Z_USA_Liq1_DETG,1
US00737L1035,A2DSHL,Adtalem Global Education Inc.,DVY,DVYG,AC,6166,1,Z_USA_Liq2_TG,0
US00751Y1064,982516,Advance Auto Parts Inc.,AWN,AWN,AC,6166,1,Z_USA_Liq2_TG,1
US00760J1088,908802,Aehr Test Systems,AYB,AEHR,AC,6166,1,Z_USA_Liq2_TG,0
US00766T1007,A0MMEV,AECOM,E6Z,E6Z,AL,6166,1,Z_USA_Liq2_TG,0
US0076CA1045,A3EVGW,Aegon Ltd. (ADRs),J06,J06,AY,6166,1,Z_EU_Liq2_TG,0
US00770C1018,A1W1ZU,Advanced Emissions Solutions Inc.,OXQ1,OXQ1,AL,6166,1,Z_USA_Liq2_TG,0
US00770K2024,A114CC,Aemetis Inc.,DW51,DW51,AC,6166,1,Z_USA_Liq2_TG,0
US00773J2024,A3D4LY,Spyre Therapeutics Inc.,3920,3920,AC,6166,1,Z_USA_Liq2_TG,0
US00773T1016,A2ARPX,Advansix Inc.,960,960,AT,6166,1,Z_USA_Liq2_TG,0
US00783V1044,A2PZ8R,Adyen N.V. (ADRs),1N8U,1N8Uy,AY,6166,1,Z_EU_Liq3_noDETG,1
US0079031078,863186,Advanced Micro Devices Inc.,AMD,AMD,AB,6166,1,Z_USA_Liq1_DETG,1
US00790R1041,A117FL,Advanced Drainage Systems Inc.,6DA,6DA,AL,6166,1,Z_USA_Liq2_TG,0
US0079731008,898006,Advanced Energy Industries Inc.,AVX,AEIS,AL,6166,1,Z_USA_Liq2_TG,0
US0080731088,A0MJX7,AeroVironment Inc.,JPX,JPX,AC,6166,1,Z_USA_Liq2_TG,1
US00835Q2021,A407ZD,Aeva Technologies Inc.,4ZM,4ZM,AT,6166,1,Z_USA_Liq2_TG,0
US00844W2089,A1J1DN,Ageas SA/NV (ADRs),FO4,FO4y,AD,6166,1,Z_USA_Liq3_noDETG,0
US00846U1016,929138,Agilent Technologies Inc.,AG8,A,AS,6166,1,Z_USA_Liq2_TG,1
US00847J1051,913094,Agilysys Inc.,PS3,AGYS,AT,6166,1,Z_USA_Liq2_TG,0
US00847X1046,A1W2RM,Agios Pharmaceuticals Inc.,8AP,8AP,AT,6166,1,Z_USA_Liq2_TG,0
US0084921008,890700,Agree Realty Corp.,AGL,ADC,AC,6166,1,Z_USA_Liq2_TG,0
US00851L1035,A2P7ZM,Agora Inc.,9AG1,9AG1y,AC,6166,1,Z_USA_Liq2_TG,0
US0088753043,A3DMBK,Aikido Pharma Inc.,BP2A,BP2A,AC,6166,1,Z_USA_Liq3_noDETG,0
US0090632078,A401TV,Air Astana JSC,7YH,7YHq,AG,6166,1,Z_ASIA_Liq3_noDETG,0
US0090661010,A2QG35,Airbnb Inc.,6Z1,6Z1,AS,6166,1,Z_USA_Liq1_DETG,1
US0091191082,A0CA0N,Air France-KLM S.A. (ADRs),FQZ,FQZy,AY,6166,1,Z_EU_Liq3_noDETG,0
US0091262024,920921,Air Liquide-SA  (ADRs),AILA,AILAy,AY,6166,1,Z_EU_Liq3_noDETG,0
US00912N4034,A3DWJ1,Air Industries Group,YH1,YH1,AL,6166,1,Z_USA_Liq2_TG,0
US00912X3026,A1H92R,Air Lease Corp.,AVLA,AVLA,AT,6166,1,Z_USA_Liq2_TG,0
US0091581068,854912,Air Products & Chemicals Inc.,AP3,APD,AB,6166,1,Z_USA_Liq1_DETG,1
US0092791005,A1XBMK,Airbus Group SE (ADRs),AIRA,EADSYy,GX,6183,1,Z_EU_Liq3_noDETG,1
US00938A1043,A2AQKX,Airgain Inc.,6LV,6LV,AT,6166,1,Z_USA_Liq3_noDETG,0
US0096062031,A2QE5P,Aixtron SE (ADRs),AIX2,AIX2y,GD,6183,1,Z_EU_Liq3_noDETG,1
US0097195012,A0D9US,Akbank T.A.S. (ADRs),AKB2,AKBNy,AG,6166,1,Z_ASIA_Liq3_noDETG,0
US00971T1016,928906,Akamai Technologies Inc.,AK3,AKAM,AC,6166,1,A_TradeRebel_HG3US,1
US00972D1054,A1XF0S,Akebia Therapeutics Inc.,AX9,AX9,AC,6166,1,Z_USA_Liq2_TG,0
US00973Y1082,A2PLNP,Akero Therapeutics Inc.,0K4,0K4,AC,6166,0,Z_USA_Liq2_TG,0
US0101995035,A2PDLD,AKZO NOBEL N.V. (Sp.ADRs),AKUP,AKUPy,AY,6166,1,Z_EU_Liq3_noDETG,0
US0116421050,A14VCL,Alarm.com Holdings Inc.,3RL,3RL,AL,6166,1,Z_USA_Liq2_TG,0
US0116591092,869843,Alaska Air Group Inc.,ALK,ALK,AS,6166,1,Z_USA_Liq2_TG,1
US0126531013,890167,Albemarle Corp.,AMC,ALLE,AL,6166,1,Z_USA_Liq1_DETG,1
US0130911037,A14YJM,Albertsons Companies Inc.,27S,27S,AC,6166,1,Z_USA_Liq2_TG,0
US0138721065,A2ASZ7,Alcoa Corp.,185,185,AS,6166,1,Z_USA_Liq1_DETG,1
US01438T1060,A111X8,Aldeyra Therapeutics Inc.,137,137,AL,6166,1,Z_USA_Liq2_TG,0
US0144421072,A2PCBM,Alector Inc.,0Z2,0Z2,AT,6166,1,Z_USA_Liq2_TG,0
US0147521092,857899,Alexander's Inc.,AXE,ALX,AD,6166,1,Z_USA_Liq3_noDETG,0
US0152711091,907179,Alexandria Real Estate Equities Inc.,A6W,A6W,AC,6166,1,Z_USA_Liq2_TG,1
US01609W1027,A117ME,Alibaba Group Holding Ltd. (ADRs),AHLA,AHLAy,AE,6166,1,Z_ASIA_Liq1_DETG,1
US0162551016,590375,Align Technology Inc.,AFW,ALGN,AS,6166,1,Z_USA_Liq1_DETG,1
US01626L2043,A40LQ4,Aligos Therapeutics Inc.,5WK0,5WK0,AL,6166,1,Z_USA_Liq3_noDETG,0
US01626W1018,A3CT74,Alight Inc.,A9L0,A9L0,AT,6166,1,Z_USA_Liq2_TG,0
US01644J1088,A3CMGH,Alkami Technology Inc,9J3,9J3,AL,6166,1,Z_USA_Liq2_TG,0
US01741R1023,931083,Allegheny Technologies Inc.,ATD,ATI,AC,6166,1,Z_USA_Liq2_TG,1
US01748X1028,A0LFDN,Allegiant Travel Co.,AGH,ALGT,AL,6166,1,Z_USA_Liq2_TG,0
US01749D1054,A2QGE6,Allegro MicroSystems Inc.,6V5,6V5,AT,6166,1,Z_USA_Liq2_TG,0
US0185811082,934251,Alliance Data Systems Corp.,LID,ALLD,AC,6166,1,Z_USA_Liq2_TG,0
US0188021085,855870,Alliant Energy Corp.,AY1,LNT,AC,6166,1,Z_USA_Liq2_TG,1
US0188201000,A2PXV5,Allianz SE (ADRs),ALVE,ALVEy,GV,6183,1,Z_EU_Liq3_noDETG,1
US0191701095,A2PZLE,Allied Esports Entertainment Inc.,2AA,2AA,AC,6166,1,Z_USA_Liq2_TG,0
US0193301092,157493,Allied Motion Technologies Inc,HWY,HWYG,AT,6166,1,Z_USA_Liq3_noDETG,0
US01973R1014,A1JGSV,Allison Transmission Holdings Inc.,1A7,1A7,AT,6166,1,Z_USA_Liq2_TG,0
US0200021014,886429,The Allstate Corp.,ALS,ALL,AL,6166,1,Z_USA_Liq1_DETG,1
US02005N1000,A1W2MF,Ally Financial Inc.,GMZ,GMZ,AL,6166,1,Z_USA_Liq2_TG,1
US02028M1053,A3ESGW,Almacenes Exito S.A. (ADRs),7QX,7QXy,AD,6166,0,Z_noMM,0
US02043Q1076,A0CBCK,Alnylam Pharmaceuticals Inc.,DUL,ALNY,AB,6166,1,Z_USA_Liq1_DETG,1
US02071M5076,A2AAAX,Alpha Bank S.A. (ADRs),ACBC,ACBCy,AY,6166,1,Z_EU_Liq3_noDETG,0
US0207721095,907487,Alpha Pro Tech Ltd.,APL,ALPP,AL,6166,1,Z_USA_Liq2_TG,0
US02079K1079,A14Y6H,Alphabet Inc. (C Shares),ABEC,ABECG,AS,6166,1,Z_USA_Mag7_Aussuchen,1
US02079K3059,A14Y6F,Alphabet Inc.,ABEA,ABEA,AS,6166,1,Z_USA_Mag7_Aussuchen,1
US02081G2012,A2AP5V,Alphatec Holdings Inc.,L1Z1,L1Z1,AL,6166,1,Z_USA_Liq2_TG,0
US0212442075,A1CS4B,Alstom S.A (ADRs),AOMU,AOMUy,AD,6166,1,Z_USA_Liq3_noDETG,0
US02128L1061,A2P6XQ,Alta Equipment Group Inc.,4ZL,4ZL,AT,6166,1,Z_USA_Liq2_TG,0
US0215131063,A2QMJY,Alto Ingredients Inc.,FPR,FPRG,AC,6166,1,Z_USA_Liq2_TG,0
US02155H2004,A2N5Z6,Altimmune Inc.,3G0,3G0,AL,6166,1,Z_USA_Liq2_TG,0
US02155X2053,A3D4GD,Alterity Therapeutics Ltd. (ADRs),PBN0,PBN0y,AT,6166,1,Z_USA_Liq3_noDETG,0
US02156K1034,A2DTR8,Altica USA Inc.,15PA,15PA,AC,6166,1,Z_USA_Liq2_TG,0
US02209S1033,200417,Altria Group Inc.,PHM7,MO,AS,6166,1,Z_USA_Liq1_DETG,1
US02263T1043,A1C6ZQ,Amadeus IT Group S.A. (ADRs),AI3B,AI3By,AY,6166,1,Z_EU_Liq3_noDETG,0
US0231114044,A41557,Amarin Corp. PLC,EH3,EH3y,AT,6166,1,Z_USA_Liq2_TG,0
US0231351067,906866,Amazon.com Inc.,AMZ,AMZN,AB,6166,1,Z_USA_Mag7_Aussuchen,1
US0231398845,A1T95E,Ambac Financial Group Inc.,FGPN,FGPN,AD,6166,0,Z_USA_Liq3_noDETG,0
US02319V1035,A1W749,Ambev S.A.,AMNA,AMNAy,AT,6166,1,Z_USA_Liq2_TG,0
US0235861004,904412,U-Haul Holding Company,AUK,AUKG,AT,6166,1,Z_USA_Liq2_TG,0
US0236081024,911535,Ameren Corp.,AE4,AEE,AL,6166,1,Z_USA_Liq2_TG,1
US02361E1082,A1C2FD,Ameresco Inc.,4AM,AMRC,AC,6166,1,Z_USA_Liq2_TG,0
US02376R1023,A1W97M,American Airlines Group Inc.,A1G,A1G,AS,6166,1,Z_USA_Liq1_DETG,1
US02390A1016,A3D8PK,America Movil S.A.B. de C.V. (ADRs),MV90,MV90y,AT,6166,1,Z_USA_Liq2_TG,0
US0240611030,918692,Dauch Corp.,AYA,AXL,AL,6166,1,Z_USA_Liq2_TG,0
US0255371017,850222,American Electric Power Co. Inc.,AEP,AEP,AL,6166,1,Z_USA_Liq1_DETG,1
US02553E1064,897113,American Eagle Outfitters Inc.,AFG,AEOS,AL,6166,1,Z_USA_Liq2_TG,0
US0258161092,850226,American Express Co.,AEC1,AXP,AS,6166,1,Z_USA_Liq1_DETG,1
US0259321042,894969,American Financial Group Inc.,QFI,AFG,AC,6166,1,Z_USA_Liq2_TG,0
US02665T3068,A1W3P0,American Homes 4 Rent,A4XA,A4XA,AT,6166,1,Z_USA_Liq2_TG,0
US0268747849,A0X88Z,American International Group Inc.,AINN,AIG,AS,6166,1,Z_USA_Liq2_TG,1
US0298991011,881720,American States Water Co.,FDK,FDK,AT,6166,1,Z_USA_Liq2_TG,0
US0301112076,A14QX0,American Superconductor Corp.,AMS1,AMS1,AC,6166,1,Z_USA_Liq2_TG,0
US03027X1000,A1JRLA,American Tower Corp.,A0T,A0T,AC,6166,1,Z_USA_Liq2_TG,1
US0303711081,675543,American Vanguard Corp.,AVJ,AVD,AD,6166,1,Z_USA_Liq3_noDETG,0
US0304201033,A0NJ38,American Water Works Co. Inc.,AWC,AWK,AL,6166,1,Z_USA_Liq1_DETG,1
US0305061097,871501,American Woodmark Corp.,AHQ,AHQ,AC,6166,1,Z_USA_Liq2_TG,0
US03064D1081,A0Q9XQ,Americold Realty Trust,YAR,YARG,AC,6166,1,Z_USA_Liq2_TG,0
US03071H1005,A0HMCU,Amerisafe Inc.,A3I,A3I,AL,6166,1,Z_USA_Liq2_TG,0
US03073E1055,766149,Cencora Inc.,ABG,ABGG,AB,6166,1,Z_USA_Liq1_DETG,1
US03076C1062,A0F55S,Ameriprise Financial Inc.,A4S,A4S,AL,6166,1,Z_USA_Liq1_DETG,1
US0311001004,908668,"AMETEK, Inc.",AK1,AME,AS,6166,1,Z_USA_Liq1_DETG,1
US0311621009,867900,Amgen Inc.,AMG,AMGN,AL,6166,1,Z_USA_Liq1_DETG,1
US03152W1099,A0MSMZ,Amicus Therapeutics Inc.,AM6,FOLD,AC,6166,1,Z_USA_Liq2_TG,0
US0316521006,911648,Amkor Technology Inc.,AMK,AMKR,AC,6166,1,Z_USA_Liq2_TG,0
US03168L1052,A2JLMD,Amneal Pharmaceuticals Inc.,2DT,2DT,AL,6166,1,Z_USA_Liq2_TG,0
US0320951017,882749,Amphenol Corp.,XPH,APH,AB,6166,1,Z_USA_Liq1_DETG,1
US03209R1032,A11664,Amphastar Pharmaceuticals Inc.,29A,29A,AC,6166,1,Z_USA_Liq2_TG,0
US03212B1035,A2PP3L,Amplify Energy Corp.,2OQ,2OQ,AL,6166,1,Z_USA_Liq2_TG,0
US03213A1043,A3C36H,Amplitude Inc.,7I9,7I9,AT,6166,1,Z_USA_Liq2_TG,0
US0323325045,914333,Amtech Systems Inc.,AS3,ASYS,AT,6166,1,Z_USA_Liq2_TG,0
US0325232017,766622,Anadolu Efes Biracilik Malt ve Gida Sanayi A.S. (ADRs),EF41,EF41y,AG,6166,0,Z_ASIA_Liq3_noDETG,0
US0326541051,862485,Analog Devices Inc.,ANL,ADI,AS,6166,1,Z_USA_Liq1_DETG,1
US0327241065,A2AJ8C,Anaptysbio Inc.,AN6,AN6,AC,6166,1,Z_USA_Liq2_TG,0
US0327973006,A1411S,Anavex Life Sciences Corp.,12X1,12X1,AL,6166,1,Z_USA_Liq2_TG,0
US0341641035,920678,The Andersons Inc.,AKG,ANDE,AC,6166,1,Z_USA_Liq2_TG,0
US03475V1017,A0B9A5,Angiodynamics Inc.,UG2,ANGO,AD,6166,1,Z_USA_Liq2_TG,0
US03485P4090,A41981,Anglo American PLC (ADRs),NGL,NGLy,AL,6166,1,Z_USA_Liq3_noDETG,0
US03486T2024,A2AKNF,Anglo American Platinum Ltd. (ADRs),RPH1,RPH1y,AQ,6166,1,Z_EU_Liq3_noDETG,0
US03524A1088,A0N916,Anheuser-Busch InBev S.A./N.V. (Spons.ADRs),ITKA,BUDy,AY,6166,1,Z_EU_Liq2_TG,0
US0352551081,889120,Anika Therapeutics Inc.,AKP,ANIK,AD,6166,1,Z_USA_Liq3_noDETG,0
US03528H1095,A2N6ZF,Anixa Biosciences Inc.,CY71,CY71,AC,6166,1,Z_USA_Liq2_TG,0
US0357108390,A3DUCY,Annaly Capital Management Inc.,AAYA,AAYA,AT,6166,1,Z_USA_Liq2_TG,0
US03615A1088,A2PNH2,Annovis Bio Inc.,07X,07X,AC,6166,1,Z_USA_Liq2_TG,0
US03674X1063,A1W4U4,Antero Resources Corp.,7A6,7A6,AL,6166,1,Z_USA_Liq2_TG,1
US0367521038,A12FMV,Elevance Health Inc.,A58,A58,AS,6166,1,Z_USA_Liq1_DETG,1
US03676C1009,A2PP3J,Anterix Inc.,2X6,2X6,AT,6166,1,Z_USA_Liq2_TG,0
US03736N1046,A3D28J,ANZ Group Holdings Ltd. (ADRs),X5Z,X5Zy,AG,6166,1,Z_ASIA_Liq3_noDETG,0
US03743Q1085,A2QQVE,APA Corporation,2S3,2S3,AC,6166,1,Z_USA_Liq2_TG,1
US03748R7474,A2QJPQ,Apartment Investment and Management Co.,AIV,AIVG,AT,6166,1,Z_USA_Liq2_TG,0
US03753U1060,A2JAAW,Apellis Pharmaceuticals Inc.,1JK,1JK,AL,6166,1,Z_USA_Liq2_TG,0
US03754H1041,A1H5PL,Aperam S.A.,7AAN,APEMY,AY,6166,1,Z_EU_Liq3_noDETG,0
US0375981091,867209,Apogee Enterprises Inc.,ANP,APOG,AT,6166,1,Z_USA_Liq2_TG,0
US03761U5020,A2N85M,Apollo Investment Corp.,55O1,55O1,AC,6166,1,Z_USA_Liq2_TG,0
US03762U1051,A0YA4B,Apollo Commercial Real Estate Finance Inc.,9A1,ARIC,AC,6166,1,Z_USA_Liq2_TG,0
US03763A2078,A14SUE,Apollo Medical Holdings Inc.,3AM,3AM,AC,6166,1,Z_USA_Liq2_TG,0
US03769M1062,A3DB5F,Apollo Global Management(New.),N7I,N7I,AS,6166,1,Z_USA_Liq2_TG,1
US03782L1017,A2DR9Y,Appian Corp.,910,910,AT,6166,1,Z_USA_Liq2_TG,0
US0378331005,865985,Apple Inc.,APC,AAPL,AS,6166,1,Z_USA_Mag7_Aussuchen,1
US03783C1009,A14TU7,AppFolio Inc.,4P0,4P0,AC,6166,1,Z_USA_Liq2_TG,0
US03784Y2000,A14VYT,Apple Hospitality REIT Inc.,48T,48T,AC,6166,1,Z_USA_Liq2_TG,0
US0381692070,A3DHHB,Applied Digital Corp.,FLH0,FLH0,AL,6166,1,Z_USA_Liq2_TG,1
US03820C1053,861210,Applied Industrial Technologies Inc.,AT4,AITN,AL,6166,1,Z_USA_Liq2_TG,0
US0382221051,865177,Applied Materials Inc.,AP2,AMAT,AS,6166,1,Z_USA_Liq1_DETG,1
US03823U1025,A1W4EQ,Applied Optoelectronics Inc.,A59,A59,AC,6166,1,Z_USA_Liq2_TG,0
US03831W1080,A2QR0K,AppLovin Corp.,6RV,6RV,AL,6166,1,Z_USA_Liq2_TG,1
US0383361039,886413,AptarGroup Inc.,AGT,ATR,AS,6166,1,Z_USA_Liq2_TG,1
US03837C1062,A2PBJC,Apyx Medical Corp.,BOV,BOVG,AC,6166,1,Z_USA_Liq2_TG,0
US03852U1060,A1W92R,Aramark Holdings Corp.,0AK,0AK,AC,6166,1,Z_USA_Liq2_TG,0
US0389231087,A0CAPU,Arbor Realty Trust Inc.,OWQ,ABR,AC,6166,1,Z_USA_Liq2_TG,0
US03937C1053,A113JL,ArcBest Corp.,AQY,AQY,AT,6166,1,Z_USA_Liq2_TG,0
US03937X1090,A2ARDL,Arcelik A.S. (ADRs),RCAA,RCAAy,AG,6166,1,Z_ASIA_Liq3_noDETG,0
US03938L2034,A2DRY4,ArcelorMittal S.A. (ADRs),ARRJ,ARRJy,AY,6166,1,Z_EU_Liq2_TG,0
US0394831020,854161,Archer Daniels Midland Company,ADM,ADM,AS,6166,1,Z_USA_Liq1_DETG,1
US03957W1062,A143KH,Archrock Inc.,54E,54E,AC,6166,1,Z_USA_Liq2_TG,0
US0396531008,A2N62P,Arcosa Inc.,EOB,EOB,AT,6166,1,Z_USA_Liq2_TG,0
US0396971071,A116X0,Ardelyx Inc.,41X,41X,AC,6166,1,Z_USA_Liq2_TG,1
US03990B1017,A2N87U,Ares Management Corp.,0QN,0QN,AL,6166,1,Z_USA_Liq2_TG,0
US04010E1091,784598,Argan Inc.,1AW,1AW,AC,6166,1,Z_USA_Liq2_TG,1
US04010L1035,A0DQY4,Ares Capital Corp.,9A2,ARCC,AC,6166,1,Z_USA_Liq2_TG,1
US04013V1089,A1J0GG,Ares Commercial Real Est.Corp.,41I,41I,AT,6166,1,Z_USA_Liq2_TG,0
US04016X1019,A2H9WD,Argenx SE (ADRs),1AEA,1AE1y,AY,6166,1,Z_EU_Liq3_noDETG,0
US0404132054,A40V33,Arista Networks Inc.,1170,1170G,AS,6166,1,Z_USA_Liq2_TG,1
US0412321095,A0JMC1,Arkema S.A. (ADRs),V1SD,V1SDy,AT,6166,1,Z_USA_Liq3_noDETG,0
US0420682058,A3EUCD,ARM Holdings PLC (ADRs),O9T,O9Ty,AY,6166,1,Z_EU_Liq2_TG,1
US04206A1016,A2JRL0,Arlo Technologies Inc.,2VI,2VI,AL,6166,1,Z_USA_Liq2_TG,0
US04208T1088,A1WY9H,Armada Hoffler Properties Inc.,791,791,AC,6166,1,Z_USA_Liq2_TG,0
US04216R1023,A2PKLC,Armata Pharmaceuticals Inc.,TG1N,TG1N,AD,6166,1,Z_USA_Liq2_TG,0
US0423157058,A3EUUD,Armour Residential REIT Inc.,2AR,2AR,AC,6166,1,Z_USA_Liq2_TG,1
US04247X1028,A0LCJG,Armstrong World Industries Inc.,91A,AWI,AL,6166,1,Z_USA_Liq2_TG,0
US04271T1007,A2QFA4,Array Technologies Inc.,9AY,9AY,AL,6166,1,Z_USA_Liq2_TG,0
US0427351004,855225,Arrow Electronics Inc.,ARW,ARW,AC,6166,1,Z_USA_Liq2_TG,0
US04280A1007,A2AGYB,Arrowhead Pharmaceuticals Inc.,HDP1,HDP1,AL,6166,1,Z_USA_Liq2_TG,1
US04316A1088,A1JU4Y,Artisan Partners Asset Management Inc.,AP0,AP0,AC,6166,1,Z_USA_Liq2_TG,0
US04342Y1047,A2QAMV,Asana Inc.,A6N,A6N,AC,6166,1,Z_USA_Liq2_TG,1
US0434361046,766687,Asbury Automotive Group Inc.,AWG,AWG,AT,6166,1,Z_USA_Liq2_TG,0
US04351P1012,A14M6X,Ascendis Pharma A/S (ADRs),A71,A71,AY,6166,1,Z_EU_Liq2_TG,0
US04390B1052,A40ZYR,Ascentage Pharma Group International,36X0,36X0y,AG,6166,1,Z_ASIA_Liq3_noDETG,0
US0441861046,A2AR23,Ashland Gobal Holdings Inc.,AHT,AHTG,AD,6166,1,Z_USA_Liq3_noDETG,0
US0453962070,A402CB,Assembly Biosciences Inc.,V7B,V7B,AT,6166,1,Z_USA_Liq2_TG,0
US0462241011,885275,Astec Industries Inc.,AI2,ASTE,AD,6166,1,Z_USA_Liq3_noDETG,0
US04626A1034,A404AF,Astera Labs Inc.,64B,64B,AL,6166,1,Z_USA_Liq2_TG,0
US04626D2062,A2QJRN,Aston Martin Lagonda Global Holdings PLC (ADRs),A5S0,A5S0y,AY,6166,0,Z_EU_Liq3_noDETG,0
US04638F1084,922775,Astro-Med Inc.,AZO,AZOG,AL,6166,1,Z_USA_Liq3_noDETG,0
US0464331083,867880,Astronics Corp.,AC1,ATRO,AD,6166,1,Z_USA_Liq2_TG,0
US0464843095,A3DZGS,Astrotech Corp.,SP5,SP5,AT,6166,1,Z_USA_Liq3_noDETG,0
US04649U1025,A0YH66,Asure Software Inc.,VTE1,ASUR,AL,6166,1,Z_USA_Liq2_TG,0
US0465132068,A40DQJ,Atara Biotherapeutics Inc.,AT20,AT20,AT,6166,1,Z_USA_Liq3_noDETG,0
US0476491081,A2ALP3,Atkore International Group Inc.,AOA,AOAG,AT,6166,1,Z_USA_Liq2_TG,0
US0494681010,A3DUN5,Atlassian Corp.,48D,48D,AE,6166,1,Z_ASIA_Liq2_TG,1
US0495601058,868746,Atmos Energy Corp.,AEO,ATO,AL,6166,1,Z_USA_Liq2_TG,1
US0517741072,A3CY5C,"Aurora Innovation, Inc.",77F,77F,AT,6166,1,Z_USA_Liq2_TG,0
US05207U1034,A2QG8Z,Aurubis AG (ADRs),NDA1,NDA1y,GK,6183,1,Z_EU_Liq3_noDETG,1
US0527691069,869964,Autodesk Inc.,AUD,ADSK,AB,6166,1,Z_USA_Liq1_DETG,1
US05278C1071,A1W97C,Autohome Inc. (ADRs),8AHB,8AHBy,AE,6166,1,Z_ASIA_Liq2_TG,0
US0528001094,906892,Autoliv Inc.,LIV,LIV,AL,6166,1,Z_USA_Liq2_TG,0
US05280R1005,A2JNZJ,Autolus Therapeutics Ltd. (ADRs),6A3A,6A3Ay,AY,6166,1,Z_EU_Liq2_TG,0
US0530151036,850347,Automatic Data Processing Inc.,ADP,AUD,AS,6166,1,Z_USA_Liq1_DETG,1
US05329W1027,880953,Autonation Inc.,RWI,AN,AT,6166,1,Z_USA_Liq2_TG,0
US0533321024,881531,Autozone Inc.,AZ5,AZO,AC,6166,1,Z_USA_Liq2_TG,1
US05338F3064,A3E2FR,Avalo Therapeutics Inc.,C6K0,C6K0,AT,6166,1,Z_USA_Liq2_TG,0
US0534841012,914867,Avalonbay Communities Inc.,WV8,AVB,AS,6166,1,Z_USA_Liq2_TG,1
US05350V1061,A2JNRG,Avanos Medical Inc.,8HH,8HH,AT,6166,1,Z_USA_Liq2_TG,0
US05352A1007,A2PJN6,Avantor Inc.,AVG,AVG1,AL,6166,1,Z_USA_Liq2_TG,0
US0536111091,850354,Avery Dennison Corp.,AV3,AV3,AS,6166,1,Z_USA_Liq2_TG,1
US05366Y2019,A2AL39,Aviat Networks Inc.,HSD1,HSD1,AC,6166,1,Z_USA_Liq2_TG,0
US05368V1061,A2P9BF,Avient Corp.,PY9,PY9,AT,6166,1,Z_USA_Liq2_TG,0
US0537741052,A0KEE9,Avis Budget Group Inc.,CUCA,CUCA,AC,6166,1,Z_USA_Liq2_TG,1
US05379B1070,856142,Avista Corp.,AV6,AVA,AL,6166,1,Z_USA_Liq2_TG,0
US0538071038,850355,Avnet Inc.,VNI,AVT,AT,6166,1,Z_USA_Liq2_TG,0
US0545361075,901685,AXA S.A. ( Sp. ADRs),AXAA,AXAy,AY,6166,1,Z_EU_Liq3_noDETG,0
US0545402085,A2AM8Z,Axcelis Technologies Inc.,XXA1,XXA1,AT,6166,1,Z_USA_Liq2_TG,0
US05462W1099,A0MY4Z,Axis Bank Ltd. (GDRs),UZC,AXBKq,AG,6166,1,Z_ASIA_Liq3_noDETG,0
US05463X1063,A1JMHK,AxoGen Inc.,LT3,LT3,AT,6166,1,Z_USA_Liq2_TG,0
US05464C1018,A2DPZU,Axon Enterprise Inc,TCS,TCS,AS,6166,1,Z_USA_Liq2_TG,1
US05464T1043,A2AA7B,Axsome Therapeutics Inc.,19X,19X,AL,6166,1,Z_USA_Liq2_TG,1
US05465C1009,A2N5Y2,Axos Financial Inc.,BB4,BB4,AL,6166,1,Z_USA_Liq2_TG,0
US05508R1068,A0CATC,B & G Foods Inc. New,DHR,BGSN,AL,6166,1,Z_USA_Liq2_TG,0
US05523R1077,931364,BAE SYSTEMS PLC (ADRs),BSPA,BSPG,AY,6166,1,Z_EU_Liq3_noDETG,0
US0552625057,936785,BASF SE Spon ADR,BASA,BASFy,GW,6183,1,Z_EU_Liq3_noDETG,1
US0554742090,A3D3VB,BIT Mining Ltd. (ADRs),50C0,50C0y,AL,6166,1,Z_USA_Liq2_TG,0
US05550J1016,A2JPDX,BJ's Wholesale Club Holdings Inc.,8BJ,8BJ,AT,6166,1,Z_USA_Liq2_TG,0
US05561Q2012,923203,BOK Financial Corporation,BJR,BJR,AT,6166,1,Z_USA_Liq2_TG,0
US0556221044,850518,BP PLC (ADRs),BSU,BPy,AY,6166,1,Z_EU_Liq2_TG,0
US05565A2024,722734,BNP Paribas S.A. (Sp. ADRs),BNPH,BNPPy,AY,6166,1,Z_EU_Liq3_noDETG,0
US05580M1080,A12EVW,B. Riley Financial Inc.,5E6,5E6,AT,6166,1,Z_USA_Liq2_TG,0
US05581M4042,A3CSSL,BTCS Inc.,BIC,BICG,AC,6166,1,Z_USA_Liq2_TG,0
US05605H1005,A14V4U,BWX Technoloigies Inc.,4BW,4BW,AS,6166,1,Z_USA_Liq2_TG,1
US05606L1008,A0X9JE,BYD Co. Ltd. (ADRs),BY6A,BY6A,AS,6166,1,Z_USA_Liq3_noDETG,1
US05614L2097,A2PN0R,Babcock & Wilcox Enterprises Inc.,UBW1,UBW1,AL,6166,1,Z_USA_Liq2_TG,0
US0565251081,863871,Badger Meter Inc.,33B,33B,AC,6166,1,Z_USA_Liq2_TG,1
US0567521085,A0F5DE,Baidu Inc. (ADRs),B1C,BIDUy,AE,6166,1,Z_ASIA_Liq2_TG,1
US05684B1070,A2N9Y3,Bain Capital Specialty Finance Inc.,618,618,AL,6166,1,Z_USA_Liq2_TG,0
US05722G1004,A2DUAY,Baker Hughes Co.,68V,68V,AS,6166,1,Z_USA_Liq2_TG,1
US0576652004,905650,Balchem Corp.,BL9B,BL9B,AL,6166,1,Z_USA_Liq2_TG,0
US0584981064,860408,Ball Corp.,BL8,BLL,AS,6166,1,Z_USA_Liq2_TG,1
US0589341009,A2PU68,Banco BBVA Argentina S.A. (ADRs),BFP,BFPy,AC,6166,1,Z_USA_Liq2_TG,1
US05945F1030,886171,BancFirst Corp.,BF1,BF1,AT,6166,1,Z_USA_Liq3_noDETG,1
US0594603039,A0B9WE,Banco Bradesco S.A. (ADRs),BREC,BBDEy,AC,6166,1,Z_USA_Liq2_TG,0
US05946K1016,876152,Banco Bilbao Vizcaya Argentaria S.A. (BBVA) (ADRs),BBVA,BBVAy,AY,6166,1,Z_EU_Liq2_TG,0
US0595201064,529496,Banco de Chile  (Sp.ADRs),G4RA,CHILy,AT,6166,1,Z_USA_Liq3_noDETG,0
US0595781040,A0YJVA,Banco do Brasil S.A. (ADRs),BZLA,BZLAy,AD,6166,1,Z_USA_Liq3_noDETG,0
US05961W1053,A0JJT4,Banco Macro S.A.,B4W,BSUy,AS,6166,1,Z_USA_Liq2_TG,1
US05964H1059,873816,Banco Santander S.A. (ADRs),BSDK,SANy,AY,6166,1,Z_EU_Liq2_TG,0
US05965X1090,904916,Banco Santander Chile (ADRs),BSA,STGy,AT,6166,1,Z_USA_Liq3_noDETG,0
US05967A1079,A0YBKP,Banco Santander (Brasil) S.A.,DBSA,BSBRy,AC,6166,1,Z_USA_Liq2_TG,0
US05988J1034,A2H7JF,Bandwidth Inc.,5XB,5XB,AC,6166,1,Z_USA_Liq2_TG,0
US05990K1060,A1W2U2,Banc of California Inc.,FPB,FPB,AC,6166,1,Z_USA_Liq2_TG,0
US0605051046,858388,Bank of America Corp.,NCB,BAC,AS,6166,1,Z_USA_Liq1_DETG,1
US06279J1097,A2JD2X,Bank of Ireland Group PLC (ADRs),BIRB,BIRBy,AY,6166,1,Z_EU_Liq3_noDETG,0
US0640581007,A0MVKA,The Bank of New York Mellon Corp.,BN9,BN9,AB,6166,1,Z_USA_Liq1_DETG,1
US06417N1037,A2JQ1Z,BANK OZK,BO8,BO8,AC,6166,1,Z_USA_Liq2_TG,0
US06684L1035,A14S55,Baozun Inc. (ADRs),2BZA,2BZAy,AF,6166,1,Z_ASIA_Liq2_TG,0
US06759L1035,A2JRMB,Barings BDC Inc.,TRY,TRY1,AT,6166,1,Z_USA_Liq2_TG,0
US06777U2006,A40E6D,Barnes & Noble Education Inc.,2BN0,2BN0,AC,6166,1,Z_USA_Liq2_TG,0
US0684631080,886799,Barret Business Services Inc.,BB1,BBSI,AT,6166,1,Z_USA_Liq2_TG,0
US0687881088,A2P8JT,Barry Callebaut AG (ADRs),BCLM,BCLMy,AY,6166,1,Z_EU_Liq3_noDETG,0
US0708301041,A3CWHH,Bath & Body Works Inc.,LTD0,LTD0,AB,6166,1,Z_USA_Liq1_DETG,1
US0717711099,A3CN4F,Bavarian Nordic AS (ADRs),BV3A,BV3Ay,AY,6166,1,Z_EU_Liq3_noDETG,0
US0718131099,853815,Baxter International Inc.,BTL,BAX,AC,6166,1,Z_USA_Liq2_TG,1
US0727303028,879501,Bayer AG (ADRs),BAYA,BAYGy,GW,6183,1,Z_EU_Liq3_noDETG,1
US0727434047,A40NVA,Bayerische Motoren Werke AG (ADRs),BMW0,BMW0y,GW,6183,1,Z_EU_Liq3_noDETG,1
US0733201034,898494,BE Semiconductor Industries N.V.,BSIA,BSIAy,AT,6166,1,Z_USA_Liq3_noDETG,0
US0734633094,A3EYZC,Beachbody Company Inc.,6K5,6K5,AT,6166,1,Z_USA_Liq3_noDETG,0
US07373B1098,A2QDBZ,Beam Global Inc.,16NA,16NA,AC,6166,1,Z_USA_Liq2_TG,0
US07556Q8814,A1J51W,Beazer Homes USA Inc.,BE4A,BE4A,AT,6166,1,Z_USA_Liq2_TG,0
US0758871091,857675,Becton Dickinson & Co.,BOX,BDX,AB,6166,1,Z_USA_Liq1_DETG,1
US07724U1034,A116VV,Beiersdorf AG (ADRs),BEIA,BEIEy,GZ,6183,1,Z_EU_Liq3_noDETG,1
US07725L1026,A1437N,BeiGene Ltd. (ADRs),49BA,49BAy,AY,6166,1,Z_EU_Liq2_TG,0
US0773472016,876528,Bel Fuse Inc. (A),BF2A,BF2A,AT,6166,1,Z_USA_Liq3_noDETG,0
US0773473006,915578,Bel Fuse Inc. (B),BF2B,BELFb,AL,6166,1,Z_USA_Liq2_TG,0
US0774541066,A0B8CA,Belden Inc.,QCTA,BDC,AL,6166,1,Z_USA_Liq2_TG,0
US07782B1044,A3DKYL,Belite Bio Inc. (ADRs),D01,D01y,AD,6166,1,Z_USA_Liq3_noDETG,0
US07831C1036,A3DGED,BellRing Brands Inc.,D51,D51,AC,6166,1,Z_USA_Liq2_TG,1
US08160H1014,885906,Benchmark Electronics Inc.,BMU,BHE,AT,6166,1,Z_USA_Liq2_TG,0
US08265T2087,A2QDK6,Bentley Systems Inc.,BS81,BS81,AC,6166,1,Z_USA_Liq2_TG,0
US0844231029,870493,W.R. Berkley Corporation,WR1,WRB,AC,6166,1,Z_USA_Liq2_TG,1
US0846701086,854075,Berkshire Hathaway Inc.,BRH,BRKa,AC,6166,1,Z_USA_Liq2_TG,1
US0846707026,A0YJQ2,Berkshire Hathaway Inc.,BRYN,BRKb,AB,6166,1,Z_USA_Liq1_DETG,1
US0865161014,873629,Best Buy Co. Inc.,BUY,BBY,AS,6166,1,Z_USA_Liq2_TG,1
US0885792061,A0ETTX,Beximco Pharmaceuticals Ltd. (GDRs),R2WA,R2WAq,AG,6166,1,Z_noMM,0
US0886061086,863578,BHP Group (ADRs),BHP,BHPy,AE,6166,1,Z_ASIA_Liq2_TG,1
US08862E1091,A2N7XQ,Beyond Meat Inc.,0Q3,0Q3,AS,6166,1,Z_USA_Liq1_DETG,1
US0887361030,A1J2CK,Bic S.A. (ADRs),BIF0,BIF0y,AT,6166,1,Z_USA_Liq3_noDETG,0
US0887861088,A2PKZC,Bicycle Therapeutics Ltd. (ADRs),50BA,50BAy,AC,6166,1,Z_USA_Liq2_TG,0
US0889291045,A3EQAC,BGC Group Inc.,ESD,ESD1,AC,6166,1,Z_USA_Liq2_TG,0
US08975B1098,A3C8TH,BigBear.ai Holdings Inc.,28K1,28K1,AS,6166,1,Z_USA_Liq2_TG,1
US08975P1084,A2P9T5,BigCommerce Holdings Inc.,BI1,BI1,AS,6166,1,Z_USA_Liq2_TG,1
US09003Q1004,A11940,Bilfinger SE (ADRs),GBFU,GBFUy,GK,6183,1,Z_USA_Liq3_noDETG,1
US0900401060,A2JG7L,Bilibili Inc. (ADRs),71BA,71BAy,AE,6166,1,Z_ASIA_Liq2_TG,1
US0900431000,A2PWWA,Bill.com Holdings Inc.,0M5,0M5,AL,6166,1,Z_USA_Liq2_TG,0
US09032H1059,A3D6CB,Binah Capital Group Inc.,O1Y,O1Y,AL,6166,1,Z_USA_Liq2_TG,0
US0905722072,865406,Bio-Rad Laboratories Inc.,BUWA,BIOa,AC,6166,1,Z_USA_Liq2_TG,1
US09058V1035,896047,BioCryst Pharmaceuticals Inc.,BO1,BCRX,AL,6166,1,Z_USA_Liq2_TG,0
US09061G1013,924801,Biomarin Pharmaceutical Inc.,BM8,BMRN,AC,6166,1,Z_USA_Liq2_TG,1
US09062W2044,A1XCF2,BioLife Solutions Inc.,BJX1,BJX1,AL,6166,1,Z_USA_Liq2_TG,0
US09062X1037,789617,Biogen Inc.,IDP,BIIB,AS,6166,1,Z_USA_Liq1_DETG,1
US0906556065,A3C9XF,BioRestorative Therapies Inc.,9OF,9OF,AD,6166,1,Z_USA_Liq3_noDETG,0
US09071M3043,A41038,Bioline RX Ltd.,YP2,YP2y,AT,6166,1,Z_ASIA_Liq3_noDETG,0
US09073M1045,A12ENG,Bio Techne Corp.,TE1,TE1,AL,6166,1,Z_USA_Liq2_TG,1
US09075P2048,A40YSR,BioXcel Therapeutics Inc.,BX20,BX20,AT,6166,1,Z_ASIA_Liq2_TG,0
US09075V1026,A2PSR2,BioNTech SE (ADRs),22UA,22UAy,AY,6166,1,Z_EU_Liq1_DETG,1
US09077V1008,A40D7P,Bioage Labs Inc.,Y7G,Y7G,AC,6166,1,Z_USA_Liq2_TG,0
US09175A2069,A411ZL,"BitMine Immersion Technologies, Inc.",Y6G0,Y6G0,AT,6166,1,Z_USA_Liq3_noDETG,0
US09180C1062,A0B7Y0,BJ's Restaurants Inc.,ZCG,BJRI,AT,6166,1,Z_USA_Liq2_TG,0
US0921131092,867434,Black Hills Corp.,BHI,BKH,AT,6166,1,Z_USA_Liq2_TG,0
US09227Q1004,A0B9Q0,Blackbaud Inc.,BNK,BNKA,AT,6166,1,Z_USA_Liq2_TG,0
US09239B1098,A2AS8C,BlackLine Inc.,02B,02B,AL,6166,1,Z_USA_Liq2_TG,0
US0925011050,A0NEG1,Blackrock Enhanced Global Dividend Trust,1JQ,1JQ,AC,6166,1,Z_USA_Liq3_noDETG,0
US09257W1009,A1T90Y,Blackstone Mortgage Trust Inc.,079A,079A,AC,6166,1,Z_USA_Liq2_TG,0
US09259E1082,A2N4AB,BlackRock TCP Capital Corp.,8TC,8TC,AT,6166,1,Z_USA_Liq2_TG,0
US09260D1072,A2PM4W,Blackstone Group L.P.,BBN1,BBN1,AC,6166,1,Z_USA_Liq2_TG,1
US09260U1097,A2QEEY,Blackrock Cap.Alloc.Trm Trst,BD8,BD8,AC,6166,1,Z_USA_Liq2_TG,0
US09261X1028,A3DHXC,Blackstone Secured Lending Fund,GM8,GM8,AT,6166,1,Z_USA_Liq3_noDETG,0
US09290D1019,A40PW4,BlackRock Inc.,UU2,UU2,AL,6166,1,Z_USA_Liq1_DETG,1
US0936711052,859376,H. & R. Block Inc.,HRB,HRB,AL,6166,1,Z_USA_Liq2_TG,0
US0937121079,A2JQTG,Bloom Energy Corp.,1ZB,1ZBG,AB,6166,1,Z_USA_Liq1_DETG,1
US0942351083,A1JWXL,Bloomin Brands Inc.,BOO,BOO,AL,6166,1,Z_USA_Liq2_TG,0
US0953061068,A14PN5,Blue Bird Corp.,4RB,4RB,AT,6166,1,Z_USA_Liq2_TG,0
US09624H2085,A2ALQ5,Bluelinx Holdings Inc.,FZG1,FZG1,AC,6166,1,Z_USA_Liq2_TG,0
US0970231058,850471,Boeing Co.,BCO,BA,AB,6166,1,Z_USA_Liq1_DETG,1
US09739D1000,A1KCND,Boise Cascade Co.,BC0,BC0,AC,6166,1,Z_USA_Liq2_TG,0
US09857L1089,A2JEXP,Booking Holdings Inc.,PCE1,PCE1,AS,6166,1,Z_USA_Liq1_DETG,1
US0994061002,A12EFD,Boot Barn Holdings Inc.,OBB,OBB,AC,6166,1,Z_USA_Liq2_TG,0
US0995021062,A1C599,Booz Allen Hamilton Corp.,BZ9,BAH,AC,6166,1,Z_USA_Liq2_TG,0
US0997241064,887320,Borgwarner Inc.,BGW,BWA,AC,6166,1,A_TradeRebel_HG3US,1
US1005571070,898161,Boston Beer Company Inc.,BBEA,SAM,AT,6166,1,Z_USA_Liq2_TG,0
US1010441053,A2DUKW,Boston Omaha Corp.,42S,42SG,AC,6166,1,Z_USA_Liq2_TG,0
US1011211018,907550,BXP Inc.,BO9,BO9,AC,6166,1,Z_USA_Liq2_TG,1
US1011371077,884113,Boston Scientific Corp.,BSX,BSXU,AB,6166,1,Z_USA_Liq1_DETG,1
US1021171087,A1J2CL,Bouygues S.A. (ADRs),BYG0,BYG0y,AT,6166,1,Z_USA_Liq3_noDETG,0
US10316T1043,A110YG,Box Inc.,3BX,3BX,AC,6166,1,Z_USA_Liq2_TG,0
US1033041013,896499,Boyd Gaming Corp.,BO5,BYD,AC,6166,1,Z_USA_Liq2_TG,0
US1046741062,900104,Brady Corp.,BRV,BRC,AT,6166,1,Z_USA_Liq2_TG,0
US10482B1017,A2JKHP,Braemar Hotels & Resorts Inc.,42V,42V,AT,6166,1,Z_USA_Liq3_noDETG,0
US1053682035,875818,Brandywine Realty Trust,B2X,BDN,AC,6166,1,Z_USA_Liq2_TG,0
US1055321053,896191,Braskem S.A. (ADRs),BRD,BAK,AC,6166,1,Z_USA_Liq2_TG,0
US10554B1044,A1C6JK,Brasilagro Companhia Brasileira de Propriedades Agricolas (ADRs),52BA,52BAy,AL,6166,1,Z_USA_Liq2_TG,0
US10576N1028,A3C7N3,Braze Inc.,K43,K43,AC,6166,1,Z_USA_Liq2_TG,0
US1058613068,A3D3MQ,Atlas Lithium Corp.,C480,C480,AC,6166,1,Z_USA_Liq2_TG,0
US1071801013,A2N4KC,Brenntag SE (ADRs),BNRA,BNR1y,GW,6183,1,Z_USA_Liq3_noDETG,1
US10806X1028,A2PLX7,BridgeBio Pharma Inc.,2CL,2CL,AS,6166,1,Z_USA_Liq2_TG,1
US10807Q7007,A2PJM2,Bridgeline Digital Inc.,BL43,BL43,AC,6166,1,Z_USA_Liq2_TG,0
US1091941005,A1KB0K,Bright Horizons Family Solutions Inc.,BHA,BHA,AT,6166,1,Z_USA_Liq2_TG,0
US1096411004,881396,Brinker International Inc.,BKJ,EAT,AC,6166,1,Z_USA_Liq2_TG,1
US1096961040,264748,Brink's Co.,PTY,BCO,AC,6166,1,Z_USA_Liq2_TG,0
US1101221083,850501,Bristol-Myers Squibb Co.,BRM,BMY,AL,6166,1,Z_USA_Liq1_DETG,1
US11040G1031,A2P6PL,Bristow Group Inc.,ERG1,ERG1,AT,6166,1,Z_USA_Liq2_TG,0
US1104481072,916671,British American Tobacco PLC (ADRs),BMTA,BTIy,AY,6166,1,Z_EU_Liq2_TG,1
US11120U1051,A1W514,BRIXMOR PROPERTY GROUP INC.,BXR,BXR,AT,6166,1,Z_USA_Liq3_noDETG,0
US11133T1034,A0MMP1,Broadridge Financial Solutions Inc.,5B9,BR,AS,6166,1,Z_USA_Liq2_TG,1
US11135E2037,A2QR15,Broadstone Net Lease Inc.,62XA,62XA,AC,6166,1,Z_USA_Liq2_TG,0
US11135F1012,A2JG9Z,Broadcom Inc.,1YD,1YD,AB,6166,1,Z_USA_Liq1_DETG,1
US11161T2078,A1J3B2,Broadwind Energy Inc.,9IRA,9IRA,AC,6166,1,Z_USA_Liq2_TG,0
US1124631045,A0HL7W,Brookdale Senior Living Inc.,B7S,B7S,AT,6166,1,Z_USA_Liq3_noDETG,0
US1143401024,257275,Azenta Inc.,BA3,BA3G,AC,6166,1,Z_USA_Liq2_TG,0
US1152361010,896895,Brown & Brown Inc.,BTW,BRO,AC,6166,1,Z_USA_Liq2_TG,1
US1156372096,856693,Brown-Forman Corp.,BF5B,BFb,AS,6166,1,Z_USA_Liq2_TG,1
US1167941087,813534,Bruker Corp.,BKD,BRKR,AC,6166,1,Z_USA_Liq2_TG,0
US11687Q1094,A40AHL,Brunello Cucinelli S.P.A. (ADRs),8BU0,8BU0y,AT,6166,1,Z_USA_Liq3_noDETG,0
US1170431092,850531,Brunswick Corp.,BWI,BWI,AL,6166,1,Z_USA_Liq2_TG,0
US1184401065,884929,Buckle Inc.,BK2,BKE,AL,6166,1,Z_USA_Liq2_TG,0
US1200761047,A0DK8F,Build-A-Bear Workshop Inc.,FPW,FPW,AL,6166,1,Z_USA_Liq2_TG,0
US12008R1077,A0ER15,Builders Firstsource Inc.,B1F,B1F,AS,6166,1,Z_USA_Liq2_TG,1
US12117P1093,A3DJ37,Bureau Veritas SA (ADRs),4BV0,4BV0y,AT,6166,1,Z_USA_Liq3_noDETG,0
US1220171060,A1W54Y,Burlington Stores Inc.,BUI,BUI,AL,6166,1,Z_USA_Liq2_TG,0
US12233L2060,A40AE6,Burning Rock Biotech Ltd. (ADRs),6BU0,6BU0y,AG,6166,1,Z_ASIA_Liq2_TG,0
US1243121092,A2QHR3,BYD Electronic [International] Co. Ltd. (ADRs),4BY0,4BY0y,AG,6166,1,Z_ASIA_Liq3_noDETG,0
US12468P1049,A2QJVE,C3.ai Inc.,724,724,AS,6166,1,Z_USA_Liq1_DETG,1
US1248051021,A0F5F5,CBIZ Inc.,XC4,XC4G,AL,6166,1,Z_USA_Liq2_TG,0
US1248308785,A3DAAM,CBL & Associates Properties Inc.,CAZ0,CAZ0,AL,6166,1,Z_USA_Liq2_TG,0
US12503M1080,A1CZTX,Cboe Global Markets Inc.,C67,CBOE,AS,6166,1,Z_USA_Liq2_TG,1
US12504L1098,A1JLYH,CBRE Group Inc.,RF6,RF6,AC,6166,1,Z_USA_Liq2_TG,1
US1251051066,A2QKR9,CD Projekt S.A. (ADRs),7CD0,7CD0y,AY,6166,1,Z_EU_Liq3_noDETG,0
US1251411013,906379,Ceco Environmental Corp.,WCE,CECE,AT,6166,1,Z_USA_Liq2_TG,0
US12514G1085,A1W0KL,CDW Corp.,CDW,CDW,AS,6166,1,Z_USA_Liq2_TG,1
US1252691001,A0ES9N,CF Industries Holdings Inc.,C4F,CF,AS,6166,1,Z_USA_Liq2_TG,1
US12541W2098,A0HGF5,C.H. Robinson Worldwide Inc.,CH1A,CHRW,AB,6166,1,A_TradeRebel_HG3US,1
US1255231003,A2PA9L,Cigna Group,CGN,CGNG,AL,6166,1,Z_USA_Liq1_DETG,1
US12562Y1001,A14RG7,CK Hutchison Holdings Ltd. (ADRs),2CKA,2CKAy,AG,6166,1,Z_ASIA_Liq3_noDETG,0
US12572Q1058,A0MW32,CME GROUP INC.,MX4A,MX4A,AS,6166,1,Z_USA_Liq1_DETG,1
US1258961002,850795,CMS Energy Corp.,CSG,CMSE,AS,6166,1,Z_USA_Liq1_DETG,1
US1261171003,856402,CNA Financial Corp.,CNH,CNAC,AT,6166,1,Z_USA_Liq2_TG,0
US12621E1038,A1CYFY,CNO Financial Group Inc.,COS,CNO,AT,6166,1,Z_USA_Liq2_TG,0
US1263491094,899518,CSG Systems International Inc,CSN,CLYG,AC,6166,1,Z_USA_Liq2_TG,0
US12634H2004,A2JAHL,CPI Card Group Inc.,CPB1,CPB1,AD,6166,1,Z_USA_Liq3_noDETG,0
US1264021064,A140CD,CSW Industrials Inc.,UCI,UCIG,AC,6166,1,Z_USA_Liq2_TG,0
US1264081035,865857,CSX Corp.,CXR,CSX,AS,6166,1,Z_USA_Liq1_DETG,1
US1265011056,850843,C.T.S. Corp.,XT1,CTS,AT,6166,1,Z_USA_Liq2_TG,0
US12650W1071,A2QHM1,CTS Eventim AG & Co. KGaA (ADRs),EVD0,EVD0y,GK,6183,1,Z_EU_Liq3_noDETG,1
US12653C1080,A2H8TZ,CNX Resources Corp.,CGD,CGDG,AL,6166,1,Z_USA_Liq2_TG,0
US1266011030,A0D94S,CVD Equipment Corp.,0V3,0V3,AD,6166,1,Z_USA_Liq3_noDETG,0
US12662P1084,A0MUHT,CVR Energy Inc.,FL9,FL9,AT,6166,1,Z_USA_Liq2_TG,0
US1266501006,859034,CVS Health Corp.,CVS,CVS,AB,6166,1,Z_USA_Liq1_DETG,1
US12685J1051,A14UKB,Cable One Inc.,XC1,XC1,AC,6166,1,Z_USA_Liq2_TG,0
US1270551013,856744,Cabot Corp.,CBT,CBT,AT,6166,1,Z_USA_Liq2_TG,0
US1270971039,881646,Cabot Oil & Gas Corp.,XCQ,COG,AC,6166,1,Z_USA_Liq2_TG,1
US1271903049,906006,CACI International Inc.,CA8A,CACI,AL,6166,1,Z_USA_Liq2_TG,1
US1272031071,A2JC5K,Cactus Inc,43C,43C,AT,6166,1,Z_USA_Liq2_TG,0
US1273871087,873567,Cadence Design Systems Inc.,CDS,CDNS,AL,6166,1,Z_USA_Liq1_DETG,1
US12738K1097,A2PEPV,Cadeler AS (ADRs),CA21,CA21y,AY,6166,1,Z_EU_Liq3_noDETG,0
US1275372076,A0BK9G,Cadiz Inc.,2ZC,2ZC,AD,6166,1,Z_USA_Liq2_TG,0
US12769G1004,A2P92E,Caesars Entertainment Inc.,2ER,2ER,AC,6166,1,Z_USA_Liq2_TG,1
US1280302027,907664,Cal-Maine Foods Inc.,CM2,CALM,AL,6166,1,Z_USA_Liq2_TG,0
US12803K1097,A14Q9E,Caixabank S.A. (ADRs),FV9J,FV9Jy,AT,6166,1,Z_USA_Liq3_noDETG,0
US1280583022,A3DWGC,Lisata Therapeutics Inc.,8NE,8NE,AT,6166,1,Z_USA_Liq2_TG,0
US1295001044,A14T37,Caleres Inc.,BRP,BRP,AL,6166,1,Z_USA_Liq2_TG,0
US13057Q3056,A2QGVC,California Resources Corp.,1CLD,1CLD,AC,6166,1,Z_USA_Liq2_TG,0
US1307881029,850556,California Water Service Group,WT5,CWT,AT,6166,1,Z_USA_Liq2_TG,0
US13100M5094,A1CVEW,Calix Inc.,CXA,CALX,AL,6166,1,Z_USA_Liq2_TG,0
US1311931042,883644,Callaway Golf Co.,CLY,ELY,AL,6166,1,Z_USA_Liq3_noDETG,0
US1330341082,930042,Camden National Corp.,3LR,3LR,AT,6166,1,Z_USA_Liq3_noDETG,0
US1331311027,985335,Camden Property Trust,CAL,CPT,AC,6166,1,Z_USA_Liq2_TG,1
US1344291091,850561,Campbell Soup Co.,CSC,CPB,AL,6166,1,Z_USA_Liq1_DETG,1
US13462K1097,A2AR5B,Camping World Holdings Inc.,C83,C83,AL,6166,1,Z_USA_Liq2_TG,0
US1347481020,A2PVN8,Canaan Inc. (ADRs),35J,35Jy,AF,6166,1,Z_ASIA_Liq2_TG,1
US1381031061,A3CM9A,Cantaloupe Inc.,UTE0,UTE0,AT,6166,1,Z_USA_Liq2_TG,0
US13961R1005,A2DY0Z,Capgemini S.A. (ADRs),CGMA,CGMAy,AY,6166,1,Z_EU_Liq3_noDETG,0
US14040H1059,893413,Capital One Financial Corp.,CFX,COF,AS,6166,1,Z_USA_Liq2_TG,1
US1404752032,A2QJSN,Sonida Senior Living Inc.,13C0,13C0,AL,6166,1,Z_USA_Liq2_TG,0
US1405011073,923189,Capital Southwest,SFW,SFW,AT,6166,1,Z_USA_Liq2_TG,0
US14068E2081,A2PRWA,Capstone Therapeutics Corp.,J7W,J7W,AT,6166,1,Z_USA_Liq2_TG,0
US14070B3096,A2PLU4,Capricor Therapeutics Inc.,4LN2,4LN2,AT,6166,1,Z_USA_Liq2_TG,0
US14147L1089,A2P4GU,Cardiff Oncology Inc.,XE7C,XE7C,AL,6166,1,Z_USA_Liq2_TG,0
US14149Y1082,880206,Cardinal Health Inc.,CLH,CAH,AC,6166,1,Z_USA_Liq2_TG,1
US14161W1053,A2JDMC,Cardlytics Inc.,CYX,CYXG,AT,6166,1,Z_USA_Liq2_TG,0
US14167L1035,A118WG,CareDX Inc.,1K9,1K9,AC,6166,1,Z_USA_Liq2_TG,0
US14167R1005,A2PHF8,CareCloud Inc.,MTB0,MTB0,AC,6166,1,Z_USA_Liq2_TG,0
US14174T1079,A11398,CareTrust REIT Inc.,7XC,7XC,AL,6166,1,Z_USA_Liq2_TG,0
US1417881091,A2DX5H,Cargurus Inc.,0C6,0C6,AL,6166,1,Z_USA_Liq2_TG,0
US1421521071,A41A14,Caris Life Sciences Inc.,49J,49J,AT,6166,1,Z_USA_Liq2_TG,0
US14216R1014,A3DZG2,Carisma Therapeutics Inc,W2J,W2J,AL,6166,0,Z_USA_Liq3_noDETG,0
US14218T1051,A0YGQ7,Carl Zeiss Meditec AG (ADRs),AFXA,AFXAy,GD,6183,1,Z_EU_Liq3_noDETG,1
US1423391002,871884,Carlisle Cos. Inc.,CLE,CSLE,AC,6166,1,Z_USA_Liq2_TG,0
US1431301027,662604,Carmax Inc.,XA4,KMX,AC,6166,1,Z_USA_Liq2_TG,1
US14316J1088,A2PXCR,The Carlyle Group Inc.,3VU,3VU,AT,6166,1,Z_USA_Liq2_TG,0
US14365C1036,264713,Carnival PLC (ADRs),POH3,CUKy,AY,6166,1,Z_EU_Liq2_TG,0
US1439051079,902313,CARRIAGE SERVICES INC.,C57,C57,AT,6166,1,Z_USA_Liq2_TG,0
US14427M1071,A2QAJC,CarParts.com Inc.,ZZF,ZZF1,AC,6166,1,Z_USA_Liq2_TG,0
US1442851036,858605,Carpenter Technology Corp.,XTY,CRSH,AL,6166,1,Z_USA_Liq2_TG,0
US1444302046,A1JNB7,Carrefour S.A. (Sp. ADRs),CAR1,CAR1y,AY,6166,1,Z_EU_Liq3_noDETG,0
US14448C1045,A2P1UY,Carrier Global Corp.,4PN,4PN,AB,6166,1,Z_USA_Liq1_DETG,1
US14575E1055,A2DRMF,Cars.com Inc.,CK3,CK3,AC,6166,1,Z_USA_Liq2_TG,0
US1462291097,777514,Carter's Inc.,HCH,CRI,AT,6166,1,Z_USA_Liq2_TG,0
US1468691027,A2DPW1,Carvana Co.,CV0,CV0,AS,6166,1,Z_USA_Liq2_TG,1
US1474481041,910249,Casella Waste Systems Inc.,WA3,CWST,AC,6166,1,Z_USA_Liq2_TG,1
US1475281036,885039,Casey's General Stores Inc.,CS2,CASY,AL,6166,1,Z_USA_Liq2_TG,0
US14808P1093,917071,Cass Information Systems Inc.,CC3,CC3,AT,6166,1,Z_USA_Liq2_TG,0
US14817C1071,A2PGL8,Filana Therapeutics Inc.,PX91,PX91,AC,6166,1,Z_USA_Liq2_TG,1
US14888U1016,A0LCUL,Catalyst Pharmaceuticals Inc.,CN2,CPRX,AL,6166,1,Z_USA_Liq2_TG,0
US1489063081,873281,Cathay Pacific Airways Ltd. (ADRs),CTYA,0293y,AG,6166,1,Z_ASIA_Liq3_noDETG,0
US1491231015,850598,Caterpillar Inc.,CAT1,CAT1,AB,6166,1,Z_USA_Liq1_DETG,1
US14986C1027,A2DKLR,CBAK Energy Technology Inc.,B6JA,B6JA,AC,6166,1,Z_USA_Liq2_TG,0
US1500421094,A2DWHJ,CECONOMY AG (ADRs),MEOD,MEODy,GJ,6183,1,Z_EU_Liq3_noDETG,1
US1508701034,A0DP2A,Celanese Corp.,DG3,DG3,AC,6166,1,Z_USA_Liq2_TG,1
US15117B2025,A2PEAB,Celldex Therapeutics Inc.,TCE2,TCE2,AT,6166,1,Z_USA_Liq2_TG,0
US15117K1034,A14QZE,Cellectis S.A. (ADRs),ZVAA,ZVAAy,AY,6166,1,Z_EU_Liq2_TG,0
US15117N7012,A41CNR,Imunon Inc.,CBO0,CBO0,AT,6166,1,Z_USA_Liq2_TG,0
US15126Q2084,A2DMHF,Cementos Pacasmayo S.A.A. (ADRs),EPCC,EPCCy,AT,6166,1,Z_USA_Liq3_noDETG,0
US1512908898,925905,Cemex S.A.B. de C.V. (ADRs),CEXA,CEXAy,AC,6166,1,Z_USA_Liq2_TG,0
US15135B1017,766458,Centene Corp.,QEN,QEN,AC,6166,1,Z_USA_Liq2_TG,1
US15189T1079,854566,Centerpoint Energy Inc.,HOU,CNP,AS,6166,1,Z_USA_Liq2_TG,1
US15202L1070,A2QLHY,Centerspace,WXC1,WXC1,AT,6166,1,Z_USA_Liq3_noDETG,0
US1523091007,A3CQ72,Centessa Pharmaceuticals PLC (ADRs),260,260y,AY,6166,1,Z_EU_Liq2_TG,0
US15234Q1085,901849,Centrais Eletricas Brasileiras S.A. (ADRs),L3XC,EBRBy,AD,6166,0,Z_USA_Liq3_noDETG,0
US15234Q2075,903460,Centrais Eletricas Brasileiras (Sp.ADRs),L3XB,EBRC,AT,6166,1,Z_USA_Liq3_noDETG,0
US1535271068,887131,Central Garden & Pet Co.,GP7,GP7,AL,6166,1,Z_USA_Liq3_noDETG,0
US1550382014,A2JCE9,Central Puerto S.A. (ADR),C3TA,C3TAy,AD,6166,1,Z_USA_Liq2_TG,0
US1564311082,899867,Century Aluminum Co.,EY3,CENX,AT,6166,1,Z_USA_Liq2_TG,0
US15643U1043,A12CTC,Centrus Energy Corp.,4CU,UEAN,AL,6166,1,Z_USA_Liq2_TG,1
US1564921005,889628,Century Casinos Inc.,CNT,CNTY,AT,6166,1,Z_USA_Liq2_TG,0
US1565043007,A114W9,Century Communities Inc.,CCT,CCTG,AT,6166,1,Z_USA_Liq2_TG,0
US1567271093,A2PRLS,Cerence Inc.,0S6,0S6,AS,6166,1,Z_USA_Liq2_TG,1
US1570851014,905249,Cerus Corp.,CU2,CERS,AL,6166,1,Z_USA_Liq2_TG,1
US15713L1098,A3ES01,CervoMed Inc.,DP8,DP8G,AC,6166,1,Z_USA_Liq2_TG,0
US1572101053,A0BKYT,Ceva Inc.,PVJA,PVJA,AT,6166,1,Z_USA_Liq2_TG,0
US15870P3073,A14X6S,Champions Oncology Inc.,2I3,2I3,AC,6166,1,Z_USA_Liq2_TG,0
US15961R3030,A41CHV,ChargePoint Holdings Inc.,K9N,K9N,AT,6166,1,Z_USA_Liq2_TG,0
US1598641074,939391,Charles River Laboratories International Inc.,RV6,CRL,AL,6166,1,Z_USA_Liq2_TG,1
US16115Q3083,A0KDX9,Chart Industries Inc.,I3N,GTLS,AS,6166,1,Z_USA_Liq2_TG,1
US16119P1084,A2AJX9,Charter Communications Inc.,CQD,CQD,AL,6166,1,Z_USA_Liq1_DETG,1
US1630721017,884888,Cheesecake Factory Inc.,CF2,CAKE,AL,6166,1,Z_USA_Liq2_TG,1
US1630752038,A3DTM9,Cheetah Mobile Inc. (ADRs),0C9,0C9y,AF,6166,1,Z_ASIA_Liq2_TG,0
US1630861011,A1H9UZ,Chefs Warehouse Inc.,2CF,2CF,AC,6166,1,Z_USA_Liq3_noDETG,0
US1630921096,A1W4ER,Chegg Inc.,0CG,0CG,AC,6166,1,Z_USA_Liq2_TG,1
US16359R1032,A0CBF4,Chemed Corp.,CXM,CHE,AL,6166,1,Z_USA_Liq2_TG,0
US1638511089,A14RPH,The Chemours Co.,2CU,2CU,AL,6166,1,Z_USA_Liq2_TG,1
US16411R2085,580884,Cheniere Energy Inc.,CHQ1,CHEX,AS,6166,1,Z_USA_Liq2_TG,1
US1651677353,A2QPFF,Chesapeake Energy Corp.,CS1,CS1G,AL,6166,1,Z_USA_Liq1_DETG,0
US1653031088,899500,Chesapeake Utilities Corp,CH5,CPK,AL,6166,1,Z_USA_Liq3_noDETG,0
US1667641005,852552,Chevron Corp.,CHV,CVX,AB,6166,1,Z_USA_Liq1_DETG,1
US16679L1098,A2PL6S,Chewy Inc.,3HH,3HH,AC,6166,1,Z_USA_Liq2_TG,0
US1689051076,909471,The Children's Place Inc.,CP5,PLCE,AT,6166,1,Z_USA_Liq2_TG,0
US16934Q8024,A40E2T,Chimera Investment Corp.,4CR0,4CR0,AT,6166,1,Z_USA_Liq2_TG,0
US16943W2044,A2PM4B,China Green Agriculture Inc.,GR0A,GR0A,AG,6166,0,Z_ASIA_Liq3_noDETG,0
US16954L2043,A3DZX6,'51 Talk Online Education Group (ADRs),C4G0,C4G0y,AC,6166,1,Z_USA_Liq2_TG,0
US1696561059,A0ESP5,Chipotle Mexican Grill Inc.,C9F,C9F,AS,6166,1,Z_USA_Liq1_DETG,1
US16965P2020,A2N8SZ,ChipMOS Technologies Inc.,CPIA,CPIAy,AF,6166,1,Z_ASIA_Liq2_TG,0
US1699051066,915916,Choice Hotels International Inc.,CZH,CHH,AT,6166,1,Z_USA_Liq2_TG,0
US1702721085,A40VLZ,Chocoladefabriken Lindt & Sprüngli AG (ADR),LSP1,LSP1y,AY,6166,1,Z_EU_Liq3_noDETG,0
US1707151064,A1J2C5,Christian Dior SE (ADRs),DIO0,DIO0y,AT,6166,1,Z_USA_Liq3_noDETG,0
US1710774076,A2AG5N,Niagen Bioscience Inc.,OCD1,OCD1,AC,6166,1,Z_USA_Liq2_TG,0
US17133Q5027,A1H4PX,Chunghwa Telecom Co. Ltd. (ADRs),CHWD,2412y,AG,6166,1,Z_ASIA_Liq3_noDETG,0
US1713401024,864371,Church & Dwight Co. Inc.,CXU,CHD,AS,6166,1,Z_USA_Liq1_DETG,1
US1714841087,923011,Churchill Downs Inc.,CHR,CHDN,AL,6166,1,Z_USA_Liq2_TG,0
US1717793095,A0LDA7,Ciena Corp.,CIE1,CIEN,AL,6166,1,Z_USA_Liq1_DETG,1
US1720621010,878440,Cincinnati Financial Corp.,CCJ,CINF,AL,6166,1,Z_USA_Liq2_TG,1
US17243V1026,A0MK44,Cinemark Holdings Inc.,ZZA,CNK,AC,6166,1,Z_USA_Liq2_TG,0
US17253J1060,A3CYXH,Cipher Mining Inc.,3A9,3A9,AT,6166,1,Z_USA_Liq2_TG,0
US1725731079,A417ZL,Circle Internet Group Inc.,ET9,GT9,AL,6166,1,Z_USA_Liq3_noDETG,1
US17259U2042,A3DHW9,Cion Investment Corp.,D21,D21,AT,6166,1,Z_USA_Liq2_TG,0
US1727551004,877381,Cirrus Logic Inc.,CRU,CRUS,AC,6166,1,Z_USA_Liq2_TG,0
US17275R1023,878841,Cisco Systems Inc.,CIS,CSCO,AL,6166,1,Z_USA_Liq1_DETG,1
US1729081059,880205,Cintas Corp.,CIT,CTAS,AB,6166,1,Z_USA_Liq1_DETG,1
US1729674242,A1H92V,Citigroup Inc.,TRVC,TRVC,AS,6166,1,Z_USA_Liq1_DETG,1
US17306X1028,A0EATE,Citi Trends Inc.,WW2,CTRN,AT,6166,1,Z_USA_Liq2_TG,0
US1746101054,A12BD3,Citizens Financial Group Inc.,1C5,1C5,AC,6166,1,Z_USA_Liq2_TG,1
US18047P1012,A0YGRC,Clariant AG (ADRs),CLRS,CLRSy,AY,6166,1,Z_EU_Liq3_noDETG,0
US18270D1063,A3C6S1,Claros Mortgage Trust Inc. ,5WO,5WO,AL,6166,1,Z_USA_Liq2_TG,0
US18270P1093,A2DWAE,Clarus Corp.,BDO,BDO,AT,6166,1,Z_USA_Liq2_TG,0
US1844961078,876514,Clean Harbors Inc.,CH6,CLHB,AC,6166,1,Z_USA_Liq2_TG,0
US1844991018,A0MRJL,Clean Energy Fuels Corp.,WIQ,CLNE,AC,6166,1,Z_USA_Liq2_TG,0
US18452B2097,A2PWWQ,CleanSpark Inc.,3UX,3UX,AL,6166,1,Z_USA_Liq2_TG,1
US18482P1030,A0NAKY,Clearfield Inc.,AP7,CLFD,AC,6166,1,Z_USA_Liq2_TG,0
US18538R1032,A0RDWM,Clearwater Paper Corp.,5WC,5WC,AL,6166,1,Z_USA_Liq2_TG,0
US18539C1053,A2N5TZ,Clearway Energy Inc.,NY4B,NY4B,AD,6166,1,Z_USA_Liq2_TG,0
US18539C2044,A2N5TT,Clearway Energy Inc.,NY41,NY41,AL,6166,1,Z_USA_Liq2_TG,0
US1858991011,A2DVSM,Cleveland-Cliffs Inc.,CVA,CVAG,AS,6166,1,A_TradeRebel_HG3US,1
US1887691038,A0RM8Z,Clinuvel Pharmaceuticals Ltd. (ADRs),UR9A,UR9Ay,AT,6166,1,Z_USA_Liq3_noDETG,0
US1890541097,856678,The Clorox Co.,CXX,CLX,AB,6166,1,Z_USA_Liq1_DETG,1
US18914F1030,A2QJXX,Clover Health Investments Corp.,7QD,7QD,AT,6166,1,Z_USA_Liq2_TG,0
US18915M1071,A2PQMN,Cloudflare Inc.,8CF,8CF,AL,6166,1,Z_USA_Liq2_TG,1
US1910981026,860150,Coca-Cola Consolidated Inc.,CC5,COKE,AT,6166,1,Z_USA_Liq2_TG,0
US1912161007,850663,The Coca-Cola Co.,CCC3,KO,AB,6166,1,Z_USA_Liq1_DETG,1
US1912232055,A117UP,Coca-Cola HBC AG (ADRs),CCKC,CCKCy,AY,6166,1,Z_EU_Liq3_noDETG,0
US1912411089,887811,Coca-Cola FEMSA S.A.B. de C.V. (ADRs),CFSL,KOFy,AT,6166,1,Z_USA_Liq2_TG,0
US19188J4094,A3DWYX,Cocrystal Pharma Inc.,8CC,8CC,AT,6166,1,Z_USA_Liq2_TG,0
US1920051067,A0Q2S4,Codexis Inc.,4QK,CDXS,AC,6166,1,Z_USA_Liq2_TG,0
US1921085049,A0RNL2,Coeur Mining Inc.,CDM1,CDE,AL,6166,1,Z_USA_Liq1_DETG,1
US1921761052,A0ER78,Coffee Holding Co. Inc.,E6U,JVA,AC,6166,1,Z_USA_Liq2_TG,0
US1924221039,878090,Cognex Corp.,CGZ,CGNX,AL,6166,1,Z_USA_Liq2_TG,0
US1924461023,915272,Cognizant Technology Solutions Corp.,COZ,CTSH,AL,6166,1,Z_USA_Liq1_DETG,1
US19247A1007,A0B7TN,Cohen & Steers,FG9,FG9,AT,6166,1,Z_USA_Liq2_TG,0
US19247G1076,A3DQXS,Coherent Corp.,H7B,H7B,AS,6166,1,Z_USA_Liq2_TG,1
US19249H1032,A12ETZ,Coherus Biosciences Inc.,8C5,8C5,AT,6166,1,Z_USA_Liq2_TG,0
US1925761066,856506,Cohu Inc.,CU3,COHU,AC,6166,1,Z_USA_Liq2_TG,0
US19260Q1076,A2QP7J,Coinbase Global Inc.,1QZ,1QZ,AL,6166,1,Z_USA_Liq1_DETG,1
US1940145022,A3DHHV,Enovis Corp.,C520,C520,AL,6166,1,Z_USA_Liq2_TG,0
US1941621039,850667,Colgate-Palmolive Co.,CPA,CL,AS,6166,1,Z_USA_Liq1_DETG,1
US19459J1043,A14SUV,Collegium Pharmaceutical Inc.,354,354,AL,6166,1,Z_USA_Liq2_TG,0
US1976411033,A2JJ7B,Columbia Financial Inc.,64H,64H,AT,6166,1,Z_USA_Liq3_noDETG,0
US1985161066,912855,Columbia Sportswear Company,CUW,COLM,AL,6166,1,Z_USA_Liq2_TG,0
US1993331057,899458,Columbus McKinnon Corp/NY,VC3,CMCO,AC,6166,1,Z_USA_Liq2_TG,0
US1999081045,907784,Comfort Systems USA Inc.,9CF,9CF,AC,6166,1,Z_USA_Liq2_TG,1
US20030N1019,157484,Comcast Corp. New Class A,CTP2,CMCS,AL,6166,1,Z_USA_Liq1_DETG,1
US2017122050,902130,Commercial Intl Bank Ltd. (GDRs),CIN,COMIq,AQ,6166,1,Z_EU_Liq3_noDETG,0
US2017231034,855786,Commercial Metals Co.,CMS,CCME,AL,6166,1,Z_USA_Liq2_TG,0
US2025976059,CB0L03,Commerzbank AG (ADRs),ZZMS,ZZMSy,GV,6183,1,Z_EU_Liq3_noDETG,1
US2026081057,A0B7E5,Commercial Vehicle Group Inc.,FDU,CVGI,AT,6166,1,Z_USA_Liq2_TG,0
US2027126000,A1JP2P,Commonwealth Bank of Australia (ADRs),CWW0,CWW0y,AG,6166,1,Z_ASIA_Liq3_noDETG,0
US20337X1090,A1W5SD,Commscope Holding Co. Inc.,CM9,CM9G,AC,6166,1,Z_USA_Liq2_TG,0
US2036681086,939156,Community Health Systems Inc.,CG5,CYH,AC,6166,1,Z_USA_Liq2_TG,0
US20369C1062,A142P1,Community Healthcare Trust Inc.,4U9,4U9,AD,6166,1,Z_USA_Liq2_TG,0
US2041661024,A0JL3S,Commvault Systems Inc.,D6I,CVLT,AL,6166,1,Z_USA_Liq2_TG,0
US2042803096,A1J2CR,Compagnie de Saint-Gobain (ADRs),GOBU,GOBUy,AD,6166,1,Z_USA_Liq3_noDETG,0
US2043191079,A0YGRD,Compagnie Financière Richemont AG (ADRs),RIT1,RITGy,AL,6166,1,Z_USA_Liq3_noDETG,0
US2044096012,895236,Companhia Energetica de Minas Gerais- CEMIG,CID,CMIy,AC,6166,1,Z_USA_Liq2_TG,0
US20440T3005,A2P0S7,Companhia Brasileira de Distribuicao Grupo Pao de Acucar [CBD] S.A. (ADRs),C1B2,C1B2y,AD,6166,0,Z_USA_Liq3_noDETG,0
US20440W1053,907167,Companhia Siderurgica Nacional,CQWA,CQWy,AC,6166,1,Z_USA_Liq2_TG,0
US20441A1025,621975,Cia Saneam. Bás. Est.São Paulo (ADRs),SAJA,SBSy,AC,6166,1,Z_USA_Liq2_TG,0
US20441B7047,A400EY,Companhia Paranaense Energia Copel (ADRs),ELP,ELPy,AD,6166,1,Z_USA_Liq3_noDETG,0
US2044291043,885057,Cía Cervecerías Unidas S.A. (ADRs),CVU,CCUUy,AD,6166,1,Z_USA_Liq3_noDETG,0
US2044481040,900844,Compania de Minas Buenaventura S.A. (ADRs),MBU,BUEy,AC,6166,1,Z_USA_Liq2_TG,0
US20451N1019,A0BKZZ,Compass Minerals International Inc.,CM8,CM8,AC,6166,1,Z_USA_Liq2_TG,0
US20451W1018,A2QCDR,Compass Pathways PLC (ADR´s),5Y6,5Y6y,AY,6166,1,Z_EU_Liq2_TG,0
US20464U1007,A2QR0H,Compass Inc.,91D,91D,AC,6166,1,Z_USA_Liq2_TG,0
US2053061030,575308,Computer Programs and Systems Inc.,PS1,CPSI,AT,6166,0,Z_USA_Liq3_noDETG,0
US2056842022,A1405G,Comstock Holding Companies Inc.,CHO1,CHO1,AL,6166,1,Z_USA_Liq2_TG,0
US2057504092,A412B6,Comstock Inc.,GSP0,GSP0,AL,6166,1,Z_USA_Liq2_TG,0
US2057683029,A2APM4,Comstock Resources Inc.,CX91,CX91,AC,6166,1,Z_USA_Liq2_TG,0
US2058262096,860733,Comtech Telecommunications Corp.,CC6,CMTL,AT,6166,1,Z_USA_Liq2_TG,0
US2058871029,861259,ConAgra Brands Inc.,CAO,CAG,AS,6166,1,Z_USA_Liq2_TG,1
US20602D1019,A2QG33,Concentrix Corp.,CO8,CO8,AC,6166,1,Z_USA_Liq2_TG,0
US2067871036,A2DGMC,Conduent Inc.,4C0,4C0,AT,6166,1,Z_USA_Liq2_TG,0
US20731J1025,A14YNV,Conifer Holdings Inc.,9KK,9KK,AD,6166,1,Z_USA_Liq2_TG,0
US2074101013,886793,Conmed Corp.,EC8,CNMD,AC,6166,1,Z_USA_Liq2_TG,0
US20786W1071,A11708,ConnectOne Bancorp Inc.,CBM,CBM,AD,6166,1,Z_USA_Liq3_noDETG,0
US20825C1045,575302,ConocoPhillips,YCP,COP,AS,6166,1,Z_USA_Liq1_DETG,1
US2091151041,911563,Consolidated Edison Inc.,EDC,ED,AS,6166,1,Z_USA_Liq1_DETG,1
US21036P1084,871918,Constellation Brands Inc.,CB1A,STZ,AB,6166,1,Z_USA_Liq1_DETG,1
US21037T1097,A3DCXB,Constellation Energy Corp.,E7S,E7S,AL,6166,1,Z_USA_Liq2_TG,1
US21044C1071,A2JMXF,Construction Partners Inc.,CQY,CQY,AL,6166,1,Z_USA_Liq2_TG,0
US2105021008,886210,Consumer Portfolio Services Inc.,FC8,FC8,AT,6166,1,Z_USA_Liq3_noDETG,0
US2107712000,879538,Continental AG (ADRs),CONA,CONA,GW,6183,1,Z_EU_Liq3_noDETG,1
US21077F1003,A1C9SC,Contango Ore Inc.,F85,F85,AL,6166,1,Z_USA_Liq2_TG,0
US21077P1084,A3CWBU,Context Therapeutics LLC,6K9,6K9,AC,6166,1,Z_USA_Liq2_TG,0
US2166485019,A402VX,Cooper Companies Inc.,CP60,CP60,AC,6166,1,Z_USA_Liq2_TG,1
US21676P1030,A1H5BU,Cooper Standart Holdings Inc.,C31,C31,AL,6166,1,Z_USA_Liq2_TG,0
US2172041061,893807,Copart Inc.,CO6,CPRT,AS,6166,1,Z_USA_Liq2_TG,1
US2183331022,A1XCGP,Corbion N.V. (ADRs),CSU,CSUy,AY,6166,1,Z_EU_Liq3_noDETG,0
US21833P3010,A3D54P,Corbus Pharmaceuticals Holdings Inc.,3371,3371,AC,6166,1,Z_USA_Liq2_TG,0
US2183521028,529882,Corcept Therapeutics Inc.,HTD,CORT,AL,6166,1,Z_USA_Liq2_TG,0
US21871N1019,A2DGL0,CoreCivic Inc.,PSRA,PSRA,AC,6166,1,Z_USA_Liq2_TG,0
US21871X1090,A3DNJ2,Corebridge Financial Inc.,AS5,AS5,AL,6166,1,Z_USA_Liq2_TG,0
US21873S1087,A413X6,CoreWeave Inc.,I1V,I1V,AD,6166,1,Z_USA_Liq2_TG,0
US21874A1060,A3E3TQ,Core Scientific Inc.,7ZD,7ZD,AL,6166,1,Z_USA_Liq2_TG,0
US2189371006,A40ZGW,Core Natural Resources Inc.,C9X0,C9X0,AS,6166,1,Z_USA_Liq2_TG,1
US21900C3088,A2PF3G,CorMedix Inc.,19KA,19KA,AC,6166,1,Z_USA_Liq2_TG,0
US2193501051,850808,Corning Inc.,GLW,GLW,AS,6166,1,Z_USA_Liq1_DETG,1
US2197981051,A3DNGX,QuidelOrtho Corp.,QL1A,QL1A,AL,6166,1,Z_USA_Liq2_TG,0
US2199481068,A407W7,Corpay Inc.,07G0,07G0,AC,6166,1,Z_USA_Liq2_TG,1
US22041X1028,A2QBQA,CORSAIR Gaming Inc.,6C2,6C2,AC,6166,1,Z_USA_Liq2_TG,0
US22052L1044,A2PKRR,Corteva Inc.,2X0,2X0,AL,6166,1,Z_USA_Liq1_DETG,1
US2210151005,A2AFXS,Corvus Pharmaceuticals Inc.,C17,C17,AC,6166,1,Z_USA_Liq2_TG,0
US22113B1035,A2QQ5P,Cosan S.A. (ADRs),9CI0,9CI0y,AL,6166,1,Z_USA_Liq2_TG,0
US2214133058,A3DZZN,Cosmos Health Inc.,V67A,V67A,AY,6166,1,Z_EU_Liq2_TG,0
US22160K1051,888351,Costco Wholesale Corp.,CTO,COST,AS,6166,1,Z_USA_Liq1_DETG,1
US22160N1090,922134,CoStar Group Inc.,RLG,CSGP,AL,6166,1,Z_USA_Liq2_TG,1
US2220702037,A1WY6X,Coty Inc.,CO3A,CO3A,AS,6166,1,Z_USA_Liq2_TG,1
US22266M1045,A2QRZ7,Coursera Inc.,90E,90E,AL,6166,1,Z_USA_Liq2_TG,0
US22266T1097,A2QQZ2,Coupang Inc.,788,788,AL,6166,1,Z_USA_Liq2_TG,1
US2227955026,A2PL1S,Cousins Properties Inc.,CPZ1,CPZ1,AC,6166,1,Z_USA_Liq2_TG,0
US22304D2071,A2DPX5,Covestro AG (ADRs),1CO1,1CO1y,GF,6183,1,Z_USA_Liq3_noDETG,1
US22357Q1058,A3DJY3,Covivio S.A. (ADRs),F5D0,F5D0y,AT,6166,1,Z_USA_Liq3_noDETG,0
US22410J1060,A0RD0J,Cracker Barrel Old Country Store Inc.,OLD,CBRL,AC,6166,1,Z_USA_Liq2_TG,0
US2244081046,A3D5X7,Crane Co.,T12,T12,AT,6166,1,Z_USA_Liq2_TG,0
US2244411052,A3DMZG,Crane Holdings Co.,P8Q,P8Q,AT,6166,1,Z_USA_Liq2_TG,0
US2246331076,884741,Crawford & Co.,CWK,CWKG,AD,6166,1,Z_USA_Liq3_noDETG,0
US2246332066,938270,Crawford & Co.,CWK0,CWK0,AD,6166,1,Z_USA_Liq3_noDETG,0
US2253101016,884343,Credit Acceptance Corp.,2D5,2D5,AL,6166,1,Z_USA_Liq2_TG,0
US2253131054,A0YGRE,Credit Agricole S.A. (ADRs),XCAU,XCAUy,AY,6166,1,Z_EU_Liq3_noDETG,0
US2256551092,A2PZDL,Crescent Capital BDC Inc.,487,487,AL,6166,1,Z_USA_Liq2_TG,0
US2264061068,906164,Cresud S.A. Comercial Industrial Financiera y Agropecuaria (ADRs),CD8,CRESy,AC,6166,1,Z_USA_Liq2_TG,1
US22658D1000,A2QQ7C,Cricut Inc.,398,398,AC,6166,1,Z_USA_Liq2_TG,0
US22663K1079,A2JQTJ,Crinetics Pharmaceuticals Inc.,6Z4,6Z4,AC,6166,1,Z_USA_Liq2_TG,0
US2267181046,A1W5UR,Criteo S.A. (ADRs),CI5A,CI5Aq,AY,6166,1,Z_EU_Liq2_TG,0
US2270461096,A0HM52,Crocs Inc.,C7N,C7N,AC,6166,1,Z_USA_Liq2_TG,1
US2274831047,550897,Cross Country Healthcare Inc.,XXY,CCRN,AT,6166,1,Z_USA_Liq2_TG,0
US22788C1053,A2PK2R,Crowdstrike Holdings Inc.,45C,45C,AS,6166,1,Z_USA_Liq2_TG,1
US22822V1017,A12GN3,Crown Castle Inc.,8CW,8CW,AS,6166,1,Z_USA_Liq2_TG,1
US2283681060,252092,Crown Holdings Inc.,CWN,CCK,AL,6166,1,Z_USA_Liq2_TG,1
US2288951088,923368,Cryo-Cell International Inc.,ZCY,ZCY,AT,6166,1,Z_USA_Liq3_noDETG,0
US2289031005,900006,Cryolife Inc.,CYL,CYLG,AL,6166,1,Z_USA_Liq3_noDETG,0
US2290503075,A14THD,CryoPort Inc.,CKX,CKXG,AT,6166,1,Z_USA_Liq2_TG,0
US2296631094,A1JKQD,CubeSmart L.P.,UK8,YSI,AC,6166,1,Z_USA_Liq2_TG,0
US22978P1066,A2JAT5,Cue Biopharma Inc.,1UC,1UC,AC,6166,1,Z_USA_Liq2_TG,0
US2298991090,906913,Cullen/Frost Bankers Inc.,CFZ,CUFR,AT,6166,1,Z_USA_Liq2_TG,0
US2302151053,919437,Culp Inc.,CUZ,CUZG,AT,6166,1,Z_USA_Liq3_noDETG,0
US2310211063,853121,Cummins Inc.,CUM,CUM,AB,6166,1,Z_USA_Liq1_DETG,1
US2312693094,A3ETJD,Curis Inc.,CUS0,CUS0,AC,6166,1,Z_USA_Liq2_TG,0
US23130Q1076,A2QFQU,CuriosityStream Inc.,3QT1,3QT1,AL,6166,1,Z_USA_Liq2_TG,0
US2315611010,850852,Curtiss-Wright Corp.,CWT,CUWR,AT,6166,1,Z_USA_Liq2_TG,0
US23282W6057,A1W1KK,Cytokinetics Inc.,KK3A,KK3A,AC,6166,1,Z_USA_Liq2_TG,0
US23283M1018,A0YHA5,CytoDyn Inc.,296,296,AD,6166,1,Z_noMM,0
US23283X2062,A12GDU,Cytosorbents Corp.,HQE1,HQE1,AC,6166,1,Z_USA_Liq2_TG,0
US23284F1057,A14158,Cytomx Therapeutics Inc.,6C1,6C1,AC,6166,1,Z_USA_Liq2_TG,0
US23285D1090,A3CVW1,Cytek Biosciences Inc.,8EQ,8EQ,AL,6166,1,Z_USA_Liq2_TG,0
US23290P1057,A3CN4D,DNO ASA (ADRs),NK1,NK1y,AT,6166,1,Z_USA_Liq3_noDETG,0
US23291C1036,A2DGRK,DMC Global Inc.,DM5,DM5,AC,6166,1,Z_USA_Liq2_TG,0
US23292B1044,A3CTMC,D Market Elektronik Hizmetler ve Ticaret AS (ADRs),8WZ,8WZy,AL,6166,1,Z_USA_Liq2_TG,0
US23292E1082,A3CTLG,DiDi Global Inc. (ADRs),92S,92Sy,AG,6166,1,Z_ASIA_Liq3_noDETG,0
US23306J3095,A40WEX,DBV technologies S.A. (ADR),DBV1,DBV1y,AY,6166,1,Z_EU_Liq3_noDETG,0
US23331A1097,884312,D.R.Horton Inc.,HO2,DHI,AS,6166,1,Z_USA_Liq2_TG,1
US23331S1006,A14R4K,DHI Group Inc.,32D,32D,AD,6166,1,Z_USA_Liq3_noDETG,0
US2333311072,853943,Dte Energy Co.,DGY,DGY,AC,6166,1,Z_USA_Liq2_TG,1
US23335Q1004,A1J0M3,DLH Holdings Corp.,TS8A,TS8A,AL,6166,1,Z_USA_Liq2_TG,0
US23341C1036,A3CTYU,DNB Bank ASA (ADRs),D1N,D1Ny,AY,6166,1,Z_EU_Liq3_noDETG,0
US23345V1070,A3D162,Dr Ing hc F Porsche AG (ADRs),P91A,P91Ay,GK,6183,1,Z_EU_Liq3_noDETG,1
US23346J1034,A3EQTY,DSM-Firmenich AG (Spons. ADRs),ZX61,ZX61y,AY,6166,1,Z_EU_Liq3_noDETG,0
US23355L1061,A2DM8U,DXC Technology Co.,2XT,2XT,AC,6166,1,A_TradeRebel_HG3US,1
US2338252073,A2DKLU,Mercedes-Benz Group AG (ADRs),DAII,DAI1y,GW,6183,1,Z_EU_Liq3_noDETG,1
US23384L1017,A3C9BA,Daimler Truck Holding AG (ADRs),DTG1,DTG1y,GW,6183,1,Z_EU_Liq3_noDETG,1
US2339121046,873135,Daily Journal Corp.,DJ1,DJ1,AL,6166,1,Z_USA_Liq3_noDETG,0
US2342641097,923255,Daktronics Inc,DA3,DAKT,AC,6166,1,Z_USA_Liq2_TG,0
US2358252052,A0NC7J,Dana Inc.,4DH,4DH,AT,6166,1,Z_USA_Liq2_TG,0
US2358511028,866197,Danaher Corp.,DAP,DHR,AB,6166,1,Z_USA_Liq1_DETG,1
US23636T1007,A0RM3A,Danone S.A. (ADRs),BSND,B2NDy,AD,6166,1,Z_USA_Liq3_noDETG,0
US23703Q2030,A1KAFV,Daqo New Energy Corp. (ADRs),5DQ2,5DQ2y,AE,6166,1,Z_ASIA_Liq2_TG,1
US2371941053,895738,Darden Restaurants Inc.,DDN,DRI,AB,6166,1,Z_USA_Liq1_DETG,1
US2372661015,895117,Darling Ingredients Inc.,43D,43D,AC,6166,1,Z_USA_Liq3_noDETG,0
US2375451083,901641,Dassault Systemes SE (ADRs),DSY,DASTy,AY,6166,1,Z_EU_Liq3_noDETG,0
US23804L1035,A2PSFR,Datadog Inc.,3QD,3QD,AS,6166,1,Z_USA_Liq1_DETG,1
US2383371091,A1J5S8,Dave & Buster's Entertainment Inc.,9DB,9DB,AC,6166,1,Z_USA_Liq2_TG,0
US23857X1037,A40AWS,Davide Campari-Milano (ADRs),58H1,58H1y,AY,6166,1,Z_EU_Liq3_noDETG,0
US23918K1088,897914,DaVita HealthCare Partners Inc.,TRL,DVA,AL,6166,1,Z_USA_Liq2_TG,1
US2435371073,894298,Deckers Outdoor Corp.,DO2,DECK,AB,6166,1,Z_USA_Liq1_DETG,1
US2441991054,850866,Deere & Co.,DCO,DE,AL,6166,1,Z_USA_Liq1_DETG,1
US24661P8077,A2PT5P,Delcath Systems Inc.,DV3R,DV3R,AC,6166,1,Z_USA_Liq2_TG,0
US24664R2067,A2QN86,Delek Group Ltd. (ADRs),6D40,6D40y,AG,6166,1,Z_ASIA_Liq3_noDETG,0
US24665A1034,A2DY2Y,Delek US Holdings Inc.,DEH,DEH,AC,6166,1,Z_USA_Liq2_TG,0
US24703L2025,A2N6WP,Dell Technologies Inc.,12DA,12DA,AS,6166,1,Z_USA_Liq1_DETG,1
US2473617023,A0MQV8,Delta Air Lines Inc.,OYC,DEL,AL,6166,1,Z_USA_Liq1_DETG,1
US2480191012,860049,DELUXE CORP.,DL8,DLX,AC,6166,1,Z_USA_Liq2_TG,0
US24823R1059,A2H9G8,Denali Therapeutics Inc.,4DN,4DN,AL,6166,1,Z_USA_Liq2_TG,0
US24906P1093,A2AF0E,Dentsply Sirona Inc.,DY2,DY2,AS,6166,1,A_TradeRebel_HG3US,1
US2505651081,A2PGSF,Designer Brands Inc.,D9W,D9W,AT,6166,1,Z_USA_Liq2_TG,0
US25063F1075,A3DRVB,Destiny Tech100 Inc.,W8K,W8K,AC,6166,1,Z_USA_Liq2_TG,0
US2515421061,A0REPB,Deutsche Börse AG (ADRs),63DA,DB1Gny,GV,6183,1,Z_EU_Liq3_noDETG,1
US2515613048,910979,Deutsche Lufthansa AG (Sp. ADRs),LHAB,LHABy,GK,6183,1,Z_EU_Liq3_noDETG,1
US2515661054,879530,Deutsche Telekom AG (ADRs),DTEA,DTEAy,GW,6183,1,Z_EU_Liq3_noDETG,1
US25157Y2028,A0YF81,Deutsche Post AG (Spons. ADRs),DPWA,DPWAy,GV,6183,1,Z_EU_Liq3_noDETG,1
US25161M1036,A2N4KH,Deutsche Wohnen SE (ADRs),DWNP,DWNPy,GJ,6183,1,Z_EU_Liq3_noDETG,1
US25179M1036,925345,DEVON ENERGY CORP.,DY6,DVN,AB,6166,1,Z_USA_Liq1_DETG,1
US2521311074,A0D9T1,DexCom Inc.,DC4,DXCM,AL,6166,1,Z_USA_Liq1_DETG,1
US25243Q2057,899505,Diageo PLC (ADRs),GUIA,DEOy,AL,6166,1,Z_USA_Liq3_noDETG,0
US2527843013,A0EQ4U,Diamondrock Hospitality Co.,HBO,DRH,AT,6166,1,Z_USA_Liq2_TG,0
US25278X1090,A1J6Y4,Diamondback Energy Inc.,7DB,7DB,AL,6166,1,Z_USA_Liq1_DETG,1
US2528281080,A3ERZ4,Dianthus Therapeutics Inc,87E,87E,AC,6166,1,Z_USA_Liq2_TG,0
US2533931026,662541,Dick's Sporting Goods Inc.,DSG,DKS,AB,6166,1,Z_USA_Liq1_DETG,1
US2536512021,A3EQW7,Diebold Nixdorf Inc.,DBDB,DBDB,AC,6166,1,Z_USA_Liq2_TG,0
US2537981027,878008,Digi International Inc.,DGI,DGII,AC,6166,1,Z_USA_Liq2_TG,0
US25381B1017,A0RBRR,Digimarc Corp.,3J0,3J0,AL,6166,1,Z_USA_Liq2_TG,0
US2538681030,A0DLFT,Digital Realty Trust Inc.,FQI,DLR,AC,6166,1,Z_USA_Liq2_TG,1
US25400Q1058,A3CYXD,Trump Media & Technology Group Corp.,97Y,97Y,AD,6166,1,Z_USA_Liq2_TG,0
US25400W1027,A14MRK,Digital Turbine Inc.,4MD,4MD,AL,6166,1,Z_USA_Liq2_TG,1
US25401T6038,A3DR58,DigitalBridge Group Inc.,6CL,6CL,AC,6166,1,Z_USA_Liq2_TG,0
US25402D1028,A2QRZ4,DigitalOcean Holdings Inc.,0SU,0SU,AC,6166,1,Z_USA_Liq2_TG,1
US2540671011,861569,Dillard's Inc.,DL7A,DDSa,AT,6166,1,Z_USA_Liq2_TG,0
US2544231069,A0Q3V8,Dine Brands Global Inc.,IHP,IHP,AL,6166,1,Z_USA_Liq2_TG,0
US25445D1019,A3CTJA,Dingdong (Cayman) Ltd. (ADRs),945,945y,AF,6166,1,Z_ASIA_Liq2_TG,0
US25445T1060,A40ATA,Dino Polska S.A. (ADRs),5Y20,5Y20y,AY,6166,0,Z_EU_Liq3_noDETG,0
US2545431015,858600,Diodes Inc.,DDQ,DIO,AL,6166,1,Z_USA_Liq2_TG,0
US25460P2039,A3D1ZD,Direct Communication Solutions Inc.,7QU0,7QU0,AL,6166,1,Z_USA_Liq3_noDETG,0
US2546871060,855686,The Walt Disney Co.,WDP,DIS,AB,6166,1,Z_USA_Liq1_DETG,1
US25471A4013,A2JH9T,Dish TV India Ltd. (GDRs),DT0,DT0q,AT,6166,1,Z_USA_Liq3_noDETG,0
US25525P1075,A2PXS1,Diversified Healthcare Trust,SNF,SNFG,AT,6166,1,Z_USA_Liq3_noDETG,0
US2561352038,659157,Dr. Reddys Labaratories (ADRs),RDDA,REDYy,AD,6166,1,Z_USA_Liq3_noDETG,0
US2561631068,A2JHLZ,DocuSign Inc.,DS3,DS3G,AS,6166,1,Z_USA_Liq2_TG,1
US25659T1079,A0DNCY,Dolby Laboratories Inc.,FUO,DLBa,AL,6166,1,Z_USA_Liq2_TG,0
US2566771059,A0YEES,Dollar General Corp.,7DG,DG,AB,6166,1,Z_USA_Liq1_DETG,1
US2567461080,A0NFQC,Dollar Tree Inc.,DT3,DLTR,AB,6166,1,Z_USA_Liq1_DETG,1
US25746U1097,932798,Dominion Energy Inc.,DOD,D,AS,6166,1,Z_USA_Liq1_DETG,1
US25754A2015,A0B6VQ,Domino's Pizza Inc.,EZV,DPZ,AC,6166,1,Z_USA_Liq2_TG,1
US2575541055,A2JPBT,DOMO Inc.,1ON,1ON,AL,6166,1,Z_USA_Liq2_TG,0
US2576511099,859763,Donaldson Co. Inc.,DNZ,DCI,AD,6166,1,Z_USA_Liq3_noDETG,0
US25787G1004,A2AR3K,Donnelley Financial Solutions Inc.,1DN,1DN,AC,6166,1,Z_USA_Liq2_TG,0
US25809K1051,A2QHEA,DoorDash Inc.,DD2,DD2G,AC,6166,1,Z_USA_Liq2_TG,1
US2582781009,A0J2R0,Dorman Products Inc.,RAB,RAB,AC,6166,1,Z_USA_Liq2_TG,0
US25862B1098,A2P7L2,DoubleDown Interactive Co. (ADRs),DDI,DDIy,AG,6166,1,Z_ASIA_Liq3_noDETG,0
US25960R1059,A1CVGB,Douglas Dynamics Inc.,5D4,PLOW,AT,6166,1,Z_USA_Liq2_TG,0
US25961D1054,A3C9E9,Douglas Elliman Inc.,8OT,8OT,AL,6166,1,Z_USA_Liq3_noDETG,0
US25985W2044,A4081R,DouYu International Holdings Ltd. (ADRs),DY8,DY8y,AF,6166,1,Z_ASIA_Liq2_TG,0
US2600031080,853707,Dover Corp.,DOV,DOV,AC,6166,1,Z_USA_Liq2_TG,1
US2605571031,A2PFRC,Dow Inc.,2OY,2OY,AB,6166,1,Z_USA_Liq1_DETG,1
US26142V1052,A3DL31,DraftKings Inc.,IK1,IK1,AC,6166,1,Z_USA_Liq2_TG,1
US26152H3012,A0MXRT,DRDGold Ltd. (ADRs),DUBA,DRDJy,AQ,6166,1,Z_EU_Liq2_TG,0
US26210C1045,A2JE48,Dropbox Inc.,1Q5,1Q5,AC,6166,1,Z_USA_Liq2_TG,1
US2641471097,861421,Ducommun Inc.,DUM,DUM,AC,6166,1,Z_USA_Liq2_TG,0
US26433T1088,A2P7VK,Avolta AG (ADRs),D2JA,D2JAy,AD,6166,1,Z_USA_Liq3_noDETG,0
US26441C2044,A1J0EV,Duke Energy Corp.,D2MN,D2MN,AL,6166,1,Z_USA_Liq1_DETG,1
US26614N1028,A2PLC7,DuPont de Nemours Inc.,6D81,6D81,AS,6166,1,Z_USA_Liq2_TG,1
US2668881061,A2DU7F,Dürr AG (ADRs),DUEB,DUEBy,GC,6183,1,Z_EU_Liq3_noDETG,1
US26740W1099,A3DSV9,D-Wave Quantum Inc.,RQ0,RQ0,AL,6166,1,Z_USA_Liq2_TG,1
US2674751019,877158,Dycom Industries Inc.,DYI,DY,AL,6166,1,Z_USA_Liq2_TG,0
US2681501092,A2PPPE,Dynatrace Inc.,7DY,7DY,AT,6166,1,Z_USA_Liq2_TG,0
US26817Q8868,A2PL13,Dynex Capital Inc.,DYT1,DYT1,AC,6166,1,Z_USA_Liq2_TG,0
US2683111072,908548,EDAP TMS S.A. (ADRs),EDA,EDAPy,AY,6166,1,Z_EU_Liq2_TG,0
US2683531097,907510,EDP - Energias de Portugal S.A. (ADRs),EDPA,EDPy,AY,6166,1,Z_EU_Liq3_noDETG,0
US2684254020,916490,EFG-Hermes Holding S.A.E. (GDRs),4LY1,HRHOq,AT,6166,1,Z_noMM,0
US26856L1035,A2ARZ4,e.l.f. Beauty Inc.,0EF,0EF,AL,6166,1,Z_USA_Liq2_TG,1
US2686031079,A117LA,El Pollo Loco Holdings Inc.,EP6,EP6,AT,6166,1,Z_USA_Liq2_TG,0
US26874R1086,898285,ENI S.P.A. (ADRs),ENI1,ENIy,AY,6166,1,Z_EU_Liq3_noDETG,0
US26875P1012,877961,EOG RESOURCES INC.,EO5,EOGR,AB,6166,1,Z_USA_Liq1_DETG,1
US2687801033,909855,E.ON SE  ADR,EOAA,EONGny,GZ,6183,1,Z_EU_Liq3_noDETG,1
US26884L1098,A0RFZL,EQT Corp.,EQ6,EQT,AB,6166,1,Z_USA_Liq1_DETG,1
US26884U1097,A1J78V,EPR Properties,E2H,E2H,AL,6166,1,Z_USA_Liq2_TG,1
US26969P1084,A0BLQZ,Eagle Materials Inc.,E5M,E5M,AT,6166,1,Z_USA_Liq2_TG,0
US27579R1041,922137,East West Bancorp Inc.,EW2,EWBC,AT,6166,1,Z_USA_Liq2_TG,0
US27616P3010,A417BU,Easterly Government Properties Inc.,E050,E050,AL,6166,1,Z_USA_Liq3_noDETG,0
US27627N1054,A2QD63,Eastern Bankshares Inc.,EB0,EB0,AC,6166,1,Z_USA_Liq2_TG,0
US2763171046,939208,Eastern Co.,EAQ,EAQ,AL,6166,1,Z_USA_Liq3_noDETG,0
US2772761019,985160,Eastgroup Properties Inc.,EGO,EGP,AL,6166,1,Z_USA_Liq2_TG,0
US2774321002,889082,Eastman Chemical Co.,EAC,EMN,AC,6166,1,Z_USA_Liq2_TG,1
US2774614067,A1W4RC,Eastman Kodak Co.,KODN,KODN,AC,6166,1,Z_USA_Liq2_TG,0
US2778562098,A1XAXY,EasyJet PLC (ADRs),EJTS,EJTSy,AT,6166,1,Z_USA_Liq3_noDETG,0
US2786421030,916529,eBay Inc.,EBA,EBAY,AS,6166,1,Z_USA_Liq1_DETG,1
US2787681061,A0NDYQ,EchoStar Corp.,E20,SATS,AB,6166,1,Z_USA_Liq1_DETG,1
US2788651006,854545,Ecolab Inc.,ECJ,ECL,AS,6166,1,Z_USA_Liq1_DETG,1
US27900N1037,A3CTRY,Eco Wave Power Global AB (ADRs),1KW0,1KW0y,AY,6166,1,Z_EU_Liq2_TG,0
US2791581091,A0Q9ZL,Ecopetrol S.A. (ADRs),ECHA,ECy,AL,6166,1,Z_USA_Liq2_TG,0
US27923Q1094,A3CWMS,Ecovyst Inc.,PQGA,PQGA,AT,6166,1,Z_USA_Liq2_TG,0
US2796551040,A1XCHC,Edenred S.A. (ADRs),QSV0,QSV0y,AT,6166,1,Z_noMM,0
US28035Q1022,A14UF4,Edgewell Personal Care Co.,EGZ,EGZG,AD,6166,1,Z_USA_Liq2_TG,0
US2810201077,887629,Edison International,EIX,EIX,AS,6166,1,Z_USA_Liq2_TG,1
US28106W1036,A2AC4K,Editas Medicine Inc.,8EM,8EM,AC,6166,1,Z_USA_Liq2_TG,0
US28176E1082,936853,Edwards Lifesciences Corp.,EWL,EW,AB,6166,1,Z_USA_Liq1_DETG,1
US28225C8064,893677,eGain Corporation,EGCA,EGCA,AT,6166,1,Z_USA_Liq3_noDETG,0
US28238P1093,A0LBT4,Ehealth Inc.,M5V,M5V,AL,6166,1,Z_USA_Liq2_TG,0
US2824921074,A0YGRN,Eiffage S.A. (ADRs),EF30,EF30y,AY,6166,1,Z_EU_Liq3_noDETG,0
US2829141009,907912,8x8 Inc.,EGT,EGHT,AL,6166,1,Z_USA_Liq2_TG,0
US28414H1032,A2N6BH,Elanco Animal Health Inc.,5EA,5EA,AB,6166,1,Z_USA_Liq1_DETG,1
US2855121099,878372,Electronic Arts Inc.,ERT,ERTS,AL,6166,1,Z_USA_Liq1_DETG,1
US28617K1016,A2QL00,Eledon Pharmaceuticals Inc.,2TK,2TK,AC,6166,1,Z_USA_Liq2_TG,0
US28618M1062,A2PDWL,Element Solutions Inc.,PLQ,PLQ,AC,6166,1,Z_USA_Liq2_TG,0
US28852N1090,A2PFD8,Ellington Financial Inc.,1EL,1EL,AT,6166,1,Z_USA_Liq2_TG,0
US2885781078,A1T940,Ellington Residential Mortgage REIT,73Z,73Z,AC,6166,1,Z_USA_Liq2_TG,0
US2901591022,A2QKN6,ElringKlinger AG (ADRs),ZIL,ZILy,GE,6183,1,Z_USA_Liq3_noDETG,1
US29081P2048,906417,Embotelladora Andina S.A. (ADRs),AKOA,AKOAy,AT,6166,1,Z_USA_Liq3_noDETG,0
US29081P3038,906418,Embotelladora Andina S.A. (ADRs),AKOB,AKOyb,AL,6166,1,Z_USA_Liq3_noDETG,0
US29082A1079,A1C2PZ,Embraer S.A. (ADRs),EMY,ERJy,AC,6166,1,Z_USA_Liq2_TG,1
US29082K1051,A3DGNE,Embecta Corp.,JX7,JX7,AT,6166,1,Z_USA_Liq3_noDETG,0
US29082P2039,A411HS,Embracer Group AB (ADR),TH93,TH93y,AT,6166,0,Z_USA_Liq3_noDETG,0
US29084Q1004,898814,Emcor Group Inc.,EM4,EM4,AT,6166,1,Z_USA_Liq2_TG,0
US29089Q1058,A0LC2W,Emergent Biosolutions Inc.,ER4,ER4,AL,6166,1,Z_USA_Liq2_TG,0
US2910111044,850981,Emerson Electric Co.,EMR,EMR,AL,6166,1,Z_USA_Liq1_DETG,1
US29103W1045,A2PZ6B,Emerald Holding Inc.,EM7,EM7,AT,6166,1,Z_USA_Liq2_TG,0
US2920343033,A3DJYN,Empire Petroleum Corp.,6W8,6W8,AT,6166,1,Z_USA_Liq3_noDETG,0
US2921041065,A1W6FF,Empire State Realty Trust Inc.,ES9,ES9,AC,6166,1,Z_USA_Liq2_TG,0
US29244A1025,A0MQYC,Empr.Distrib. y Com. Norte S.A. (ADRs),PWD1,PWDyb,AL,6166,1,Z_USA_Liq2_TG,0
US29248L1044,A0YGM2,Enagas S.A. (ADRs),EG40,EG40y,AY,6166,1,Z_EU_Liq3_noDETG,0
US29251M1062,A1T7BJ,Enanta Pharmaceuticals Inc.,9EP,9EP,AC,6166,1,Z_USA_Liq2_TG,0
US29258N2062,A14W0C,Endesa S.A. (ADRs),ENAA,ENAAy,AT,6166,1,Z_USA_Liq3_noDETG,0
US29260V1052,A2JRLY,Endava Ltd. (ADRs),2Y5,2Y5y,AY,6166,1,Z_EU_Liq2_TG,0
US29261A1007,A2H9HM,Encompass Health Corp.,HSOA,HSOG,AD,6166,1,Z_USA_Liq2_TG,0
US29265W2070,A0NCV1,Enel S.p.A.,ENLA,ENLAy,AY,6166,1,Z_EU_Liq3_noDETG,0
US29270J1007,A0NJUL,Energy Recovery Inc.,5E2,ERII,AL,6166,1,Z_USA_Liq2_TG,0
US29272W1099,A14UHB,Energizer Holdings Inc.,EGG,EGG,AC,6166,1,Z_USA_Liq2_TG,0
US29275Y1029,A0B7EH,EnerSys Corp.,FDN,ENS,AT,6166,1,Z_USA_Liq2_TG,0
US2927651040,A2PY85,Enerpac Tool Group Corp.,PW9,PW9,AD,6166,1,Z_USA_Liq3_noDETG,0
US29278D1054,A2AGY6,Enel Chile S.A. (ADRs),355,355y,AC,6166,1,Z_USA_Liq2_TG,0
US29280W1099,A3DEVQ,Energy Vault Holdings Inc.,8610,8610,AL,6166,1,Z_USA_Liq2_TG,0
US29286D1054,A14XKC,Engie S.A. (ADRs),GZFB,GZFBy,AD,6166,1,Z_USA_Liq3_noDETG,0
US29286U1079,A2ASWZ,Engie Brasil Energia S.A. (ADRs),7TE1,7TE1,AL,6166,1,Z_USA_Liq3_noDETG,0
US29332G1022,A3DNM9,Enhabit Inc.,X34,X34,AL,6166,1,Z_USA_Liq2_TG,0
US29355A1079,A1JC82,Enphase Energy Inc.,E0P,E0P,AB,6166,1,Z_USA_Liq1_DETG,1
US29355X1072,633524,EnPro Industries Inc.,EP9,NPO,AT,6166,1,Z_USA_Liq3_noDETG,0
US29357K1034,A12D51,Enova International Inc.,27E,27E,AD,6166,1,Z_USA_Liq2_TG,0
US29358P1012,A0MSST,Ensign Group Inc.,EGB,EGB,AT,6166,1,Z_USA_Liq2_TG,0
US2935941078,A3CVS3,Enovix Corp.,6Q81,6Q81,AL,6166,1,Z_USA_Liq2_TG,1
US29362U1043,938201,Entergris Inc.,ENQ,GRIS,AL,6166,1,Z_USA_Liq2_TG,0
US29364G1031,889290,Entergy Corp.,ETY,ETR,AS,6166,1,Z_USA_Liq1_DETG,1
US29382R1077,938502,Entravision Communications Corp.,EV9,EVC,AT,6166,1,Z_USA_Liq2_TG,0
US2939041081,873997,Enzon Pharmaceuticals Inc.,EZ1,ENZN,AD,6166,1,Z_noMM,0
US29414B1044,A1JS9Q,EPAM Systems Inc.,E3M,E3M,AL,6166,1,Z_USA_Liq2_TG,1
US29415F1049,A2PN69,Envista Holdings Corp.,0HV,0HV,AC,6166,1,Z_USA_Liq2_TG,1
US2942681071,923612,Eplus Inc.,MLE,PLUS,AT,6166,1,Z_USA_Liq2_TG,0
US29430C1027,A3EVGB,Vestis Corp.,6TS,6TS,AC,6166,1,Z_USA_Liq2_TG,0
US2944291051,854618,Equifax Inc.,EFX,EFX,AS,6166,1,Z_USA_Liq1_DETG,1
US29444U7000,A14M21,Equinix Inc.,EQN2,EQN2,AS,6166,1,Z_USA_Liq2_TG,1
US29446K1060,A2N7B3,Equillium Inc.,0FY,0FY,AT,6166,1,Z_USA_Liq2_TG,0
US29446M1027,A2JLT6,Equinor ASA (ADRs),DNQA,DNQAy,AY,6166,1,Z_EU_Liq2_TG,1
US29452E1010,A2PX9L,Equitable Holdings Inc.,AXJ,AXJG,AL,6166,1,Z_USA_Liq1_DETG,0
US29472R1086,A0DNDJ,Equity Lifestyle Properties Inc.,MHV,ELS,AT,6166,1,Z_USA_Liq2_TG,0
US29476L1070,985334,Equity Residential,EQR,EQR,AS,6166,1,Z_USA_Liq2_TG,1
US29478X1090,A1J2CB,Eramet S.A. (ADRs),ER70,ER70y,AD,6166,1,Z_USA_Liq3_noDETG,0
US2948216088,765913,Ericsson B (ADRs),ERCA,ERICy,AY,6166,1,Z_EU_Liq3_noDETG,0
US29482K1016,A2ARDK,Eregli Demir Ve Celik Fabrikalari T.A.S. (ADRs),EDVA,EDVAy,AG,6166,1,Z_ASIA_Liq3_noDETG,0
US29530P1021,919562,Erie Indemnity Co.,EI2,EI2,AL,6166,1,Z_USA_Liq2_TG,0
US29605J1060,A3DG4P,ESAB Corp.,O03,O03,AL,6166,1,Z_USA_Liq2_TG,0
US2963151046,880907,ESCO Technologies Inc.,ET7,ESE,AL,6166,1,Z_USA_Liq2_TG,0
US29664W1053,A1W1SJ,Esperion Therapeutics Inc.,0ET,0ET,AL,6166,1,Z_USA_Liq2_TG,0
US29670E1073,A2JN57,Essential Properties Realty Trust Inc.,2OU,2OU,AC,6166,1,Z_USA_Liq2_TG,0
US29670G1022,A2PZEK,Essential Utilities Inc.,A2A,A2A,AT,6166,1,Z_USA_Liq2_TG,0
US2971781057,891315,Essex Property Trust Inc.,EXP,ESS,AS,6166,1,Z_USA_Liq2_TG,1
US2972842007,A0YGMG,EssilorLuxottica S.A. (ADRs),ESLC,ESLCy,AY,6166,1,Z_EU_Liq3_noDETG,0
US29786A1060,A14P98,Etsy Inc.,3E2,3E2,AS,6166,1,Z_USA_Liq1_DETG,1
US2987361092,905247,Euronet Worldwide Inc.,EEF,EEFT,AC,6166,1,Z_USA_Liq3_noDETG,0
US29977A1051,A0KEXP,Evercore Inc.,QGJ,EVRN,AC,6166,1,Z_USA_Liq2_TG,0
US30034W1062,A2JNBV,Evergy Inc.,3E7,3E7,AL,6166,1,Z_USA_Liq2_TG,1
US30040W1080,A14NE5,Eversource Energy Corp.,NWJ,NWJ,AC,6166,1,Z_USA_Liq2_TG,1
US30041T1043,A2AS0X,Everspin Technolgies Inc.,E5N,E5N,AT,6166,1,Z_USA_Liq2_TG,0
US30049A1079,A0NJKM,Evolution Petroleum Corp,EP7,EP7,AT,6166,1,Z_USA_Liq2_TG,0
US3005031097,A2P69G,Evonik Industries AG (ADRs),EVKA,EVKAy,GK,6183,1,Z_EU_Liq3_noDETG,1
US30050B1017,A14UCN,Evolent Health Inc.,9EH,9EH,AC,6166,1,Z_USA_Liq2_TG,0
US30050E1055,A0QZ3J,Evotec AG ADR,EVTA,EVTGy,GD,6183,1,Z_USA_Liq3_noDETG,1
US30052C1071,A2JDYX,Evolus Inc.,EVL,EVL,AC,6166,1,Z_USA_Liq2_TG,0
US30063P1057,590273,Exact Sciences Corp.,EXK,EXAS,AS,6166,1,Z_USA_Liq2_TG,1
US30068X1037,A2PRXT,Exagen Inc.,E08A,E08A,AT,6166,1,Z_USA_Liq2_TG,0
US30161N1019,852011,Exelon Corp.,PEO,EXC,AB,6166,1,Z_USA_Liq1_DETG,1
US30161Q1040,936718,Exelixis Inc.,EX9,EXEL,AS,6166,1,Z_USA_Liq2_TG,1
US30205M3097,A40L5C,Exicure Inc.,2H0,2H0,AT,6166,1,Z_USA_Liq2_TG,0
US3020811044,A0LB2A,ExlService Holdings Inc.,LHV,EXLS,AL,6166,1,Z_USA_Liq2_TG,0
US30212P3038,A1JRLJ,Expedia Group Inc.,E3X1,E3X1,AS,6166,1,Z_USA_Liq1_DETG,1
US30212W1009,A2H6LH,eXp World Holdings Inc.,44Y,44Y,AT,6166,1,Z_USA_Liq2_TG,0
US3021301094,875272,Expeditors International of Washington Inc.,EW1,EXPD,AC,6166,1,Z_USA_Liq2_TG,1
US30214U1025,880114,Exponent Inc.,EP5,EP5,AT,6166,1,Z_USA_Liq2_TG,0
US30225T1025,A0B7S6,Extra Space Storage Inc.,FG8,EXRS,AS,6166,1,Z_USA_Liq2_TG,1
US30226D1063,920402,Extreme Networks Inc.,EXM,EXTR,AC,6166,1,Z_USA_Liq2_TG,1
US3023011063,882641,EZCORP Inc.,EZ2A,EZPW,AL,6166,1,Z_USA_Liq2_TG,0
US30231G1022,852549,Exxon Mobil Corp.,XONA,XON,AL,6166,1,Z_USA_Liq1_DETG,1
US30233G2093,A2QJRU,EyePoint Pharmaceuticals Inc.,PV3B,PV3B,AL,6166,1,Z_USA_Liq2_TG,0
US3024913036,871138,FMC Corp.,FMQ,FMC,AS,6166,1,Z_USA_Liq2_TG,1
US3024921039,A3CQ3K,Flywire Corp.,9E2,9E2,AC,6166,1,Z_USA_Liq2_TG,0
US3026352068,A2P6TH,FS KKR Capital Corp,FS5A,FS5A,AL,6166,1,Z_USA_Liq2_TG,1
US30303M1027,A1JWVX,Meta Platforms Inc.,FB2A,FB2A,AB,6166,1,Z_USA_Mag7_Aussuchen,1
US3030751057,901629,Factset Research Systems Inc.,FA1,FDS,AL,6166,1,Z_USA_Liq2_TG,1
US3032501047,873369,Fair Isaac Corp.,FRI,FIC,AS,6166,1,Z_USA_Liq2_TG,1
US3076751086,873769,Farmer Bros. Co.,FB1,FARM,AC,6166,1,Z_USA_Liq2_TG,0
US31154R1095,A1XE4J,Farmland Partners Inc.,0FA,0FA,AT,6166,1,Z_USA_Liq2_TG,0
US31188H2004,A1XE9X,Fast Retailing Co. Ltd. (HDRs),FR7H,FR7Hy,AG,6166,1,Z_ASIA_Liq3_noDETG,0
US31188V1008,A2PH9T,Fastly Inc.,2Y7,2Y7,AL,6166,1,Z_USA_Liq2_TG,1
US31189P1021,A1W50M,Fate Therapeutics Inc.,F6T,F6T,AC,6166,1,Z_USA_Liq2_TG,0
US3119001044,887891,Fastenal Co.,FAS,FAST,AS,6166,1,Z_USA_Liq1_DETG,1
US3134003017,876872,Freddie Mac,FHL,FRE,AS,6166,1,Z_USA_Liq2_TG,1
US3135861090,856099,Federal National Mortgage Association,FNM,FNM,AL,6166,1,Z_USA_Liq2_TG,1
US3137451015,A3DB2A,Federal Realty Investment Trust,QM1,QM1,AC,6166,1,Z_USA_Liq2_TG,0
US31428X1063,912029,FedEx Corp.,FDX,FDX,AB,6166,1,Z_USA_Liq1_DETG,1
US31488V1070,A408VE,Ferguson Enterpris Inc.,UH3,UH3,AT,6166,1,Z_USA_Liq2_TG,1
US3149111086,A41MPN,Fermi Inc.,H3V,H3V,AD,6166,1,Z_USA_Liq2_TG,0
US3156161024,922977,F5 Inc.,FFV,FFIV,AC,6166,1,Z_USA_Liq2_TG,1
US31572Q8814,A419WK,FibroGen Inc.,1FG0,1FG0,AT,6166,1,Z_USA_Liq2_TG,0
US31573L1052,A3EP67,FibroBiologics Inc.,SG0,SG0,AC,6166,1,Z_USA_Liq2_TG,0
US31620M1062,A0H1FP,Fidelity National Information Services Inc.,ZGY,FIS,AS,6166,1,Z_USA_Liq1_DETG,1
US3165001070,A1JCGJ,Fidus Investment Corp.,8QP,8QP,AC,6166,1,Z_USA_Liq2_TG,0
US3167731005,875029,Fifth Third Bancorp,FFH,FITB,AS,6166,1,Z_USA_Liq2_TG,1
US3168411052,A41DRC,Figma Inc.,1S2,1S2,AD,6166,1,Z_USA_Liq2_TG,0
US31810T1016,A2PWCC,FinVolution Group (ADRs),PP3,PP3y,AE,6166,1,Z_ASIA_Liq2_TG,0
US31816X1063,A41ENY,Firefly Aerospace Inc.,89C,89C,AT,6166,1,Z_USA_Liq2_TG,0
US31846B1089,A3CR1M,First Advantage Corp.,0MS,0MS,AT,6166,1,Z_USA_Liq2_TG,0
US31946M1036,925298,First Citizens Bankshares Inc.,FC6A,FCNC,AC,6166,1,Z_USA_Liq2_TG,0
US32020R1095,923774,First Financial Bankshares Inc.,FI6,FI6,AT,6166,1,Z_USA_Liq2_TG,0
US32026V1044,A12EWX,First Foundation Inc.,8F1,8F1,AT,6166,1,Z_USA_Liq2_TG,0
US3205171057,A0CAN7,First Horizon National Corp.,FT2,FT2,AC,6166,1,Z_USA_Liq2_TG,0
US3208171096,919326,First Merchants Corp.,FM5,FM5,AT,6166,1,Z_USA_Liq2_TG,0
US3364331070,A0LEKM,First Solar Inc.,F3A,FSLR,AL,6166,1,Z_USA_Liq1_DETG,1
US33751L1052,A2P703,First Western Financial Inc.,33Q,33Q,AD,6166,1,Z_USA_Liq3_noDETG,0
US3376553026,A41GD7,FiscalNote Holdings Inc.,A2O1,A2O1,AL,6166,1,Z_USA_Liq3_noDETG,0
US33768G1076,A3C9LA,FirstCash Holdings Inc.,FF60,FF60,AL,6166,1,Z_USA_Liq2_TG,0
US3377381088,881793,Fiserv Inc.,FIV,FISV,AL,6166,1,Z_USA_Liq1_DETG,1
US3379321074,910509,Firstenergy Corp.,FE7,FE,AC,6166,1,Z_USA_Liq2_TG,1
US33829M1018,A1JZ18,Five Below Inc.,6F1,6F1,AC,6166,1,Z_USA_Liq2_TG,0
US3383071012,A1XFG9,Five9 Inc.,1F9,1F9,AC,6166,1,Z_USA_Liq2_TG,1
US33833Q1067,A2DRG8,Five Point Holdings LLC,FP9,FP9,AL,6166,1,Z_USA_Liq2_TG,0
US3393821034,915873,Flexsteel Industries Inc.,FX3,FX3,AC,6166,1,Z_USA_Liq2_TG,0
US33939J3032,A2ATWV,FlexShopper Inc.,9FL,9FL,AT,6166,0,Z_noMM,0
US3397501012,A2DQHZ,Floor & Decor Holdings Inc.,1FD,1FD,AC,6166,1,Z_USA_Liq2_TG,0
US3434121022,591332,Fluor Corp.,FLU,FLRC,AT,6166,1,Z_USA_Liq2_TG,0
US3434981011,632326,Flowers Foods Inc.,FWF,FLOF,AC,6166,1,Z_USA_Liq2_TG,0
US34354P1057,864999,Flowserve Corp.,FWV,FWV,AL,6166,1,Z_USA_Liq2_TG,0
US34379V1035,A3C6A3,Fluence Energy Inc.,98W,98W,AL,6166,1,Z_USA_Liq2_TG,1
US34385P1084,A0RADJ,Standard BioTools Inc.,FLB,FLB,AT,6166,1,Z_USA_Liq2_TG,0
US3444191064,915671,Fomento Econom.Mexica.SAB D.CV (ADRs),FOMA,FMXy,AT,6166,1,Z_USA_Liq2_TG,0
US3453708600,502391,Ford Motor Co.,FMC1,F,AL,6166,1,Z_USA_Liq1_DETG,1
US3454091063,A1H5BX,Ford Otomotiv Sanayi A.S.,FO9A,FO9Ay,AG,6166,0,Z_ASIA_Liq3_noDETG,0
US3463751087,577767,FormFactor Inc.,FMF,FORM,AC,6166,1,Z_USA_Liq2_TG,0
US3464141056,912648,Formula Systems 1985 (ADRs),FSY,FORTy,AT,6166,1,Z_USA_Liq3_noDETG,0
US3465631097,903998,Forrester Research Inc.,FFR,FORR,AD,6166,1,Z_USA_Liq3_noDETG,0
US34959E1091,A0YEFE,Fortinet Inc.,FO8,FNT,AL,6166,1,Z_USA_Liq2_TG,1
US34959J1088,A2AJ0F,Fortive Corp.,F03,F03,AB,6166,1,Z_USA_Liq1_DETG,1
US34962G2084,A40MGA,Forte Biosciences Inc.,37T,37T,AD,6166,1,Z_USA_Liq3_noDETG,0
US34964C1062,A1JE0N,Fortune Brands Home & Security Inc.,2FB,FBHS,AS,6166,1,Z_USA_Liq2_TG,1
US34965K1079,A3ECGB,Fortrea Holdings Inc.,K67,K67,AC,6166,1,Z_USA_Liq2_TG,0
US34984V2097,A2QJA0,Forum Energy Technologies Inc.,1FE1,1FE1,AT,6166,1,Z_USA_Liq2_TG,0
US34988V1061,A1W0DE,Fossil Group Inc.,FSL,FOSL,AC,6166,1,Z_USA_Liq2_TG,0
US35086T1097,A142WX,Four Corners Property Trust Inc.,4Z1,4Z1,AD,6166,1,Z_USA_Liq3_noDETG,0
US35137L1052,A2PF3K,Fox Corp. (A),FO5,FO5,AB,6166,1,Z_USA_Liq1_DETG,1
US35137L2043,A2PF3T,Fox Corp. (B),FO5B,FO5B,AC,6166,1,Z_USA_Liq2_TG,1
US35138V1026,A1W2J8,Fox Factory Holding Corp.,FF0,FF0,AC,6166,1,Z_USA_Liq2_TG,0
US35243J1016,A3C5PP,Franklin BSP Realty Trust Inc.,6VH,6VH,AC,6166,1,Z_USA_Liq2_TG,0
US3546131018,870315,Franklin Resources Inc.,FRK,BEN,AC,6166,1,Z_USA_Liq2_TG,1
US35471R1068,A0JLZU,Franklin Street Properties Corp.,WVH,FSP,AL,6166,1,Z_USA_Liq3_noDETG,0
US35546M1080,A2P3PE,Fraport AG (ADR´s),FRAS,FRASy,GK,6183,1,Z_EU_Liq3_noDETG,1
US3563901046,A2DW84,Freedom Holding Corp.,DMW2,DMW2,AT,6166,1,Z_USA_Liq2_TG,0
US3566151045,A2P8JL,Freenet AG (ADRs),FNA,FNAy,GD,6183,1,Z_USA_Liq3_noDETG,1
US35671D8570,896476,Freeport-McMoRan Inc.,FPMB,FCXb,AL,6166,1,Z_USA_Liq1_DETG,1
US3570231007,A0D890,Freightcar America Inc.,FAR,RAIL,AT,6166,1,Z_USA_Liq2_TG,0
US3580101067,858079,Frequency Electronics Inc.,98K,98K,AL,6166,1,Z_USA_Liq2_TG,0
US3580291066,879529,Fresenius Medical Care KGaA ADR,FMEA,FMEGy,GZ,6183,1,Z_EU_Liq3_noDETG,1
US3580391056,A12ENX,Freshpet Inc.,7FP,7FP,AC,6166,1,Z_USA_Liq2_TG,0
US35804M1053,A1XCZQ,Fresenius SE & Co. KGaA (ADRS),FREA,FREAy,GZ,6183,1,Z_USA_Liq3_noDETG,1
US3580541049,A3C28Z,Freshworks Inc.,7DF,7DF,AC,6166,1,Z_USA_Liq2_TG,0
US35834F1049,A3E3UN,T1 Energy Inc.,T2T,T2T,AT,6166,1,Z_EU_Liq2_TG,0
US3584351056,924362,Friedman Industries Inc.,X36,X36,AD,6166,1,Z_USA_Liq3_noDETG,0
US3584391078,A3DGB5,Friedrich Vorwerk Group SE (ADRs),VH20,VH20y,GC,6183,1,Z_USA_Liq3_noDETG,0
US35905A1097,A2N6K1,Frontdoor Inc.,3I5,3I5,AC,6166,1,Z_USA_Liq2_TG,0
US35909R1086,A2DS7T,Frontier Group Holdings Inc.,0VN,0VN,AC,6166,1,Z_USA_Liq2_TG,0
US3595231073,A0LB74,Fuel Technologies Inc.,FUE1,FUET,AT,6166,1,Z_USA_Liq2_TG,0
US35952H7008,A40CAW,FuelCell Energy Inc.,FEY,FEY,AL,6166,1,Z_USA_Liq2_TG,1
US35952Q1067,A2DRT0,Fuchs Petrolub SE (ADRs),FPE4,FPE4y,GK,6183,1,Z_USA_Liq3_noDETG,1
US35958N1072,A0LBYM,Fujifilm Holdings Corp. ADRs,FJIA,FUJIy,AG,6166,1,Z_ASIA_Liq3_noDETG,0
US3595903044,915946,Fujitsu Ltd. (ADR),FUJA,FUJA,AG,6166,1,Z_ASIA_Liq3_noDETG,0
US3596641098,A2AS4N,Fulgent Genetics Inc.,7F0,7F0,AT,6166,1,Z_USA_Liq2_TG,0
US3596941068,861402,H.B. Fuller Co.,HB1,FULL,AT,6166,1,Z_USA_Liq2_TG,0
US35969L1089,A3CSXZ,Full Truck Alliance Co. Ltd. (ADRs),892,892y,AE,6166,1,Z_ASIA_Liq2_TG,0
US3610081057,A2H63G,Funko Inc.,FU2,FU2,AC,6166,1,Z_USA_Liq2_TG,0
US36116M1062,A0YHQB,FutureFuel Corp.,3FF,FTFL,AC,6166,1,Z_USA_Liq2_TG,0
US36118L1061,A2PCBR,Futu Holdings Ltd. (ADRs),6FHA,6FHAy,AE,6166,1,Z_ASIA_Liq2_TG,0
US3614481030,851137,Gatx Corp.,GAX,GMT,AC,6166,1,Z_USA_Liq2_TG,0
US36162J1060,A11662,The GEO Group Inc.,GEG,GEGG,AL,6166,1,Z_USA_Liq2_TG,1
US36165A1025,A2P8CL,Gee Group Inc.,4LU,4LU,AC,6166,1,Z_USA_Liq2_TG,0
US36165L1089,A2DFYV,GDS Holdings Ltd. (ADRs),G40,G40y,AE,6166,1,Z_ASIA_Liq2_TG,0
US3621ME1050,A2PQZE,GN Store Nord AS (ADR),GNN0,GNN0y,AT,6166,1,Z_USA_Liq3_noDETG,0
US36237H1014,890380,G-III Apparel Group Ltd.,GI4,GIII,AL,6166,1,Z_USA_Liq2_TG,0
US3623971013,871949,Gabelli Equity Trust Inc.,1KY,1KY,AC,6166,1,Z_USA_Liq3_noDETG,0
US36257Y1091,A2PLR7,Gaotu Techedu Inc.(ADR),18WA,18WAy,AE,6166,1,Z_ASIA_Liq2_TG,0
US36262G1013,A3CU51,GXO Logistics,93N,93N,AC,6166,1,Z_USA_Liq2_TG,0
US36266G1076,A3D3G6,GE Healthcare Technologies Inc.,L0T,L0T,AC,6166,1,Z_USA_Liq2_TG,1
US36268T2069,164338,GAIL (India) Ltd. (GDRs),GQI,GQIq,AG,6166,1,Z_ASIA_Liq3_noDETG,0
US36315X1019,A0YGNJ,Galapagos N.V. (ADRs),GXEA,GXEAy,AD,6166,1,Z_USA_Liq3_noDETG,0
US36317J2096,A41986,Galaxy Digital Inc.,0P0,0P0,AL,6166,1,Z_USA_Liq2_TG,1
US3632252025,A1JV3R,Galectin Therapeutics Inc.,PHPN,PHPN,AC,6166,1,Z_USA_Liq2_TG,0
US3635761097,869761,Arthur J. Gallagher & Co.,GAH,AJGH,AC,6166,1,Z_USA_Liq2_TG,1
US3640971053,A14W18,Galp Energia SGPS S.A. (ADRs),GZ50,GZ50y,AY,6166,1,Z_EU_Liq3_noDETG,0
US36467J1088,A1W6DM,Gaming & Leisure Properties,2GL,2GL,AL,6166,1,Z_USA_Liq2_TG,0
US36467W1099,A0HGDX,Gamestop Corp.,GS2C,GMEa,AB,6166,1,Z_USA_Liq1_DETG,1
US36472T1097,A2PVRP,Gannett Co Inc.,2N2A,2N2A,AL,6166,1,Z_USA_Liq2_TG,0
US3647601083,863533,Gap Inc.,GAP,GPS,AB,6166,1,Z_USA_Liq1_DETG,1
US3665051054,A2N5QP,Garrett Motion Inc.,G02,G02,AY,6166,1,Z_EU_Liq3_noDETG,0
US3666511072,887957,Gartner Inc.,GGRA,GART,AC,6166,1,Z_USA_Liq2_TG,1
US36828A1016,A404PC,GE VERNOVA LLC,Y5C,Y5C,AC,6166,1,Z_USA_Liq2_TG,1
US36829U1060,A3DJ7Z,Gaztransport Technigaz (ADRs),9TG0,9TG0y,AY,6166,1,Z_EU_Liq3_noDETG,0
US36840V1098,A2PM5R,Geberit AG (ADR),GBRF,GBRFy,AY,6166,1,Z_EU_Liq3_noDETG,0
US36870W1009,A3C9EK,Genenta Science S.p.A. (ADRs),K5F,K5Fy,AY,6166,1,Z_EU_Liq3_noDETG,0
US36872P1030,A2PYQY,Genasys Inc,G66,G66,AL,6166,1,Z_USA_Liq3_noDETG,0
US3687361044,A0YGR4,Generac Holdings Inc.,G84,GNRC,AL,6166,1,Z_USA_Liq2_TG,1
US3695501086,851143,General Dynamics Corp.,GDX,GD,AL,6166,1,Z_USA_Liq1_DETG,1
US3696043013,A3CSML,GE Aerospace,GCP,GCP,AL,6166,1,Z_USA_Liq1_DETG,1
US3703341046,853862,General Mills Inc.,GRM,GIS,AB,6166,1,Z_USA_Liq1_DETG,1
US37045V1008,A1C9CM,General Motors Co.,8GM,GMC,AB,6166,1,Z_USA_Liq1_DETG,1
US3719011096,868891,Gentex Corp.,GTX,GNTX,AC,6166,1,Z_USA_Liq2_TG,0
US3722842081,A1JMHT,Genie Energy Ltd.,6GE,6GE,AC,6166,1,Z_USA_Liq2_TG,0
US3723032062,A1WZYB,Genmab AS (ADR),GE91,GE91y,AY,6166,1,Z_EU_Liq3_noDETG,0
US3724601055,858406,Genuine Parts Co.,GPT,GPC,AC,6166,1,Z_USA_Liq2_TG,1
US37247D1063,A0CA8M,Genworth Financial Inc.,GGK,GNW,AL,6166,1,Z_USA_Liq2_TG,0
US37253A1034,A1J4AC,Gentherm Inc.,QA4A,QA4A,AD,6166,1,Z_USA_Liq3_noDETG,0
US3737371050,915270,Gerdau (ADRs),GDUA,GGBy,AT,6166,1,Z_USA_Liq2_TG,0
US3741631036,902213,Geron Corp.,GON,GERN,AL,6166,1,Z_USA_Liq2_TG,0
US37428N1054,A2JK3J,Getlink SE (ADRs),TNU,TNUy,AT,6166,1,Z_USA_Liq3_noDETG,0
US3742971092,929043,Getty Realty Corp.,GRL,GRLG,AC,6166,1,Z_USA_Liq2_TG,0
US3743964062,A2DH1V,Gevo Inc.,ZGV3,ZGV3,AL,6166,1,Z_USA_Liq2_TG,1
US3755581036,885823,Gilead Sciences Inc.,GIS,GILD,AB,6166,1,Z_USA_Liq1_DETG,1
US37636P1084,A0RMT2,Givaudan SA (ADRs),GIN1,GIN1y,AY,6166,1,Z_EU_Liq3_noDETG,0
US37636X1019,A3DGB0,Gjensidige Forsikring ASA (ADRs),XGJ0,XGJ0y,AY,6166,1,Z_EU_Liq3_noDETG,0
US37637K1088,A3C5G2,Gitlab Inc.,8K2,8K2,AL,6166,1,Z_USA_Liq2_TG,1
US37637Q1058,634810,Glacier Bancorp Inc.,GLC,GBCI,AT,6166,1,Z_USA_Liq3_noDETG,0
US3765358789,A407FM,Gladstone Capital Corp.,1G70,1G70,AC,6166,1,Z_USA_Liq2_TG,0
US3765361080,260884,Gladstone Commercial Corp.,GLE,GOOD,AS,6166,1,Z_USA_Liq2_TG,1
US3765461070,A0KES9,Gladstone Investment Corp.,1G3,1G3,AC,6166,1,Z_USA_Liq2_TG,0
US3765491010,A1KCL7,Gladstone Land Corp.,3L4,3L4,AC,6166,1,Z_USA_Liq2_TG,0
US3773221029,A14VCK,Glaukos Corp.,6GJ,6GJ,AC,6166,1,Z_USA_Liq2_TG,0
US37733W2044,A3DMHS,GSK PLC (Spons. ADRs),GS70,GS70y,AT,6166,1,Z_USA_Liq2_TG,0
US37827X1000,A1WY82,Glencore PLC,8GCA,8GCAy,AY,6166,1,Z_EU_Liq3_noDETG,1
US37892C1062,A3CPAL,The Glimpse Group Inc.,9DR,9DR,AC,6166,1,Z_USA_Liq2_TG,0
US3789735079,A40Z0V,GlobalStar Inc.,P8S0,P8S0,AL,6166,1,Z_USA_Liq2_TG,0
US3793782018,A2DL1B,Global Net Lease Inc,2N8,2N8,AC,6166,1,Z_USA_Liq2_TG,0
US37940X1028,603111,Global Payments Inc.,GLO,GPN,AL,6166,1,Z_USA_Liq1_DETG,1
US37954A3032,A41G72,Global Medical REIT Inc.,3UN0,3UN0,AD,6166,1,Z_USA_Liq2_TG,0
US3795772082,A1J2LY,Globus Medical Inc.,GM0N,GM0N,AT,6166,1,Z_USA_Liq2_TG,0
US37959E1029,A2PP68,Globe Life Inc.,TMJ,TMJ,AL,6166,1,Z_USA_Liq2_TG,1
US3802371076,A14QAF,GoDaddy Inc.,38D,38D,AC,6166,1,Z_USA_Liq2_TG,0
US38046C1099,A1W078,Gogo Inc.,G0G,G0G,AL,6166,1,Z_USA_Liq2_TG,0
US38059T1060,862484,Gold Fields Ltd. (ADRs),EDG,DRFNy,AQ,6166,1,Z_EU_Liq2_TG,1
US38068T1051,A0LCTL,Gold Resource Corp.,GIH,GORO,AC,6166,1,Z_USA_Liq2_TG,1
US3810131017,A14XX5,Golden Entertainment Inc.,GE6,GE6,AT,6166,1,Z_USA_Liq2_TG,0
US38141G1040,920332,The Goldman Sachs Group Inc.,GOS,GS,AB,6166,1,Z_USA_Liq1_DETG,1
US38147U1079,A14P76,Goldman Sachs BDC Inc.,GSB,GSB1,AL,6166,1,Z_USA_Liq2_TG,1
US38173M1027,A1CXEA,GOLUB CAPITAL BDC INC,OGL,OGL,AT,6166,1,Z_USA_Liq2_TG,0
US3825501014,851204,The Goodyear Tire & Rubber Co.,GTR,GT,AC,6166,1,A_TradeRebel_HG3US,1
US38267D1090,A2JNTN,Goosehead Insurance Inc.,2OX,2OX,AC,6166,1,Z_USA_Liq2_TG,1
US38268T1034,A1XE7G,GoPro Inc.,5G5,5G5,AC,6166,1,Z_USA_Liq2_TG,1
US3830821043,880054,The Gorman-Rupp Company,GO4,GO4,AT,6166,1,Z_USA_Liq2_TG,0
US38341P1021,A2PCBS,Gossamer Bio Inc.,4GB,4GB,AT,6166,1,Z_USA_Liq2_TG,0
US3841091040,859357,Graco Inc.,GA8,GGG,AT,6166,1,Z_USA_Liq2_TG,0
US3843136074,A41CHS,Graftech International Ltd.,G6G0,G6G0,AT,6166,1,Z_USA_Liq3_noDETG,0
US3845561063,857127,Graham Corporation,781,781,AC,6166,1,Z_USA_Liq2_TG,0
US3846371041,A1W9DT,Graham Holdings Company,WPOB,WPOB,AC,6166,1,Z_USA_Liq2_TG,0
US3847471014,A40F8M,Grail Inc.,NL0,NL0,AS,6166,1,Z_USA_Liq2_TG,1
US3848021040,857498,W.W. Grainger Inc.,GWW,GWW,AS,6166,1,Z_USA_Liq1_DETG,1
US38500T2006,A3EDT1,Gran Tierra Energy Inc.,G1P0,G1P0,AC,6166,1,Z_USA_Liq2_TG,1
US38526M1062,A0Q8E2,Grand Canyon Education Inc.,GKD,LOPE,AL,6166,1,Z_USA_Liq2_TG,0
US3873281071,879080,Granite Construction Inc.,GRG,GVA,AC,6166,1,Z_USA_Liq2_TG,0
US38741L1070,A2DXZE,Granite Point Mortgage Trust Inc.,G18,G18,AL,6166,1,Z_USA_Liq3_noDETG,0
US3874321074,A3DUWU,Granite Ridge Resources Inc.,Y60,Y60,AD,6166,1,Z_USA_Liq3_noDETG,0
US3886891015,A0NGSQ,Graphic Packaging Holding Co.,4W8,4W8,AT,6166,1,Z_USA_Liq2_TG,0
US38911N2062,A14SPA,Gravity Co. Ltd. (ADR),GD8A,GD8Ay,AF,6166,1,Z_ASIA_Liq2_TG,0
US3893751061,902961,Gray Television Inc.,GCZB,GCZ,AT,6166,1,Z_USA_Liq2_TG,0
US38983D8544,A41XTL,Rithm Property Trust Inc.,45R0,45R0,AT,6166,1,Z_USA_Liq2_TG,0
US39037G1094,A2QLK5,Great Elm Group Inc.,PNC,PNCG,AT,6166,1,Z_USA_Liq3_noDETG,0
US3924831031,A1JATK,Greek Organisation of Football Prognostics S.A. (ADRs),GF8A,GF8Ay,AY,6166,1,Z_EU_Liq3_noDETG,0
US3927091013,A12EA8,Green Brick Partners Inc,2G1,2G1,AC,6166,1,Z_USA_Liq2_TG,1
US3932221043,A0JJ1Q,Green Plains Inc.,G3V,GPRE,AT,6166,1,Z_USA_Liq2_TG,0
US3936571013,891600,The Greenbrier Companies Inc.,G90,GBXC,AT,6166,1,Z_USA_Liq2_TG,0
US39579V1008,A2JG9J,Greentree Hospitality Group Ltd. (ADRs),GT1A,GT1A,AL,6166,1,Z_USA_Liq3_noDETG,0
US3984331021,856788,Griffon Corp.,GFF,GFF,AC,6166,1,Z_USA_Liq2_TG,0
US3984384087,A1J1E2,Grifols S.A. (ADRs),G0FB,G0FB,AY,6166,1,Z_EU_Liq3_noDETG,0
US39854F1012,A3D1JL,Grindr Inc.,QV1,QV1,AL,6166,1,Z_USA_Liq2_TG,0
US3989051095,910163,Group 1 Automotive Inc.,GAV,GPIA,AC,6166,1,Z_USA_Liq2_TG,0
US3994732069,A2P6UE,Groupon Inc.,G5NA,G5NA,AS,6166,1,Z_USA_Liq2_TG,1
US3999091008,940699,Grupo Financiero Galicia S.A. Reg. Shs B (Sp. ADRs) 10/AP 1,GF4,GGALyb,AL,6166,1,Z_USA_Liq2_TG,1
US4004911065,893638,Grupo Simec S.A.B. de C.V. (ADRs),GSM,GSMy,AT,6166,1,Z_USA_Liq3_noDETG,0
US40049J2069,888781,Grupo Televisa S.A.B. de C.V. (ADRs),TLV,TVy,AT,6166,1,Z_USA_Liq3_noDETG,0
US4005011022,A0LFER,Grupo Aeroportuario del Centro Norte S.A.B. de C.V. (OMAB) (ADRs),G7A,OMABy,AL,6166,1,Z_USA_Liq3_noDETG,0
US4005061019,A0JDTM,Grupo Aeroportuario del Pacifico S.A.B. de C.V. (ADRs),G9N,G9Ny,AT,6166,1,Z_USA_Liq3_noDETG,0
US40051E2028,579253,Grupo Aerop.del Sureste SAB CV (ADRs),AEDA,AEDAy,AD,6166,1,Z_USA_Liq3_noDETG,0
US40053W1018,A12A8M,Grupo Aval Acciones y Val. SA (ADRs),6GAA,6GAAy,AD,6166,1,Z_USA_Liq3_noDETG,0
US40054A1088,A2AC61,Grupo Supervielle S.A. (ADRs),189A,189Ay,AC,6166,1,Z_USA_Liq2_TG,0
US40131M1099,A2N5RY,Guardant Health Inc.,5GH,5GH,AC,6166,1,Z_USA_Liq2_TG,0
US40171V1008,A1JS4X,Guidewire Software Inc.,0GS,0GS,AL,6166,1,Z_USA_Liq2_TG,1
US4026355028,A3CQZY,Gulfport Energy Corp.,G2U0,G2U0,AD,6166,1,Z_USA_Liq2_TG,0
US4037831033,A3EE5F,Gyre Therapeutics Inc.,L9S,L9S,AT,6166,1,Z_USA_Liq2_TG,0
US4039491000,A3DHPC,HF Sinclair Corp.,HL80,HL80,AT,6166,1,Z_USA_Liq2_TG,0
US40412C1018,A1JFMW,HCA Healthcare Inc.,2BH,HCA,AS,6166,1,Z_USA_Liq2_TG,1
US40415F1012,694482,HDFC Bank Ltd. (ADRs),HDFA,HDBKy,AS,6166,1,Z_USA_Liq2_TG,1
US40416E1038,A1W02H,HCI Group Inc.,0H5,0H5,AD,6166,1,Z_USA_Liq3_noDETG,0
US40417F1093,A2N4PN,HF Foods Group Inc.,3GX,3GX,AT,6166,1,Z_USA_Liq3_noDETG,0
US4042511000,A0CA2A,HNI Corp.,HO9,HO9,AD,6166,1,Z_USA_Liq2_TG,0
US4042804066,924153,HSBC Holdings PLC (ADR),HBC2,HSBAy,AY,6166,1,Z_EU_Liq2_TG,0
US40432G2075,A0RGRD,HTC Corp.,HTJ,2498q,AG,6166,1,Z_ASIA_Liq3_noDETG,0
US40434L1052,A142VP,HP Inc.,7HP,7HP,AS,6166,1,Z_USA_Liq1_DETG,1
US4046091090,A0NAKZ,The Hackett Group Inc.,AWT,ANSR,AT,6166,1,Z_USA_Liq3_noDETG,0
US4050241003,881782,Haemonetics Corp.,HAZ,HAE,AL,6166,1,Z_USA_Liq2_TG,0
US4052171000,908170,The Hain Celestial Group Inc.,HF1,HAIN,AL,6166,1,Z_USA_Liq2_TG,0
US40523H1068,A3C9LR,Haier Smart Home Co. Ltd. (ADRs),HAI0,HAI0y,AG,6166,1,Z_ASIA_Liq3_noDETG,0
US4055521003,A3DNV1,Haleon PLC (ADRs),H6D,H6Dy,AY,6166,1,Z_EU_Liq3_noDETG,0
US40609P1057,A1CUUM,Hallador Energy Co.,H7H,HPCO,AC,6166,1,Z_USA_Liq2_TG,0
US4062161017,853986,Halliburton Co.,HAL,HAL,AB,6166,1,Z_USA_Liq1_DETG,1
US40637H1095,A0DLHS,Halozyme Therapeutics Inc.,RV7,HALO,AC,6166,1,Z_USA_Liq2_TG,0
US4074971064,A2DM1T,Hamilton Lane Inc.,1M0,1M0,AC,6166,1,Z_USA_Liq2_TG,0
US4101201097,919175,Hancock Holding Co.,HH1,HH1,AD,6166,1,Z_USA_Liq2_TG,0
US41068X1000,A1T9C5,Hannon Armstrong Sustainable Infrastructure Capital Inc.,6HA,6HA,AL,6166,1,Z_USA_Liq2_TG,0
US4106931052,A0CBFZ,Hannover Rück SE (ADRs),HNRB,HNRBy,GV,6183,1,Z_EU_Liq3_noDETG,1
US41135Q1040,A2P60S,Hapag-Lloyd AG (ADRs),HLAA,HLAAy,GE,6183,1,Z_EU_Liq3_noDETG,1
US4128221086,871394,Harley-Davidson Inc.,HAR,HOG,AL,6166,1,Z_USA_Liq2_TG,1
US4131601027,895791,Harmonic Inc.,HMC,HLIT,AL,6166,1,Z_USA_Liq2_TG,0
US4132163001,864439,Harmony Gold Mining ADR,HAM,HRMJy,AQ,6166,1,Z_EU_Liq2_TG,1
US4158641070,851271,Harsco Corp.,HA7,HA7,AC,6166,1,Z_USA_Liq2_TG,0
US4161962026,A2JCE7,Harte-Hanks Inc.,HHK1,HHK1,AL,6166,1,Z_USA_Liq3_noDETG,0
US4165151048,898521,The Hartford Financial Services Group Inc.,HFF,HIG,AB,6166,1,Z_USA_Liq1_DETG,1
US4180561072,859888,Hasbro Inc.,HAS,HAS,AC,6166,1,Z_USA_Liq2_TG,1
US4198701009,868056,Hawaiian Electric Industries Inc.,HWI,HE,AT,6166,1,Z_USA_Liq2_TG,0
US4202611095,923728,Hawkins Inc.,HWK,HWKN,AC,6166,1,Z_USA_Liq2_TG,0
US4219061086,870932,Healthcare Services Group Inc.,HS1,HCSE,AL,6166,1,Z_USA_Liq2_TG,0
US42222N1037,927014,HealthStream Inc.,HL5,HSTM,AT,6166,1,Z_USA_Liq2_TG,0
US42225T1079,A2PH3J,Health Catalyst Inc.,2YP,2YP,AC,6166,1,Z_USA_Liq2_TG,0
US42226A1079,A119D1,Healthequity Inc.,2HE,2HE,AT,6166,1,Z_USA_Liq2_TG,0
US42226K1051,A3DQHT,Healthcare Realty Trust Inc,HT0,HT0,AL,6166,1,Z_USA_Liq2_TG,0
US4223471040,887890,Heartland Express Inc.,HLX,HTLD,AT,6166,1,Z_USA_Liq2_TG,0
US42250P1030,A2N5NP,Healthpeak Properties Inc.,HC5,HC5,AS,6166,1,Z_USA_Liq2_TG,1
US4227041062,854693,Hecla Mining Co.,HCL,HCLA,AL,6166,1,Z_USA_Liq1_DETG,1
US4228061093,889997,Heico Corp.,HC1,HEI,AL,6166,1,Z_USA_Liq2_TG,1
US42281Q1040,A0YGZH,Heidelberger Druck unsp. ADR,HDDF,HDDFy,GC,6183,1,Z_USA_Liq3_noDETG,1
US4230081014,A1W8D3,Heineken Holding N.V. (ADRs),4H50,4H50y,AT,6166,1,Z_USA_Liq3_noDETG,0
US4230123014,A1KAFY,Heineken N.V. (ADRs),HNK2,HNK2,AY,6166,1,Z_EU_Liq3_noDETG,0
US42328H1095,A2PMGD,Helios Technologies Inc.,SH7,SH7,AL,6166,1,Z_USA_Liq3_noDETG,0
US42328V8761,A41AV3,Solana Co.,26H1,26H1,AT,6166,1,Z_USA_Liq2_TG,0
US42330P1075,A0JD3R,Helix Energy Solutions Group Inc.,CTV,HELX,AC,6166,1,Z_USA_Liq2_TG,0
US4233253073,917076,Hellenic Telecommunications Organization S.A. (Sp.ADRs),OTES,OTEy,AY,6166,1,Z_EU_Liq3_noDETG,0
US42333L1035,A2DPX6,Hella KGaA Hueck & Co. (ADRs),HLEA,HLEAy,GK,6183,1,Z_EU_Liq3_noDETG,1
US4234031049,A3CWEW,Hello Group Inc. (ADRs),1MO,1MOy,AC,6166,1,Z_USA_Liq2_TG,0
US42341P1049,A3CU0F,HelloFresh SE (ADRS),HFG0,HFG0y,GC,6183,1,Z_EU_Liq3_noDETG,1
US4234521015,851292,Helmerich & Payne Inc.,HPC,HP,AC,6166,1,Z_USA_Liq2_TG,0
US42550U1097,879539,Henkel AG & Co. KGaA (Sp. ADRs),HENE,HENKy,GZ,6183,1,Z_EU_Liq3_noDETG,1
US42550U2087,A0DPR3,Henkel AG & Co. KGaA (Sp. ADRs),HEN1,HEN1y,GZ,6183,1,Z_EU_Liq3_noDETG,1
US4262811015,888286,Jack Henry & Associates Inc.,JHY,JKHY,AL,6166,1,Z_USA_Liq2_TG,1
US42701C1071,A3CNVP,HENSOLDT AG (ADRs),HAG0,HAG0y,GD,6183,1,Z_EU_Liq3_noDETG,1
US42704L1044,A2ALR9,Herc Holdings Inc.,H9B1,H9B1,AC,6166,1,Z_USA_Liq2_TG,0
US4270965084,A0ERTZ,Hercules Capital Inc.,19H,19H,AS,6166,1,Z_USA_Liq2_TG,1
US42727J1025,A113GG,Heritage Insurance Holdings Inc.,11H,11H,AC,6166,1,Z_USA_Liq2_TG,0
US42751Q1058,A1J2CU,Hermes International S.A. (ADRs),HMIA,HMIAy,AY,6166,1,Z_EU_Liq3_noDETG,0
US4277461020,A1XB6K,Heron Therapeutics Inc.,AXD2,AXD2,AT,6166,1,Z_USA_Liq2_TG,0
US4278661081,851297,The Hershey Co.,HSY,HSY,AB,6166,1,Z_USA_Liq1_DETG,1
US4280501085,A3D6RC,Hesai Group (ADRs),ZN80,ZN80y,AE,6166,1,Z_ASIA_Liq2_TG,1
US42806J7000,A3CSN0,Hertz Global Holdings Inc.,AZK0,AZK0,AL,6166,1,Z_USA_Liq2_TG,0
US42824C1099,A140KD,Hewlett Packard Enterprise Co.,2HP,2HP,AL,6166,1,Z_USA_Liq1_DETG,1
US4282631070,A2PDZF,Hexagon AB (ADRs),HXGC,HXGCy,AY,6166,1,Z_EU_Liq3_noDETG,0
US4282911084,894306,Hexcel Corp.,HXL,HXL,AC,6166,1,Z_USA_Liq2_TG,0
US43114Q1058,A2P9A4,Highpeak Energy Inc.,58R,58R,AC,6166,1,Z_USA_Liq2_TG,0
US4312841087,891252,Highwoods Properties Inc.,HQS,HIW,AT,6166,1,Z_USA_Liq2_TG,0
US4327481010,A0MX4M,Hilltop Holdings Inc.,WXF,WXF,AD,6166,1,Z_USA_Liq3_noDETG,0
US43283X1054,A2AQ05,Hilton Grand Vacations Inc.,HIE,HIEG,AT,6166,1,Z_USA_Liq2_TG,0
US43289P1066,A0JKBX,Himax Technologies Inc. (Sp.ADRs),H6Q,H6Qy,AE,6166,1,Z_ASIA_Liq2_TG,0
US4330001060,A2QMYY,Hims & Hers Health Inc.,82W,82W,AS,6166,1,Z_USA_Liq2_TG,1
US43300A2033,A2DH1A,Hilton Inc.,HI91,HI91,AL,6166,1,Z_USA_Liq1_DETG,1
US4335785071,853788,Hitachi Ltd.,HIAA,HITy,AG,6166,1,Z_ASIA_Liq3_noDETG,0
US43475E1055,A3CRL8,Holcim Ltd. (ADRs),HLB,HLBy,AY,6166,0,Z_EU_Liq3_noDETG,0
US43538H1032,A3CVQD,Holley Inc.,82Z,82Z,AT,6166,1,Z_USA_Liq2_TG,0
US4364401012,879100,Hologic Inc.,HO1,HOLX,AC,6166,1,Z_USA_Liq2_TG,1
US4370761029,866953,The Home Depot Inc.,HDI,HD,AB,6166,1,Z_USA_Liq1_DETG,1
US4380908057,A2N7M5,Hon Hai Precision Industry Co. Ltd. (GDRs),HHP2,HHP2q,AG,6166,1,Z_ASIA_Liq3_noDETG,0
US4381283088,858326,Honda Motor Co. Ltd. (ADRs),HDMA,HMCy,AE,6166,1,Z_ASIA_Liq2_TG,0
US4385161066,870153,Honeywell International Inc.,ALD,HON,AB,6166,1,Z_USA_Liq1_DETG,1
US43858G1076,A1H9GK,Hong Kong Television Network Ltd. (ADRs),XHNA,XHNAy,AT,6166,1,Z_noMM,0
US4404071049,347443,Horizon Bancorp Inc.,4WC,4WC,AL,6166,1,Z_USA_Liq3_noDETG,0
US4404521001,850875,Hormel Foods Corp.,HO7,HRL,AS,6166,1,Z_USA_Liq2_TG,1
US44107P1049,918239,Host Hotels & Resorts Inc.,HMT,HMTa,AC,6166,1,Z_USA_Liq2_TG,1
US4415931009,A14WN3,Houlihan Lokey Inc.,2HL,2HL,AT,6166,1,Z_USA_Liq2_TG,0
US4424874018,A2N69Z,Hovnanian Enterprises Inc.,HO3A,HO3A,AT,6166,1,Z_USA_Liq3_noDETG,0
US4432011082,A2PZ2D,Howmet Aerospace Inc.,48Z,48Z,AB,6166,1,Z_USA_Liq1_DETG,1
US44331T1043,A2PMJE,Huatai Securities Co. Ltd. (GDR),206G,206Gq,AT,6166,1,Z_USA_Liq3_noDETG,0
US44332N1063,A2JN56,Huazhu Group Ltd. (ADRs),CL4A,CL4Ay,AE,6166,1,Z_ASIA_Liq3_noDETG,0
US4435106079,A2ACSM,Hubbell Inc.,HUEC,HUEC,AL,6166,1,Z_USA_Liq2_TG,0
US4435731009,A12CWQ,HubSpot Inc.,096,096,AL,6166,1,Z_USA_Liq1_DETG,1
US4445601069,A1JGC5,Hugo Boss AG (ADRs),BOSA,BOSAy,GK,6183,1,Z_USA_Liq3_noDETG,1
US4448591028,856584,Humana Inc.,HUM,HUM,AC,6166,1,Z_USA_Liq2_TG,1
US4456581077,885365,Hunt J.B. Transport Services Inc.,JB1,JBHT,AC,6166,1,Z_USA_Liq2_TG,1
US4461501045,867622,Huntington Bancshares Inc.,HU3,HBAN,AS,6166,1,A_TradeRebel_HG3US,1
US4464131063,A1JE8X,Huntington Ingalls Industries Inc.,HI4,HI4,AC,6166,1,Z_USA_Liq2_TG,1
US4470111075,A0DQGM,Huntsman Corp.,HTR,HUN,AT,6166,1,Z_USA_Liq2_TG,0
US4474621020,A0DKTV,Huron Consulting Group Inc,HUR,HURN,AT,6166,1,Z_USA_Liq2_TG,0
US44812J1043,A3ES40,HUT 8 Corp.,V71,V71,AC,6166,1,Z_USA_Liq2_TG,1
US44842L1035,A2AF74,Hutchison China MediTech Ltd. (ADRs),H7T1,H7T1y,AL,6166,1,Z_USA_Liq2_TG,0
US44852D1081,A2JL12,Huya Inc. (ADRs),HY5A,HY5Ay,AL,6166,1,Z_USA_Liq2_TG,0
US4485791028,A0YAKV,Hyatt Hotels Corp.,1HTA,H,AC,6166,1,Z_USA_Liq2_TG,0
US44862P2083,A3EUR0,Hycroft Mining Holding Corp.,R5A,R5A,AT,6166,1,Z_USA_Liq2_TG,0
US44891N2080,A3CQZU,IAC InterActive Corp.,4LRA,4LRA,AL,6166,1,Z_USA_Liq2_TG,0
US4489475073,A0RF6V,IDT Corporation,IDC2,IDT,AL,6166,1,Z_USA_Liq2_TG,0
US44914U1060,A2JETE,Hypera S.A. (ADRs),HM6A,HM6Ay,AT,6166,1,Z_USA_Liq3_noDETG,0
US44916E1001,A3DP3Q,IperionX Ltd. (ADRs),30Z0,30Z0y,AL,6166,1,Z_USA_Liq3_noDETG,0
US44925C1036,A0LBNM,ICF International Inc.,G6V,ICFI,AL,6166,1,Z_USA_Liq3_noDETG,0
US44930G1076,894139,ICU Medical Inc.,IC7,ICUI,AT,6166,1,Z_USA_Liq2_TG,0
US44951W1062,A2AKNG,IES Holdings Inc.,45T,45TG,AS,6166,1,Z_USA_Liq2_TG,1
US44970W1036,A40AT9,IMCD Group B.V. (ADRs),X6D,X6Dy,AT,6166,1,Z_USA_Liq3_noDETG,0
US44975P1030,A2PVC6,I-Mab,0VY,0VYy,AL,6166,1,Z_USA_Liq2_TG,0
US44980X1090,602224,IPG PHOTONICS CORP.,IPF,IPGP,AS,6166,1,Z_USA_Liq2_TG,1
US4500473032,A3EW2K,IRSA Inversiones y Representaciones S.A. (ADRs),IRY,IRYy,AD,6166,1,Z_USA_Liq3_noDETG,0
US4500561067,A2ATTS,iRhythm Technologies Inc.,I25,I25,AL,6166,1,Z_USA_Liq2_TG,0
US4507371015,A0MRJ7,Iberdrola S.A. (ADRs),IBE5,IBE5y,AY,6166,1,Z_EU_Liq3_noDETG,0
US45073V1089,A2AJTS,ITT Inc.,2II,2II,AL,6166,1,Z_USA_Liq2_TG,0
US4510337086,A3E2GR,iBio Inc.,0JV0,0JV0G,AT,6166,1,Z_USA_Liq2_TG,0
US45104G1040,936793,ICICI Bank Ltd. (ADRs),ICBA,ICBKy,AC,6166,1,Z_USA_Liq2_TG,1
US4510511060,A409MX,Ibotta Inc.,OE6,OE6,AT,6166,1,Z_USA_Liq2_TG,0
US4511071064,916694,Idacorp Inc.,IDJ,IDA,AD,6166,1,Z_USA_Liq3_noDETG,0
US45113Y2037,A3DWMU,IClick Interactive Asia Group Ltd.,I9C,I9Cy,AT,6166,1,Z_USA_Liq2_TG,0
US4516222035,A2PLWN,Ideal Power Inc.,5ILA,5ILA,AT,6166,1,Z_USA_Liq2_TG,0
US45166A1025,A2PJPB,Ideaya Biosciences Inc.,30J,30J,AL,6166,1,Z_USA_Liq2_TG,0
US45167R1041,877444,IDEX CORP.,ID7,IEXC,AC,6166,1,Z_USA_Liq2_TG,1
US45168D1046,888210,Idexx Laboratories Inc.,IX1,IDXX,AB,6166,1,Z_USA_Liq1_DETG,1
US45170X2053,A11404,Identive Group Inc.,INVN,INVN,AL,6166,1,Z_USA_Liq2_TG,0
US4523081093,861219,Illinois Tool Works Inc.,ILT,ITW,AS,6166,1,Z_USA_Liq1_DETG,1
US4523271090,927079,Illumina Inc.,ILU,ILMN,AL,6166,1,Z_USA_Liq1_DETG,1
US4525211078,929096,Immersion Corp.,IMV,IMMR,AC,6166,1,Z_USA_Liq2_TG,0
US45254U1016,A2DTD8,Immuron Ltd. (ADR),ANWA,ANWAy,AF,6166,1,Z_ASIA_Liq3_noDETG,0
US4525533083,164676,Impala Platinum Holdings Ltd. (ADRs),IPH1,IPLAy,AQ,6166,1,Z_EU_Liq3_noDETG,1
US45256X1037,A2QQ2E,ImmunityBio Inc.,26CA,26CA,AS,6166,1,Z_USA_Liq2_TG,1
US45257L1089,A2H8YL,Immutep Ltd. (ADRs),YP1A,YP1A,AF,6166,1,Z_ASIA_Liq2_TG,0
US45258D1054,A2QNWU,Immunocore Holdings PLC (ADRs),6YG,6YGy,AY,6166,1,Z_EU_Liq2_TG,0
US4525EP1011,A2PHD4,Immunic Inc.,10VA,10VA,AT,6166,1,Z_USA_Liq2_TG,0
US45262P1021,A2AEDW,Imperial Brands PLC (ADRs),ITBA,ITBGy,AL,6166,1,Z_USA_Liq3_noDETG,0
US4532041096,A2ANZB,Impinj Inc.,27J,27J,AL,6166,1,Z_USA_Liq2_TG,1
US45337C1027,896133,Incyte Corp.,ICY,INCY,AC,6166,1,Z_USA_Liq2_TG,1
US45408X3089,A1T87A,IGC Pharma Inc.,IGS1,IGS1,AC,6166,1,Z_USA_Liq2_TG,0
US45569U1016,A3CSBE,indie Semiconductor Inc.,48H,48H,AC,6166,1,Z_USA_Liq2_TG,0
US4557931098,A0YGZB,Industria de Diseno Textil S.A. ADRs,IXD2,IXD2y,AY,6166,1,Z_EU_Liq3_noDETG,0
US4562371066,A2JBRN,Industrial Logistics Properties Trust,1QY,1QY,AC,6166,1,Z_USA_Liq2_TG,0
US45662N1037,936207,Infineon Technologies AG (Sp. ADRs),IFXA,IFXGy,GX,6183,1,Z_EU_Liq3_noDETG,1
US45674E2081,A4197Y,IN8BIO Inc.,6JH0,6JH0,AL,6166,1,Z_USA_Liq2_TG,0
US45675Y1047,A0MJ2D,Information Svcs Group Inc,ZZG,IIIU,AT,6166,1,Z_USA_Liq2_TG,0
US4567881085,919668,Infosys Ltd. (ADRs),IOY,INFYy,AE,6166,1,Z_ASIA_Liq2_TG,1
US4568371037,907466,ING Groep N.V. (Sp. ADRs),INNA,INGy,AY,6166,1,Z_EU_Liq2_TG,0
US45685K1025,A0NA9V,InfuSystem Holdings Inc.,1TZ,1TZ,AT,6166,1,Z_USA_Liq2_TG,0
US45687V1061,A2P070,Ingersoll-Rand Inc.,5GD,5GD,AS,6166,1,Z_USA_Liq2_TG,1
US45688C1071,A2AHZS,Ingevity Corp.,IGX,IGXG,AC,6166,1,Z_USA_Liq2_TG,0
US4571521065,A40QY5,Ingram Micro Holdings Corp.,Y84,Y84,AT,6166,1,Z_USA_Liq2_TG,0
US4571871023,A1JYNM,Ingredion Inc.,CNP,CNPC,AT,6166,1,Z_USA_Liq2_TG,0
US4576422053,907651,Innodata Inc.,ID6,INOD,AL,6166,1,Z_USA_Liq2_TG,1
US4576511079,A40MSN,Innovex International Inc.,DQU0,DQU0,AT,6166,1,Z_USA_Liq2_TG,0
US45765U1034,909619,Insight Enterprises Inc.,IEI,NSIT,AT,6166,1,Z_USA_Liq2_TG,0
US4576693075,A1JJA3,Insmed Inc.,IM8N,INSM,AL,6166,1,Z_USA_Liq2_TG,0
US45768S1050,A0H1E7,Innospec Inc,OCT,IOSP,AD,6166,1,Z_USA_Liq2_TG,0
US4577301090,A2JLEP,Inspire Medical Systems Inc.,2DR,2DR,AT,6166,1,Z_USA_Liq2_TG,0
US45773H4092,A400EJ,Inovio Pharmaceuticals Inc.,GBM,GBMG,AT,6166,1,Z_USA_Liq2_TG,0
US45778Q1076,A1H74T,Insperity Inc.,ASF,ASF,AT,6166,1,Z_USA_Liq2_TG,0
US45779A8466,A3CMP3,InspireMD Inc.,II2,II2,AL,6166,1,Z_USA_Liq2_TG,0
US45780L1044,A1XB32,Inogen Inc.,6IO,6IO,AC,6166,1,Z_USA_Liq2_TG,0
US45780R1014,A1XDU6,Installed Building Product Inc.,2IL,2IL,AC,6166,1,Z_USA_Liq2_TG,0
US45781K2042,A2PSSH,Innate Pharma S.A. (ADRs),IDDA,IDDAy,AY,6166,1,Z_EU_Liq3_noDETG,0
US45781M1018,A2AC9U,Innoviva Inc.,HVE,HVE,AT,6166,1,Z_USA_Liq2_TG,0
US45781V1017,A2DGXH,Innovative Indl Properties Inc.,1IK,1IK,AC,6166,1,Z_USA_Liq2_TG,1
US45782B3024,A3EKZ2,Inseego Corp.,INO0,INO0,AD,6166,1,Z_USA_Liq3_noDETG,0
US45782N1081,A2DJYH,Inspired Entertainment Inc.,4U8,4U8,AT,6166,1,Z_USA_Liq3_noDETG,0
US45783Q1004,A2QRE5,Inotiv Inc.,BS50,BS50,AC,6166,1,Z_USA_Liq2_TG,0
US45784P1012,A0MQX8,Insulet Corp.,GOV,PODD,AL,6166,1,Z_USA_Liq2_TG,1
US4579852082,897013,Integra Lifesciences Holdings Corp.,IL3,IART,AT,6166,1,Z_USA_Liq2_TG,0
US4581401001,855681,Intel Corp.,INL,INTC,AS,6166,1,Z_USA_Liq1_DETG,1
US45817G2012,A1169G,Intellicheck Mobilisa Inc.,J5L1,J5L1,AT,6166,1,Z_USA_Liq2_TG,0
US45826H1095,A2AMZW,Integer Holdings Corp.,WGB,WGBG,AC,6166,1,Z_USA_Liq2_TG,0
US45826J1051,A2AG6H,Intellia Therapeutics Inc.,38I,38I,AL,6166,1,Z_USA_Liq2_TG,1
US45841N1072,A0MQY6,Interactive Brokers Group Inc.,KY6,IBKR,AC,6166,1,Z_USA_Liq2_TG,1
US45857P8068,A2PBZV,InterContinental Hotels Group PLC,IC1B,IC1By,AT,6166,1,Z_ASIA_Liq3_noDETG,0
US4586653044,A1JYG7,Interface Inc,IF6N,IF6N,AL,6166,1,Z_USA_Liq2_TG,0
US45866F1049,A1W5H0,Intercontinental Exchange Inc,IC2,IC2,AL,6166,1,Z_USA_Liq1_DETG,1
US45867G1013,A0MWY3,Interdigital Inc.,IDI,IDCC,AL,6166,1,Z_USA_Liq2_TG,0
US4592001014,851399,International Business Machines Corp.,IBM,IBM,AB,6166,1,Z_USA_Liq1_DETG,1
US4595061015,853881,International Flavors & Fragrances Inc.,IFF,IFF,AC,6166,1,Z_USA_Liq2_TG,1
US4601461035,851413,International Paper Co.,INP,IP,AC,6166,1,Z_USA_Liq2_TG,1
US46059T1097,924926,Internet Initiative Japan Inc. (ADRs),IIJ,IIJIy,AG,6166,1,Z_ASIA_Liq3_noDETG,0
US46062X3035,A2PYCU,Interpace Biosciences Inc.,PF42,PF42,AT,6166,1,Z_USA_Liq3_noDETG,0
US4611471008,907551,Intest Corp.,IN9,INTT,AL,6166,1,Z_USA_Liq2_TG,0
US46115H1077,A0MKCL,Intesa Sanpaolo S.p.A. (ADRs),IESJ,IESJy,AY,6166,1,Z_EU_Liq3_noDETG,0
US4612021034,886053,Intuit Inc.,ITU,INTU,AL,6166,1,Z_USA_Liq1_DETG,1
US46120E6023,888024,Intuitive Surgical Inc.,IUI1,ISRGD,AB,6166,1,Z_USA_Liq1_DETG,1
US46121Y2019,A2QA6B,Intrepid Potash Inc.,58I1,58I1,AL,6166,1,Z_USA_Liq2_TG,0
US46124U1079,A2P796,Inventiva S.A. (ADS),6IVA,6IVAy,AY,6166,1,Z_EU_Liq3_noDETG,0
US46125A1007,A3D5BY,Intuitive Machines Inc.,J8W,J8W,AT,6166,1,Z_USA_Liq2_TG,0
US46131B7047,A3DMJV,Invesco Mortgage Capital Inc.,7M20,7M20,AL,6166,1,Z_USA_Liq3_noDETG,0
US4622221004,A2ACMZ,Ionis Pharmaceuticals Inc.,ISI,ISI,AC,6166,1,Z_USA_Liq2_TG,0
US46222L1089,A3C4QT,IonQ Inc.,0YB0,0YB0,AL,6166,1,Z_USA_Liq2_TG,0
US4622601007,A2DT49,Iovance Biotherapeutics Inc.,2LB,2LB,AC,6166,1,Z_USA_Liq2_TG,1
US4626292050,A1J2CW,Ipsen S.A. (ADRs),I7G0,I7G0y,AY,6166,1,Z_EU_Liq3_noDETG,0
US46264C3051,A3ENPZ,authID Inc.,8KZ0,8KZ0,AT,6166,1,Z_USA_Liq3_noDETG,0
US46266A1097,A118V4,iRadimed Corp.,46K,46K,AT,6166,1,Z_USA_Liq2_TG,0
US46266C1053,A2JSPM,IQVIA Holdings Inc.,QTS,QTS,AB,6166,1,Z_USA_Liq1_DETG,1
US46267X1081,A2JGN8,Iqiyi Inc. (ADRs),IQ8,IQ8y,AE,6166,1,Z_ASIA_Liq2_TG,0
US46269C1027,A0YB48,Iridium Communications Inc.,6IC,IRDM,AL,6166,1,Z_USA_Liq2_TG,0
US46284V1017,A14MS9,Iron Mountain Inc.,I5M,I5M,AS,6166,1,Z_USA_Liq2_TG,1
US46333X1081,A0X789,Ironwood Pharmaceuticals Inc.,I76,I76,AT,6166,1,Z_USA_Liq2_TG,0
US46489V3024,A40EDR,Perspective Therapeutics Inc.,AAJ0,AAJ0,AL,6166,1,Z_USA_Liq3_noDETG,0
US46520M2044,A1JNEX,Issuer Direct Corp.,IDE,IDEG,AL,6166,1,Z_USA_Liq2_TG,0
US4652701065,A3CUTN,Itafos Inc.,82E,82E,AL,6166,1,Z_USA_Liq3_noDETG,0
US4655621062,A0RGKJ,Itau Unibanco Holding S.A. (Cayman Islands Branch) (ADRs),BVXB,ITUy,AT,6166,1,Z_USA_Liq2_TG,0
US46571Y1073,A2JPHL,I3 Verticals Inc.,V1K,V1K,AC,6166,1,Z_USA_Liq2_TG,0
US4657411066,888379,Itron Inc.,IT6,ITRI,AC,6166,1,Z_USA_Liq2_TG,0
US46591M1099,A2PXQ6,JOYY Inc. (ADRs),0YYA,0YYA,AE,6166,1,Z_ASIA_Liq2_TG,0
US4660321096,876041,J & J Snack Foods Corp.,JJ1,JJSF,AD,6166,1,Z_USA_Liq3_noDETG,0
US46604H2040,A3EHQ7,IZEA Worldwide Inc.,2IZ0,2IZ0,AC,6166,1,Z_USA_Liq2_TG,0
US46620W2017,A2QJAM,J. Jill Inc.,1MJ1,1MJ1,AC,6166,1,Z_USA_Liq2_TG,0
US46625H1005,850628,JPMorgan Chase & Co.,CMC,JPM,AS,6166,1,Z_USA_Liq1_DETG,1
US46627J3023,A0LF36,JSC Halyk Savings Bank of Kazakhstan (Sp.GDRs),H4L1,HSBK,AG,6166,1,Z_ASIA_Liq3_noDETG,0
US4663131039,886423,Jabil Inc.,JBL,JBL,AC,6166,1,Z_USA_Liq2_TG,1
US4663671091,883746,Jack in the Box Inc.,JBX,JBX,AL,6166,1,Z_USA_Liq2_TG,0
US46655E1001,A3DJQG,Dakota Gold Corp.,RR6,RR6G,AC,6166,1,Z_USA_Liq2_TG,0
US46817M1071,A3CY1L,Jackson Financial Inc.,8WF,8WF,AC,6166,1,Z_USA_Liq2_TG,0
US46982L1089,A3DTNN,Jacobs Solutions Inc.,Z0Y,Z0Y,AS,6166,1,Z_USA_Liq2_TG,1
US47012E4035,A2P89S,Jakks Pacific Inc.,JP1A,JP1A,AT,6166,1,Z_USA_Liq2_TG,0
US47089W1045,A2PRW6,JanOne Inc.,5AR1,5AR1,AC,6166,1,Z_USA_Liq2_TG,0
US47215P1066,A112ST,JD.com Inc. (ADRs),013A,013Ay,AE,6166,1,Z_ASIA_Liq2_TG,1
US47233W1099,A2JMVU,Jefferies Financial Group,LN3,LN3,AC,6166,1,Z_USA_Liq2_TG,1
US47580P1030,A2DKYC,Jeld-Wen Holding Inc.,0JW,0JW,AC,6166,1,Z_USA_Liq2_TG,0
US4764931014,A0YGY4,"Jeronimo Martins, SGPS, S.A. (ADRs)",JEM0,JEM0y,AT,6166,1,Z_USA_Liq3_noDETG,0
US4771431016,541867,Jetblue Airways Corp.,JAW,JBLU,AS,6166,1,Z_USA_Liq2_TG,1
US47759T1007,A0Q87R,JinkoSolar Holding Co. Ltd.,ZJS1,JKS,AE,6166,1,Z_ASIA_Liq2_TG,1
US4778391049,A0Q6F9,John Bean Technologies Corp.,JBT,JBT,AT,6166,1,Z_USA_Liq2_TG,0
US4781601046,853260,Johnson & Johnson,JNJ,JNJ,AB,6166,1,Z_USA_Liq1_DETG,1
US48020Q1076,908217,Jones Lang Lasalle Inc.,4J2,JLL,AC,6166,1,Z_USA_Liq2_TG,0
US48123V1026,A1JQ41,J2 Global Inc.,JXC1,JXC1,AC,6166,1,Z_USA_Liq2_TG,0
US48137C1080,A1C4VT,Julius Baer Gruppe AG (ADR),JGE1,JGE1y,AY,6166,1,Z_EU_Liq3_noDETG,0
US48138M1053,A2PGZM,Jumia Technologies AG (ADRs),4JMA,4JMAy,AY,6166,1,Z_EU_Liq2_TG,1
US48138V1052,A2PRCV,Jumbo S.A. (ADRs),5JB1,5JB1y,AY,6166,1,Z_EU_Liq3_noDETG,0
US48238T1097,A0YF1W,KAR Auction Services Inc.,XKR,XKR,AL,6166,1,Z_USA_Liq2_TG,0
US48241A1051,A0RAQX,KB Financial Group Inc. (ADR),KBIA,KBIAy,AE,6166,1,Z_ASIA_Liq2_TG,0
US48241F1049,A1T7HQ,KBC Group N.V. (ADRs),KDB0,KDB0y,AT,6166,1,Z_USA_Liq3_noDETG,0
US48242W1062,A0LEFS,KBR Inc.,K6B,K6B,AC,6166,1,Z_USA_Liq2_TG,0
US4824801009,865884,KLA-Tencor Corp.,KLA,KLAC,AL,6166,1,Z_USA_Liq1_DETG,1
US4824971042,A2QBE8,KE Holding Inc. (ADR),KE8A,KE8Ay,AE,6166,1,Z_ASIA_Liq2_TG,0
US48251K1007,A2DQ76,KKR Real Estate Finance Trust Inc.,8KR,8KR,AT,6166,1,Z_USA_Liq2_TG,0
US48251W1045,A2LQV6,KKR & Co. Corp.,KR51,KR51,AL,6166,1,Z_USA_Liq2_TG,1
US48253L2051,A2QAHR,KLX Energy Services Holdings Inc.,KX4A,KX4A,AC,6166,1,Z_USA_Liq2_TG,0
US48265W1080,A0YGKY,K + S Aktiengesellschaft (Spons. ADRs),SDF1,SDF1y,GK,6183,1,Z_EU_Liq3_noDETG,1
US48268K1016,922613,KT Corp.(ADRs),KTC,KTCy,AE,6166,1,Z_ASIA_Liq2_TG,0
US48282T1043,884567,Kadant Inc.,KDA,KAI,AL,6166,1,Z_USA_Liq3_noDETG,0
US4830077040,A0J4J3,Kaiser Aluminum Corp.,KLU1,KALU,AD,6166,1,Z_USA_Liq3_noDETG,0
US4831192020,A3DWPS,Kala Pharmaceuticals Inc.,27F0,27F0,AC,6166,1,Z_USA_Liq2_TG,0
US4834671061,A2QR0G,Kaltura Inc.,73Q,73Q,AL,6166,1,Z_USA_Liq3_noDETG,0
US4834971032,A2DG49,KalVista Pharmaceuticals Inc.,4XC1,4XC1,AL,6166,1,Z_USA_Liq2_TG,0
US48553T1060,A3CR8G,Kanzhun Ltd. (ADRs),8JN,8JNy,AE,6166,1,Z_ASIA_Liq2_TG,0
US48563L1017,A2PTTD,Karat Packaging Inc.,0WJ,0WJ,AC,6166,1,Z_USA_Liq2_TG,0
US48576U2050,A40YLC,Karyopharm Therapeutics Inc.,25K0,25K0,AC,6166,1,Z_USA_Liq2_TG,0
US48581R2058,A2QD9Y,Kaspi.kz JSC (GDRs),KKS,KKSy,AF,6166,1,Z_ASIA_Liq2_TG,1
US4866061066,A0MXKB,Kayne Anderson MLP Inv. Co.,KA5,KA5,AC,6166,1,Z_USA_Liq3_noDETG,0
US48666K1097,876635,KB Home,KBH,KBH,AC,6166,1,Z_USA_Liq2_TG,0
US4884452065,A2QLX7,KemPharm Inc.,1GDA,1GDA,AT,6166,1,Z_USA_Liq2_TG,0
US4891701009,855783,Kennametal Inc.,KM3,KMT,AL,6166,1,Z_USA_Liq2_TG,0
US4893981070,A0YFMB,Kennedy-Wilson Holdings Inc.,13K,13K,AT,6166,1,Z_USA_Liq2_TG,0
US49177J1025,A3EEHU,Kenvue Inc.,J4D,J4D,AC,6166,1,Z_USA_Liq2_TG,1
US4920891078,A1W0R0,Kering S.A. (ADRs),PPXB,PPXBy,AY,6166,1,Z_EU_Liq3_noDETG,0
US4924601002,A0DQW9,Kerry Group PLC (ADRs),KRZA,KRZAy,AT,6166,1,Z_USA_Liq3_noDETG,0
US49271V1008,A2JQPZ,Keurig Dr Pepper Inc.,DP5,DP5,AC,6166,1,Z_USA_Liq2_TG,1
US4928541048,923130,Kewaunee Scientific Corp.,KEW,KEQU,AD,6166,1,Z_USA_Liq3_noDETG,0
US4931441095,868040,Key Tronic Corp.,KT1,KT1,AT,6166,1,Z_USA_Liq3_noDETG,0
US4932671088,869353,Keycorp,KEY,KEY,AL,6166,1,A_TradeRebel_HG3US,1
US49338L1035,A12B6J,Keysight Technologies Inc.,1KT,1KT,AS,6166,1,Z_USA_Liq1_DETG,1
US49372L2097,A40NJT,Kezar Life Sciences Inc.,2KZ0,2KZ0,AL,6166,1,Z_USA_Liq2_TG,0
US4937321010,896864,Kforce Inc.,ROF,KFRC,AT,6166,1,Z_USA_Liq3_noDETG,0
US49427F1084,905164,Kilroy Realty Corp.,KRC,KRC,AL,6166,1,Z_USA_Liq2_TG,0
US49428J1097,A12EMH,Kimball Electronics Inc.,3C3,3C3,AT,6166,1,Z_USA_Liq2_TG,0
US49435R1023,A2DNR8,Kimbell Royalty Partners L.P.,0R3,0R3,AT,6166,0,Z_USA_Liq2_TG,0
US4943681035,855178,Kimberly-Clark Corp.,KMY,KMB,AL,6166,1,Z_USA_Liq1_DETG,1
US49446R1095,883111,Kimco Realty Corp.,KIC,KIM,AS,6166,1,Z_USA_Liq2_TG,1
US49456B1017,A1H6GK,Kinder Morgan Inc.,2KD,2KD,AB,6166,1,Z_USA_Liq1_DETG,1
US49639K1016,A2P39A,Kingsoft Cloud Holdings Ltd. (ADRs),KS7,KS7y,AE,6166,1,Z_ASIA_Liq2_TG,1
US49714P1084,A2APEC,Kinsale Capital Group Inc.,KCH,KCHG,AL,6166,1,Z_USA_Liq2_TG,1
US4972161016,KGX887,KION GROUP AG (ADRs),KGX1,KGX1y,GK,6183,1,Z_USA_Liq3_noDETG,1
US4972661064,863669,Kirby Corp.,KIY,KEX,AC,6166,1,Z_USA_Liq2_TG,0
US4991801071,A2PWTB,Knorr Bremse AG (ADRs),KBXA,KBXAy,GK,6183,1,Z_EU_Liq3_noDETG,1
US49926D1090,A1XD6Z,Knowles Corp.,1K3,1K3,AL,6166,1,Z_USA_Liq2_TG,0
US49989A1097,A0X92U,Koc Holding A.S. (ADRs),KRKA,KRKAy,AG,6166,1,Z_ASIA_Liq3_noDETG,0
US50012A1088,A3ECGY,Kodiak Gas Services LLC,Q41,Q41,AC,6166,1,Z_USA_Liq2_TG,0
US50015M1099,A2N6P0,Kodiak Sciences Inc.,K27,K27,AL,6166,1,Z_USA_Liq2_TG,0
US5002551043,884195,Kohl's Corp.,KHP,KSS,AC,6166,1,Z_USA_Liq2_TG,1
US5004675014,A2AJ7G,Koninklijke Ahold Delhaize N.V. (ADRs),AHOD,AHODy,AY,6166,1,Z_EU_Liq3_noDETG,0
US5004723038,940936,Kon. Philips Electronics N.V. (ADRs),PHIA,PHGy,AY,6166,1,Z_EU_Liq3_noDETG,0
US50048T1051,A2DK07,Koninklijke Vopak N.V. (ADRs),VPK,VPKy,AD,6166,1,Z_USA_Liq3_noDETG,0
US50048U2015,A3D9X7,Kongsberg Gruppen AS (ADRs),KOZ0,KOZ0y,AY,6166,0,Z_EU_Liq3_noDETG,0
US50050N1037,A2PJSK,Kontoor Brands Inc.,3KO,3KO,AL,6166,1,Z_USA_Liq2_TG,0
US5006001011,888358,Kopin Corp.,KOC,KOPN,AT,6166,1,Z_USA_Liq2_TG,0
US5006311063,893161,Korea Electric Power Corp. (ADRs),KOP,KEP,AE,6166,1,Z_ASIA_Liq2_TG,0
US5006881065,A2PBCB,Kosmos Energy Ltd,KOS1,KOS1,AL,6166,1,Z_USA_Liq2_TG,1
US5007541064,A14TU4,Kraft Heinz Co.,KHNZ,KHNZ,AB,6166,1,Z_USA_Liq1_DETG,1
US50077B2079,A0YAND,Kratos Defense & Security Solutions Inc.,WF5A,KTOS,AC,6166,1,Z_USA_Liq2_TG,1
US50101L1061,A3CTLH,Krispy Kreme Doughnuts Inc.,9YM,9YM,AT,6166,1,Z_USA_Liq2_TG,0
US5010441013,851544,The Kroger Co.,KOG,KR,AS,6166,1,Z_USA_Liq1_DETG,1
US50105F1057,776950,Kronos Worldwide Inc.,K1W,K1W,AL,6166,1,Z_USA_Liq2_TG,0
US50106E1073,A1JVSJ,KRONES AG ADR,KRNU,KRNUy,GK,6183,1,Z_EU_Liq3_noDETG,1
US5011471027,A2JH2F,Krystal Biotech Inc.,4KB,4KB,AL,6166,1,Z_USA_Liq2_TG,0
US5011871085,A2DHB8,Kühne & Nagel International AG (ADRs),KNIU,KNIUy,AD,6166,1,Z_USA_Liq3_noDETG,0
US5012421013,854118,Kulicke & Soffa Industries Inc.,KU1,KLIC,AC,6166,1,Z_USA_Liq2_TG,0
US50125G3074,A41B50,KULR Technology Group Inc.,7FA0,7FA0,AL,6166,1,Z_USA_Liq2_TG,0
US50127T1097,A143UH,Kura Oncology Inc.,KUR,KUR,AL,6166,1,Z_USA_Liq2_TG,0
US5015562037,865545,Kyocera Corp. (ADRs),KYRA,KYOy,AG,6166,1,Z_ASIA_Liq3_noDETG,0
US50155Q1004,A3C5GK,Kyndryl Holdings Inc.,7XU,7XU,AC,6166,1,Z_USA_Liq2_TG,1
US50186Q2021,576798,LG Electronics Inc.,LGLG,6657q,AD,6166,1,Z_USA_Liq3_noDETG,0
US50186V1026,A0B68Y,LG Display Co. Ltd. (ADRs),LGA,LGAy,AC,6166,1,Z_USA_Liq2_TG,0
US50187T1060,A1W61X,LGI Homes Inc.,LG1,LG1,AL,6166,1,Z_USA_Liq2_TG,0
US5018892084,254570,LKQ Corp.,LKQ1,LKQX,AL,6166,0,Z_USA_Liq2_TG,1
US50189K1034,A2DJND,LCI Industries,0DI,0DI,AL,6166,1,Z_USA_Liq2_TG,0
US50202M1027,A2P93Z,Li Auto Inc. (ADRs),L87A,L87Ay,AE,6166,1,Z_ASIA_Liq2_TG,1
US5021172037,904523,L'Oreal S.A. (ADRs),LORA,LORAy,AT,6166,1,Z_USA_Liq3_noDETG,0
US50212V1008,A1JZ6S,LPL Financial Holdings Inc.,7LI,7LI,AT,6166,1,Z_USA_Liq2_TG,0
US5021601043,866808,LSB Industries Inc.,LS3,LXU,AL,6166,1,Z_USA_Liq2_TG,0
US50216C1080,919518,LSI Industries Inc.,LS2,LYTS,AT,6166,1,Z_USA_Liq3_noDETG,0
US5021751020,884625,LTC Properties Inc.,LTP,LTC,AL,6166,1,Z_USA_Liq2_TG,1
US5024311095,A2PM3H,L3 Harris Technologies Inc.,HRS,HRS,AB,6166,1,Z_USA_Liq1_DETG,1
US5024413065,729780,LVMH Moet Hennessy Louis Vuitton SE (Sp.ADRs),MOHF,MOHFy,AY,6166,1,Z_EU_Liq2_TG,0
US5049221055,A40C39,Laboratory Corp of America,N6B,N6B,AT,6166,1,Z_USA_Liq2_TG,0
US5053361078,860095,La-Z-Boy Inc.,LAZ,LZB,AD,6166,1,Z_USA_Liq3_noDETG,0
US5057431042,A1XD2P,Ladder Capital Corp.,LD1A,LD1A,AC,6166,1,Z_USA_Liq2_TG,0
US5117951062,897575,Lakeland Industries Inc.,LLI,LLI,AT,6166,1,Z_USA_Liq2_TG,0
US5128073062,A40L1V,Lam Research Corp.,LAR0,LAR0,AL,6166,1,Z_USA_Liq1_DETG,1
US5128161099,A12FFH,Lamar Advertising Co.,6LA,6LA,AT,6166,1,Z_USA_Liq2_TG,0
US5132721045,A2ATEK,Lamb Weston Holdings Inc.,0L5,0L5,AL,6166,1,Z_USA_Liq2_TG,1
US5138471033,858141,Lancaster Colony Corp.,LC1,MZTI,AT,6166,1,Z_USA_Liq3_noDETG,0
US5147661046,899376,Landec Corp.,LDE,LNDC,AC,6166,1,Z_USA_Liq2_TG,0
US5150981018,887830,Landstar System Inc.,LDS,LSTR,AC,6166,1,Z_USA_Liq2_TG,0
US51509F1057,A110MJ,Lands End Inc.,LED,LEDG,AC,6166,1,Z_USA_Liq2_TG,0
US5165441032,A117UE,Lantheus Holdings Inc.,0L8,0L8,AT,6166,1,Z_USA_Liq2_TG,0
US5165571051,A2QG8U,Lanxess AG (ADRs),LX9B,LX9By,GK,6183,1,Z_EU_Liq3_noDETG,1
US5171251003,A2P5PP,Zafgen Inc.,ZA71,ZA71,AT,6166,1,Z_USA_Liq2_TG,0
US5178341070,A0B8S2,Las Vegas Sands Corp.,LCR,LVS,AB,6166,1,Z_USA_Liq1_DETG,1
US51817R2058,A40JGP,Latam Airlines Group S.A. (ADRs),LFL0,LFL0y,AL,6166,1,Z_USA_Liq2_TG,0
US5184151042,878255,Lattice Semiconductor Corp.,LTT,LSCC,AT,6166,1,Z_USA_Liq2_TG,0
US5184391044,897933,Estee Lauder Companies Inc.,ELAA,EL,AB,6166,1,Z_USA_Liq1_DETG,1
US5186132032,A2DK0X,Laureate Education Inc.,LA3A,LA3A,AC,6166,1,Z_USA_Liq2_TG,0
US5207761058,860437,Distribution Solutions Group Inc.,LW2,LW2,AL,6166,1,Z_USA_Liq3_noDETG,0
US5218652049,A0YERL,Lear Corp.,LE6N,LEA,AL,6166,1,Z_USA_Liq2_TG,1
US52187K2006,A3EMJP,Leap Therapeutics Inc.,5MC,5MC,AT,6166,1,Z_USA_Liq2_TG,0
US5237684064,A2QQS2,Lee Enterprises Inc.,LE70,LE70,AL,6166,1,Z_USA_Liq3_noDETG,0
US5246601075,883524,Leggett & Platt Inc.,LP1,LEG,AC,6166,1,Z_USA_Liq2_TG,0
US52466B1035,A1J2MD,LegalZoom.com Inc.,1LZ,1LZ,AT,6166,1,Z_USA_Liq2_TG,0
US5246711049,A11946,Legrand S.A. (ADRs),LRC0,LRC0y,AY,6166,1,Z_EU_Liq3_noDETG,0
US52490G1022,A2P5AH,Legend Biotech Corp. (ADRs),9LB,9LBy,AL,6166,1,Z_USA_Liq2_TG,0
US5253271028,A1W5CT,Leidos Holdings Inc.,S6IA,S6IA,AC,6166,1,A_TradeRebel_HG3US,1
US5255582018,A0LB2B,LeMaitre Vascular Inc.,LHU,LHU,AL,6166,1,Z_USA_Liq2_TG,0
US52567D1072,A2P7Z1,Lemonade Inc.,LE0,LE0,AC,6166,1,Z_USA_Liq2_TG,1
US52603A2087,A2PNFU,LendingClub Corp.,8LCA,8LCA,AL,6166,1,Z_USA_Liq2_TG,1
US52603B1070,A12HU0,LendingTree Inc.,T77,T77,AL,6166,1,Z_USA_Liq2_TG,1
US5260571048,851022,Lennar Corp.,LNN,LEN,AC,6166,1,Z_USA_Liq2_TG,1
US5261071071,924838,Lennox International Inc.,LXI,LXI,AT,6166,1,Z_USA_Liq1_DETG,0
US5262501050,A0B7GH,Lenovo Group Ltd. (ADRs),LHL1,LNVGy,AL,6166,1,Z_USA_Liq3_noDETG,0
US52660W1018,A2AKRS,Leonardo S.p.A. (ADRs),FMN,FMNy,AY,6166,1,Z_EU_Liq3_noDETG,0
US52661A1088,A2QQ8Z,Leonardo DRS Inc.,2VZ,2VZ,AT,6166,1,Z_USA_Liq2_TG,0
US52681J1051,A3CUD4,Leroy Seafood Group AS (ADRs),Z1L0,Z1L0y,AD,6166,1,Z_USA_Liq3_noDETG,0
US52736R1023,A2PFHR,Levi Strauss & Co.,LV2B,LV2B,AC,6166,1,Z_USA_Liq2_TG,1
US5288771034,A2H97M,LexinFintech Holdings Ltd. (ADRs),1LFA,1LFAy,AF,6166,1,Z_ASIA_Liq2_TG,0
US5301581048,985244,Liberty All-Star Equity Fund,1GQ,1GQ,AC,6166,1,Z_USA_Liq3_noDETG,0
US5303071071,A12DQA,Liberty Broadband Corp.,8L8,8L8,AC,6166,1,Z_USA_Liq2_TG,0
US5303073051,A12DQC,Liberty Broadband Corp.,8L8C,8L8C,AC,6166,1,Z_USA_Liq2_TG,0
US5312297550,A3ERTA,Liberty Media Corp.,LM0F,LM0F,AL,6166,1,Z_USA_Liq2_TG,0
US5312297717,A3ERSY,Liberty Media Corp.,LM0D,LM0D,AC,6166,1,Z_USA_Liq2_TG,0
US5319141090,925083,Lifeway Foods Inc.,LWF,LWAY,AC,6166,1,Z_USA_Liq2_TG,0
US5322061095,A40EPB,Life360 Inc.,L360,L360,AT,6166,1,Z_USA_Liq2_TG,0
US53220K5048,A1C9RN,Ligand Pharmaceuticals Inc.,LGDN,LGND,AT,6166,1,Z_USA_Liq2_TG,0
US53222K2050,A1420J,Lifevantage Corp.,L2T1,L2T1,AL,6166,1,Z_USA_Liq3_noDETG,0
US53223N1090,A1JH1F,Light S.A. (ADRs),5LIA,5LIAy,AD,6166,0,Z_noMM,0
US53224K3023,A2PT2T,Lightbridge Corp.,N7ON,N7ON,AT,6166,1,Z_USA_Liq2_TG,0
US5324571083,858560,Eli Lilly & Co.,LLY,LLY,AB,6166,1,Z_USA_Liq1_DETG,1
US53263P1057,A2APH1,Limbach Holdings Inc.,J4B,J4B,AC,6166,1,Z_USA_Liq2_TG,0
US5327461043,A0YH5Z,Limoneira Co.,2L2,2L2,AC,6166,1,Z_USA_Liq2_TG,0
US5339001068,908231,Lincoln Electric Holdings Inc.,LNE,LECO,AL,6166,1,Z_USA_Liq2_TG,0
US5341871094,859406,Lincoln National Corp.,LCO,LNC,AS,6166,1,Z_USA_Liq2_TG,1
US5352191093,A14WKW,Lindblad Expeditions Holdings Inc.,LI4,LI4,AT,6166,1,Z_USA_Liq2_TG,0
US5355551061,904057,Lindsay Corp.,LMF,LNNM,AT,6166,1,Z_USA_Liq2_TG,0
US53566P1093,A2PP89,Lineage Cell Therapeutics Inc.,BT3,BT3,AC,6166,1,Z_USA_Liq2_TG,0
US53635B1070,A0JEFP,Liquidity Services Inc.,L1S,LQDT,AC,6166,1,Z_USA_Liq2_TG,0
US53635D2027,A2JRNS,Liquidia Technologies Inc.,LT4,LT4,AL,6166,1,Z_USA_Liq2_TG,0
US5367971034,914076,Lithia Motors Inc.,LMO,LMO,AC,6166,1,Z_USA_Liq2_TG,0
US5370081045,893593,Littelfuse Inc.,LFS,LFUS,AL,6166,1,Z_USA_Liq2_TG,0
US5380341090,A0H0VZ,Live Nation Entertainment Inc.,3LN,LYV,AB,6166,1,A_TradeRebel_HG3US,1
US5381423087,A2DHCV,Live Ventures Inc.,UYXP,UYXP,AT,6166,1,Z_USA_Liq2_TG,0
US5381463091,A41K8H,LivePerson Inc.,LVO0,LVO0,AD,6166,1,Z_USA_Liq3_noDETG,0
US53815P1084,A2N63A,LiveRamp Holdings Inc.,XIM,XIMG,AC,6166,1,Z_USA_Liq2_TG,0
US53838J1051,A3DN57,LiveWire Group Inc.,P9N,P9N,AT,6166,1,Z_USA_Liq2_TG,0
US53946R1068,A143LM,loanDepot Inc.,LDD,LDD,AT,6166,1,Z_USA_Liq2_TG,0
US5398301094,894648,Lockheed Martin Corp.,LOM,LMT,AL,6166,1,Z_USA_Liq1_DETG,1
US5404241086,851615,Loews Corp.,LTR,LTR,AS,6166,1,Z_USA_Liq2_TG,1
US54150E1047,A2H5T5,Loma Negra Compañía Industrial Argentina S.A. (ADRs),8LN,8LN,AC,6166,1,Z_USA_Liq2_TG,0
US54338V1017,A0YF75,Lonza Group AG (ADRs),LO3A,LO3Ay,AY,6166,1,Z_EU_Liq3_noDETG,0
US54572F1012,A3EYU4,Lotus Technology Inc. (ADR),5EP,5EPy,AL,6166,1,Z_USA_Liq2_TG,0
US5463471053,861032,Louisiana Pacific Corp.,LP3,LPX,AC,6166,1,Z_USA_Liq2_TG,1
US5486611073,859545,Lowe`s Companies Inc.,LWE,LOW,AC,6166,1,Z_USA_Liq2_TG,1
US5494982029,A41FLM,Lucid Group Inc.,CH2,CH2,AT,6166,0,Z_USA_Liq2_TG,0
US54951L1098,A2PJ6S,Luckin Coffee Inc. (ADRs),LC0A,LC0Ay,AG,6166,1,Z_ASIA_Liq3_noDETG,0
US54975P2011,A3E2GS,Lufax Holding Ltd. (ADR),0VU0,0VU0y,AE,6166,1,Z_ASIA_Liq2_TG,0
US5500211090,A0MXBY,Lululemon Athletica Inc.,33L,33L,AB,6166,1,Z_USA_Liq1_DETG,1
US5502411037,A2QMYN,Lumen Technologies Inc.,CYTH,CYTG,AS,6166,1,Z_USA_Liq2_TG,1
US55024U1097,A14WK0,Lumentum Holdings Inc.,LU2,LU2,AL,6166,1,Z_USA_Liq1_DETG,1
US55025L1089,A2QLX2,Lument Finance Trust Inc.,70X,70X,AL,6166,1,Z_USA_Liq3_noDETG,0
US55087P1049,A2PE38,Lyft Inc.,LY0,LY0,AS,6166,1,Z_USA_Liq1_DETG,1
US5510733075,A2G82N,Lynas Corp. Ltd. (ADRs),LYIC,LYICy,AG,6166,1,Z_ASIA_Liq3_noDETG,1
US55261F1049,863582,M&T Bank Corp.,MTZ,MTBU,AL,6166,1,Z_USA_Liq2_TG,1
US55262C1009,874020,MBIA Inc.,MBJ,MBI,AC,6166,1,Z_USA_Liq2_TG,0
US55272X6076,A3DH8P,MFA Financial Inc.,M4ZA,M4ZA,AL,6166,1,Z_USA_Liq2_TG,0
US5528481030,882538,MGIC Investment Corp.,MGC,MTG,AC,6166,1,Z_USA_Liq2_TG,0
US5529531015,880883,MGM Resorts International Corp.,MGG,MGM,AC,6166,1,A_TradeRebel_HG3US,1
US55302T2042,A0QZ91,MHP SE (GDRs),MPQ,MPQq,AY,6166,1,Z_EU_Liq3_noDETG,0
US55303J1060,A1JSBW,MGP Ingredients Inc.,M1I,M1I,AL,6166,1,Z_USA_Liq2_TG,0
US55305B1017,888374,M/I Homes Inc,4MI,4MI,AL,6166,1,Z_USA_Liq2_TG,0
US55306N1046,920343,MKS Instruments Inc.,MKT,MKSI,AL,6166,1,Z_USA_Liq2_TG,0
US5533681012,A2QHVL,MP Materials Corp.,55H0,55H0,AS,6166,1,Z_USA_Liq2_TG,1
US5534981064,A1XFCC,MSA Safety Inc.,M07,M07,AC,6166,1,Z_USA_Liq2_TG,0
US5535301064,898493,MSC Industrial Direct Co. Inc.,98M,98M,AL,6166,1,Z_USA_Liq2_TG,0
US55354G1004,A0M63R,MSCI Inc.,3HM,MSCI,AS,6166,1,Z_USA_Liq1_DETG,1
US5538101024,A2JGNC,MVB Financial Corp.,MV6,MV6,AL,6166,1,Z_USA_Liq3_noDETG,0
US55405W1045,A0Q9UM,MYR Group Inc.,MYP,MYP,AL,6166,1,Z_USA_Liq2_TG,0
US55405Y1001,A1JU1D,MACOM Technology Solutions Holdings Inc.,1MA,1MAG,AC,6166,1,Z_USA_Liq2_TG,0
US5543821012,888353,The Macerich Company,M6G,M6G,AC,6166,1,Z_USA_Liq2_TG,0
US5560991094,A1W6ND,MacroGenics Inc.,M55,M55,AT,6166,1,Z_USA_Liq2_TG,0
US55616P1049,A0MS7Y,Macy's Inc.,FDO,M,AC,6166,1,Z_USA_Liq2_TG,1
US5562691080,898166,Steven Madden Ltd.,SJM,SHOO,AL,6166,1,Z_USA_Liq2_TG,0
US55826T1025,A2P2R5,Sphere Entertainment Co.,MQ2,MQ2,AC,6166,1,Z_USA_Liq2_TG,0
US5588681057,A2APCZ,Madrigal Pharmaceuticals Corp.,YDO1,YDO1,AC,6166,1,Z_USA_Liq2_TG,0
US55933J2033,A1C1SD,Magnachip Semiconductor Corp.,SMG,MX,AL,6166,1,Z_USA_Liq2_TG,0
US55955D1000,A2P75A,Magnite Inc.,15R,15R,AL,6166,1,Z_USA_Liq2_TG,0
US56035L1044,A0X8Y3,Main Street Capital Corp.,13M,13M,AC,6166,1,Z_USA_Liq2_TG,1
US56155L1089,A2AS8R,Mammoth Energy Services Inc.,5M8,5M8,AL,6166,1,Z_USA_Liq3_noDETG,0
US5627501092,913804,Manhattan Associates Inc.,MHT,MANH,AT,6166,1,Z_USA_Liq2_TG,0
US5635714059,A2JSM9,Manitowoc Co. Inc.,MNGN,MNGN,AC,6166,1,Z_USA_Liq2_TG,0
US56400P7069,A2DMZL,MannKind Corp.,NNFN,NNFN,AC,6166,1,Z_USA_Liq2_TG,0
US56418H1005,881964,ManpowerGroup Inc.,MPW,MAN,AC,6166,1,Z_USA_Liq2_TG,0
US5657881067,A2QQBE,MARA Holdings Inc.,M44,M44,AB,6166,1,Z_USA_Liq1_DETG,1
US56585A1025,A1JEXK,Marathon Petroleum Corp.,MPN,MPN,AB,6166,1,Z_USA_Liq1_DETG,1
US56600D1072,A2QHK8,Maravai LifeSciences Holdings Inc.,MAR,MAR2,AC,6166,1,Z_USA_Liq2_TG,0
US56656T1051,A1C6AM,Marfrig Global Foods S.A. (ADRs),MGP1,MGP1y,AD,6166,1,Z_USA_Liq3_noDETG,0
US5679081084,914727,MarineMax Inc.,MLW,HZO,AC,6166,1,Z_USA_Liq2_TG,0
US5705351048,885036,Markel Corp.,MKV,MKL,AC,6166,1,Z_USA_Liq2_TG,1
US57060D1081,A0B897,MarketAxess Holdings Inc.,MWI,MKTX,AL,6166,1,Z_USA_Liq2_TG,1
US57142B1044,A3CQSL,Marqeta Inc.,8QJ,8QJ,AC,6166,1,Z_USA_Liq2_TG,0
US57164Y1073,A1JNDJ,Marriott Vacations Worldwide Corporation,M8V,M8V,AL,6166,1,Z_USA_Liq3_noDETG,0
US5717481023,858415,Marsh & McLennan Cos. Inc.,MSN,MMC,AL,6166,1,Z_USA_Liq1_DETG,1
US5719032022,913070,Marriott International Inc.,MAQ,MAR,AL,6166,1,Z_USA_Liq1_DETG,1
US5732841060,889585,Martin Marietta Materials Inc.,MMX,MLMT,AS,6166,1,Z_USA_Liq2_TG,1
US5738741041,A3CNLD,Marvell Technology Group Ltd.,9MW,9MW,AL,6166,1,Z_USA_Liq1_DETG,1
US57403M1045,A3DHXA,Marygold Companies Inc.,TF8,TF8,AT,6166,1,Z_USA_Liq3_noDETG,0
US5745991068,856632,Masco Corp.,MSQ,MAS,AS,6166,1,A_TradeRebel_HG3US,1
US5747951003,578074,Masimo Corp.,3M4,MASI,AL,6166,1,Z_USA_Liq2_TG,0
US5763231090,861257,MasTec Inc.,MY8,MTZ,AC,6166,1,Z_USA_Liq2_TG,0
US57633B1008,A0Q9V2,Mastech Digital Inc.,MS4A,MS4A,AT,6166,1,Z_USA_Liq3_noDETG,0
US57636Q1040,A0F602,Mastercard Inc.,M4I,MA,AS,6166,1,Z_USA_Liq1_DETG,1
US57638P1049,A3DVW8,MasterBrand Inc.,D55,D55,AC,6166,1,Z_USA_Liq2_TG,0
US5764852050,A1JTVV,Matador Resources Co.,7MR,7MR,AL,6166,1,Z_USA_Liq2_TG,0
US57667L1070,A2P75D,Match Group Inc.,4MGN,4MGN,AB,6166,1,A_TradeRebel_HG3US,1
US57667T1007,A112H0,Materialise N.V. (ADRs),06MA,06MAy,AY,6166,1,Z_EU_Liq2_TG,0
US5766901012,A1JH3T,Materion Corp.,BEM,BW,AC,6166,1,Z_USA_Liq2_TG,0
US5768531056,880420,Matrix Service Co.,MX2,MTRX,AL,6166,1,Z_USA_Liq2_TG,0
US57686G1058,A1J0SW,Matson Inc.,68M,68M,AC,6166,1,Z_USA_Liq2_TG,0
US5770811025,851704,Mattel Inc.,MTT,MAT,AL,6166,1,Z_USA_Liq2_TG,1
US5771281012,905720,Matthews International Corp.,MW1A,MATWa,AT,6166,1,Z_USA_Liq2_TG,0
US57776J1007,A0RM07,MaxLinear Inc.,JMX,JMX,AC,6166,1,Z_USA_Liq2_TG,0
US57777K1060,A2AGVE,MaxCyte Inc.,MYE0,MYE0,AC,6166,1,Z_USA_Liq2_TG,0
US5779331041,907462,Maximus Inc.,MMY,MMS,AT,6166,1,Z_USA_Liq2_TG,0
US5786051079,A2PH3K,Mayville Engineering Co. Inc.,2YN,2YN,AC,6166,1,Z_USA_Liq2_TG,0
US5797802064,858250,McCormick & Co. Inc.,MCX,MCCRn,AC,6166,1,Z_USA_Liq2_TG,1
US5801351017,856958,McDonald's Corp.,MDO,MCD,AL,6166,1,Z_USA_Liq1_DETG,1
US58039P3055,A3DMEX,McEwen Mining Inc.,US8,US8,AC,6166,1,Z_USA_Liq2_TG,0
US5805891091,919322,McGrath Rent Corp.,MG8,MG8,AT,6166,1,Z_USA_Liq2_TG,0
US58155Q1031,893953,McKesson Corp.,MCK,MCK,AC,6166,1,Z_USA_Liq2_TG,1
US5839281061,900961,Medallion Financial Corp.,MD5,MD5,AT,6166,1,Z_USA_Liq3_noDETG,0
US58450D1046,A2PXWX,MediaCo Holding Inc.,3WX,3WX,AT,6166,1,Z_USA_Liq2_TG,0
US58463J3041,A0ETK5,Medical Properties Trust Inc.,M3P,M3P,AL,6166,1,Z_USA_Liq2_TG,1
US58470H1014,889384,Medifast Inc.,MDF,MDFT,AT,6166,1,Z_USA_Liq2_TG,0
US58502B1061,A0RELL,Mednax Inc.,PDC,MD,AL,6166,1,Z_USA_Liq3_noDETG,0
US58502K1060,A1T8K6,Mediobanca - Bca Cred.Fin. S.p.A (ADRs),ME90,ME90y,AY,6166,1,Z_EU_Liq3_noDETG,0
US58506Q1094,A2APTV,Medpace Holdings Inc.,01P,01P,AC,6166,1,Z_USA_Liq2_TG,1
US5854641009,A0LF1J,Melco Resorts & Entertainment Ltd. (ADRs),MAS,MPEy,AC,6166,1,Z_USA_Liq2_TG,0
US58733R1023,A0MYNP,Mercadolibre Inc.,MLB1,MELI,AB,6166,1,Z_USA_Liq1_DETG,1
US5880561015,985284,Mercer International Inc.,AEZ,MERC,AC,6166,1,Z_USA_Liq2_TG,0
US5893392093,A2DUS5,Merck KGaA (ADRs),MRKC,MRKGy,GZ,6183,1,Z_EU_Liq3_noDETG,1
US58933Y1055,A0YD8Q,Merck & Co. Inc.,6MK,MRK,AB,6166,1,Z_USA_Liq1_DETG,1
US5893781089,911843,Mercury Systems Inc.,MCY,MRCY,AC,6166,1,Z_USA_Liq2_TG,0
US5894001008,870346,Mercury General Corp.,MCG,MCY,AL,6166,1,Z_USA_Liq2_TG,0
US5894921072,A2PEYJ,Mereo Biopharma Group Ltd. (ADRs),MAH0,MAH0y,AL,6166,1,Z_USA_Liq2_TG,0
US5898891040,882361,Merit Medical Systems Inc.,MM3,MMSI,AC,6166,1,Z_USA_Liq2_TG,0
US59001A1025,876864,Meritage Homes Corp.,MEY,MTH,AC,6166,1,Z_USA_Liq2_TG,0
US59044P1084,A14W08,Mersen S.A. (ADRs),CBE0,CBE0y,AL,6166,1,Z_USA_Liq3_noDETG,0
US5904794089,A41U68,Mesa Air Group Inc.,M2A0,M2A0,AD,6166,1,Z_USA_Liq2_TG,0
US59100U1088,A0DQFX,Meta Financial Group Inc.,FM7,FM7,AC,6166,1,Z_USA_Liq2_TG,0
US5915202007,900070,Methode Electronics Inc.,ME5A,METH,AC,6166,1,Z_USA_Liq2_TG,0
US59156R1086,934623,Metlife Inc.,MWZ,MET,AB,6166,1,Z_USA_Liq1_DETG,1
US5926881054,910553,Mettler-Toledo International Inc.,MTO,MTD,AS,6166,1,Z_USA_Liq1_DETG,1
US5927701012,A0BMH8,Mexco Energy Corp.,MZB,MXC,AC,6166,1,Z_USA_Liq2_TG,0
US59410T1060,A0YF6K,Compagnie Generale des Etablissements Michelin Michelin et Cie S.C.p.A. (ADRs),MCH1,MCH1y,AY,6166,1,Z_EU_Liq3_noDETG,0
US5949181045,870747,Microsoft Corp.,MSF,MSFT,AS,6166,1,Z_USA_Mag7_Aussuchen,1
US5949603048,A1JUDY,Microvision Inc.,MVIN,MVIN,AC,6166,1,Z_USA_Liq2_TG,1
US5949724083,722713,Strategy Inc.,MIGA,MSTRD,AS,6166,1,Z_USA_Liq2_TG,1
US5949728530,A41EXE,Strategy Inc.,MIG2,MIG2_p,AC,6166,1,Null,0
US5950171042,886105,Microchip Technology Inc.,MCP,MCHP,AS,6166,1,Z_USA_Liq1_DETG,1
US59503A2042,A2N5AS,Microbot Medical Inc.,CY9D,CY9D,AT,6166,1,Z_USA_Liq2_TG,0
US5951121038,869020,Micron Technology Inc.,MTE,MU,AS,6166,1,Z_USA_Liq1_DETG,1
US59516C1062,A3CV9D,Microvast Holdings Inc.,2OZA,2OZA,AC,6166,1,Z_USA_Liq2_TG,1
US59522J1034,889495,Mid-America Apartment Communitie Inc.,M2K,M2K,AC,6166,1,Z_USA_Liq2_TG,1
US5962781010,923608,Middleby Corp.,MBY,MIDD,AC,6166,1,Z_USA_Liq2_TG,0
US6005441000,863205,Herman Miller Inc.,MHR,MLHR,AC,6166,1,Z_USA_Liq2_TG,0
US6030511033,A3CQUB,Mineral Resources Ltd. (ADRs),F5J0,F5J0y,AG,6166,1,Z_ASIA_Liq3_noDETG,0
US6031581068,885032,Minerals Technologies Inc.,MNK,MTXU,AD,6166,1,Z_USA_Liq3_noDETG,0
US6033802058,A3DMH5,Minerva Neurosciences Inc.,4MNA,4MNA,AL,6166,1,Z_USA_Liq2_TG,0
US60458C1045,A3EQWL,MIRA Pharmaceuticals Inc.,K6S,K6S,AL,6166,1,Z_USA_Liq2_TG,0
US60471A1016,A3C5TU,Mirion Technologies Inc,55I0,55I0,AL,6166,1,Z_USA_Liq2_TG,0
US6047491013,A2PM29,Mirum Pharmaceuticals Inc.,08D,08D,AC,6166,1,Z_USA_Liq2_TG,0
US60510V1089,A2QCW7,Mission Produce Inc.,5YM,5YM,AC,6166,1,Z_USA_Liq2_TG,0
US6067102003,883036,Mitek Systems Inc.,MKQ,MITK,AC,6166,1,Z_USA_Liq2_TG,0
US6068221042,A0HF5M,Mitsubishi UFJ Financial Group Inc. (ADRs),MFZA,MTFTy,AE,6166,1,Z_ASIA_Liq2_TG,0
US60687Y1091,A0LEKK,Mizuho Financial Group Inc. (ADRs),MZ8A,MZ8Ay,AF,6166,1,Z_ASIA_Liq2_TG,0
US60770K1079,A2N9D9,Moderna Inc.,0QF,0QF,AB,6166,1,Z_USA_Liq1_DETG,1
US6078281002,869795,Modine Manufacturing Co.,MMF,MMF,AC,6166,1,Z_USA_Liq2_TG,1
US60786M1053,A1XDZ8,Moelis + Co.,17M,17M,AL,6166,1,Z_USA_Liq2_TG,0
US6081901042,885067,Mohawk Industries Inc.,MWK,MHK,AL,6166,1,Z_USA_Liq2_TG,1
US6084642023,898178,MOL Hungarian Oil and Gas Company PLC (ADRs),MOGG,MOGGy,AY,6166,1,Z_EU_Liq3_noDETG,0
US60853G1067,A3CSB5,Molecular Partners AG (ADRs),6ML0,6ML0y,AY,6166,1,Z_EU_Liq2_TG,0
US60855R1005,157781,Molina Healthcare Inc.,MHG,MHC,AL,6166,1,Z_USA_Liq2_TG,1
US60871R2094,A0DPTB,Molson Coors Brewing Co.,NY7,NY7,AS,6166,1,Z_USA_Liq2_TG,1
US6090271072,890467,Monarch Casino & Resort Inc.,MOI,MCRI,AC,6166,1,Z_USA_Liq2_TG,0
US60919T1007,A14W1F,Moncler S.p.A. (ADRs),MOV0,MOV0y,AY,6166,1,Z_EU_Liq3_noDETG,0
US6092071058,A1J4U0,Mondelez International Inc.,KTF,KFT,AL,6166,1,Z_USA_Liq1_DETG,1
US60937P1066,A2DYB1,MongoDB Inc.,526,526,AS,6166,1,Z_USA_Liq2_TG,1
US6098391054,A0DLC4,Monolithic Power Systems Inc.,NQG,MPWR,AC,6166,1,Z_USA_Liq2_TG,1
US6102361010,882462,Monro Muffler Brake Inc.,MR2,MNRO,AL,6166,1,Z_USA_Liq2_TG,0
US61023L2079,A40JML,Monopar Therapeutics Inc.,1IY0,1IY0,AL,6166,1,Z_USA_Liq2_TG,0
US61174X1090,A14U5Z,Monster Beverage Corp.,MOB,MOB,AC,6166,1,Z_USA_Liq2_TG,1
US6151111019,A2P939,Montrose Environmental Group Inc.,5MO,5MO,AL,6166,1,Z_USA_Liq2_TG,0
US6153691059,915246,Moody's Corp.,DUT,MCO,AC,6166,1,Z_USA_Liq2_TG,1
US6153942023,865511,Moog Inc.,MO7A,MOGa,AC,6166,1,Z_USA_Liq2_TG,0
US6174464486,885836,Morgan Stanley Inc.,DWD,MWD,AS,6166,1,Z_USA_Liq1_DETG,1
US6177001095,A0EADM,Morningstar Inc.,MRS,MORN,AL,6166,1,Z_USA_Liq2_TG,0
US61945C1036,A1JFWK,The Mosaic Co.,02M,02M,AC,6166,1,Z_USA_Liq2_TG,1
US6200711009,910686,Motorcar Parts of America Inc.,54M,54M,AT,6166,1,Z_USA_Liq2_TG,0
US6200763075,A0YHMA,Motorola Solutions Inc.,MTLA,MOT,AB,6166,1,Z_USA_Liq1_DETG,1
US6245801062,887998,Movado Group Inc.,MV4,MV4,AL,6166,1,Z_USA_Liq2_TG,0
US6246781081,A2PBD2,Mowi ASA (ADRs),PNDA,PNDAy,AY,6166,1,Z_EU_Liq3_noDETG,0
US62473G1022,A0YF6H,MTU Aero Engines AG (ADRs),MTX1,MTX1y,GX,6183,1,Z_EU_Liq3_noDETG,1
US62474M1080,813148,MTN Group Ltd. (ADRs),LL6A,LL6Ay,AD,6166,1,Z_USA_Liq3_noDETG,0
US6247561029,887240,Mueller Industries Inc.,MUD,MLI,AC,6166,1,Z_USA_Liq2_TG,0
US6247581084,A0J2LX,Mueller Water Products Inc.,JT5,MWAU,AT,6166,1,Z_USA_Liq2_TG,0
US6261881063,A0YF6G,Münchener Rückversicherungs Gesellschafts AG (ADRs),MUVB,MURGYy,GV,6183,1,Z_USA_Liq3_noDETG,1
US6267171022,856127,Murphy Oil Corp.,MUQ,MUR,AL,6166,1,Z_USA_Liq2_TG,1
US6267551025,A1W33K,Murphy USA Inc.,1MU,1MUG,AT,6166,1,Z_USA_Liq2_TG,0
US62855J1043,897518,Myriad Genetics Inc.,MYD,MYGN,AL,6166,1,Z_USA_Liq2_TG,0
US62857J2015,A2PZCL,Myomo Inc.,0M61,0M61,AT,6166,1,Z_USA_Liq2_TG,0
US62886E1082,919692,NCR Corp.,NCR1,NCR1,AC,6166,1,Z_USA_Liq2_TG,0
US6288772014,A2QJPS,NCS Multistage Holdings Inc.,MUH0,MUH0,AD,6166,1,Z_USA_Liq3_noDETG,0
US6289881079,A3ENR7,Mynd.ai Inc. (ADRs),WK6,WK6y,AT,6166,1,Z_USA_Liq3_noDETG,0
US62914V1061,A2N4PB,Nio Inc. (ADRs),N3IA,N3IAy,AE,6166,1,Z_ASIA_Liq2_TG,1
US6292093050,A1W8UB,NMI Holdings Inc.,6NM,6NM,AT,6166,1,Z_USA_Liq2_TG,0
US6293341037,A2JNM6,NN Group N.V. (ADRs),2NN0,2NN0y,AY,6166,1,Z_EU_Liq3_noDETG,0
US6293775085,A0BLR4,NRG Energy Inc.,NRA,NRGE,AB,6166,1,Z_USA_Liq1_DETG,1
US6294452064,766101,NVE Corp.,NVK,NVEC,AL,6166,1,Z_USA_Liq2_TG,0
US62944T1051,888265,NVR Inc.,NVE,NVE,AL,6166,1,Z_USA_Liq2_TG,1
US62955J1034,A2QLRE,NOV Inc.,NO8,NO8,AT,6166,1,Z_USA_Liq2_TG,0
US63001N1063,A3EQWM,NCR Atleos Corp.,Y2G,Y2G,AC,6166,1,Z_USA_Liq2_TG,0
US6300873022,A2PSNF,Nanoviricides Inc.,NV3P,NV3P,AL,6166,1,Z_USA_Liq2_TG,0
US63008G2030,A2PTUS,NanoDimension Ltd. (ADRs),2N5B,2N5By,AE,6166,1,Z_ASIA_Liq2_TG,0
US63009J1079,A2QKZM,Nanobiotix S.A. (ADRs),5NRA,5NRAy,AY,6166,1,Z_EU_Liq3_noDETG,0
US6304021057,877793,NAPCO Security Technologies Inc.,NS1,NS1,AL,6166,1,Z_USA_Liq2_TG,0
US6311031081,813516,Nasdaq Inc.,NAQ,NDAQ,AS,6166,1,Z_USA_Liq1_DETG,1
US6315122092,A2DV3H,Naspers Ltd. (ADRs),NNWN,NNWNy,AQ,6166,1,Z_EU_Liq3_noDETG,0
US6323471002,887530,Nathan's Famous Inc.,NFA,NATH,AT,6166,1,Z_USA_Liq3_noDETG,0
US63253R2013,A2N9D5,Kazatomprom (GDRs),0ZQ,0ZQq,AD,6166,1,Z_USA_Liq3_noDETG,1
US6336438790,A3CWJR,National Bank of Greece S.A. (ADRs),NAG,NAGG,AY,6166,1,Z_EU_Liq3_noDETG,0
US6350171061,901644,National Beverage Corp.,20V,20V,AC,6166,1,Z_USA_Liq2_TG,0
US6361801011,854564,National Fuel Gas Co.,NFG,NFG,AL,6166,1,Z_USA_Liq3_noDETG,0
US63633D1046,884296,National Health Investors Inc.,WX6,NHI,AL,6166,1,Z_USA_Liq3_noDETG,0
US6373722023,A1WYXP,National Research Corp.,NR1A,NR1A,AL,6166,1,Z_USA_Liq3_noDETG,0
US6374171063,A0JMJZ,National Retail Properties Inc.,CZ2,NNN,AC,6166,1,Z_USA_Liq3_noDETG,0
US6378701063,A14VRL,National Storage Affiliates Trust,4GC,4GC,AL,6166,1,Z_USA_Liq2_TG,0
US63845R1077,A2H5Q0,National Vision Holdings Inc.,7NV,7NV,AL,6166,1,Z_USA_Liq2_TG,0
US6388423021,880900,Natural Alternatives International Inc.,NA2,NA2,AD,6166,1,Z_USA_Liq3_noDETG,0
US63888P4063,260904,Natural Health Trends Corp.,NAH,NAHG,AG,6166,1,Z_ASIA_Liq3_noDETG,0
US63888U1088,A1J0X2,Natural Grocers by Vitamin Cottage Inc.,N2V,N2V,AC,6166,1,Z_USA_Liq2_TG,0
US63905A2006,A2PEL9,Natuzzi S.p.A. (ADRs),NTZA,NTZAy,AD,6166,1,Z_USA_Liq3_noDETG,0
US6391931010,A41MYP,Navan Inc.,E10,E10,AD,6166,1,Z_USA_Liq2_TG,0
US63938C1080,A11132,Navient Corp.,10D,10D,AL,6166,1,Z_USA_Liq2_TG,0
US63942X1063,A3C5RC,Navitas Semiconductor Corp.,7J70,7J70,AD,6166,1,Z_USA_Liq2_TG,0
US63947X1019,A3DC14,nCino Inc.,6NCA,6NCA,AC,6166,1,Z_USA_Liq2_TG,0
US6402683063,A419UB,Nektar Therapeutics Corp.,ITH0,ITH0,AT,6166,1,Z_USA_Liq2_TG,0
US64026Q1085,A2P7N6,NEL ASA (ADRs),D7GA,D7GAy,AD,6166,0,Z_USA_Liq3_noDETG,0
US6404911066,883297,Neogen Corp.,NG2,OGEN,AL,6166,1,Z_USA_Liq2_TG,0
US64049M2098,120159,NeoGenomics Inc.,NG9,NG9,AT,6166,1,Z_USA_Liq2_TG,0
US6406551068,A2QL51,NeoVolta Inc.,4EB,4EB,AC,6166,1,Z_USA_Liq2_TG,0
US6406714005,A2PNQ9,Nephros Inc.,NPJP,NPJP,AT,6166,1,Z_USA_Liq3_noDETG,0
US64082B1026,A3C6XW,NerdWallet Inc.,6OI,6OI,AC,6166,1,Z_USA_Liq2_TG,0
US6410694060,883723,Nestle S.A. (ADRs),NESM,NESNy,AC,6166,1,Z_USA_Liq2_TG,1
US64107N2062,A0ET3X,Net 1 UEPS Technologies Inc.,NJPA,NJPA,AC,6166,1,Z_USA_Liq2_TG,0
US64110D1046,A0NHKR,NetApp Inc.,NTA,NTAP,AB,6166,1,Z_USA_Liq1_DETG,1
US64110L1061,552484,Netflix Inc.,NFC,NFLO,AB,6166,1,Z_USA_Liq1_DETG,1
US64110W1027,501822,NetEase Inc. (ADRs),NEH,NTESy,AE,6166,1,Z_ASIA_Liq2_TG,1
US64111Q1040,578078,Netgear Inc.,NGJ,NGJI,AT,6166,1,Z_USA_Liq2_TG,0
US64115A4022,A1J2WE,NetSol Technologies Inc.,NS9B,NS9B,AD,6166,1,Z_USA_Liq3_noDETG,0
US64115T1043,925244,Netscout Systems Inc.,NSZ,NTCT,AT,6166,1,Z_USA_Liq2_TG,0
US64119N6085,A41FLH,Netskope Inc.,Z2G,Z2G,AD,6166,1,Z_USA_Liq2_TG,0
US64119V3033,A2QBFN,Netstreit Corp.,64N,64N,AC,6166,1,Z_USA_Liq2_TG,0
US64121N1090,924415,Network-1 Technologies Inc.,6LK,6LK,AD,6166,1,Z_USA_Liq3_noDETG,0
US64125C1099,900964,Neurocrine Biosciences Inc.,NB3,NBIX,AC,6166,1,Z_USA_Liq2_TG,0
US64131A1051,A2JPMY,Neuronetics Inc.,NRC,NRC1,AT,6166,1,Z_USA_Liq2_TG,0
US64135M1053,A3EX79,Neurogene Inc.,UU8,UU8,AC,6166,1,Z_USA_Liq2_TG,0
US64361Q1013,A41F4Y,Viper Energy Inc.,1XJ,1XJ,AL,6166,1,Z_USA_Liq2_TG,0
US6443931000,A2PDNK,New Fortress Energy Inc.,NF0,NF0,AC,6166,1,Z_USA_Liq2_TG,0
US6475812060,A3DHHX,New Oriental Education & Technology Group Inc. (ADRs),N1UA,N1UAy,AE,6166,1,Z_ASIA_Liq2_TG,0
US64828T2015,A12DW2,New Residential Investment Corp.,14N1,14N1,AL,6166,1,Z_USA_Liq2_TG,0
US6496048405,A3D7BQ,New York Mortgage Trust Inc.,NKZ0,NKZ0,AC,6166,1,Z_USA_Liq2_TG,0
US6501111073,857534,New York Times Co.,NYT,NYTa,AC,6166,1,Z_USA_Liq2_TG,0
US6512291062,860036,Newell Brands Inc.,NWL,NWL,AC,6166,1,Z_USA_Liq2_TG,1
US6515871076,A0B5U3,NewMarket Corp.,UG9,NEU,AD,6166,1,Z_USA_Liq3_noDETG,0
US6516391066,853823,Newmont Corp.,NMM,NMMG,AS,6166,1,Z_USA_Liq1_DETG,1
US6517185046,854501,Newpark Resources Inc.,NWP,NRA,AC,6166,1,Z_USA_Liq2_TG,0
US65249B1098,A1W03Z,News Corp. Class A,NC0,NC0,AS,6166,1,Z_USA_Liq2_TG,1
US65249B2088,A1W048,News Corp.,NC0B,NC0B,AS,6166,1,Z_USA_Liq2_TG,1
US6525262035,A12C7Z,Newtek Business Services Corp.,1N31,1N31,AC,6166,1,Z_USA_Liq2_TG,0
US65336K1034,622325,Nexstar Media Group Inc.,NXZ,NXST,AT,6166,1,Z_USA_Liq2_TG,0
US65338U1097,A1JMSR,Nexans S.A. (ADRs),NXS0,NXS0y,AY,6166,1,Z_EU_Liq3_noDETG,0
US65339F1012,A1CZ4H,Nextera Energy Inc.,FP3,FPL,AL,6166,1,Z_USA_Liq2_TG,1
US65341D1028,A14QBV,Nexpoint Residential Trust Inc.,5O4,5O4,AL,6166,1,Z_USA_Liq3_noDETG,0
US65342K1051,A2DVCF,NextDecade Corp.,2XD,2XD,AT,6166,1,Z_USA_Liq2_TG,0
US6536561086,905394,Nice Ltd. (ADRs),NSY,NICEy,AC,6166,1,Z_USA_Liq2_TG,0
US65366E1001,A3DFK2,NIBE Industrier AB (ADRs),NJB0,NJB0y,AY,6166,1,Z_EU_Liq3_noDETG,0
US6541061031,866993,Nike Inc.,NKE,NKE,AS,6166,1,Z_USA_Liq1_DETG,1
US6544453037,905551,Nintendo Co. Ltd.  (ADRs),NTOA,NTDOYy,AG,6166,1,Z_ASIA_Liq3_noDETG,0
US65473P1057,876731,Nisource Inc.,NOU,NI,AL,6166,1,Z_USA_Liq2_TG,1
US6548022069,A0JC64,Nitto Denko Corp.(ADR's),ND50,ND50y,AD,6166,1,Z_USA_Liq3_noDETG,0
US65481N1000,A2N7LN,Niu Technologies (ADRs),0O9,0O9y,AF,6166,1,Z_ASIA_Liq2_TG,0
US65487X1028,A1C8V1,Noah Holdings Ltd. (ADRs),6NO,NOAHy,AE,6166,1,Z_ASIA_Liq2_TG,0
US6549022043,892885,Nokia Corp. (ADRs),NOAA,NOKy,AY,6166,1,Z_EU_Liq2_TG,0
US65535H2085,912593,Nomura Holdings (ADRs),NSEA,8604y,AC,6166,1,Z_USA_Liq2_TG,0
US65565D1019,A3CPCS,Nordic Semiconductor ASA (ADRs),N0S0,N0S0y,AD,6166,1,Z_USA_Liq3_noDETG,0
US6556631025,866725,Nordson Corp.,ND1,NDSN,AC,6166,1,Z_USA_Liq2_TG,1
US6558441084,867028,Norfolk Southern Corp.,NFS,NSC,AS,6166,1,Z_USA_Liq1_DETG,1
US6565316055,871628,Norsk Hydro ASA (ADRs),NOHA,CZ2,AL,6166,1,Z_USA_Liq3_noDETG,0
US6655313079,A2QEP7,Northern Oil and Glas Inc.,4LT1,4LT1,AL,6166,1,Z_USA_Liq2_TG,1
US6658591044,854009,Northern Trust Corp.,NT4,NTRS,AS,6166,1,Z_USA_Liq2_TG,1
US6668071029,851915,Northrop Grumman Corp.,NTH,NOC,AS,6166,1,Z_USA_Liq1_DETG,1
US66737P6007,A1J5EY,Northwest Biotherapeutics Inc.,NBYB,NBYB,AL,6166,1,Z_noMM,0
US66765N1054,A2N6X4,Northwest Natural Holding Co.,NWK,NWK,AC,6166,1,Z_USA_Liq2_TG,0
US6687711084,A2PUXE,Gen Digital Inc.,SYM,GEN,AC,6166,1,A_TradeRebel_HG3US,1
US66979P3001,A3EEVM,Nova Lifestyle Inc.,15N,15N,AD,6166,0,Z_USA_Liq3_noDETG,0
US66980N2036,A2N84G,Nova Ljubljanska Banka (GDRs),N1V2,N1V2,AD,6166,0,Z_USA_Liq3_noDETG,0
US66981J1025,A2QE9X,MINISO Group Holding Ltd. (ADRs),MIF,MIFy,AE,6166,1,Z_ASIA_Liq2_TG,0
US66982D1046,A3ESE9,Nova Minerals Ltd.,QM30,QM30y,AG,6166,1,Z_ASIA_Liq3_noDETG,0
US66987V1098,907122,Novartis AG (ADRs),NOTA,NVSy,AY,6166,1,Z_EU_Liq2_TG,1
US6700024010,A2PKMZ,Novavax Inc.,NVV1,NVV1,AL,6166,1,Z_USA_Liq2_TG,1
US6701002056,866931,Novo-Nordisk AS (ADRs),NOVA,NVONy,AY,6166,1,Z_EU_Liq2_TG,1
US6701081092,A0YF6B,Novonesis A/S (ADRs),NZM,NZMGy,AD,6166,1,Z_USA_Liq3_noDETG,0
US67010L1008,A3DFKW,Novonix Ltd.,GC30,GC30y,AG,6166,1,Z_ASIA_Liq3_noDETG,0
US67011P1003,A113R6,Now Inc.,11N,11N,AC,6166,1,Z_USA_Liq2_TG,0
US67018T1051,903911,Nu Skin Enterprises Inc.,NUS,NUS,AC,6166,1,Z_USA_Liq2_TG,0
US6703461052,851918,Nucor Corp.,NUO,NUE,AC,6166,1,Z_USA_Liq2_TG,1
US67054R2031,A40SKF,Nukkleus Inc.,N86,N86,AL,6166,1,Z_USA_Liq3_noDETG,0
US67059N1081,A2ACQE,Nutanix Inc.,0NU,0NU,AL,6166,1,Z_USA_Liq2_TG,0
US67066G1040,918422,NVIDIA Corp.,NVD,NVDA,AL,6166,1,Z_USA_Mag7_Aussuchen,1
US6708371033,858352,OGE Energy Corp.,OG5,OGE,AD,6166,1,Z_USA_Liq3_noDETG,0
US67098H1041,A2PXK0,O-I Glass Inc.,2WZ,2WZ,AC,6166,1,Z_USA_Liq2_TG,0
US67103H1077,A1H5JY,O'Reilly Automotive Inc.,OM6,ORLY,AS,6166,1,Z_USA_Liq2_TG,1
US6710441055,909273,OSI Systems Inc.,OS2,OSIS,AT,6166,1,Z_USA_Liq2_TG,0
US67401P4054,A3D4SC,Oaktree Specialty Lending Corp.,FFC0,FFC0,AL,6166,1,Z_USA_Liq2_TG,0
US6742152076,A2QJUT,Oasis Petroleum Inc.,OS70,OS70,AC,6166,1,Z_USA_Liq2_TG,0
US67421J2078,A41264,Oatly Group AB (ADRs),9ZX0,9ZX0y,AY,6166,1,Z_EU_Liq2_TG,1
US6745991058,851921,Occidental Petroleum Corp.,OPC,OXY,AL,6166,1,Z_USA_Liq1_DETG,1
US6748705067,A2PFQU,Ocean Power Technologies Inc.,RUOC,RUOC,AS,6166,1,Z_USA_Liq2_TG,1
US6752321025,865291,OCEANEERING INTERNATIONAL INC.,OII,OII,AC,6166,1,Z_USA_Liq2_TG,0
US6757466064,A2QA2D,Ocwen Financial Corp.,OW0A,OW0A,AD,6166,1,Z_USA_Liq3_noDETG,0
US67575Y1091,A1JTAH,Oculus VisionTech Inc.,USF1,USF1,AT,6166,0,Z_USA_Liq3_noDETG,0
US67576A1007,A1180P,Ocular Therapeuticx Inc.,0OT,0OT,AT,6166,1,Z_USA_Liq2_TG,0
US67577C1053,A2PSZH,Ocugen Inc.,2H51,2H51,AS,6166,1,Z_USA_Liq2_TG,1
US67577R1023,A2QG4Z,Rexahn Pharmaceuticals Inc.,R3X1,R3X1,AL,6166,1,Z_USA_Liq2_TG,0
US6778641000,865311,Oil-Dri Corp. of America,O4D,O4D,AT,6166,1,Z_USA_Liq3_noDETG,0
US6780261052,588716,Oil States International Inc.,OI2,OIS,AC,6166,1,Z_USA_Liq2_TG,0
US6792951054,A2DNKR,Okta Inc.,0OK,0OK,AC,6166,1,Z_USA_Liq2_TG,1
US6795801009,923655,Old Dominion Freight Line Inc.,ODF,ODFL,AS,6166,1,Z_USA_Liq2_TG,1
US6800331075,883852,Old National Bancorp,ON1,ON1,AC,6166,1,Z_USA_Liq2_TG,0
US6802231042,883298,Old Republic International Corp.,ORJ,ORPI,AL,6166,1,Z_USA_Liq2_TG,1
US6806652052,851936,Olin Corp.,OLN,OLN,AL,6166,1,Z_USA_Liq2_TG,1
US6811161099,A14WW1,Ollie s Bargain Outlet Holdings Inc.,OL6,OL6,AC,6166,1,Z_USA_Liq2_TG,0
US68170A1088,A4193B,Omada Health Inc.,U76,U76,AD,6166,1,Z_USA_Liq2_TG,0
US6819191064,871706,Omnicom Group Inc.,OCN,OMC,AS,6166,1,Z_USA_Liq1_DETG,1
US6819361006,890454,Omega Healthcare Investors Inc.,WX4,OHI,AC,6166,1,Z_USA_Liq2_TG,1
US68213N1090,632313,Omnicell Inc.,OC9,OMCL,AL,6166,1,Z_USA_Liq2_TG,0
US6821431029,A0NBFF,Omeros Corp.,3O8,OMER,AC,6166,1,Z_USA_Liq2_TG,0
US6821891057,930124,ON Semiconductor Corp.,XS4,ONNN,AB,6166,1,Z_USA_Liq1_DETG,1
US68235P1084,A1XB2X,One Gas Inc.,OG9,OG9,AT,6166,1,Z_USA_Liq2_TG,0
US68236H2040,A2QLNR,Ondas Inc.,1B8,1B8,AL,6166,1,Z_USA_Liq2_TG,0
US6824061039,878237,ONE LIBERTY PROPERTIES INC.,O1A,O1A,AL,6166,1,Z_USA_Liq3_noDETG,0
US68247Q2012,A40ZAX,'111 Inc. (ADRs),8110,8110y,AF,6166,1,Z_ASIA_Liq2_TG,0
US68247W1099,A2JDGD,One Stop Systems Inc.,5MU,5MU,AT,6166,1,Z_USA_Liq2_TG,0
US6826801036,911060,Oneok Inc.,ONK,OKE,AS,6166,1,Z_USA_Liq1_DETG,1
US68268W1036,A2ABC0,OneMain Holdings Inc.,0S1,0S1,AL,6166,1,Z_USA_Liq2_TG,0
US68278B1070,A3DPH2,Onestream Inc.,K4F,K4F,AL,6166,1,Z_USA_Liq2_TG,0
US68287N1000,A2JNEB,OneSpan Inc.,VDY,VDYG,AC,6166,1,Z_USA_Liq2_TG,0
US6833441057,A2PUFT,Onto Innovation Inc.,NNM,NNM,AC,6166,1,Z_USA_Liq2_TG,1
US68339B1044,A2QMN0,ON24 Inc.,6X1,6X1,AC,6166,1,Z_USA_Liq2_TG,0
US6837121036,A2QHR0,Opendoor Technologies Inc.,25M,25M,AC,6166,1,Z_USA_Liq2_TG,1
US68373M1071,A2JRLX,Opera Ltd. (ADRs),2V8,2V8y,AY,6166,1,Z_EU_Liq2_TG,0
US68375N1037,A0MUUJ,Opko Health Inc.,XCY,OPK,AC,6166,1,Z_USA_Liq2_TG,0
US68376D1046,A2PSPF,Oportun Financial Corp.,4L0,4L0,AL,6166,1,Z_USA_Liq3_noDETG,0
US68384X2099,A1411R,Optex Systems Holdings Inc.,X62,X62,AD,6166,1,Z_USA_Liq3_noDETG,0
US68389X1054,871460,Oracle Corp.,ORC,ORCL,AS,6166,1,Z_USA_Liq1_DETG,1
US68403P2039,A1CTNU,Oramed Pharmaceuticals Inc.,OJU1,OJU1,AC,6166,1,Z_USA_Liq2_TG,0
US68404L2016,A2PZEY,Option Care Health Inc.,MM6A,MM6A,AL,6166,1,Z_USA_Liq2_TG,0
US6840601065,A1W1L6,Orange S.A. (ADRs),FTE1,FTE1y,AY,6166,1,Z_EU_Liq3_noDETG,0
US68554V1089,881351,Orasure Technologies Inc.,EP3,OSUR,AC,6166,1,Z_USA_Liq2_TG,0
US68571X3017,A3DR6C,Orchid Island Capital Inc.,45U0,45U0,AC,6166,1,Z_USA_Liq2_TG,0
US68621F1021,A2PA31,Organogenesis Holdings Inc.,2PQ,2PQ,AC,6166,1,Z_USA_Liq2_TG,0
US68622D1063,A3CTJR,Origin Materials Inc.,5ER,5ER,AL,6166,1,Z_USA_Liq2_TG,0
US68622P1093,A2P208,ORIC Pharmaceuticals Inc.,4TZ,4TZ,AC,6166,1,Z_USA_Liq2_TG,0
US68622V1061,A3CPKP,Organon & Co.,7XP,7XP,AS,6166,1,A_TradeRebel_HG3US,1
US68628V3087,A0NDW6,Orion Marine Group Inc.,0OM,0OM,AL,6166,1,Z_USA_Liq2_TG,0
US68629Y1038,A3C684,Orion Office REIT Inc.,OY9,OY9,AC,6166,1,Z_USA_Liq2_TG,0
US6863301015,929254,ORIX Corp. (ADRs),OIXA,OIXA,AL,6166,1,Z_USA_Liq3_noDETG,0
US6863311097,A0DPEY,Orkla ASA (ADRs),OKL0,OKL0y,AY,6166,1,Z_EU_Liq3_noDETG,0
US6866881021,A0DK9X,Ormat Technologies Inc.,HNM,HNM,AC,6166,1,Z_USA_Liq2_TG,1
US68750L1026,A2H652,Orsted A/S (ADRs),D2G1,D2G1y,AY,6166,0,Z_EU_Liq3_noDETG,0
US68752L1008,A2JAAV,OrthoPediatrics Corp.,2X7,2X7,AD,6166,1,Z_USA_Liq3_noDETG,0
US6876041087,A3DPH3,Oruka Therapeutics Inc.,HQ1,HQ1,AL,6166,1,Z_USA_Liq2_TG,0
US6877931096,A2QQXK,Oscar Health Inc.,9VY,9VY,AD,6166,1,Z_USA_Liq2_TG,0
US6882392011,870494,Oshkosh Corp.,OK3,OTRK,AT,6166,1,Z_USA_Liq2_TG,0
US68902V1070,A2P1UZ,Otis Worldwide Corp.,4PG,4PG,AL,6166,1,Z_USA_Liq1_DETG,1
US6896481032,919111,Otter Tail Corp.,OT4,OTTR,AC,6166,1,Z_USA_Liq2_TG,0
US69002R1032,A3CV8N,Outbrain Inc.,852,852,AC,6166,1,Z_USA_Liq2_TG,0
US69012T3059,A4046T,Outlook Therapeutics Inc.,41O,41O,AC,6166,1,Z_USA_Liq2_TG,0
US6903701018,645086,Beyond Inc.,OVER,OVERG,AL,6166,1,Z_USA_Liq2_TG,0
US6904691010,A2DQ8S,Ovid Therapeutics Inc.,1OT,1OT,AL,6166,1,Z_USA_Liq2_TG,0
US69047Q1022,A2PYY3,Ovintiv Inc.,47Q,47Q,AT,6166,1,Z_USA_Liq2_TG,0
US6907321029,904611,Owens & Minor Inc.,6OM,6OM,AC,6166,1,Z_USA_Liq2_TG,0
US6907421019,A0LCN9,Owens Corning Inc.,O5Q,OC,AC,6166,1,Z_USA_Liq2_TG,0
US6914973093,859547,Oxford Industries Inc.,OXD,OXM,AL,6166,1,Z_USA_Liq2_TG,0
US6915438476,A41EJT,Oxford Lane Capital Corp.,4RQ1,4RQ1,AL,6166,1,Z_USA_Liq2_TG,0
US69181V1070,A2JG23,Oxford Square Capital Corp.,22T,22T,AC,6166,1,Z_USA_Liq2_TG,0
US69318G1067,A1J9SG,PBF Energy Inc.,PEN,PEN1,AS,6166,1,Z_USA_Liq2_TG,1
US69318J1007,912670,PC Connection Inc.,PCC,PCCC,AL,6166,1,Z_USA_Liq3_noDETG,0
US6932821050,541307,PDF Solutions Inc.,PD9,PDFS,AT,6166,1,Z_USA_Liq2_TG,0
US69331C1080,851962,PG & E Corp.,PCG,PCG,AS,6166,1,Z_USA_Liq1_DETG,1
US69343T1079,A140CF,PJT Partners Inc.,1PJ,1PJ,AL,6166,1,Z_USA_Liq2_TG,0
US69344D4088,A2APXA,PLDT Inc. (ADRs),PLO,TELy,AC,6166,1,Z_USA_Liq2_TG,0
US6934751057,867679,The PNC Financial Services Group Inc.,PNP,PNC,AL,6166,1,Z_USA_Liq1_DETG,1
US6934831099,893094,POSCO (ADRs),PKX,PKXy,AE,6166,1,Z_ASIA_Liq3_noDETG,0
US69349H1077,529983,PNM Resources Inc.,98P,98P,AC,6166,1,Z_USA_Liq2_TG,0
US6935061076,852026,PPG Industries Inc.,PPQ,PPG,AS,6166,1,Z_USA_Liq2_TG,1
US69351T1060,895250,PPL Corp.,PP9,PPL,AB,6166,1,A_TradeRebel_HG3US,1
US69354A2033,A2AHAN,PPC Ltd. (ADRs),OZVA,OZVAy,AD,6166,1,Z_noMM,0
US6936561009,A1JHA5,PVH Corp.,PVH,PVH,AC,6166,1,Z_USA_Liq2_TG,1
US69366J2006,A1W0MW,PTC Therapeutics Inc.,BH3,BH3,AC,6166,1,Z_USA_Liq3_noDETG,0
US69370C1009,A1H9GN,PTC Inc.,PMTA,PMTA,AL,6166,1,Z_USA_Liq1_DETG,1
US6937181088,861114,Paccar Inc.,PAE,PCAR,AL,6166,1,Z_USA_Liq1_DETG,1
US69404D1081,A1C3EQ,Pacific Biosciences of California Inc.,P09,PACB,AC,6166,1,Z_USA_Liq2_TG,1
US6951271005,A1H68T,Pacira Pharmaceuticals Inc.,82P,PCRX,AL,6166,1,Z_USA_Liq2_TG,0
US6951561090,932483,Packaging Corp. of America,PKA,PKG,AC,6166,1,Z_USA_Liq2_TG,1
US69553P1003,A2PF9K,PagerDuty Inc.,2TY,2TY,AC,6166,1,Z_USA_Liq2_TG,0
US69608A1088,A2QA4J,Palantir Technologies Inc.,PTX,PTXG,AB,6166,1,Z_USA_Liq1_DETG,1
US6974351057,A1JZ0Q,Palo Alto Networks Inc.,5AP,5AP,AL,6166,1,Z_USA_Liq1_DETG,1
US6976602077,A0LEB0,Pampa Energia S.A. (GDRs),9PAA,9PAAq,AC,6166,1,Z_USA_Liq2_TG,1
US69832A3041,A408D6,Panasonic Holdings Corp. ADR,MAT,MATy,AG,6166,1,Z_ASIA_Liq3_noDETG,0
US6988131024,896795,Papa John's International Inc.,PP1,PZZA,AC,6166,1,Z_USA_Liq2_TG,0
US6988841036,867279,PAR Technology Corp.,35U,35U,AL,6166,1,Z_USA_Liq2_TG,0
US69888T2078,A12CUR,Par Pacific Holdings Inc.,61P,61P,AC,6166,1,Z_USA_Liq2_TG,0
US69924M1099,A14Q9C,Paramount Gold Nevada Corp.,P9G,P9G,AC,6166,1,Z_USA_Liq2_TG,0
US69932A2042,A412AL,Paramount Skydance Corp.,63G,63G,AD,6166,1,Z_USA_Liq2_TG,1
US70014A1043,A2PN0J,Park Aerospace Corp,PKE,PKE,AL,6166,1,Z_USA_Liq3_noDETG,0
US7002153044,A0KEQ1,Park City Group Inc.,PJ4A,PJ4A,AD,6166,1,Z_USA_Liq3_noDETG,0
US7005171050,A2AQ45,Park Hotels & Resorts Inc.,HIP,HIPG,AC,6166,1,Z_USA_Liq2_TG,0
US7010941042,855950,Parker-Hannifin Corp.,PAR,PH,AB,6166,1,Z_USA_Liq1_DETG,1
US70202L1026,A2PJFZ,Parsons Corp.,59P,59P,AL,6166,1,Z_USA_Liq2_TG,0
US7033431039,873181,Patrick Industries Inc.,PK2,PATK,AT,6166,1,Z_USA_Liq2_TG,0
US7034811015,905153,Patterson-UTI Energy Inc.,PE1,PTEN,AL,6166,1,Z_USA_Liq2_TG,0
US7043261079,868284,Paychex Inc.,PCX,PAYX,AB,6166,1,Z_USA_Liq1_DETG,1
US70432V1026,A1XFVG,Paycom Software Inc.,0PY,0PY,AC,6166,1,A_TradeRebel_HG3US,1
US70438V1061,A1XE9W,Paylocity Holding Corp.,0P7,0P7,AC,6166,1,Z_USA_Liq2_TG,0
US70450Y1038,A14R7U,PayPal Holdings Inc.,2PP,2PP,AB,6166,1,Z_USA_Liq1_DETG,1
US70451X1046,A3CTHF,Payoneer Global Inc.,915,915,AL,6166,1,Z_USA_Liq2_TG,0
US7045511000,A2DPT7,Peabody Energy Corp.,PBE,PBEG,AL,6166,1,Z_USA_Liq2_TG,1
US70465T1079,A2PF3F,PDS Biotechnology Corp.,EU6,EU6,AL,6166,1,Z_USA_Liq2_TG,0
US70509V1008,A0YF1P,Pebblebrook Hotel Trust,PD0,PD0,AD,6166,1,Z_USA_Liq3_noDETG,0
US7055731035,901951,Pegasystems Inc.,PEA,PEGA,AC,6166,1,Z_USA_Liq2_TG,0
US70614W1009,A2PR0M,Peloton Interactive Inc.,2ON,2ON,AC,6166,1,A_TradeRebel_HG3US,1
US7075691094,905441,Penn National Gaming Inc.,PN1,PN1,AL,6166,1,Z_USA_Liq2_TG,1
US70805E1091,A2PRK9,The Pennant Group Inc.,1ZU,1ZU,AT,6166,1,Z_USA_Liq2_TG,0
US70931T1034,A0Q4ZU,PennyMac Mortgage Investment Trust,8PM,8PM,AT,6166,1,Z_USA_Liq2_TG,0
US70959W1036,A0MWJE,Penske Automotive Group Inc.,UA9,PAG,AC,6166,1,Z_USA_Liq2_TG,0
US70975L1070,A14Y65,Penumbra Inc.,0P8,0P8,AC,6166,1,Z_USA_Liq2_TG,0
US7134481081,851995,"PepsiCo, Inc.",PEP,PEP,AS,6166,1,Z_USA_Liq1_DETG,1
US71363P1066,A2PXSY,Perdoceo Education Corp. ,CE1,CE1G,AL,6166,1,Z_USA_Liq3_noDETG,0
US71377A1034,A140K1,Performance Food Group Co.,P5F,P5F,AD,6166,1,Z_USA_Liq3_noDETG,0
US7140461093,850943,PerkinElmer Inc.,PKN,PKNG,AS,6166,1,Z_USA_Liq2_TG,1
US7141572039,A1W5VC,Perma-Fix Environmental Services Inc.,PFX1,PFX1,AL,6166,1,Z_USA_Liq2_TG,0
US7141671039,A2DNTL,Perma-Pipe International Holdings Inc.,MF3,MFRI,AD,6166,1,Z_USA_Liq3_noDETG,0
US71424F1057,A3DTTK,Permian Resources Corporation.,YZ8,YZ8,AT,6166,1,Z_USA_Liq2_TG,0
US7142643060,A3C69T,Pernod-Ricard S.A. (ADRs),PER0,PER0y,AY,6166,1,Z_EU_Liq3_noDETG,0
US71535D1063,A2PLTK,Personalis Inc.,04X,04X,AL,6166,1,Z_USA_Liq2_TG,0
US7156841063,898255,PT Telekomunikasi Ind. Tbk (ADRs),PTI,TLKy,AC,6166,1,Z_USA_Liq2_TG,0
US71601V1052,A2QL60,Petco Health+Wellness Co.Inc.,7G9,7G9,AL,6166,1,Z_USA_Liq2_TG,0
US7163821066,121843,"PetMed Express,Inc.",PQM,PETS,AC,6166,1,Z_USA_Liq2_TG,0
US71645Y2063,A40AS3,Vibra Energia S.A. ADR,V5F0,V5F0y,AD,6166,0,Z_noMM,0
US71654V1017,615375,Petroleo Brasileiro S.A. - Petrobras (ADRs),PJX,PETy,AC,6166,1,Z_USA_Liq2_TG,1
US71654V4086,541501,Petroleo Brasileiro S.A. (ADRs),PJXA,PBRy,AC,6166,1,Z_USA_Liq2_TG,1
US7170811035,852009,Pfizer Inc.,PFE,PFE,AB,6166,1,Z_USA_Liq1_DETG,1
US71716E1055,A2QLQY,Pharming Group N.V. (ADRs),PHG,PHGGy,AY,6166,1,Z_EU_Liq3_noDETG,0
US71742Q1067,A1WZ6P,Phibro Animal Health Corp.,PB8,PB8,AC,6166,1,Z_USA_Liq2_TG,0
US7181721090,A0NDBJ,Philip Morris International Inc.,4I1,4I1,AS,6166,1,Z_USA_Liq1_DETG,1
US71844V2016,A3CU4U,Phillips Edison & CO. Inc.,9R4,9R4,AT,6166,1,Z_USA_Liq2_TG,0
US7185461040,A1JWQU,Phillips 66,R66,PSX,AS,6166,1,Z_USA_Liq1_DETG,1
US71880K1016,A3EMJQ,Phinia Inc.,3A6,3A6,AT,6166,1,Z_USA_Liq2_TG,0
US71910C2026,A3DM9U,Phoenix New Media Ltd. (ADR),1PX,1PX,AL,6166,1,Z_USA_Liq2_TG,0
US7194051022,879430,Photronics Inc.,PQ2,PLAB,AC,6166,1,Z_USA_Liq2_TG,0
US71944F1066,A2PMY3,Phreesia Inc.,19P,19P,AL,6166,1,Z_USA_Liq2_TG,0
US71948P2092,A404G9,Phunware Inc.,2RJA,2RJA,AC,6166,1,Z_USA_Liq2_TG,1
US72147K1088,A0YJBW,Pilgrim's Pride Corp.,6PP,6PP,AC,6166,1,Z_USA_Liq2_TG,0
US72201Y1010,A1T7JA,Pimco Dynamic Income Fund,1KF,1KF,AC,6166,1,Z_USA_Liq3_noDETG,0
US7223041028,A2JRK6,PDD Holdings Inc. (ADRs),9PDA,9PDAy,AY,6166,1,Z_EU_Liq2_TG,1
US7234841010,853915,Pinnacle West Capital Corp.,PWC,PNW,AL,6166,1,Z_USA_Liq2_TG,1
US72352L1061,A2PGMG,Pinterest Inc.,2U9,2U9,AT,6166,1,Z_USA_Liq2_TG,0
US7240781002,A0BLBX,Piper Jaffray Co.,PJR,PJR,AC,6166,1,Z_USA_Liq2_TG,0
US7244791007,852025,Pitney-Bowes Inc.,PBW,PBI,AC,6166,1,Z_USA_Liq2_TG,0
US72581M4042,A418SM,Pixelworks Inc.,PXL,PXLG,AT,6166,1,Z_USA_Liq2_TG,0
US72703H1014,A14U2K,Planet Fitness Inc.,3PL,3PL,AT,6166,1,Z_USA_Liq2_TG,0
US72703X1063,A3C84C,Planet Labs PBC,85H1,85H1,AT,6166,1,Z_USA_Liq2_TG,0
US72707C1080,A3ERJQ,Planet 13 Holdings Inc.,Y7Q,Y7Q,AT,6166,1,Z_USA_Liq3_noDETG,0
US72815L1070,A2QMJZ,Playtika Holding Corp.,8II,8II,AE,6166,1,Z_ASIA_Liq2_TG,0
US7291321005,911990,Plexus Corp.,PX4,PLXS,AL,6166,1,Z_USA_Liq2_TG,0
US7291391057,A2P4YV,Pliant Therapeutics Inc.,9PT,9PT,AC,6166,1,Z_USA_Liq2_TG,0
US72919P2020,A1JA81,Plug Power Inc.,PLUN,PLUN,AS,6166,1,Z_USA_Liq1_DETG,1
US7310681025,893819,Polaris Industries Inc.,PL6,PL6,AL,6166,1,Z_USA_Liq2_TG,0
US7311054099,A41TQY,Polestar Automotive Holding UK PLC (ADR),A4N4,A4N4y,AD,6166,1,Z_USA_Liq3_noDETG,1
US73278L1052,A0JMVJ,Pool Corp.,SP1,SP1,AS,6166,1,A_TradeRebel_HG3US,1
US7329081084,A40VVU,Pony AI Inc. (ADR),08X,08Xy,AF,6166,1,Z_ASIA_Liq2_TG,1
US7332451043,A2QK2W,Porch Group Inc.,32RD,32RD,AT,6166,1,Z_USA_Liq2_TG,0
US73328P1066,PAH0AD,Porsche Automobil Holding SE (ADRs),PAHA,PAHGy,GW,6183,1,Z_EU_Liq3_noDETG,1
US7365088472,A0JK32,Portland General Electric Co.,49P,POR,AT,6166,1,Z_USA_Liq2_TG,0
US7374461041,A1JS25,Post Holdings Inc.,2PO,2PO,AC,6166,1,Z_USA_Liq2_TG,0
US73757R1023,A2PJPC,Postal Realty Trust Inc.,2WP,2WP,AL,6166,1,Z_USA_Liq3_noDETG,0
US7391281067,865628,POWELL INDUSTRIES INC.,PW2,PW2,AL,6166,1,Z_USA_Liq2_TG,1
US7392761034,911299,Power Integrations Inc.,PWI,POWI,AC,6166,1,Z_USA_Liq2_TG,1
US73931J1097,A2PS8H,Powerfleet Inc.,3LO,3LO,AC,6166,1,Z_USA_Liq2_TG,0
US73933G2021,A1WZUH,Power Solutions Intl Inc.,VE9,VE9G,AL,6166,1,Z_USA_Liq2_TG,0
US74017N1054,A2PZG1,Precigen Inc.,I5X,I5X,AL,6166,1,Z_USA_Liq2_TG,0
US74019P2074,A400AS,Precision BioSciences Inc.,PBS0,PBS0,AT,6166,1,Z_USA_Liq2_TG,0
US7404441047,A0B8P4,Preformed Line Products Co.,P4L,P4L,AT,6166,1,Z_USA_Liq2_TG,0
US74144T1088,870967,T. Rowe Price Group Inc.,TR1,TROW,AL,6166,1,Z_USA_Liq1_DETG,1
US7415111092,915929,Pricesmart Inc.,PS8,PSMT,AL,6166,1,Z_USA_Liq2_TG,0
US74164F1030,A0Q78W,Primoris Services Corp.,1PM,1PM,AC,6166,1,Z_USA_Liq2_TG,0
US74164M1080,A1CVKD,Primerica Inc.,PI7,PRI,AL,6166,1,Z_USA_Liq2_TG,0
US74251V1026,694660,Principal Financial Group Inc.,PG4,PFGF,AC,6166,1,Z_USA_Liq2_TG,1
US74265M2052,A1C0JP,Pro-Dex Inc.,PDXN,PDEX,AD,6166,1,Z_USA_Liq3_noDETG,0
US7427181091,852062,The Procter & Gamble Co.,PRG,PG,AB,6166,1,Z_USA_Liq1_DETG,1
US74275G1076,A2JRQV,Priority Technology Holdings Inc.,60W,60W,AT,6166,1,Z_USA_Liq2_TG,0
US74275K1088,A2P1MS,Procore Technologies Inc.,5PT,5PT,AL,6166,1,Z_USA_Liq2_TG,0
US7433121008,884284,Progress Software Corp.,PGR,PRGS,AL,6166,1,Z_USA_Liq2_TG,0
US7433151039,865496,Progressive Corp.,PGV,PGR,AC,6166,1,Z_USA_Liq2_TG,1
US74340W1036,A1JBD1,Prologis Inc.,POJN,POJA,AC,6166,1,Z_USA_Liq2_TG,1
US7434762024,A1J7JT,ProSiebenSat.1 Media SE (ADRs),PSMA,PSMAy,GC,6183,1,Z_USA_Liq3_noDETG,1
US74348T1025,A0B746,Prospect Capital Corp.,RK8,PSEC,AL,6166,1,Z_USA_Liq2_TG,1
US74365A3095,A2PWSL,Protalix BioTherapeutics Inc.,PBDA,PBDA,AC,6166,1,Z_USA_Liq2_TG,0
US74365P1084,A2PRLA,Prosus N.V. (ADRs),1YL,1YLy,AY,6166,1,Z_EU_Liq3_noDETG,0
US74365U1079,A2P4JE,Protara Therapeutics Inc.,1KPA,1KPA,AC,6166,1,Z_USA_Liq2_TG,0
US7437131094,A1JUHT,Proto Labs Inc.,PRZ,PRZ1,AC,6166,1,Z_USA_Liq2_TG,0
US7443201022,764959,Prudential Financial Inc.,PLL,PUFCX,AS,6166,1,Z_USA_Liq2_TG,1
US74440L1061,A1T8LA,Prysmian S.p.A. (ADRs),AEU0,AEU0y,AD,6166,1,Z_USA_Liq3_noDETG,0
US7445731067,852070,Public Service Enterprise Group Inc.,PSE,PEG,AL,6166,1,Z_USA_Liq1_DETG,1
US74460D1090,867609,Public Storage,PUP,PSA,AC,6166,1,Z_USA_Liq2_TG,1
US74463M1062,577952,Publicis Groupe S.A. (ADRs),PU41,PU41y,AL,6166,1,Z_USA_Liq3_noDETG,0
US7458481014,A2P1AF,Pulmonx Corp.,4NI,4NI,AL,6166,1,Z_USA_Liq2_TG,0
US74584P3010,A3DWEE,Pulmatrix Inc.,2PU,2PU,AC,6166,1,Z_USA_Liq2_TG,0
US7458671010,854435,Pulte Group Inc.,PU7,PHM,AL,6166,1,Z_USA_Liq2_TG,1
US74587B1017,A2AMY9,Pulse Biosciences Inc.,6L8,6L8,AL,6166,1,Z_USA_Liq2_TG,0
US74589A1016,A2P4JB,Puma SE (ADRs),PUMA,PUMAy,GK,6183,1,Z_EU_Liq3_noDETG,1
US74624M1027,A14YFN,Everpure Inc,6PU,6PU,AL,6166,1,Z_USA_Liq2_TG,1
US7469641051,A4ZZ0Z,Q32 Bio Inc.,DB0,DB0,AT,6166,1,Z_USA_Liq2_TG,0
US74727A1043,908962,QCR Holdings Inc.,3PE,3PE,AD,6166,1,Z_USA_Liq3_noDETG,0
US7473011093,A1C12H,Quad Graphics Inc.,QGU,QGU,AL,6166,1,Z_USA_Liq2_TG,0
US7473161070,865108,Quaker Houghton Corp.,QUC,KWR,AT,6166,1,Z_USA_Liq2_TG,0
US74736K1016,A12CY9,Qorvo Inc.,2QO,2QO,AC,6166,1,A_TradeRebel_HG3US,1
US74736L1098,A1XEYE,Q2 Holdings Inc.,0Q2,0Q2,AC,6166,1,Z_USA_Liq2_TG,0
US74738G1085,A2PTGZ,Quadient S.A. (ADRs),NEQ0,NEQ0y,AD,6166,1,Z_USA_Liq3_noDETG,0
US74743L1008,A41FSG,Qnity Electronics Inc.,Z5O,Z5O,AL,6166,1,Z_USA_Liq3_noDETG,1
US7475251036,883121,QUALCOMM Inc.,QCI,QCOM,AB,6166,1,Z_USA_Liq1_DETG,1
US74758T3032,A1J423,Qualys Inc.,3L7A,3L7A,AC,6166,1,Z_USA_Liq2_TG,0
US7476191041,A0MV6A,Quanex Building Products Corp.,4Q2,NXa,AC,6166,1,Z_USA_Liq2_TG,0
US74762E1029,912294,Quanta Services Inc.,QAA,PWR,AS,6166,1,Z_USA_Liq2_TG,1
US74767V1098,A2QJX9,QuantumScape Corporation,5QZ0,5QZ0,AD,6166,1,Z_USA_Liq2_TG,0
US7477981069,A2H5CY,Qudian Inc. (ADRs),1QU,1QU,AF,6166,1,Z_ASIA_Liq2_TG,0
US7479066000,A40M9N,Quantum Corp.,QNT,Fehlt,AS,6166,1,Z_USA_Liq2_TG,1
US74834L1008,904533,Quest Diagnostics Inc.,QDI,DGX,AC,6166,1,Z_USA_Liq2_TG,1
US74836W2035,A2APZJ,Quest Resource Holding Corp.,5ZK,5ZK,AC,6166,1,Z_USA_Liq2_TG,0
US74837P4054,A2PXKK,QuickLogic Corp.,QKL1,QKL1,AL,6166,1,Z_USA_Liq2_TG,0
US74874Q1004,A0RDUR,QuinStreet Inc.,5Q8,QNST,AC,6166,1,Z_USA_Liq2_TG,0
US74915M6057,A41BJX,QVC Group Inc.,LB30,LB30,AD,6166,1,Z_USA_Liq2_TG,1
US74934Q1085,A119ZB,RCI Hospitality Holdings Inc.,RIK,RIK,AC,6166,1,Z_USA_Liq2_TG,0
US7495521053,924447,RF Industries Ltd.,RF5,RF5,AD,6166,1,Z_USA_Liq3_noDETG,0
US7496071074,857241,RLI Corp.,RL1,RL1,AC,6166,1,Z_USA_Liq2_TG,0
US7496601060,869766,RPC Inc.,RLD,RES,AT,6166,1,Z_USA_Liq2_TG,0
US74967R1068,A1436S,RMR Group Inc.,26R,26R,AL,6166,1,Z_USA_Liq3_noDETG,0
US74967X1037,A2DJTU,RH Inc.,RS1,RS1,AL,6166,1,Z_USA_Liq1_DETG,1
US7496851038,863462,RPM International Inc.,RP8,RPM,AC,6166,1,Z_USA_Liq2_TG,0
US74969N1037,A2QMDC,RLX Technology Inc. (ADRs),3CM,3CMy,AC,6166,1,Z_USA_Liq2_TG,0
US74973Y1038,A2AFZX,RTL Group S.A. (ADRs),RRTU,RRTUy,GK,6183,1,Z_USA_Liq3_noDETG,1
US74975E3036,879513,RWE AG (ADRs),RWEA,RWEGy,GZ,6183,1,Z_EU_Liq3_noDETG,1
US74982T1034,A3DX25,RXO Inc.,N9Q,N9Q,AC,6166,1,Z_USA_Liq2_TG,0
US7502361014,885069,Radian Group Inc.,RAG,RDN,AC,6166,1,Z_USA_Liq2_TG,0
US75025X1000,A1H7BU,Radiant Logistics Inc.,3GT,3GT,AL,6166,1,Z_USA_Liq2_TG,0
US7504911022,A0LFMZ,RadNet Inc.,PQIA,PQIA,AC,6166,1,Z_USA_Liq2_TG,1
US7507321096,A2QHNE,Raiffeisen Bank International AG (ADRs),RAW0,RAW0y,AD,6166,1,Z_USA_Liq3_noDETG,0
US7509171069,906870,Rambus Inc.,RMB,RMBS,AS,6166,1,Z_USA_Liq2_TG,1
US7512121010,A1JD3A,Ralph Lauren Corp.,PRL,RL,AB,6166,1,A_TradeRebel_HG3US,1
US75134P6007,A3EMQ8,Ramaco Resources Inc.,5R02,5R02,AC,6166,1,Z_USA_Liq3_noDETG,0
US75279Q1085,A14W1Q,Randstad N.V. (ADRs),RSH0,RSH0y,AD,6166,1,Z_USA_Liq3_noDETG,0
US75281A1097,867939,Range Resources Corp.,RAX,RRC,AL,6166,1,Z_USA_Liq2_TG,0
US75321W1036,A2PLRS,Ranpak Holdings Corp.,0ZA,0ZA,AC,6166,1,Z_USA_Liq2_TG,0
US7534221046,A14WK1,Rapid7 Inc.,R7D,R7D,AL,6166,1,Z_USA_Liq2_TG,0
US7547301090,875072,Raymond James Financial Inc.,RJF,RJF,AT,6166,1,Z_USA_Liq2_TG,0
US7549071030,889684,Rayonier Inc.,RA6,RYN,AT,6166,1,Z_USA_Liq2_TG,0
US75508B1044,A115CX,Rayonier Advanced Materials Inc.,RYQ,RYQ,AC,6166,1,Z_USA_Liq2_TG,0
US75513E1010,A2PZ0R,RTX Corp.,5UR,5UR,AL,6166,1,Z_USA_Liq1_DETG,1
US75574U1016,A2N6VM,Ready Capital Corp.,0SZ,0SZ,AC,6166,1,Z_USA_Liq2_TG,0
US75607T1051,A3EC6X,reAlpha Tech Corp.,Z4U,Z4U,AL,6166,1,Z_USA_Liq2_TG,0
US7561091049,899744,Realty Income Corp.,RY6,O,AL,6166,1,Z_USA_Liq2_TG,1
US75644T1007,A2PPXB,Red Cat Holdings Inc.,BQ73,BQ73,AL,6166,1,Z_USA_Liq2_TG,1
US7565681019,A0YFSC,Red Electrica Corporacion S.A. (ADRs),RE2,RE2y,AY,6166,1,Z_EU_Liq3_noDETG,0
US75689M1018,663749,Red Robin Gourmet Burgers Inc.,RRN,RRGB,AT,6166,1,Z_USA_Liq2_TG,0
US75700L1089,A2AHN4,Red Rock Resorts Inc.,RRK,RRKG,AC,6166,1,Z_USA_Liq2_TG,0
US75704L1044,A2JGBV,Red Violet Inc,2KH,2KH,AL,6166,1,Z_USA_Liq3_noDETG,0
US75734B1008,A406FX,Reddit Inc.,6VO,6VO,AT,6166,1,Z_USA_Liq2_TG,0
US7580754023,905851,Redwood Trust Inc.,R2V,RWT,AL,6166,1,Z_USA_Liq2_TG,0
US7587501039,876288,Regal Beloit Corp.,RB8,RBC,AC,6166,1,Z_USA_Liq2_TG,0
US7588491032,888499,Regency Centers Corp.,RRC,REG,AC,6166,1,Z_USA_Liq2_TG,1
US75886F1075,881535,Regeneron Pharmaceuticals Inc.,RGO,REGN,AB,6166,1,Z_USA_Liq1_DETG,1
US7589322061,A3E2G0,Regis Corp.,RGI0,RGI0,AC,6166,1,Z_USA_Liq2_TG,0
US75901B1070,A140E0,Regenxbio Inc.,RB0,RB0,AT,6166,1,Z_USA_Liq2_TG,0
US75903M3097,A2PBLS,Regional Health Properties Inc.,2YZ,2YZ,AD,6166,0,Z_USA_Liq3_noDETG,0
US7591EP1005,A0B6XA,Regions Financial Corp.,RN7,RF,AL,6166,1,A_TradeRebel_HG3US,1
US7594191048,A2PJLA,Rekor Systems Inc.,38E,38E,AC,6166,1,Z_USA_Liq2_TG,0
US7594701077,884241,Reliance Industries GDR,RLI,RELIq,AF,6166,1,Z_ASIA_Liq2_TG,1
US7595091023,892629,Reliance Steel & Aluminum Co.,RS6,RS,AL,6166,1,Z_USA_Liq2_TG,0
US7595301083,A14VSC,RELX Group plc (ADRs),RDED,RDEDy,AT,6166,1,Z_USA_Liq3_noDETG,0
US75955J4022,A2PSZF,Relmada Therapeutics Inc.,4E2,4E2,AT,6166,1,Z_USA_Liq2_TG,0
US7596551033,A1J2C3,Remy Cointreau S.A. (ADRs),RMC0,RMC0y,AY,6166,1,Z_EU_Liq3_noDETG,0
US7596734035,A14P3H,Renault S.A. (Unsp. ADRs),RNL1,RNL1y,AY,6166,1,Z_EU_Liq3_noDETG,0
US7599161095,870980,Repligen Corp.,RGN,RGEN,AC,6166,1,Z_USA_Liq2_TG,0
US76009N1000,900457,Rent-A-Center Inc.,RAC,RCII,AT,6166,1,Z_USA_Liq2_TG,0
US76026T2050,876993,Repsol S.A. (ADRs),REPA,REPAy,AY,6166,1,Z_EU_Liq3_noDETG,0
US76029L1008,A2PNWR,Repay Holdings Corp.,0YR,0YR,AD,6166,1,Z_USA_Liq3_noDETG,0
US76029N1063,A2JQN1,Replimune Group Inc.,7R8,7R8,AL,6166,1,Z_USA_Liq2_TG,0
US7607591002,915201,Republic Services Inc.,RPU,RSGU,AC,6166,1,Z_USA_Liq2_TG,1
US7610251057,A1JSMK,Research Solutions Inc.,61I,61I,AD,6166,1,Z_USA_Liq3_noDETG,0
US7611521078,895878,Resmed Inc.,RME,RMD,AC,6166,1,Z_USA_Liq2_TG,1
US76118Y1047,A2N64R,Resideo Technologies Inc.,3RT,3RT,AL,6166,1,Z_USA_Liq2_TG,0
US76119X1054,A3CWGA,Reservoir Media Inc.,0RL0,0RL0G,AC,6166,1,Z_USA_Liq2_TG,0
US76122Q1058,566037,Resources Connection Inc.,RCO,RECN,AL,6166,1,Z_USA_Liq3_noDETG,0
US76155X1000,A2PYWG,Revolution Medicines Inc.,42Z,42Z,AC,6166,1,Z_USA_Liq2_TG,0
US7616811052,A1JMSS,Rexel S.A. (ADRs),E7V0,E7V0y,AD,6166,1,Z_USA_Liq3_noDETG,0
US76169C1009,A1W27P,Rexford Industrial Realty Inc.,3I0,3I0,AC,6166,1,Z_USA_Liq2_TG,0
US76171L1061,A2PYUS,Reynolds Consumer Products Inc.,3ZT,3ZT,AC,6166,1,Z_USA_Liq2_TG,0
US76200L3096,A2QEWP,Rezolute Inc.,6HV1,6HV1,AC,6166,1,Z_USA_Liq2_TG,0
US76206K1079,A2DPZC,Rheinmetall AG (ADRs),RHMB,RHMBy,GX,6183,1,Z_EU_Liq3_noDETG,1
US76240P1049,A11989,Rhön-Klinikum AG (ADRs),RHKU,RHKUy,GE,6183,1,Z_USA_Liq3_noDETG,1
US76243J1051,A2H5A0,Rhythm Pharmaceuticals Inc.,1RV,1RV,AL,6166,1,Z_USA_Liq2_TG,0
US7625441040,A2H8WM,Ribbon Communications Inc.,NU42,NU42,AC,6166,1,Z_USA_Liq2_TG,0
US76655K1034,A3DE3J,Rigetti Computing Inc.,A00,A00,AL,6166,1,Z_USA_Liq2_TG,0
US76665T1025,A2QQFU,Riley Exploration Permian Inc.,T7U,T7U,AT,6166,1,Z_USA_Liq2_TG,0
US76674Q1076,A2GSYB,Rimini Street Inc.,0QH,0QH,AC,6166,1,Z_USA_Liq2_TG,0
US76680R2067,A1W58K,RingCentral Inc.,3RCA,3RCA,AL,6166,1,Z_USA_Liq2_TG,1
US76680V1089,A0Q3SR,Ring Energy Inc.,KWE1,KWE1,AT,6166,1,Z_USA_Liq2_TG,0
US7672041008,868009,Rio Tinto Plc. (ADR),RIOA,RIOAy,AY,6166,1,Z_EU_Liq2_TG,1
US7672921050,A2H51D,Riot Platforms Inc.,AP4N,AP4N,AS,6166,1,Z_USA_Liq2_TG,1
US76954A1034,A3C47B,Rivian Automotive Inc.,99U,99U,AC,6166,1,Z_USA_Liq2_TG,1
US7703231032,856701,Robert Half International Inc.,RHJ,RHI,AC,6166,1,Z_USA_Liq2_TG,1
US7707001027,A3CVQC,Robinhood Markets Inc.,7KY,7KY,AC,6166,1,Z_USA_Liq2_TG,1
US7710491033,A2QHVS,Roblox Corp.,RO7,RO7,AT,6166,1,Z_USA_Liq2_TG,0
US7711951043,891106,Roche Holding AG (Sp. ADRs),RHO6,RHO6y,AY,6166,1,Z_EU_Liq2_TG,1
US7731211089,A419CG,Rocket Lab USA Inc.,6RJ0,6RJ0,AD,6166,1,Z_USA_Liq2_TG,1
US77313F1066,A2JA9Q,Rocket Pharmaceuticals Corp.,9IP1,9IP1,AL,6166,1,Z_USA_Liq2_TG,0
US7739031091,903978,Rockwell Automation Inc.,RWL,RWL,AB,6166,1,Z_USA_Liq1_DETG,1
US7743743004,A3DL8F,Rockwell Medical Inc.,RWMA,RWMA,AL,6166,1,Z_USA_Liq2_TG,0
US7751331015,863178,Rogers Corp.,RG6,RG6,AT,6166,1,Z_USA_Liq2_TG,0
US77543R1023,A2DW4X,Roku Inc.,R35,R35,AS,6166,1,A_TradeRebel_HG3US,1
US7757111049,859002,Rollins Inc.,RLS,RLS,AS,6166,1,Z_USA_Liq2_TG,1
US7757812067,919520,Rolls Royce Holdings PLC (ADRs),RRU1,RRU1y,AY,6166,1,Z_EU_Liq3_noDETG,1
US7766961061,883563,Roper Technologies Inc.,ROP,ROP,AL,6166,1,Z_USA_Liq2_TG,1
US7782961038,870053,Ross Stores Inc.,RSO,ROST,AL,6166,1,Z_USA_Liq1_DETG,1
US7802593050,A3DA8Y,Shell PLC (ADRs),L3H,L3Hy,AY,6166,1,Z_EU_Liq2_TG,0
US7802871084,885652,Royal Gold Inc.,RG3,RGLD,AC,6166,1,Z_USA_Liq2_TG,1
US7806412059,906901,KON. KPN N.V. (ADRs),KPNB,KPNBy,AD,6166,1,Z_USA_Liq3_noDETG,0
US78112T2069,A2DREW,Rubicon Technology Inc.,39YA,39YA,AT,6166,0,Z_USA_Liq3_noDETG,0
US7811541090,A40A36,Rubrik Inc.,X68,X68,AC,6166,1,Z_USA_Liq2_TG,0
US78116A1043,A114VT,Rubis S.C.A. (ADRs),BYN,BYNy,AY,6166,1,Z_USA_Liq3_noDETG,0
US7813863054,A2P426,RumbleON Inc.,4Q01,4Q01,AT,6166,1,Z_USA_Liq2_TG,0
US7818462092,724531,Rush Enterprises Inc.,RUNA,RUNA,AD,6166,1,Z_USA_Liq3_noDETG,0
US7835132033,A142FC,Ryanair Holdings PLC (ADRs),RY4D,RYAy,AY,6166,1,Z_EU_Liq2_TG,0
US7835491082,855369,Ryder System Inc.,RYD,R,AC,6166,1,Z_USA_Liq2_TG,0
US7837541041,A1CXHX,Ryerson Holding Corp.,7RY,7RY,AL,6166,1,Z_USA_Liq2_TG,0
US78377T1079,A1J5LB,Ryman Hospitality Properties Inc.,4RH,4RH,AC,6166,1,Z_USA_Liq2_TG,0
US78392B1070,A1JWRE,SK Hynix Inc. (GDRs),HY9H,HY9Hy,AG,6166,1,Z_ASIA_Liq3_noDETG,1
US78409V1044,A2AHZ7,S&P Global Inc.,MHL,MHP,AB,6166,1,Z_USA_Liq1_DETG,1
US78410G1040,A2DKP8,SBA Communications Corp.,4SB,4SB,AC,6166,1,Z_USA_Liq2_TG,1
US78413P1012,A2DR4T,SEACOR Marine Holdings Inc.,SQZ,SQZG,AL,6166,1,Z_USA_Liq2_TG,0
US7843051043,939072,SJW Group,76W,76W,AD,6166,1,Z_noMM,0
US78435P1057,A3EGAB,Sezzle Inc.,0SE0,0SE0,AS,6166,1,Z_USA_Liq2_TG,1
US78440P3064,A3DAF4,SK Telecom Co. Ltd. (ADRs),KMBA,KMBAy,AE,6166,1,Z_ASIA_Liq2_TG,0
US78440X8873,A3DWA3,SL Green Realty Corp.,GEI,GEI1,AL,6166,1,Z_USA_Liq2_TG,0
US78442P1066,932543,SLM Corp.,SM1,SLM,AL,6166,1,Z_USA_Liq2_TG,0
US78444J1088,A1T7TB,SLC Agricola S.A. (ADRs),GJ9,GJ9y,AL,6166,1,Z_USA_Liq3_noDETG,0
US78446M1099,A2QFGD,SMA Solar Technology AG (ADRs),S93,S93y,GD,6183,1,Z_EU_Liq3_noDETG,1
US78454L1008,A1CZW5,SM Energy Co.,SJL,MARY,AC,6166,1,Z_USA_Liq2_TG,0
US78460A1060,A1T8LD,Snam S.p.A. (ADRs),SNM0,SNM0y,AT,6166,1,Z_USA_Liq3_noDETG,0
US78463M1071,A1CW7W,SPS Commerce Inc.,S86,SPSC,AL,6166,1,Z_USA_Liq2_TG,0
US78467J1007,A1CV38,SS&C Technologies Holdings,WGSA,WGS,AT,6166,1,Z_USA_Liq2_TG,0
US78473E1038,A3DRSJ,SPX Technologies Inc.,SPW0,SPW0,AL,6166,1,Z_USA_Liq2_TG,0
US78516J1016,A2P48X,Saab AB (ADRs),SDV0,SDV0y,AY,6166,1,Z_EU_Liq3_noDETG,0
US78573L1061,A1C9KE,Sabra Health Care Reit Inc.,SBC,SBRA,AC,6166,1,Z_USA_Liq2_TG,0
US78573M1045,A111QT,Sabre Corp.,19S,19S,AC,6166,1,Z_USA_Liq2_TG,0
US78646V1070,A3D6RL,Safehold Inc.,J0W,J0W,AD,6166,1,Z_USA_Liq3_noDETG,0
US7865841024,A0YFSA,Safran S.A. (ADRs),SEJU,SEJUy,AD,6166,1,Z_USA_Liq3_noDETG,0
US7867001049,A3CPAM,Sagimet Biosciences Inc.,0O2,0O2,AL,6166,1,Z_USA_Liq2_TG,0
US78709Y1055,A0KDU8,Saia Inc.,SQR,SQR,AC,6166,1,Z_USA_Liq2_TG,0
US7901481009,862032,The St. Joe Company Corp.,JOE,JOE,AC,6166,1,Z_USA_Liq2_TG,0
US79376W4069,A3DNJ3,Saipem S.p.A. (ADRs),SPE,SPEy,AY,6166,1,Z_EU_Liq3_noDETG,0
US79466L3024,A0B87V,Salesforce Inc.,FOO,FOO,AL,6166,1,Z_USA_Liq1_DETG,1
US79546E1047,A0LETB,Sally Beauty Holdings Inc.,S7V,SBH,AD,6166,1,Z_USA_Liq2_TG,0
US79547H1068,A3CN4A,Salmar ASA (ADRs),JEPA,JEPAy,AY,6166,1,Z_EU_Liq3_noDETG,0
US7958422021,A1JMPE,Salzgitter AG (Unsp. ADRs),SZGA,SZGAy,GC,6183,1,Z_EU_Liq3_noDETG,1
US79584E1073,A14W1G,Salvatore Ferragamo S.p.A. (ADRs),S9L0,S9L0y,AD,6166,1,Z_USA_Liq3_noDETG,0
US7960502018,881823,Samsung Electronics Co. Ltd. (GDRs),SSUN,SAME_pq,AG,6166,1,Z_ASIA_Liq2_TG,1
US7960508882,896360,Samsung Electronics Co. Ltd. (GDRs),SSU,SAMEq,AE,6166,1,Z_ASIA_Liq2_TG,1
US7960542030,923086,Samsung SDI Co. Ltd. (GDRs),XSDG,0640q,AG,6166,1,Z_ASIA_Liq3_noDETG,1
US7999261008,A3EVQW,Sandoz Group AG (ADRs),D8Y0,D8Y0y,AS,6166,1,Z_USA_Liq3_noDETG,1
US80007P8692,A2AS4M,SandRidge Energy Inc.,SA2D,SA2D,AC,6166,1,Z_USA_Liq2_TG,0
US8004221078,883172,John B. Sanfilippo & Son Inc.,JO1,JBSS,AT,6166,1,Z_USA_Liq2_TG,0
US8006771062,936386,Sangamo Biosciences,GBY,SGMO,AL,6166,1,Z_USA_Liq2_TG,1
US8010561020,A1JYVT,Sanmina Corp.,SAYN,SAYN,AC,6166,1,Z_USA_Liq2_TG,0
US80105N1054,662283,Sanofi S.A. (Sp. ADRs),SNW2,SNYy,AC,6166,1,Z_USA_Liq2_TG,0
US8030542042,879535,SAP ADR,SAPA,SAPGy_p,GV,6183,1,Z_EU_Liq3_noDETG,1
US8030692029,921789,Sappi Ltd. (ADRs),SPIA,SPIAy,AL,6166,1,Z_USA_Liq3_noDETG,0
US8036071004,A1J1BH,Sarepta Therapeutics Inc.,AB3A,AB3A,AC,6166,1,Z_USA_Liq2_TG,1
US8038663006,865585,SASOL ADR,SAO,SASOy,AQ,6166,1,Z_EU_Liq2_TG,0
US80386Y1010,A3DKUJ,Sartorius Stedim Biotech S.A. (ADRs),56S0,56S0y,GD,6183,1,Z_USA_Liq3_noDETG,1
US8051111016,A2DQ2B,Savara Inc.,YB4P,YB4P,AC,6166,1,Z_USA_Liq2_TG,0
US8057001013,A41DVS,Sayona Mining Ltd.,DML1,DML1y,AG,6166,1,Z_ASIA_Liq2_TG,0
US8060371072,908169,Scansource Inc.,SC3,SCSC,AC,6166,1,Z_USA_Liq2_TG,0
US8064071025,897961,Henry Schein Inc.,HS2,HSIC,AS,6166,1,A_TradeRebel_HG3US,1
US80687P1066,A0YFR8,Schneider Electric SE (Unsp. ADRs),SNDB,SNDBy,AY,6166,1,Z_EU_Liq3_noDETG,0
US8070661058,880597,Scholastic Corp.,SL1,SCHL,AC,6166,1,Z_USA_Liq2_TG,0
US80706P1030,A2JMQW,Scholar Rock Holding Corp.,2QK,2QK,AC,6166,1,Z_USA_Liq2_TG,1
US80810D1037,A2PY7M,Schrodinger Inc.,43Z,43Z,AL,6166,1,Z_USA_Liq2_TG,0
US8085131055,874171,Charles Schwab Corp.,SWG,SCH,AS,6166,1,Z_USA_Liq1_DETG,1
US8085411069,898081,SCHWEITZER MAUDUIT INTL INC.,MH2,SWMU,AL,6166,1,Z_USA_Liq2_TG,0
US8086251076,A1W5U2,Science Applications International Corporation,85S,85S,AT,6166,1,Z_USA_Liq2_TG,0
US80874P1093,875605,Light & Wonder Inc.,TJW,TJW,AD,6166,1,Z_USA_Liq3_noDETG,0
US80917Q1067,903338,Scor SE (ADRs),SDRB,SDRBy,AD,6166,1,Z_USA_Liq3_noDETG,0
US8101861065,883369,Scotts Miracle Gro Co.,SCQA,SMG,AC,6166,1,Z_USA_Liq2_TG,0
US8110544025,A0Q50J,Scripps Co.,SQ6B,SQ6B,AC,6166,1,Z_USA_Liq2_TG,0
US8112922005,A2P9T4,Scynexis Inc.,135A,135A,AC,6166,1,Z_USA_Liq2_TG,0
US81141R1005,A2H5LX,Sea Ltd.(ADRs),931,931,AE,6166,1,Z_ASIA_Liq2_TG,1
US8115431079,919435,Seaboard Corp.,S0V,S0V,AL,6166,1,Z_USA_Liq2_TG,0
US8117078019,A1W90J,Seacoast Banking Corp.,SBG1,SBG1,AC,6166,1,Z_USA_Liq2_TG,0
US81211K1007,913368,Sealed Air Corp.,SDA,SEE,AC,6166,1,Z_USA_Liq2_TG,1
US81282V1008,A1T8QH,SeaWorld Entertainment Inc.,W2L,W2L,AC,6166,1,Z_USA_Liq2_TG,0
US8131071099,A0YFR7,Seche Environnement S.A. (ADRs),SCB0,SCB0y,AD,6166,1,Z_USA_Liq3_noDETG,0
US81617J3014,A2DQFW,Select Water Solutions Inc.,18RA,18RA,AT,6166,1,Z_USA_Liq2_TG,0
US8163073005,A2P41W,Selectquote Inc.,6SJA,6SJA,AT,6166,1,Z_USA_Liq2_TG,0
US81642T2096,A2PU3T,SELLAS Life Sciences Group Inc.,RXK3,RXK3,AT,6166,1,Z_USA_Liq2_TG,0
US8166452040,A2AHEB,SemiLEDs Corp.,6LD1,6LD1,AF,6166,1,Z_ASIA_Liq2_TG,0
US8168501018,860465,Semtech Corp.,SM2,SMTC,AL,6166,1,Z_USA_Liq2_TG,1
US8168511090,915266,Sempra,SE4,SRE,AB,6166,1,Z_USA_Liq1_DETG,1
US81686C1045,A2QQ7E,SEMrush Holdings Inc.,628,628,AC,6166,1,Z_USA_Liq2_TG,0
US81725T1007,864463,Sensient Technologies Corp.,SSF,SXT,AC,6166,1,Z_USA_Liq2_TG,0
US81727U3032,A41MRZ,Senseonics Holdings Inc.,6L60,6L60,AD,6166,1,Z_USA_Liq3_noDETG,0
US81728J1097,A2JPJ1,Sensus Healthcare Inc.,5TX,5TX,AC,6166,1,Z_USA_Liq2_TG,0
US81730H1095,A3CTJC,SentinelOne Inc,7B0,7B0,AL,6166,1,Z_USA_Liq2_TG,1
US81750R2013,A413XF,Seres Therapeutics Inc.,1S90,1S90,AC,6166,1,Z_USA_Liq2_TG,0
US81752R1005,A14UQQ,Seritage Growth Properties,1D3,1D3,AC,6166,1,Z_USA_Liq2_TG,0
US8175651046,859232,Service Corp. International,SVC,SCI,AT,6166,1,Z_USA_Liq2_TG,0
US81761L1026,A2PSPV,Service Properties Trust,HPO,HPOG,AL,6166,1,Z_USA_Liq2_TG,0
US81762P1021,A1JX4P,Servicenow Inc.,4S0,4S0,AB,6166,1,Z_USA_Liq1_DETG,1
US81814P2092,A1JUPT,Severn Trent PLC (ADRs),SVT,SVTy,AY,6166,1,Z_EU_Liq3_noDETG,0
US8188001049,A1CX0H,SGS S.A. (ADRs),SUVA,SUVAy,AD,6166,1,Z_USA_Liq3_noDETG,0
US8190471016,A14MVX,Shake Shack Inc.,9SH,9SH,AL,6166,1,Z_USA_Liq2_TG,1
US8200144058,A417JK,SharpLink Gaming Inc.,7710,7710,AT,6166,1,Z_USA_Liq2_TG,0
US82312B1061,634816,Shenandoah Telecommunications Co.,SH9,SHET,AC,6166,1,Z_USA_Liq2_TG,0
US8243481061,856050,Sherwin-Williams Co.,SJ3,SHW,AS,6166,1,Z_USA_Liq1_DETG,1
US8245961003,727566,Shinhan Financial Group Co. Ltd. (ADRs),KSF1,SHGy,AF,6166,1,Z_ASIA_Liq2_TG,0
US8250641086,A2QJZH,Shop Apotheke Europe N.V. (ADRs),SAE1,SAE1y,GK,6183,1,Z_EU_Liq3_noDETG,1
US82510E2090,A2PEDU,Shoprite Holdings Ltd. (ADRs),HY7A,HY7Ay,AD,6166,1,Z_USA_Liq3_noDETG,0
US82536T1079,A2DSDS,Shotspotter Inc.,918,918,AL,6166,1,Z_USA_Liq2_TG,0
US8256901005,A1J51N,Shutterstock Inc.,S3T,S3T,AC,6166,1,Z_USA_Liq2_TG,0
US8257041090,A2N7LY,Si-Bone Inc.,2K3,2K3,AC,6166,1,Z_USA_Liq2_TG,0
US82575P1075,A2P0BU,Sibanye Stillwater Ltd. (ADRs),47VS,47VSy,AQ,6166,1,Z_EU_Liq2_TG,1
US8261761097,918831,Siebert Financial Corp.,STF,STFG,AD,6166,1,Z_noMM,0
US8261975010,632748,Siemens AG (ADRs),SIEB,SIy,GV,6183,1,Z_EU_Liq3_noDETG,1
US82621A2033,A420WD,Siemens Energy AG (ADRs),ENR1,ENR1y,GX,6183,1,Z_EU_Liq3_noDETG,1
US82622J1043,SHL1AD,Siemens Healthineers AG (ADRs),SHL1,SHL1y,GV,6183,1,Z_EU_Liq3_noDETG,1
US82655M2061,A40P1J,Sify Technologies Ltd. (ADRs),IWY,IWYy,AF,6166,1,Z_ASIA_Liq2_TG,0
US82670P1012,A3D4TZ,Signify N.V. (ADRs),G140,G140y,AD,6166,1,Z_USA_Liq3_noDETG,0
US82674R1032,A2AP9V,Sika AG (ADRs),SIKB,SIKBy,AY,6166,1,Z_EU_Liq3_noDETG,0
US82686Q1013,A2QB4J,Silence Therapeutics PLC,XRP2,XRP2y,AY,6166,1,Z_EU_Liq2_TG,0
US8269191024,935345,Silicon Laboratories Inc.,LA5,SLAB,AT,6166,0,Z_USA_Liq2_TG,0
US8270481091,905418,Silgan Holdings Inc.,SL3,SLGN,AC,6166,1,Z_USA_Liq2_TG,0
US82706C1080,A0ETU4,Silicon Motion Technology Corp. (ADRs),S9M,SIMOy,AC,6166,1,Z_USA_Liq2_TG,0
US82728C1027,A40B02,Silvaco Group Inc.,L3Y,L3Y,AC,6166,1,Z_USA_Liq2_TG,0
US8274582092,A2QES0,Silver Bull Resources Inc.,LZ61,LZ61,AL,6166,1,Z_USA_Liq3_noDETG,0
US8288061091,916647,Simon Property Group Inc.,SQI,SIPG,AC,6166,1,Z_USA_Liq2_TG,1
US82900L1026,A2DUFK,Simply Good Foods Co.,76L,76L,AL,6166,1,Z_USA_Liq2_TG,0
US8290731053,912711,Simpson Manufacturing Co Inc,TWL,SSD,AC,6166,1,Z_USA_Liq2_TG,0
US8293342007,A2AMCE,Singulus Technologies AG (ADRs),SNGA,SNGAy,AD,6166,0,Z_noMM,0
US82981J8514,A40HQN,SITE Centers Corp.,DDR,DDRG,AC,6166,1,Z_USA_Liq2_TG,0
US82982L1035,A2AJXA,Siteone Landscape Supply Inc.,0S0,0S0,AC,6166,1,Z_USA_Liq2_TG,0
US8299331004,A3ELRR,Sirius XM Holdings Inc.,3HY,3HY,AL,6166,1,Z_USA_Liq2_TG,1
US83001C1080,A2QGV5,Six Flags Entertainment Corp.,6FE0,6FE0,AT,6166,1,Z_USA_Liq2_TG,0
US83012A1097,A2P60W,Sixth Street Specialty Lending Inc.,1T6,1T6,AD,6166,1,Z_USA_Liq2_TG,0
US83066P3091,A3EUNX,Skillsoft Corp.,C58,C58,AL,6166,1,Z_USA_Liq2_TG,0
US8308791024,878075,Skywest Inc.,SY2,SKYW,AT,6166,1,Z_USA_Liq2_TG,0
US83088M1027,857760,Skyworks Solutions Inc.,AWM,SWKS,AB,6166,1,Z_USA_Liq1_DETG,1
US83125X1037,A2H6Z9,Sleep Number Corp.,SL2,SL2,AT,6166,1,Z_USA_Liq2_TG,0
US8317541063,A2P567,Smith & Wesson Brands Inc.,SWS,SMWS,AC,6166,1,Z_USA_Liq2_TG,0
US8318652091,868323,A.O. Smith Corp.,3SM,3SM,AL,6166,1,Z_USA_Liq2_TG,1
US83191H1077,A2DGGK,Smart Sand Inc.,1SD,1SD,AL,6166,1,Z_USA_Liq2_TG,0
US8322482071,A40ZZF,Smithfield Foods Inc.,4IT,4IT,AL,6166,1,Z_USA_Liq2_TG,0
US83238P2039,A1JC4F,Smiths Group PLC (ADRs),QS2,QS2y,AD,6166,1,Z_USA_Liq3_noDETG,0
US8326964058,633835,J.M. Smucker Co.,JM2,SJM,AB,6166,1,Z_USA_Liq1_DETG,1
US8330341012,853887,Snap-On Inc.,SPU,SNA,AC,6166,1,Z_USA_Liq2_TG,1
US83304A1060,A2DLMS,Snap Inc.,1SI,1SI,AL,6166,1,Z_USA_Liq1_DETG,1
US8334451098,A2QB38,Snowflake Inc.,5Q5,5Q5,AB,6166,1,Z_USA_Liq1_DETG,1
US8336351056,895007,Sociedad Quimica y Minera de Chile S.A. (ADRs),QYM,SQM,AC,6166,1,Z_USA_Liq2_TG,1
US83364L1098,916129,Societe Generale S.A. (Sp. ADRs),SGE1,SGE1y,AY,6166,1,Z_EU_Liq3_noDETG,0
US83367Y2072,A116CN,Electrica S.A. (GDRs),ECEA,ECEAq,AY,6166,1,Z_EU_Liq3_noDETG,0
US83368E2000,A0RBSN,Socket Mobile Inc.,SNB1,SCKT,AC,6166,1,Z_USA_Liq2_TG,0
US8337921048,570781,Sodexo S.A. (ADRs),SJ70,SJ70y,AD,6166,1,Z_USA_Liq3_noDETG,0
US83404D1090,A1JSPB,Softbank Group Corp. (ADRs),SFTU,SFTUy,AG,6166,1,Z_ASIA_Liq3_noDETG,0
US83406F1021,A2QPMG,SoFi Technologies Inc.,6B0,6B0,AL,6166,1,Z_USA_Liq2_TG,1
US83410S1087,A2JNBW,Sohu.com Ltd. (ADRs),2SU,2SU,AF,6166,1,Z_ASIA_Liq2_TG,0
US83413U1007,A0RGYK,Solar Capital Ltd.,ZSL,SLRC,AC,6166,1,Z_USA_Liq2_TG,0
US83417M1045,A14QVM,"SolarEdge Technologies, Inc.",2ED,2ED,AE,6166,1,Z_ASIA_Liq2_TG,1
US83418M1036,A2DHUS,Solaris Oilfield Infrastructure Inc.,68S,68S,AT,6166,1,Z_USA_Liq2_TG,0
US83419H1032,A2QHRF,SolarMax Technology Inc.,6W1,6W1,AL,6166,1,Z_USA_Liq2_TG,0
US8342033094,A3DS0P,Soleno Therapeutics Inc.,6XC,6XC,AL,6166,1,Z_USA_Liq2_TG,0
US8344374025,A3DE5S,Solvay S.A. (ADRs),SOL0,SOL0y,AY,6166,1,Z_EU_Liq3_noDETG,0
US83443Q1031,A41NPA,Solstice Advanced Materials,A8E,A8E,AL,6166,1,Z_USA_Liq2_TG,1
US83444M1018,A407ZE,Solventum Corp.,KB7,KB7,AS,6166,1,Z_USA_Liq2_TG,1
US83545G1022,910513,Sonic Automotive Inc.,SA8A,SAH,AL,6166,1,Z_USA_Liq2_TG,0
US8354951027,861171,Sonoco Products Co.,SNS,SON,AL,6166,1,Z_USA_Liq2_TG,0
US8356993076,853688,Sony Group Corp. (ADRs),SONA,SNEy,AE,6166,1,Z_ASIA_Liq2_TG,0
US83569C1027,A12HSY,Sonova Holding AG (ADRs),PHBA,PHBAy,AY,6166,1,Z_EU_Liq3_noDETG,0
US83570H1086,A2JPF2,Sonos Inc.,8SO,8SO,AC,6166,1,Z_USA_Liq2_TG,0
US83946P1075,A2PJ0C,South Plains Financial Inc.,4S4,4S4,AD,6166,1,Z_USA_Liq3_noDETG,0
US8425871071,852523,The Southern Co.,SOT,SO,AB,6166,1,Z_USA_Liq1_DETG,1
US84265V1052,A0HG1Y,Southern Copper Corp.,PCU,SCCO,AS,6166,1,Z_USA_Liq2_TG,1
US8447411088,862837,Southwest Airlines Co.,SWN,LUV,AS,6166,1,Z_USA_Liq1_DETG,1
US8448951025,863050,Southwest Gas Holdings Inc.,SZR,SWX,AC,6166,1,Z_USA_Liq2_TG,0
US84612H1068,A2QM56,Sow Good Inc.,UN1,UN1,AT,6166,1,Z_USA_Liq2_TG,0
US84652A1025,A119M8,Spark New Zealand Ltd. (ADRs),NZTA,NZTy,AG,6166,1,Z_ASIA_Liq3_noDETG,0
US84790A1051,A2NB43,Spectrum Brands Holdings Inc.,H221,H221,AT,6166,1,Z_USA_Liq2_TG,0
US84833T1034,A2H63F,Spero Therapeutics Inc.,2HA,2HA,AL,6166,1,Z_USA_Liq2_TG,0
US8485603067,A3EQSF,Spire Global Inc.,EL9,EL9,AC,6166,1,Z_USA_Liq2_TG,0
US84857L1017,A2AH7C,Spire Inc.,LGR,LGRG,AT,6166,1,Z_USA_Liq3_noDETG,0
US84863T1060,A117N6,Spok Holdings Inc.,FQV,USMO,AC,6166,1,Z_USA_Liq2_TG,0
US84920Y1064,A112GA,Sportsman´s Warehouse Holdings Inc.,06S,06S,AL,6166,1,Z_USA_Liq2_TG,0
US85208M1027,A1W2Q4,Sprouts Farmers Market Inc.,1FA,1FA,AS,6166,1,Z_USA_Liq2_TG,1
US85208T1079,A3CS1J,SPRINKLR INC-A,9EI,9EI,AC,6166,1,Z_USA_Liq2_TG,0
US85209W1099,A2PWF7,Sprout Social Inc.,SPJ,SPJ,AD,6166,1,Z_USA_Liq2_TG,0
US8522341036,A143D6,Block Inc.,SQ3,SQ3,AS,6166,1,Z_USA_Liq1_DETG,1
US8523123052,870353,STAAR SURGICAL CO.,SR3,STAA,AC,6166,1,Z_USA_Liq2_TG,0
US85236P1012,A2PPL7,Stabilis Solutions Inc.,QAT2,QAT2,AL,6166,1,Z_USA_Liq3_noDETG,0
US85254J1025,A1C8BH,STAG Industrial Inc.,SW6,SW6,AT,6166,1,Z_USA_Liq2_TG,0
US85256A1097,A3CWMU,Stagwell Inc.,6IY,6IY,AL,6166,1,Z_USA_Liq2_TG,0
US8536661056,855022,Standard Motor Products Inc.,SRU,STAM,AT,6166,1,Z_USA_Liq2_TG,0
US8542311076,856956,Standex International Corp.,9SI,9SI,AC,6166,1,Z_USA_Liq2_TG,0
US8545021011,A1CTQA,Stanley Black & Decker Inc.,SWF,SWK,AC,6166,1,A_TradeRebel_HG3US,1
US8552441094,884437,Starbucks Corp.,SRB,SBUX,AS,6166,1,Z_USA_Liq1_DETG,1
US85571B1052,A0N9JF,"Starwood Property Trust, Inc.",VSP,STWD,AT,6166,1,Z_USA_Liq2_TG,0
US8565522039,903136,State Bank of India (GDRs),SID,SBIq,AF,6166,1,Z_ASIA_Liq2_TG,0
US8574771031,864777,State Street Corp.,ZYA,STT,AL,6166,1,Z_USA_Liq2_TG,1
US8581191009,903772,Steel Dynamics Inc.,SD5,STLD,AC,6166,1,Z_USA_Liq2_TG,1
US8585861003,859510,Stepan Co.,96S,96S,AL,6166,1,Z_USA_Liq2_TG,0
US85859N3008,A41BP2,Stem Inc.,5QQ,5QQ,AD,6166,1,Z_USA_Liq2_TG,1
US85916J4094,A1J09L,Stereotaxis Inc.,RJR1,RJR1,AC,6166,1,Z_USA_Liq2_TG,0
US8592411016,882359,Sterling Construction Co. Inc.,UAO,UAO,AL,6166,1,Z_USA_Liq3_noDETG,0
US8608971078,A2H52J,Stitch Fix Inc.,SYJ,SYJ,AC,6166,1,Z_USA_Liq2_TG,0
US8610121027,897710,STMicroelectronics N.V. (ADRs),SGMR,STME,AY,6166,1,Z_EU_Liq2_TG,0
US8610251048,A1120S,Stock Yards Bancorp Inc.,S4Y,S4Y,AT,6166,1,Z_USA_Liq3_noDETG,0
US86150R1077,A2PLTL,Stoke Therapeutics Inc.,0GT,0GT,AC,6166,1,Z_USA_Liq2_TG,0
US86272C1036,A2JRXJ,Strategic Education Inc.,SQE,SQE,AC,6166,1,Z_USA_Liq2_TG,0
US8631111007,894333,Strattec Security Corp.,SS8,STRT,AL,6166,1,Z_USA_Liq2_TG,0
US86317T1034,A2QPJX,Straumann Holding AG (ADRs),QS50,QS50y,AY,6166,1,Z_EU_Liq3_noDETG,0
US86333M1080,A2QJVN,Stride Inc.,0AJ,0AJ,AL,6166,1,Z_USA_Liq2_TG,1
US8636671013,864952,Stryker Corp.,SYK,SYK,AB,6166,1,Z_USA_Liq1_DETG,1
US8641591081,861820,Sturm Ruger & Co. Inc.,ST2,RGR,AC,6166,1,Z_USA_Liq2_TG,0
US8643231009,A1H5LW,Subsea 7 S.A. (ADRs),SOCA,SUBCy,AD,6166,1,Z_USA_Liq3_noDETG,0
US86562M2098,A1C8HL,Sumitomo Mitsui Financial Group Inc. (ADRs),XMFA,XMFA,AF,6166,1,Z_ASIA_Liq2_TG,0
US8660821005,A1H7RF,Summit Hotel Properties Inc.,SDP,SDPG,AD,6166,1,Z_USA_Liq3_noDETG,0
US8666741041,888745,Sun Communities Inc.,SCZ,SUI,AC,6166,1,Z_USA_Liq2_TG,0
US8666831057,A2QRFX,Sun Country Airlines Holdings Inc.,6X2,6X2,AL,6166,1,Z_USA_Liq2_TG,0
US8669661048,A41N08,Sunbelt Rentals Holdings Inc.,C5X,C5X,AP,6166,1,-,1
US86722A1034,A1JDCZ,Suncoke Energy Inc.,S01,S01,AC,6166,1,Z_USA_Liq2_TG,0
US86738R1086,A2P662,SunHydrogen Inc.,1H3,1H3,AT,6166,1,Z_USA_Liq3_noDETG,0
US86740P2074,A3CSR0,Sunlands Technology Group (ADRs),S790,S790y,AD,6166,1,Z_USA_Liq3_noDETG,0
US86771W1053,A14V1T,Sunrun Inc.,3S9,3S9,AL,6166,1,Z_USA_Liq1_DETG,1
US8678921011,A0DK4W,Sunstone Hotel Investors Inc.,UF2,SHO,AC,6166,1,Z_USA_Liq2_TG,0
US86800U3023,A40MRM,Super Micro Computer Inc.,MS51,MS51,AL,6166,1,Z_USA_Liq1_DETG,1
US8684591089,A1JX3U,Supernus Pharmaceuticals Inc.,S49,S49,AT,6166,1,Z_USA_Liq2_TG,0
US86881A1007,A14YWP,Surgery Partners Inc.,1SP,1SP,AC,6166,1,Z_USA_Liq2_TG,0
US86882L2043,A3DAGC,SurgePays Inc.,9B90,9B90,AC,6166,1,Z_USA_Liq3_noDETG,0
US86887Q1094,A2P7YR,SuRo Capital Corp.,0GV,0GV,AD,6166,1,Z_USA_Liq2_TG,0
US8695876008,A3CSDZ,Svenska Cellulosa AB (ADRs),SCA0,SCA0y,AD,6166,1,Z_USA_Liq3_noDETG,0
US86959K1051,A0YHKD,Suzano Papel e Celulose S.A. (ADRs),SPXB,SUZBYy,AL,6166,1,Z_USA_Liq2_TG,0
US8701231065,A1H5B5,Swatch Group AG (ADRs),UHRA,UHRAy,AY,6166,1,Z_EU_Liq3_noDETG,0
US8708861088,A1J5BS,Swiss Re AG (ADRs),SR9A,SR9A,AY,6166,1,Z_EU_Liq3_noDETG,0
US87089E1001,A0YHKC,Swiss Life Holding AG (ADRs),SLW1,SLW1y,AY,6166,0,Z_EU_Liq3_noDETG,0
US8710131082,916843,Swisscom AG (ADRs),SWJA,SWJAy,AY,6166,1,Z_EU_Liq3_noDETG,0
US8713321029,A3CY7Z,Sylvamo Corp.,88L,88L,AC,6166,1,Z_USA_Liq2_TG,0
US87151X1019,A3DK1X,Symbiotic Inc.,R7R,R7R,AT,6166,1,Z_USA_Liq2_TG,0
US87155N1090,SYM888,Symrise AG (ADRs),SY1U,SY1Uy,GX,6183,1,Z_EU_Liq3_noDETG,1
US8715651076,859904,Ascent Industries Corp.,SY4,SYNC,AD,6166,1,Z_USA_Liq3_noDETG,0
US87157B4005,A3E1W0,Synchronoss Technologies Inc.,H6K0,H6K0,AL,6166,0,Z_USA_Liq2_TG,0
US87157D1090,529873,Synaptics Inc.,SJN,SYNT,AC,6166,1,Z_USA_Liq2_TG,1
US8716071076,883703,Synopsys Inc.,SYP,SNPS,AS,6166,1,Z_USA_Liq1_DETG,1
US87162W1009,250815,Synnex Corp.,SUX,SNX,AL,6166,1,Z_USA_Liq2_TG,0
US87164F1057,A2AFL6,Syndax Pharmaceuticals Inc.,1T3,1T3,AC,6166,1,Z_USA_Liq2_TG,0
US87165B1035,A117UJ,Synchrony Financial,SFE,SYFG,AB,6166,1,Z_USA_Liq1_DETG,1
US8718291078,859121,Sysco Corp.,SYY,SYY,AS,6166,1,Z_USA_Liq2_TG,1
US8725401090,854854,TJX Companies Inc.,TJX,TJX,AL,6166,1,Z_USA_Liq1_DETG,1
US8725901040,A1T7LU,T-Mobile US Inc.,TM5,TM5,AB,6166,1,Z_USA_Liq1_DETG,1
US8726571016,A3DC2Y,TPG Inc.,B81,B81,AT,6166,1,Z_USA_Liq2_TG,0
US87305R1095,940990,TTM Technologies Inc.,TT1,TTMI,AL,6166,1,Z_USA_Liq2_TG,0
US87357P1003,A2APEV,Tactile Systems Technology Inc.,3L3,3L3,AC,6166,1,Z_USA_Liq2_TG,0
US8740391003,909800,Taiwan Semiconductor Manufacturing Co. Ltd. (ADRs),TSFA,2330y,AC,6166,1,Z_USA_Liq2_TG,1
US8740541094,914508,Take-Two Interactive Software Inc.,TKE,TTWO,AL,6166,1,Z_USA_Liq1_DETG,1
US8740602052,A1CWZF,Takeda Pharmaceutical Co. Ltd. (ADRs),TKDA,TKDAy,AE,6166,1,Z_ASIA_Liq2_TG,0
US8740801043,A1C7VE,TAL Education Group (ADRs),IZZ,XRSy,AC,6166,1,Z_USA_Liq2_TG,0
US87484T1088,A2JLMB,Talos Energy Inc.,7T2,7T2,AL,6166,1,Z_USA_Liq2_TG,0
US8753722037,A2H5BX,Tandem Diabetes Care Inc.,TD5A,TD5A,AT,6166,1,Z_USA_Liq2_TG,0
US8754651060,886676,Tanger Factory Outlet Centers Inc.,T6O,T6O,AC,6166,1,Z_USA_Liq2_TG,0
US8760301072,A2JSR1,Tapestry Inc.,COY,COYG,AS,6166,1,Z_USA_Liq1_DETG,1
US87612E1064,856243,Target Corp.,DYH,TGT,AL,6166,1,Z_USA_Liq1_DETG,1
US87612G1013,A1C9E3,Targa Resources Investments Inc.,TAR,TRGP,AC,6166,1,Z_USA_Liq2_TG,1
US87652V1098,A3CR4H,TaskUs Inc.,6VY,6VY,AC,6166,1,Z_USA_Liq2_TG,0
US87656Y4061,A0X9H1,Tata Steel Ltd. (GDRs),HWHG,TISCq,AG,6166,1,Z_ASIA_Liq3_noDETG,0
US8767041077,A0YHJ9,TAV Havalimanlari Holding A.S. (ADRs),5THA,5THAy,AL,6166,1,Z_USA_Liq3_noDETG,0
US87724P1066,A1T8F9,Taylor Morrison Home Corp.,THM,THM,AC,6166,1,Z_USA_Liq2_TG,0
US8781553081,A3D39E,Team Inc.,T9CA,T9CA,AT,6166,1,Z_USA_Liq2_TG,0
US87816Y1064,A2P3PF,TeamViewer AG (ADR´s),TMV1,TMV1y,GD,6183,1,Z_USA_Liq3_noDETG,1
US87854Y1091,A2QP0R,Technip Energies N.V. (ADRs),68F0,68F0y,AY,6166,1,Z_EU_Liq3_noDETG,0
US87874R3084,A40MZE,TechTarget Inc.,EFT0,EFT0,AC,6166,1,Z_USA_Liq2_TG,0
US87876P2011,A114T5,Tecogen Inc.,2T1,2T1,AD,6166,1,Z_USA_Liq2_TG,0
US87901J1051,A14VMF,TEGNA Inc.,GTT,GTTG,AC,6166,1,Z_USA_Liq2_TG,0
US8790801091,864891,Tejon Rancch Co.,2TJ,2TJ,AL,6166,1,Z_USA_Liq3_noDETG,0
US87918A1051,A14VPK,Teladoc Inc.,4LL,4LL,AL,6166,1,Z_USA_Liq2_TG,1
US8792732096,894259,Telecom Argentina S.A.,TEO,TARya,AL,6166,1,Z_USA_Liq2_TG,1
US87927Y1029,121866,Telecom Italia S.p.A.,TQIA,TIy,AD,6166,1,Z_USA_Liq3_noDETG,0
US8793601050,926932,Teledyne Technologies Inc.,TYZ,TDY,AS,6166,1,Z_USA_Liq2_TG,1
US8793691069,855853,Teleflex Inc.,TBH,TFX,AS,6166,1,Z_USA_Liq2_TG,1
US87936R2058,A2QHVM,Telefonica Brasil S.A. (Sp.ADRs),TSPA,TSPAy,AC,6166,1,Z_USA_Liq2_TG,0
US8793822086,874715,Telefonica S.A. (ADRs),TNE2,TEFy,AY,6166,1,Z_EU_Liq2_TG,0
US87944W1053,592281,Telenor ASA (ADRs),TEQA,TEQAy,AY,6166,1,Z_EU_Liq3_noDETG,0
US87946F1003,A1JM4A,Téléperformance SE (ADRs),RCF0,RCF0y,AY,6166,1,Z_EU_Liq3_noDETG,0
US87952P3073,A2N9X3,TELE2 AB (ADRs),NCY,NCY,AL,6166,1,Z_USA_Liq3_noDETG,0
US87960M2052,A1JU8V,Telia Company AB (ADRs),TLSG,TLSGy,AT,6166,1,Z_USA_Liq3_noDETG,0
US8796VP1054,A3DZF2,Telstra Group Ltd.,5KB,5KBy,AD,6166,1,Z_USA_Liq3_noDETG,0
US87974R2085,A2PM49,Temenos AG (ADR),TE8A,TE8Ay,AY,6166,1,Z_EU_Liq3_noDETG,0
US8801911012,872604,Templeton Emerg. MKTS FD Inc.,EMF,EMF,AC,6166,1,Z_USA_Liq3_noDETG,0
US88023B1035,A40EDP,Tempus AI Inc.,F3M,F3M,AL,6166,1,Z_USA_Liq2_TG,0
US88023U1016,A0BLAA,Tempur Sealy International Inc.,TPD,TPX,AT,6166,1,Z_USA_Liq2_TG,0
US88025T1025,A2JQRT,Tenable Holdings Inc.,TE7,TE7,AC,6166,1,Z_USA_Liq2_TG,0
US88025U1097,A2PPQJ,'10x Genomics Inc.,1KJ,1KJ,AC,6166,1,Z_USA_Liq2_TG,0
US88031M1099,164558,Tenaris (ADRs),TW1,TENRy,AD,6166,1,Z_USA_Liq3_noDETG,0
US88032Q1094,A0YHJ8,Tencent Holdings Ltd.(ADRs),NNN1,NNN1y,AG,6166,1,Z_ASIA_Liq3_noDETG,1
US88033G4073,A1J5US,Tenet Healthcare Corp.,THC1,THC1,AC,6166,1,Z_USA_Liq2_TG,0
US8803451033,858055,Tennant Co.,TN1,TNC,AC,6166,1,Z_USA_Liq2_TG,0
US88034P1093,A2N7WQ,Tencent Music Entertainment Group (ADRs),63TA,63TAy,AE,6166,1,Z_ASIA_Liq2_TG,1
US88076W1036,A0M0ZR,Teradata Corp.,3T4,3T4,AC,6166,1,Z_USA_Liq2_TG,0
US8807701029,859892,Teradyne Inc.,TEY,TER,AL,6166,1,Z_USA_Liq1_DETG,1
US8807791038,884072,Terex Corp.,TXG,TEX,AL,6166,1,Z_USA_Liq2_TG,0
US88080T1043,A3C9C7,Terawulf Inc.,ZT8,ZT8,AC,6166,1,Z_USA_Liq2_TG,1
US8808811074,A2QNWR,Terns Pharmaceuticals Inc.,430,430,AC,6166,1,Z_USA_Liq2_TG,0
US8808901081,A0ESPU,Ternium S.A. (ADRs),T5Z,TXy,AL,6166,1,Z_USA_Liq2_TG,0
US88160R1014,A1CX3T,Tesla Inc.,TL0,TSLA,AB,6166,1,Z_USA_Mag7_Aussuchen,1
US8816242098,883035,Teva Pharmaceutical Industries Ltd. ADR,TEV,TEVAy,AE,6166,1,Z_ASIA_Liq2_TG,1
US88162F1057,880267,Tetra Technologies Inc,TGI,TTI,AT,6166,1,Z_USA_Liq2_TG,0
US88162G1031,902888,Tetra Tech Inc.,TT6,WATR,AC,6166,1,Z_USA_Liq2_TG,0
US88224Q1076,121221,Texas Capital Bancshares Inc.,TCA,TCBI,AD,6166,1,Z_USA_Liq3_noDETG,0
US8825081040,852654,Texas Instruments Inc.,TII,TXN,AB,6166,1,Z_USA_Liq1_DETG,1
US88262P1021,A2QL4H,Texas Pacific Land Corp.,9WY,9WY,AC,6166,1,Z_USA_Liq2_TG,1
US8826811098,A0DKNQ,Texas Roadhouse Inc.,ROW,TXRH,AT,6166,1,Z_USA_Liq2_TG,0
US8832031012,852659,Textron Inc.,TXT,TXT,AS,6166,1,Z_USA_Liq2_TG,1
US8832192061,A2N6R6,Thales S.A. (ADRs),CSF0,CSF0y,AY,6166,1,Z_EU_Liq3_noDETG,0
US88322Q1085,A1JXW7,TG Therapeutics Inc.,NKB2,NKB2,AS,6166,1,Z_USA_Liq2_TG,1
US88331L1089,A3CPDE,The Beauty Health Co.,V7A0,V7A0,AT,6166,1,Z_USA_Liq2_TG,0
US88337K4013,A3EUNV,The9 Ltd. (ADRs),FZK0,FZK0y,AG,6166,1,Z_ASIA_Liq3_noDETG,0
US88338K1034,A12EJ6,One Group Hospitality Inc.,XZ9,XZ9,AC,6166,1,Z_USA_Liq2_TG,0
US88338N2062,A3DL7E,TherapeuticsMD Inc.,29TA,29TA,AD,6166,1,Z_USA_Liq3_noDETG,0
US88339J1051,A2ARCV,The Trade Desk Inc.,TT8,TT8,AS,6166,1,Z_USA_Liq1_DETG,1
US88339P1012,A2PHB7,The RealReal Inc.,6RR,6RR,AL,6166,1,Z_USA_Liq2_TG,0
US8835561023,857209,Thermo Fisher Scientific Inc.,TN8,TMO,AB,6166,1,Z_USA_Liq1_DETG,1
US88362T1034,A1H99U,Thermon Group Holdings Inc.,8TG,8TG,AL,6166,1,Z_USA_Liq2_TG,0
US8851601018,872478,Thor industries Inc.,TIV,THO,AC,6166,1,Z_USA_Liq2_TG,0
US88554D2053,888346,3D Systems Corp.,SYV,TDSC,AL,6166,1,Z_USA_Liq2_TG,1
US88556E1029,A2QR0C,Thredup Inc.,6XV,6XV,AT,6166,1,Z_USA_Liq2_TG,0
US88579Y1010,851745,3M Co.,MMM,MMM,AB,6166,1,Z_USA_Liq1_DETG,1
US88629Q2075,A14RS4,thyssenkrupp AG (ADRs),TKA1,TKA1y,GK,6183,1,Z_USA_Liq3_noDETG,1
US88642R1095,A2DVJZ,Tidewater Inc. (New),TD9,TD9,AL,6166,1,Z_USA_Liq2_TG,0
US88677Q2084,A41PGW,Tile Shop Holdings Inc.,2TS0,2TS0,AD,6166,1,Z_noMM,0
US88688T2096,A41VMJ,Tilray Brands Inc.,2HQ0,2HQ0,AB,6166,1,Z_USA_Liq1_DETG,1
US8873891043,852676,Timken Co.,TKH,TKR,AC,6166,1,Z_USA_Liq2_TG,0
US8873991033,A116LK,Timkenstell Corp.,ZS2,ZS2,AC,6166,1,Z_USA_Liq2_TG,0
US88830M1027,886485,Titan International Inc.,TZ4,TWI,AL,6166,1,Z_USA_Liq3_noDETG,0
US88830R1014,A0M8F2,Titan Machinery Inc.,3TY,3TY,AC,6166,1,Z_USA_Liq2_TG,0
US8887871080,A3C3Y4,Toast Inc.,71Y,71Y,AC,6166,1,Z_USA_Liq2_TG,0
US8894781033,871450,Toll Brothers Inc.,TLK,TOL,AC,6166,1,Z_USA_Liq2_TG,1
US8899052042,938158,Tomra Systems ASA (ADRs),TMR0,TMR0y,AL,6166,1,Z_USA_Liq3_noDETG,0
US8901382098,A2PLQ3,TomTom N.V. (ADRs),OEMB,OEMBy,AD,6166,1,Z_USA_Liq3_noDETG,0
US8905161076,865003,Tootsie Roll Industries Inc.,TZ3,TZ3,AT,6166,1,Z_USA_Liq2_TG,0
US89055F1030,A14UY4,TopBuild Corp.,28T,28T,AT,6166,1,Z_USA_Liq2_TG,0
US8910921084,861568,Toro Co.,TO2,TO2,AL,6166,1,Z_USA_Liq2_TG,0
US8923313071,888452,Toyota Motor Corporation (ADRs),TOMA,TMy,AE,6166,1,Z_ASIA_Liq2_TG,0
US8923561067,889826,Tractor Supply Co.,TR4,TRCT,AB,6166,1,A_TradeRebel_HG3US,1
US89237L1017,A14TVY,Track Group Inc.,G7F2,G7F2,AD,6166,1,Z_USA_Liq3_noDETG,0
US8926721064,A2PGG8,Tradeweb Markets Inc.,4T0,4T0,AL,6166,1,Z_USA_Liq2_TG,0
US8935291075,923106,Transcat Inc.,TR8,TR8,AC,6166,1,Z_USA_Liq2_TG,0
US8936411003,A0JEP3,TransDigm Group Inc.,T7D,T7D,AC,6166,1,Z_USA_Liq2_TG,1
US89377M1099,A2PH5P,TransMedics Group Inc.,8T8,8T8,AL,6166,1,Z_USA_Liq2_TG,1
US8938702045,890708,Transportadora de Gas del Sur S.A.,T2K1,T2K1y,AT,6166,1,Z_USA_Liq2_TG,0
US89400J1079,A14TUX,TransUnion LLC,1TU,1TU,AC,6166,1,Z_USA_Liq2_TG,0
US8941641024,A2QPTW,Travel + Leisure Co.,WD5A,WD5A,AT,6166,1,Z_USA_Liq2_TG,0
US89417E1091,A0MLX4,The Travelers Companies Inc.,PA9,TRVN,AS,6166,1,Z_USA_Liq1_DETG,1
US89421Q2057,A1W8DE,Travelzoo Inc.,TXM1,TXM1,AT,6166,1,Z_USA_Liq3_noDETG,0
US8946501009,877428,Tredegar Corp.,T70,TG,AC,6166,1,Z_USA_Liq2_TG,0
US89531P1057,938716,Trex Company Inc.,TRR,TWP,AC,6166,1,Z_USA_Liq2_TG,0
US8962391004,882295,Trimble Inc.,TB5,TB5,AC,6166,1,Z_USA_Liq2_TG,1
US8962881079,929937,Trinet Group Inc.,TN3,TN3,AC,6166,1,Z_USA_Liq2_TG,0
US8964423086,A2QNNR,Trinity Capital Inc,9F7,9F7,AC,6166,1,Z_USA_Liq2_TG,1
US8965221091,856427,Trinity Industries Inc.,TTA,TTA,AL,6166,1,Z_USA_Liq2_TG,0
US89677Q1076,A2PUXF,Trip.com Group Ltd. (ADRs),CLV,CLVG,AL,6166,1,Z_USA_Liq2_TG,1
US89677Y1001,A1XFEK,TriplePoint Vent.Gwth BDC Corp,6JS,6JS,AT,6166,1,Z_USA_Liq2_TG,0
US89679E3009,A12E8S,Triumph Bancorp Inc.,2THA,2THA,AL,6166,1,Z_USA_Liq3_noDETG,0
US8969452015,A1JRLK,Tripadvisor Inc.,T6A,T6A,AC,6166,1,A_TradeRebel_HG3US,1
US8982021060,A117KY,Trupanion Inc.,TPW,TPWG,AC,6166,1,Z_USA_Liq2_TG,0
US89832Q1094,A2PWMZ,Truist Financial Corp.,BBK,BBKG,AS,6166,1,Z_USA_Liq1_DETG,1
US89854H1023,A2JBPP,TTEC Holdings Inc.,TH1,TH1G,AT,6166,1,Z_USA_Liq2_TG,0
US8986972060,A1XBJS,Tucows Inc.,TUQ1,TUQ1,AC,6166,1,Z_USA_Liq2_TG,0
US8989201038,A3EWMJ,Tuhura Biosciences Inc.,PL3,PL3G,AC,6166,1,Z_USA_Liq2_TG,0
US89977P1066,A1128G,Tuniu Corp. (ADRs),0TUA,0TUAy,AF,6166,1,Z_ASIA_Liq2_TG,0
US8999241040,A3D9PT,TURBO ENERGY S.A. (ADRs),X8WA,X8WAy,AY,6166,1,Z_EU_Liq2_TG,0
US90010R1095,A1XB22,Turk Hava Yollari A.S. (ADRs),TU5A,TU5Ay,AT,6166,0,Z_USA_Liq3_noDETG,0
US9001112047,806276,Turkcell Iletisim Hizmet A.S. (ADRs),TUL1,TKCny,AE,6166,1,Z_ASIA_Liq2_TG,0
US90011Q1004,A2DKM4,Turk Telekomunikasyon A.S. (ADRs),4TTA,4TTAG,AG,6166,1,Z_ASIA_Liq3_noDETG,0
US9001487019,909386,Türkiye Garanti Bankasi A.S. (ADRs),GBKB,GBKBy,AG,6166,1,Z_ASIA_Liq3_noDETG,0
US90041L1052,A2AKAM,Turning Point Brands Inc.,0T5,0T5,AC,6166,1,Z_USA_Liq2_TG,0
US9004502061,A2JHVL,Turtle Beach Corp.,0P1A,0P15,AL,6166,1,Z_USA_Liq2_TG,0
US9011091082,A0RM5Z,Tutor Perini Corp.,PE2,PECR,AL,6166,1,Z_USA_Liq2_TG,0
US90114C1071,A2QRA9,Tuya Inc. (ADRs),785,785y,AF,6166,1,Z_ASIA_Liq2_TG,0
US90138A1034,A1H9DT,'21Vianet Group Inc. (ADRs),217A,217Ay,AC,6166,1,Z_USA_Liq2_TG,0
US90138F1021,A2ALP4,Twilio Inc.,TWH,TWHG,AC,6166,1,Z_USA_Liq2_TG,1
US9014761012,867667,TWIN DISC INC.,TWN,TWIN,AD,6166,1,Z_USA_Liq3_noDETG,0
US90184D1000,A2N7L2,Twist Bioscience Corp.,0ME,0ME,AL,6166,1,Z_USA_Liq2_TG,0
US90187B8046,A3DW5E,Two Harbors Investment Corp,2H2,2H2,AT,6166,1,Z_USA_Liq2_TG,0
US9022521051,917099,Tyler Technologies Inc.,TYP,TYL,AC,6166,1,Z_USA_Liq2_TG,1
US9024941034,870625,Tyson Foods Inc.,TF7A,TSNa,AL,6166,1,Z_USA_Liq2_TG,1
US9026531049,A0MM15,UDR Inc.,UF0,UF0,AC,6166,1,Z_USA_Liq2_TG,1
US9026731029,891541,UFP Technologies Inc.,UFP,UFPT,AL,6166,1,Z_USA_Liq2_TG,0
US9026811052,887836,UGI Corp.,3U6,UGI,AL,6166,1,Z_USA_Liq2_TG,1
US9026851066,A3CYXY,Udemy Inc.,7WH,7WH,AL,6166,1,Z_USA_Liq2_TG,0
US90278Q1085,A2P4EB,UFP Industries Inc.,UF3,UF3,AT,6166,1,Z_USA_Liq2_TG,0
US90291C2017,A2P14K,U.S. Gold Corp.,DTUR,DTUG,AL,6166,1,Z_USA_Liq2_TG,0
US90291W1080,A3D7H8,US Gold Mining Inc.,Q0G,Q0G,AC,6166,1,Z_USA_Liq2_TG,0
US9029521005,580966,US Global Investors Inc.,UGL,GROWa,AC,6166,1,Z_USA_Liq2_TG,0
US9029733048,917523,U.S. Bancorp,UB5,FSR,AB,6166,1,Z_USA_Liq1_DETG,1
US9030021037,A0JNGE,UMH Properties Inc.,WXE,UMH,AC,6166,1,Z_USA_Liq2_TG,0
US90328M1071,923145,Usana Health Sciences Inc.,USJ,USNA,AT,6166,1,Z_USA_Liq3_noDETG,0
US90337L1089,923954,U.S. Physical Therapy Inc.,UPH,USPH,AD,6166,1,Z_USA_Liq2_TG,0
US9034801012,A14WZY,UCB S.A. (ADRs),UNC0,UNC0y,AY,6166,1,Z_EU_Liq3_noDETG,0
US90348R1023,A0YG0X,Ubisoft Entertainment S.A. (ADRs),UEN0,UEN0y,AY,6166,1,Z_EU_Liq3_noDETG,0
US90353T1007,A2PHHG,Uber Technologies Inc.,UT8,UT8,AB,6166,1,Z_USA_Liq1_DETG,1
US90364P1057,A3CND6,UiPath Inc. (A),9UV,9UV,AC,6166,1,Z_USA_Liq2_TG,1
US9037311076,A3EX9W,UL Solutions Inc.,72R,72R,AC,6166,1,Z_USA_Liq2_TG,0
US90384S3031,A0M240,Ulta Beauty Inc.,34U,ULTA,AL,6166,1,Z_USA_Liq2_TG,1
US90385V1070,A0B9LA,Ultra Clean Holdings Inc.,UCE,UCTT,AL,6166,1,Z_USA_Liq2_TG,0
US9038991025,888615,Ultralife Corp.,ULB,ULBI,AC,6166,1,Z_USA_Liq2_TG,0
US90400D1081,A1XCY0,Ultragenyx Pharmaceutical Inc.,UP0,UP0,AC,6166,1,Z_USA_Liq2_TG,0
US90400P1012,928325,Ultrapar Participacoes S.A. (ADRs),UGR,UGPy,AD,6166,1,Z_USA_Liq3_noDETG,0
US90420M1045,A14WZZ,Umicore S.A. (ADRs),NVJ,NVJy,AY,6166,1,Z_EU_Liq3_noDETG,0
US9043111072,A0HL4V,Under Armour Inc. (Class A),U9R,UARM,AL,6166,1,Z_USA_Liq2_TG,1
US9043112062,A2AF8T,Under Armour Inc.,U9RA,U9RA,AL,6166,1,A_TradeRebel_HG3US,1
US9046772003,A1C8J1,Unifi Inc.,36A,36A,AT,6166,1,Z_USA_Liq3_noDETG,0
US9046784065,A2PAMZ,UniCredit S.p.A. (ADRs),CRIP,CRIGy,AY,6166,1,Z_EU_Liq3_noDETG,0
US9047081040,867982,UniFirst Corporation,U1N,U1N,AT,6166,1,Z_USA_Liq2_TG,0
US9047678035,A41MZQ,Unilever PLC (ADR),UNV,UNVy,AP,6166,1,Z_EU_Liq2_TG,0
US9078181081,858144,UNION PACIFIC CORP.,UNP,UNP,AL,6166,1,Z_USA_Liq1_DETG,1
US9092143067,A0YCM4,Unisys Corp.,USY1,UIS,AT,6166,1,Z_USA_Liq2_TG,0
US9099071071,923128,United Bankshares Inc.,UNK,UBSI,AL,6166,1,Z_USA_Liq2_TG,0
US9100471096,A1C6TV,United Airlines Holdings Inc.,UAL1,UAL1,AB,6166,1,Z_USA_Liq1_DETG,1
US91060H1086,A3D86W,United Homes Group Inc,6PO,6PO,AD,6166,1,Z_USA_Liq3_noDETG,0
US9108734057,A0M2R4,United Microelectronics Corp. Reg.Shs (Sp.ADRs New) 5/TA 10,UMCB,UMCy,AE,6166,1,Z_ASIA_Liq2_TG,0
US9111631035,903615,United Natural Foods Inc.,UN3,UNFI,AL,6166,1,Z_USA_Liq2_TG,0
US9113121068,929198,United Parcel Service Inc.,UPAB,UPS,AL,6166,1,Z_USA_Liq1_DETG,1
US9113631090,911443,United Rentals Inc.,UR3,URI,AL,6166,1,Z_USA_Liq1_DETG,1
US9116841084,875189,Array Digital Infrastructure Inc,US7,USM,AT,6166,1,Z_USA_Liq2_TG,0
US9119221029,923585,United States Lime & Minerals Inc,ULI,ULI,AC,6166,1,Z_USA_Liq2_TG,0
US9120081099,A2AHWK,US Foods Holding Corp.,UFH,UFH,AL,6166,1,Z_USA_Liq2_TG,0
US9129321009,A41A1A,Uniti Group Inc.,8XC0,8XC0,AD,6166,1,Z_USA_Liq2_TG,0
US91307C1027,923818,United Therapeutics Corp.,UTH,UTHR,AL,6166,1,Z_USA_Liq2_TG,0
US91324P1021,869561,UnitedHealth Group Inc.,UNH,UNH,AS,6166,1,Z_USA_Liq1_DETG,1
US91332U1016,A2QCFX,Unity Software Inc.,US3,US3G,AC,6166,1,Z_USA_Liq2_TG,1
US9134561094,859669,Universal Corp.,UVV,UVV,AC,6166,1,Z_USA_Liq2_TG,0
US91347P1057,917585,Universal Display Corp.,UVD,PANL,AC,6166,1,Z_USA_Liq2_TG,0
US9134831034,885793,Universal Electronics Inc,UE1,UEIC,AD,6166,1,Z_USA_Liq3_noDETG,0
US91359E1055,985290,Universal Health Realty Income Trust Corp.,WY8,UHT,AL,6166,1,Z_USA_Liq2_TG,0
US91359V1070,911236,Universal Insurance Holdings Inc.,5UI,5UI,AC,6166,1,Z_USA_Liq2_TG,0
US91377B1098,A3DE6H,Universal Music Group B.V. (ADRs),0VD0,0VD0y,AD,6166,1,Z_USA_Liq3_noDETG,0
US9139031002,866462,Universal Health Services Inc.,UHS,UHS,AS,6166,1,Z_USA_Liq2_TG,1
US9139151040,590097,Universal Technical Institute,UTI,UTI,AC,6166,1,Z_USA_Liq2_TG,0
US91529Y1064,872055,Unum Group,UUM,UNM,AC,6166,1,Z_USA_Liq2_TG,0
US91531W1062,A2PFTG,UP Fintech Holding Ltd. (ADRs),1M5,1M5y,AE,6166,1,Z_ASIA_Liq2_TG,0
US91544A1097,A12EHS,Upload Software Inc.,16U,16U,AC,6166,1,Z_USA_Liq2_TG,0
US91680M1071,A2QJL7,Upstart Holdings Inc.,855,855,AC,6166,1,Z_USA_Liq2_TG,1
US91688F1049,A2N5QE,Upwork Inc.,UP2,UP2,AC,6166,1,Z_USA_Liq2_TG,0
US9168961038,A0JDRR,Uranium Energy Corp.,U6Z,URME,AL,6166,1,Z_USA_Liq1_DETG,1
US9170471026,888903,Urban Outfitters Inc.,UOF,URBN,AL,6166,1,Z_USA_Liq2_TG,0
US91705J3032,A41XFM,Urban One Inc.,UA10,UA10,AC,6166,1,Z_USA_Liq2_TG,0
US9174881089,882656,Utah Medical Products Inc.,UTM,UTM,AD,6166,1,Z_USA_Liq3_noDETG,0
US9182041080,857621,V.F. Corp.,VFP,VFC,AC,6166,1,Z_USA_Liq2_TG,1
US9182841000,868172,VSE Corp.,VS3,VS3,AD,6166,1,Z_USA_Liq3_noDETG,0
US9183852048,A3EWXG,vTv Therapeutics Inc.,5VT0,5VT0,AC,6166,1,Z_USA_Liq2_TG,0
US91851C2017,883016,Vaalco Energy Inc.,VAW,EGY,AL,6166,1,Z_USA_Liq2_TG,0
US91864C1071,A3CN5Q,Vaccitech PLC (ADRs),2AB,2ABy,AY,6166,1,Z_EU_Liq2_TG,0
US91879Q1094,905285,VAIL RESORTS INC.,VAI,MTN,AD,6166,1,Z_USA_Liq3_noDETG,0
US91912E1055,A0RN7M,Vale S.A. (spons. ADRs),CVLB,VALESy,AS,6166,1,Z_USA_Liq2_TG,1
US9191343048,920918,Valeo SE (ADRs),VSA,VSAGy,AD,6166,1,Z_USA_Liq3_noDETG,0
US91913Y1001,908683,Valero Energy Corporation,V1L,V1L,AS,6166,1,Z_USA_Liq1_DETG,1
US9197941076,874148,Valley National Bancorp,VNB,VLY,AC,6166,1,Z_USA_Liq2_TG,0
US92023R4074,A2P5C2,Vallourec S.A. (ADRs),VACE,VACEy,AD,6166,1,Z_USA_Liq3_noDETG,0
US9202531011,858096,Valmont Industries Inc.,VI1,VMI,AL,6166,1,Z_USA_Liq2_TG,0
US92025Y1038,A3CPD1,Valneva SE (ADRs),AYJ0,AYJ0y,AY,6166,1,Z_EU_Liq3_noDETG,0
US92047W1018,A2ARFC,Valvoline Inc.,0V4,0V4,AC,6166,1,Z_USA_Liq2_TG,0
US9216591084,A0JJT3,Vanda Pharmaceuticals Inc.,VM4,VM4,AT,6166,1,Z_USA_Liq2_TG,0
US92212W1009,A3DM65,VAR Energi AS (ADRs),J4V0,J4V0y,AY,6166,1,Z_EU_Liq3_noDETG,0
US92214X1063,A2DKK2,Varex Imaging Corp.,VI4,VI4,AC,6166,1,Z_USA_Liq2_TG,0
US9222801022,A1XELT,Varonis Systems Inc.,VS2,VS2,AL,6166,1,Z_USA_Liq2_TG,0
US9224171002,896007,Veeco Instruments Inc.,VEO,VECO,AC,6166,1,Z_USA_Liq2_TG,1
US92243A2006,A2JD8X,Vaxart Inc.,NB11,NB11,AD,6166,1,Z_noMM,0
US92243F1003,A3C7H2,VAT Group AG (ADRs),19V0,19V0y,AY,6166,1,Z_EU_Liq3_noDETG,0
US92243G1085,A2P6R6,Vaxcyte Inc.,5VA,5VA,AC,6166,1,Z_USA_Liq2_TG,0
US9224751084,A1W5SA,Veeva System Inc.,VEE,VEE,AS,6166,1,Z_USA_Liq1_DETG,1
US92276F1003,878380,Ventas Inc.,VEN,VTR,AS,6166,1,Z_USA_Liq2_TG,1
US92333F1012,A40ZNX,Venture Global Inc.,DW3,DW3,AT,6166,1,Z_USA_Liq2_TG,0
US92334N1037,484206,Veolia Environnement S.A. (ADRs),VVDH,VEy,AD,6166,1,Z_USA_Liq3_noDETG,0
US92335C1062,A1C7RU,Vera Bradley Inc.,ELI,VRA,AL,6166,1,Z_USA_Liq2_TG,0
US92336Y1073,A1C0VY,Verbund AG (ADRs),OEW,OEWy,AY,6166,1,Z_EU_Liq3_noDETG,0
US92337C2035,A3EHM3,Verastem Inc.,2VSA,2VSA,AL,6166,1,Z_USA_Liq2_TG,0
US92337F1075,A1W7EA,Veracyte Inc.,12V,12V,AL,6166,1,Z_USA_Liq2_TG,0
US92338C1036,A3ES7Q,Veralto Corp.,RZ2,RZ2,AC,6166,1,Z_USA_Liq2_TG,1
US92343E1029,911090,Verisign Inc.,VRS,VRSN,AS,6166,1,A_TradeRebel_HG3US,1
US92343V1044,868402,Verizon Communications Inc.,BAC,VZ,AB,6166,1,Z_USA_Liq1_DETG,1
US92345Y1064,A0YA2M,Verisk Analytics Inc.,VA7A,VA7A,AC,6166,1,Z_USA_Liq2_TG,1
US92346J1088,A12FU4,Vericel Corp.,ATQP,ATQP,AT,6166,1,Z_USA_Liq2_TG,0
US92346X2062,A2P66U,VerifyMe Inc.,LT1B,LT1B,AL,6166,1,Z_USA_Liq2_TG,0
US92347M1009,A2DR5Y,Veritone Inc,VEK,VEKG,AL,6166,1,Z_USA_Liq2_TG,0
US92511U1025,A2N7W1,Verra Mobility Corp.,0YK,0YK,AC,6166,1,Z_USA_Liq2_TG,0
US92511W2070,A41A98,Verrica Pharmaceuticals Inc.,1NE0,1NE0,AD,6166,1,Z_USA_Liq2_TG,0
US9252831030,A41RUQ,Versant Media Group Inc.,X06,X06,AT,6166,1,Z_USA_Liq3_noDETG,0
US92532F1003,882807,Vertex Pharmaceuticals Inc.,VX1,VRTX,AL,6166,1,Z_USA_Liq1_DETG,1
US92537N1081,A2PZ5A,Vertiv Holdings Co.,49V,49Va,AS,6166,1,Z_USA_Liq2_TG,1
US92538J1060,A2P93F,Vertex Inc.,56X,56X,AL,6166,1,Z_USA_Liq2_TG,0
US9254581013,A0MRJJ,Vestas Wind Systems AS (ADRs),VWSA,VWSAy,AT,6166,1,Z_USA_Liq3_noDETG,0
US92552R4065,A0B6NE,Viad Corp.,DIL1,VVI,AC,6166,1,Z_USA_Liq2_TG,0
US92552V1008,908189,Viasat Inc.,VS1,VSAT,AC,6166,1,Z_USA_Liq2_TG,0
US9255501051,A14XLZ,Viavi Solutions Inc.,UNS1,UNS1,AC,6166,0,Z_USA_Liq2_TG,0
US92556V1061,A2QAME,Viatris Inc.,VIA,VIA1,AB,6166,1,Z_USA_Liq1_DETG,1
US9256521090,A2H5U8,Vici Properties Inc.,1KN,1KN,AS,6166,1,Z_USA_Liq2_TG,1
US9258151029,881341,Vicor Corp.,VCV,VICR,AC,6166,1,Z_USA_Liq2_TG,0
US9264001028,A3CU0R,Victoria's Secret & Co.,8FR,8FR,AS,6166,1,Z_USA_Liq2_TG,1
US92645B1035,A2JDX0,Victory Capital Holdings Inc.,3PK,3PK,AC,6166,0,Z_USA_Liq2_TG,0
US92686J1060,A12GD6,Viking Therapeutics Inc.,1VT,1VT,AC,6166,1,Z_USA_Liq2_TG,1
US92719W2070,A2H5UL,Vince Holdings Corp.,VNC1,VNC1,AT,6166,1,Z_USA_Liq2_TG,0
US9273201015,A0Q3RH,VINCI S.A. (ADRs),SQUA,SQUAy,AT,6166,1,Z_USA_Liq3_noDETG,0
US92763W1036,A1JVJQ,Vipshop Holdings Ltd. (ADRs),1VPA,1VPAy,AC,6166,1,Z_USA_Liq2_TG,0
US92766K4031,A40EFX,Virgin Galactic Holdings Inc.,0QL0,0QL0G,AC,6166,1,Z_USA_Liq2_TG,1
US92790C1045,A2QMUH,Viridian Therapeutics Inc.,1S1,1S1,AC,6166,1,Z_USA_Liq2_TG,0
US9282541013,A14RHF,Virtu Financial Inc.,0VF,0VF,AL,6166,1,Z_USA_Liq2_TG,0
US92826C8394,A0NC7B,Visa Inc.,3V64,Va,AS,6166,1,Z_USA_Liq1_DETG,1
US92827K3014,A2JE8P,VirTra Inc.,0XQ,0XQ,AT,6166,1,Z_USA_Liq2_TG,0
US9282981086,861320,Vishay Intertechnology Inc.,VHY,VSH,AC,6166,1,Z_USA_Liq2_TG,0
US92837L1098,A2PPAS,Vista Oil & Gas S.A.B. de C.V. (ADRs),1CIA,1CIAy,AL,6166,1,Z_USA_Liq2_TG,1
US92839U2069,A1C6VY,Visteon Corp.,VS51,VEON,AT,6166,1,Z_USA_Liq2_TG,0
US92840M1027,A2DJE5,Vistra Energy Corp.,0V6,0V6,AS,6166,1,Z_USA_Liq2_TG,1
US92846Q1076,A3C53H,The Vita Coco Company Inc.,85E,85E,AL,6166,1,Z_USA_Liq2_TG,0
US92847W1036,A2QAN3,Vital Farms Inc.,5KH,5KH,AC,6166,1,Z_USA_Liq2_TG,0
US92852T2015,A1JTB7,Vivendi S.A. (ADRs),VVUD,VVUDy,AD,6166,0,Z_USA_Liq3_noDETG,0
US92854B1098,A3DTRX,Vivani Medical Inc.,U5P,U5P,AT,6166,1,Z_USA_Liq2_TG,0
US92857W3088,A1XD9Z,Vodafone Group PLC (ADRs),VODJ,VODly,AT,6166,1,Z_USA_Liq3_noDETG,0
US9286625010,A2NB2Z,Volkswagen AG (ADRs),VOWB,VOWBy,GW,6183,1,Z_EU_Liq3_noDETG,1
US9286626000,A2NB2Y,Volkswagen AG (ADRs),VOWA,VOWAy,GW,6183,1,Z_EU_Liq3_noDETG,1
US9288541082,A2APYE,AB Volvo publ (ADRs),VOL4,VOL4y,AY,6166,1,Z_EU_Liq3_noDETG,0
US92887H1077,A143UW,Vonovia SE (ADRs),VNAA,VNAAy,GZ,6183,1,Z_USA_Liq3_noDETG,1
US92887P1093,A3DE6J,Volvo Car AB (ADRs),8JO0,8JO0y,AD,6166,1,Z_USA_Liq3_noDETG,0
US9288811014,A2P0AJ,Vontier Corp.,47O,47O,AL,6166,1,Z_USA_Liq2_TG,0
US92892B1035,A41ADA,Voyager Technologies Inc.,1QH,1QH,AD,6166,1,Z_USA_Liq2_TG,0
US9290891004,A110V5,Voya Financial Inc.,V0Y,V0Y,AC,6166,1,Z_USA_Liq2_TG,0
US92915B1061,A143XJ,Voyager Therapeutics Inc.,VT6,VT6,AL,6166,1,Z_USA_Liq2_TG,0
US9291601097,855854,Vulcan Materials Co.,VMC,VMC,AC,6166,1,Z_USA_Liq2_TG,1
US92921W3007,A1KCVK,Vuzix Corp.,V7XN,V7XN,AS,6166,1,Z_USA_Liq2_TG,1
US92922P1066,A0B5ZU,W&T Offshore Inc.,UWV,WTI,AT,6166,1,Z_USA_Liq2_TG,0
US9292361071,878588,WD-40 Co.,WD1,WDFC,AC,6166,1,Z_USA_Liq2_TG,0
US92936U1097,A1J5SB,W.P. Carey Inc.,WPY,WPY,AC,6166,1,Z_USA_Liq2_TG,1
US92939U1060,A14V4V,WEC Energy Group Inc.,WIC,WICG,AS,6166,1,Z_USA_Liq2_TG,1
US9295661071,883541,Wabash National Corp.,WA9,WNC,AC,6166,1,Z_USA_Liq2_TG,0
US92971A1097,A3CR8W,WM Technology Inc.,833,833,AC,6166,1,Z_USA_Liq2_TG,0
US9297401088,896022,Wabtec Corp.,WB2,WAB,AL,6166,1,Z_USA_Liq1_DETG,1
US9311421039,860853,Walmart Inc.,WMT,WMT,AB,6166,1,Z_USA_Liq1_DETG,1
US9344231041,A3DJQZ,Warner Bros. Discovery Inc.,J5A,J5A,AL,6166,1,Z_USA_Liq1_DETG,1
US9345502036,A2P0W9,Warner Music Group Corp.,WA4,WA4,AC,6166,1,Z_USA_Liq2_TG,0
US93627C1018,A2DN7L,Warrior Met Coal Inc.,WJ4,WJ4,AL,6166,1,Z_USA_Liq3_noDETG,0
US94106L1098,893579,Waste Management Inc.,UWS,UW,AB,6166,1,Z_USA_Liq1_DETG,1
US9418481035,898123,Waters Corp.,WAZ,WAT,AC,6166,1,Z_USA_Liq2_TG,1
US9426222009,885676,Watsco Inc.,WC3,WSOa,AC,6166,1,Z_USA_Liq2_TG,1
US9427491025,876388,Watts Water Technologies Inc.,W3W,WTSa,AC,6166,1,Z_USA_Liq2_TG,0
US94419L1017,A12AKN,Wayfair Inc.,1WF,1WF,AT,6166,1,Z_USA_Liq2_TG,0
US9485961018,A110V7,Weibo Corp. (ADRs),2WBA,2WBAy,AC,6166,1,Z_USA_Liq2_TG,0
US9497461015,857949,Wells Fargo & Co.,NWT,NOB,AL,6166,1,Z_USA_Liq1_DETG,1
US95040Q1040,A1409D,Welltower OP Inc.,HCW,HCW,AS,6166,1,Z_USA_Liq2_TG,1
US95058W1009,A1JB8H,The Wendy's Company,TQK,TQK,AC,6166,1,Z_USA_Liq2_TG,0
US9507551086,871329,Werner Enterprises Inc.,WE1,WERN,AL,6166,1,Z_USA_Liq2_TG,0
US95082P1057,922305,Wesco International Inc.,WP7,WCC,AT,6166,1,Z_USA_Liq2_TG,0
US9509151083,A40KYH,WeRide Inc.(ADRs),AZ7,AZ7y,AG,6166,1,Z_ASIA_Liq2_TG,0
US9553061055,864330,West Pharmaceutical Services Inc.,WPS,WST,AL,6166,1,A_TradeRebel_HG3US,1
US9569251013,A40XR3,Westaim Corp.,7N4,7N4,AT,6166,1,Z_USA_Liq3_noDETG,0
US9576381092,A0ETE2,Western Alliance Bancorp.,WEA,WAL,AC,6166,1,Z_USA_Liq2_TG,0
US9581021055,863060,Western Digital Corp.,WDC,WDC,AL,6166,1,Z_USA_Liq1_DETG,1
US9598021098,A0LA17,Western Union Co.,W3U,WU,AL,6166,1,Z_USA_Liq2_TG,1
US9604131022,A0B7ET,Westlake Chemical Corp.,UEO,WLK,AC,6166,1,Z_USA_Liq2_TG,0
US9616842061,A2PG8A,Westwater Resources Inc.,UCCP,UCCP,AS,6166,1,Z_USA_Liq2_TG,1
US96208T1043,A1J7A6,Wex Inc.,WL9,WL9,AC,6166,1,Z_USA_Liq2_TG,0
US9621661043,854357,Weyerhaeuser Co.,WHC,WY,AC,6166,1,Z_USA_Liq2_TG,1
US9633201069,856331,Whirlpool Corp.,WHR,WHR,AS,6166,1,Z_USA_Liq2_TG,1
US96524V1061,A1KA6L,Whitehorse Finance Inc.,M9X,M9X,AC,6166,1,Z_USA_Liq2_TG,0
US9675902095,A2QEMU,WidePoint Corp.,ZMX1,ZMX1,AD,6166,1,Z_USA_Liq3_noDETG,0
US9676621074,675228,Wienerberger AG (ADRs),WIBA,WIBAy,AY,6166,1,Z_EU_Liq3_noDETG,0
US9682232064,909878,John Wiley & Sons Inc. (A),2F7,2F7,AC,6166,1,Z_USA_Liq2_TG,0
US9682233054,939186,John Wiley & Sons Inc. (B),2F70,2F70,AT,6166,1,Z_USA_Liq3_noDETG,0
US96924N1000,A0LB1U,Willdan Group Inc.,J2A,WLDN,AT,6166,1,Z_USA_Liq2_TG,0
US9694571004,855451,The Williams Companies Inc.,WMB,WMB,AL,6166,1,Z_USA_Liq1_DETG,1
US9699041011,867980,Williams-Sonoma Inc.,WM1,WSM,AC,6166,1,Z_USA_Liq2_TG,0
US9706461053,920892,Willis Lease Finance Corp.,WIJ,WLFC,AL,6166,1,Z_USA_Liq2_TG,0
US9713781048,A2P8AW,WillScot Corp.,WS11,WS11,AC,6166,1,Z_USA_Liq2_TG,0
US9741551033,A14UYK,Wingstop Inc.,WST,WSTG,AC,6166,1,Z_USA_Liq2_TG,0
US9746371007,857479,Winnebago Industries Inc.,WI1,WGO,AT,6166,1,Z_USA_Liq3_noDETG,0
US97650W1080,908658,Wintrust Financial Corp.,WF2,WTFC,AC,6166,1,Z_USA_Liq2_TG,0
US97651M1099,578886,Wipro Ltd. (ADRs),WIOA,WIPRy,AE,6166,1,Z_ASIA_Liq2_TG,0
US97717P1049,A0F61X,Wisdomtree Investments Inc.,1WT,1WT,AL,6166,1,Z_USA_Liq2_TG,0
US97727L4086,A3EN5P,WISeKey Internat. Holding Ltd. (ADRs),1W81,1W81y,AY,6166,1,Z_EU_Liq2_TG,0
US97785W1062,A41JEH,Wolfspeed Inc.,CR6,CR6,AD,6166,1,Z_USA_Liq2_TG,1
US9778742059,602468,Wolters Kluwer N.V. ADR,WOS,WOSy,AD,6166,1,Z_USA_Liq3_noDETG,0
US9780971035,855987,Wolverine World Wide Inc.,WW4,WWW,AT,6166,1,Z_USA_Liq2_TG,0
US9802283088,867328,Woodside Petroleum Ltd. (ADRs),WOP,WOPy,AG,6166,1,Z_ASIA_Liq3_noDETG,0
US9807451037,919406,Woodward Inc.,WW1,WGOV,AC,6166,1,Z_USA_Liq2_TG,0
US98138H1014,A1J39P,Workday Inc.,W7D,W7D,AC,6166,1,Z_USA_Liq2_TG,1
US98139A1051,A12GL6,Workiva Inc.,0WKA,0WKA,AL,6166,1,Z_USA_Liq2_TG,0
US9814191048,892493,World Acceptance Corp.,WOA,WRLD,AD,6166,1,Z_USA_Liq3_noDETG,0
US9814751064,877876,World Kinect Corp.,WFK,WFK,AC,6166,1,Z_USA_Liq2_TG,0
US98161H1014,A2QRDL,Worldline SA (ADRs),WO60,WO60y,AY,6166,1,Z_EU_Liq3_noDETG,0
US9818111026,870882,Worthington Industries Inc.,WTH,WTHG,AL,6166,1,Z_USA_Liq2_TG,0
US9821041012,A3EYZG,Worthington Steel Inc.,Z2J,Z2J,AL,6166,1,Z_USA_Liq2_TG,0
US98260N1081,A2PQ3Q,WUXI Biologics [Cayman] Inc. (ADRs),1FW1,1FW1y,AG,6166,1,Z_ASIA_Liq3_noDETG,0
US9831341071,663244,Wynn Resorts Ltd.,WYR,WYNN,AB,6166,1,Z_USA_Liq1_DETG,1
US9837931008,A1JHUP,XPO Logistics Inc.,UX2A,UX2A,AL,6166,1,Z_USA_Liq2_TG,0
US98379L1008,A2PN36,XPEL Inc.,XPX,XPX,AC,6166,1,Z_USA_Liq2_TG,0
US98386D3070,A2DK34,XTL Biopharmaceuticals Ltd. (ADRs),H2K2,H2K2y,AD,6166,1,Z_USA_Liq3_noDETG,0
US98389B1008,855009,Xcel Energy Inc.,NRN,XEL,AL,6166,1,Z_USA_Liq1_DETG,1
US98401F1057,A1W96L,Xencor Inc.,XE9,XE9,AC,6166,1,Z_USA_Liq2_TG,0
US98419E1082,A1JJL2,Xunlei Ltd. (ADRs),4XN,4XNy,AF,6166,1,Z_ASIA_Liq2_TG,0
US98419M1009,A1JMBU,Xylem Inc.,XY6,XY6,AB,6166,1,A_TradeRebel_HG3US,1
US98420P3082,A2JDJS,Xtant Medical Holdings Inc.,XMS,XMSG,AC,6166,1,Z_USA_Liq2_TG,0
US98421F1012,A2QJHZ,Xinyi Solar Holdings Ltd. (ADRs),13X0,13X0y,AG,6166,1,Z_ASIA_Liq3_noDETG,0
US98421M1062,A2PPE1,Xerox Holdings Corp.,XER2,XER2,AL,6166,1,Z_USA_Liq2_TG,1
US98421U1088,A2N52M,Xiaomi Corp. (ADRs),3CPA,3CPAy,AG,6166,1,Z_ASIA_Liq3_noDETG,0
US98422D1054,A2QBX7,XPeng Inc. (ADRs),8XPA,Fehlt,AC,6166,1,Z_USA_Liq2_TG,1
US98422E1038,A3C4ZC,Xeris Biopharma Holdings Inc.,2B30,2B30,AL,6166,1,Z_USA_Liq2_TG,0
US98422P1084,A2QLR3,Xiaobai Maimai Inc. (ADRs),8HX,8HXy,AD,6166,1,Z_USA_Liq3_noDETG,0
US98423F1093,A3CTJB,Xometry Inc,0N5,0N5,AC,6166,1,Z_USA_Liq2_TG,0
US9842451000,886738,YPF S.A. (ADRs),YPF,YPFy,AC,6166,1,Z_USA_Liq2_TG,1
US98459U1034,A2QDY5,Yalla Group Ltd. (ADRs),80Q,80Qy,AE,6166,1,Z_ASIA_Liq2_TG,0
US9848461052,913195,Yanzhou Coal Mining Co. Ltd. (ADRs),YZC,YCZy,AT,6166,1,Z_USA_Liq3_noDETG,0
US9848512045,A0B9TA,Yara International ASA (ADRs),IU20,IU20y,AD,6166,1,Z_USA_Liq3_noDETG,0
US9858171054,A1JQ9H,Yelp Inc.,Y9L,Y9L,AT,6166,1,Z_USA_Liq2_TG,0
US98585L1008,A2AC13,Yirendai Ltd. (ADRs),19YA,19YAy,AL,6166,1,Z_USA_Liq2_TG,0
US98585N1063,A2DNPH,Yext Inc.,0YE,0YE,AL,6166,1,Z_USA_Liq2_TG,0
US98585X1046,A2N7XR,Yeti Holdings Inc.,1YN,1YN,AT,6166,1,Z_USA_Liq2_TG,0
US9871841089,603050,York Water Co.,YWA,YWA,AL,6166,1,Z_USA_Liq2_TG,0
US9884981013,909190,Yum! Brands Inc.,TGR,YUM,AB,6166,1,Z_USA_Liq1_DETG,1
US98850P1093,A2ARTP,Yum China Holdings Inc.,0YU,0YU,AE,6166,1,Z_ASIA_Liq2_TG,1
US98887L1052,ZAL1AD,Zalando SE (ADRs),ZAL1,ZAL1y,GX,6183,1,Z_EU_Liq3_noDETG,1
US98887Q1040,A2DX1V,Zai Lab Ltd. (ADRs),1ZL,1ZLy,AE,6166,1,Z_ASIA_Liq2_TG,0
US9892071054,882578,Zebra Technologies Corp.,ZT1A,ZBRA,AB,6166,1,Z_USA_Liq1_DETG,1
US98923T1043,A2AJ7X,Zedge Inc.,34Z,34Z,AT,6166,1,Z_USA_Liq2_TG,0
US98954M1018,A14NX6,Zillow Group Inc.,0ZG,0ZG,AC,6166,1,Z_USA_Liq2_TG,0
US98954M2008,A14XZY,Zillow Group Inc. (C),0ZG2,0ZG2,AC,6166,1,Z_USA_Liq2_TG,0
US98956A1051,A3CR1U,Zeta Global Holdings Corp.,8EO,8EO,AC,6166,1,Z_USA_Liq2_TG,1
US98956P1021,753718,Zimmer Biomet Holdings Inc.,ZIM,ZMRHV,AL,6166,1,Z_USA_Liq2_TG,1
US9897011071,856942,ZIONS BANCORPORATION,ZB1,ZION,AS,6166,1,Z_USA_Liq2_TG,1
US98978V1035,A1KBYX,Zoetis Inc.,ZOE,ZOE,AL,6166,1,Z_USA_Liq1_DETG,1
US98980A1051,A2DFZG,ZTO Express (Cayman) Inc. (ADRs),ZTOA,ZTOAy,AC,6166,1,Z_USA_Liq2_TG,0
US98980B1035,A3CQ3L,ZipRecruiter Inc.,47R,47R,AC,6166,1,Z_USA_Liq2_TG,1
US98980F1049,A2P5HE,ZoomInfo Technologies Inc.,ZOM,ZOMG,AL,6166,1,Z_USA_Liq2_TG,0
US98980G1022,A2JF28,Zscaler Inc.,0ZC,0ZC,AB,6166,1,Z_USA_Liq1_DETG,1
US98980L1017,A2PGJ2,Zoom Communications Inc.,5ZM,5ZM,AL,6166,1,Z_USA_Liq1_DETG,1
US9898171015,A0EATL,Zumiez Inc.,ZM3,ZUMZ,AD,6166,1,Z_USA_Liq3_noDETG,0
US9898251049,A1JWRL,Zurich Insurance Group AG (Sp ADRs),ZFI1,ZFI1y,AY,6166,1,Z_EU_Liq3_noDETG,0
US98983L1089,A3C4XJ,Zurn Water Solutions Corp.,4RX0,4RX0,AC,6166,1,Z_USA_Liq2_TG,0
US98985Y1082,A3DSSN,Zymeworks Inc.,ZA8,ZA8,AC,6166,1,Z_USA_Liq2_TG,0
USN070451026,A0X96X,ASM International N.V.,AVSN,AVSN,AY,6166,1,Z_EU_Liq3_noDETG,0
USN070592100,A1J85V,ASML Holding N.V.,ASMF,ASMFy,AY,6166,1,Z_EU_Liq2_TG,1
USU0858L1036,A3C6HX,Devolver Digital Inc.,8CO,8COG,AT,6166,1,Z_USA_Liq3_noDETG,0
USU8884H1033,A2QP6H,tinyBuild Inc.,8Z3,8Z3,AD,6166,1,Z_USA_Liq3_noDETG,0
USY150411251,884144,China Steel Corp. (GDRs),CNS,CHINq,AG,6166,1,Z_ASIA_Liq3_noDETG,0
USY5217N1183,895354,Larsen and Toubro Ltd. (GDRs),LTO,LARTq,AF,6166,1,Z_ASIA_Liq2_TG,1
USY541641194,899481,Mahindra & Mahindra Ltd. (GDRs),MOM,MAHMq,AT,6166,1,Z_USA_Liq3_noDETG,0
VGG0056A1030,A3DXHC,ACG Acquisition Co. Ltd.,ACG,ACGG,AD,6166,1,Z_USA_Liq3_noDETG,0
VGG0103J1075,A3CML4,AdvancedAdvT Ltd.,06P0,06P0,AP,6166,1,Z_EU_Liq3_noDETG,0
VGG017351021,A2N4F4,Alien Metals Ltd.,I3A1,I3A1,AP,6166,1,Z_EU_Liq3_noDETG,0
VGG045791016,A2JB48,Arc Minerals Ltd.,DFYA,DFYA,AD,6166,1,Z_USA_Liq3_noDETG,0
VGG0457F1071,A1H9NG,Arcos Dorados Holdings Inc.,AD8,AD8,AC,6166,1,Z_USA_Liq2_TG,0
VGG0542G1028,A2P67T,AsiaInfo Technologies Ltd.,51N,51N,AP,6166,1,Z_EU_Liq3_noDETG,0
VGG069731120,A2PBMB,Aura Minerals Inc.,A531,A531,AL,6166,1,Z_USA_Liq2_TG,0
VGG118701058,A2AG9J,Bluebird Merchant Ventures Ltd.,09D,09D,AL,6166,1,Z_USA_Liq3_noDETG,0
VGG1890L1076,A2PBDX,Capri Holdings Ltd.,MKO,MKO1,AP,6166,1,Z_EU_Liq2_TG,1
VGG225641015,A2ACHP,Coinsilium Group Limited,5CT,5CT,AP,6166,1,Z_EU_Liq3_noDETG,0
VGG2423W1077,A2H5LB,Cora Gold Ltd.,C0J,C0J,AL,6166,1,Z_USA_Liq3_noDETG,0
VGG2662B1031,A40755,Critical Metals Ltd.,9O2,9O2,AT,6166,1,Z_USA_Liq2_TG,0
VGG2921V1067,A2ASDT,E-Commodities Holdings Ltd.,WWY1,WWY1,AG,6166,1,Z_ASIA_Liq3_noDETG,0
VGG2R04S1048,A3D2XW,DPC Dash Ltd.,X12,X12,AG,6166,1,Z_ASIA_Liq3_noDETG,0
VGG3036T1012,A2PZ2M,Empire Metals Ltd.,NOGN,NOGNG,AP,6166,1,Z_EU_Liq3_noDETG,0
VGG312491084,A2JRE4,Establishment Labs Holdings Inc.,3E0,3E0,AC,6166,1,Z_USA_Liq2_TG,0
VGG3198S1074,A3DLBX,Alpha Exploration Ltd.,J0C,J0C,AP,6166,1,Z_EU_Liq3_noDETG,0
VGG320891077,A3DNR9,eToro Group Ltd.,KQ2,KQ2,AG,6166,1,Z_ASIA_Liq2_TG,1
VGG368811037,A2JSVH,Fragrant Prosperity Hldgs Ltd.,52V,52V,AP,6166,1,Z_noMM,0
VGG379591065,A0MK5R,Gem Diamonds Ltd.,ZVW,GEMD,AP,6166,1,Z_EU_Liq3_noDETG,1
VGG4001R1047,A40QYV,Goldmoney Inc.,O5U,O5U,AT,6166,1,Z_USA_Liq2_TG,0
VGG4164C1005,A2PP3N,GSTechnologies Ltd.,6Y3,6Y3,AG,6166,1,Z_ASIA_Liq3_noDETG,0
VGG4392T1075,A2QHPL,Helium One Global Ltd.,9K3,9K3,AP,6166,1,Z_EU_Liq3_noDETG,0
VGG6483G2099,A41BEF,Newegg Commerce Inc.,J8D0,J8D0,AL,6166,1,Z_USA_Liq2_TG,0
VGG6564A1057,A112D1,Nomad Foods Ltd.,0NH,0NH,AP,6166,1,Z_EU_Liq3_noDETG,0
VGG678282051,A2NB42,Origin Agritech Ltd.,39O1,39O1,AF,6166,1,Z_ASIA_Liq2_TG,0
VGG7060R1139,A2NB2N,Phoenix Copper Ltd.,5HR,5HR,AP,6166,1,Z_EU_Liq3_noDETG,0
VGG7223M1187,A41H9E,Premier African Minerals Ltd.,0PA0,0PA0,AP,6166,1,Z_EU_Liq3_noDETG,0
VGG7707W1529,A1147Y,RTG Mining Inc.,6RM,6RM,AG,6166,1,Z_ASIA_Liq3_noDETG,0
VGG794831062,A3EGAN,SEALSQ Corp.,8OE,8OE,AP,6166,1,Z_EU_Liq2_TG,0
VGG930042012,A2N9J0,URU Metals Ltd.,NVRA,NVRA,AD,6166,1,Z_USA_Liq3_noDETG,0
VGG9888M1023,A0NF7G,Zanaga Iron Ore Company Ltd.,6ZA,ZIOC,AP,6166,1,Z_EU_Liq3_noDETG,0
XF000EW10057,EW1006,STXE,,FXXPZ2,AZ,6183,1,-,0
XF000EW10064,EW1005,MDAX,,FSMXZ2,AZ,6183,1,-,0
XF000EW10130,EW1013,MSCI A-P IDX,,FMASZ2,AZ,6183,1,-,0
ZAE000000220,863727,AECI Ltd.,A7Z,AFEJ,AQ,6166,1,Z_EU_Liq3_noDETG,0
ZAE000004875,864784,Nedbank Group Ltd.,NCO,NEDJ,AQ,6166,1,Z_EU_Liq2_TG,0
ZAE000005153,865971,Omnia Holdings Ltd.,OHZ,OMNJ,AQ,6166,1,Z_EU_Liq3_noDETG,0
ZAE000005443,875436,Pick'n Pay Stores Ltd.,PIK,PIKJ,AQ,6166,1,Z_EU_Liq3_noDETG,0
ZAE000006284,860275,Sappi Ltd.,SPI,SAPJ,AQ,6166,1,Z_EU_Liq2_TG,0
ZAE000006896,865164,Sasol Ltd.,SAOA,SOLJ,AQ,6166,1,Z_EU_Liq2_TG,1
ZAE000011953,932568,Netcare Ltd.,NH7,NTCJ,AQ,6166,1,Z_noMM,0
ZAE000012084,853202,Shoprite Holdings Ltd.,HY7,SHPJ,AQ,6166,1,Z_EU_Liq2_TG,0
ZAE000012373,912300,Mustek Ltd.,M1B,MSTJ,AQ,6166,1,Z_EU_Liq3_noDETG,0
ZAE000013181,856547,Valterra Platinum Ltd.,RPHA,AMSJ,AQ,6166,1,Z_EU_Liq2_TG,1
ZAE000015228,851267,Harmony Gold Mining Co. Ltd.,HAM1,HARJ,AQ,6166,1,Z_EU_Liq2_TG,1
ZAE000017745,914779,Datatec Ltd,DTT,DTT,AQ,6166,1,Z_EU_Liq3_noDETG,0
ZAE000018123,856777,Gold Fields Ltd.,EDGA,GFIJ,AQ,6166,1,Z_EU_Liq2_TG,1
ZAE000018354,885437,Labat Africa Ltd.,LAO,LAO,AQ,6166,0,Z_EU_Liq3_noDETG,0
ZAE000022331,338558,Discovery Ltd.,D3H,DSYJ,AQ,6166,1,Z_EU_Liq2_TG,0
ZAE000024501,907557,RMB Holdings Ltd,R8B,RMHJ,AQ,6166,1,Z_EU_Liq3_noDETG,0
ZAE000025284,865770,Oceana Group Ltd.,O1F,OCEJ,AQ,6166,1,Z_EU_Liq3_noDETG,0
ZAE000026480,578937,Remgro Ltd.,RE7,REMJ,AQ,6166,1,Z_EU_Liq3_noDETG,0
ZAE000028296,914428,Truworths International Ltd.,IUE,TRUJ,AQ,6166,1,Z_EU_Liq3_noDETG,0
ZAE000028304,A0JDZ7,Bell Equipment Ltd.,B2K,BELJ,AQ,6166,1,Z_EU_Liq3_noDETG,0
ZAE000029757,658572,Astral Foods Ltd.,A9U,ARLJ,AQ,6166,1,Z_noMM,0
ZAE000029773,925767,Invicta Holdings Ltd.,I5J,IVTJ,AQ,6166,1,Z_EU_Liq3_noDETG,0
ZAE000042164,897024,MTN Group Ltd.,LL6,MTNJ,AQ,6166,1,Z_EU_Liq2_TG,0
ZAE000044897,213719,Telkom SA SOC Ltd.,TZL1,TZL1,AQ,6166,1,Z_EU_Liq3_noDETG,0
ZAE000047353,479242,NewCoronation Fund Managers Ltd.,N8C,CMLJ,AQ,6166,1,Z_noMM,0
ZAE000049433,784554,Avi Ltd.,IZ6,AVIJ,AQ,6166,1,Z_EU_Liq3_noDETG,0
ZAE000054045,A0CAQD,African Rainbow Minerals Ltd.,EB9,ARIJ,AQ,6166,1,Z_EU_Liq2_TG,0
ZAE000058723,A0DNR0,DRDGOLD Ltd.,DUB1,DURJ,AQ,6166,1,Z_EU_Liq2_TG,1
ZAE000061727,A0DQFY,Metrofile Holdings Ltd.,3MA,MFLJ,AQ,6166,0,Z_noMM,0
ZAE000063863,A0D9CN,Woolworths Holdings Ltd.,WN3,WHLJ,AQ,6166,1,Z_EU_Liq2_TG,0
ZAE000066304,A0EACV,Firstrand Ltd.,FSRA,FSRJ,AQ,6166,1,Z_EU_Liq3_noDETG,0
ZAE000066692,A0ET80,Aspen Pharmacare Holdings Ltd.,LDZA,APNJ,AQ,6166,1,Z_EU_Liq2_TG,0
ZAE000070660,A0HGK5,Sanlam Ltd.,LA6A,SLMJ,AQ,6166,1,Z_EU_Liq2_TG,0
ZAE000071080,A0F69Z,Tiger Brands Ltd.,UG5A,TBSJ,AQ,6166,1,Z_EU_Liq2_TG,0
ZAE000079711,A0J28K,JSE Ltd.,JF6,JSEJ,AQ,6166,1,Z_EU_Liq3_noDETG,0
ZAE000081949,A0KEQC,Investec Ltd.,IYYA,INLJ,AQ,6166,1,Z_EU_Liq3_noDETG,0
ZAE000083648,A0KFSB,Impala Platinum Holdings Ltd.,IPHB,IMPJ,AQ,6166,1,Z_EU_Liq2_TG,1
ZAE000084992,A0LETJ,Exxaro Resources Ltd.,LCQ,EXXJ,AQ,6166,1,Z_EU_Liq2_TG,0
ZAE000085346,A0LC6R,Kumba Iron Ore Ltd.,KUI,KIOJ,AQ,6166,1,Z_EU_Liq2_TG,1
ZAE000088431,A0MJXU,Zeder Investments Ltd.,33Z,ZEDJ,AQ,6166,1,Z_EU_Liq3_noDETG,0
ZAE000093779,A0MSAR,Santam Ltd.,RXWA,RXWA,AQ,6166,1,Z_EU_Liq3_noDETG,0
ZAE000096210,A0MST4,Hulamin Ltd.,4H6,HLMJ,AQ,6166,1,Z_EU_Liq3_noDETG,0
ZAE000097580,A0MXAJ,Sun International Ltd.,RY1B,SUIJ,AQ,6166,1,Z_EU_Liq3_noDETG,0
ZAE000109815,A0NEF6,Standard Bank Group Ltd.,SKC2,SBKJ,AQ,6166,1,Z_EU_Liq2_TG,0
ZAE000117321,A0MV5A,New Bidvest Group Ltd.,NQL1,BVTJ,AQ,6166,1,Z_EU_Liq3_noDETG,0
ZAE000132577,A0RM1C,Vodacom Group Pty Ltd.,5VD,VODJ,AQ,6166,1,Z_EU_Liq2_TG,0
ZAE000134854,A0RPRJ,Clicks Group Ltd.,N1C,CLSJ,AQ,6166,1,Z_EU_Liq2_TG,0
ZAE000134961,A0RNR0,Arcelormittal South Africa Ltd.,ISC1,ACLJ,AQ,6166,1,Z_EU_Liq3_noDETG,0
ZAE000145892,A1CZC2,Life Healthcare Group Holdings Pte Ltd.,L53,L53,AQ,6166,1,Z_EU_Liq2_TG,0
ZAE000156253,A1JX9Q,Curro Holdings Ltd.,24P,24P,AQ,6166,0,Z_EU_Liq3_noDETG,0
ZAE000161832,A1JNRA,Super Group Ltd.,S8G1,S8G1,AQ,6166,1,Z_EU_Liq3_noDETG,0
ZAE000167391,A12CUS,Transaction Capital Ltd.,W55,W55,AQ,6166,1,Z_EU_Liq3_noDETG,0
ZAE000170049,A1J5X9,PPC Ltd.,OZV2,OZV2,AQ,6166,1,Z_EU_Liq3_noDETG,0
ZAE000171948,A1J9Y5,Master Drilling Group Ltd.,I49,I49,AQ,6166,1,Z_EU_Liq3_noDETG,0
ZAE000171963,A1KBHN,KAP Ltd.,KI8,KI8,AQ,6166,1,Z_EU_Liq3_noDETG,0
ZAE000179420,A1W3J7,Growthpoint Properties Ltd.,G5JA,G5JA,AQ,6166,1,Z_EU_Liq3_noDETG,0
ZAE000190724,A117WT,Hyprop Investments Ltd.,Q57,Q57,AQ,6166,1,Z_noMM,0
ZAE000191342,A12AQ1,Altron Ltd.,RY7A,RY7A,AQ,6166,1,Z_EU_Liq3_noDETG,0
ZAE000191417,A2JHCU,PSG Konsult Ltd.,EU4,EU4,AQ,6166,1,Z_EU_Liq3_noDETG,0
ZAE000200457,A141J4,Mr. Price Group Ltd.,M5M1,M5M1,AQ,6166,1,Z_EU_Liq2_TG,0
ZAE000202149,A14SW0,Novus Holdings Ltd.,N09,N09,AQ,6166,1,Z_EU_Liq3_noDETG,0
ZAE000208815,A142NS,Sygnia Ltd.,76S,76S,AQ,6166,1,Z_noMM,0
ZAE000248662,A2DYQF,Stadio Holdings Ltd.,0JX,0JX,AQ,6166,1,Z_EU_Liq3_noDETG,0
ZAE000250239,A2PAFD,Libstar Holdings Limited,FT0,FT0,AQ,6166,1,Z_noMM,0
ZAE000255360,A2JMUN,Old Mutual Ltd.,2KS,2KS,AQ,6166,1,Z_EU_Liq3_noDETG,0
ZAE000255915,A2JE9V,Absa Group Ltd.,AU61,AU61,AQ,6166,1,Z_EU_Liq2_TG,0
ZAE000259479,A2JPBS,Pepkor Holdings Ltd.,S1VA,S1VA,AQ,6166,1,Z_EU_Liq3_noDETG,0
ZAE000259701,A2PWVQ,Sibanye Stillwater Ltd.,47V,47V,AQ,6166,1,Z_EU_Liq2_TG,1
ZAE000272522,A2PL46,Southern Sun Ltd.,JK9,JK9,AQ,6166,1,Z_EU_Liq3_noDETG,0
ZAE000273116,A2PNRB,Tsogo Sun Ltd.,G5E,G5E,AQ,6166,1,Z_EU_Liq3_noDETG,0
ZAE000282356,A2P00N,Ninety One Ltd.,L91,L91,AQ,6166,1,Z_EU_Liq3_noDETG,0
ZAE000296554,A3CL8X,Thungela Resources Ltd.,6UP,6UP,AQ,6166,1,Z_EU_Liq2_TG,0
ZAE000298253,A3CS7L,Northam Platinum Holdings Ltd.,7JR,7JR,AQ,6166,1,Z_EU_Liq2_TG,0
ZAE000302618,A3C9WA,Aveng Ltd.,UG8,UG8,AQ,6166,1,Z_EU_Liq3_noDETG,0
ZAE000304796,A3DDQD,Fairvest Ltd.,2T20,2T20,AQ,6166,1,Z_EU_Liq3_noDETG,0
ZAE000314084,A3D3KQ,OUTsurance Group Ltd.,RMQ0,RMQ0,AQ,6166,1,Z_EU_Liq2_TG,0
ZAE000315768,A3D2P5,Zeda Ltd.,LJ0,LJ0,AQ,6166,1,Z_EU_Liq3_noDETG,0
ZAE000322095,A3EG2W,Nampak Ltd.,NNZ0,NNZ0,AQ,6166,1,Z_EU_Liq3_noDETG,0
ZAE000351946,A41H7X,Naspers Ltd.,NNW,NNW,AQ,6166,1,Z_EU_Liq2_TG,1
