WKN_Id;WKN;Timestamp;JIM_Value;Target_Market_Count;Present_Markets;Spread_Absolut;Spread_Prozentual;Best_Bid;Best Ask;Tradegate_Volume
103619;853390;2026-04-14 09:22:10.8334;0.0;4;['TG', 'F', 'LS1', 'SC1'];0.39;0.0089;43.855;44.245;8862.0
275769;892998;2026-04-14 09:22:10.9474;0.0;1;['F'];0.1;0.0219;4.56666666666667;4.66666666666667;0.0
2318620;A3EVYK;2026-04-14 09:22:11.0547;3180.45;3;['LS1', 'F', 'TG'];0.04;0.0088;4.55;4.59;3185.0
750080;A0M23V;2026-04-14 09:22:11.1666;8446.1;5;['F', 'LS1', 'TG', 'SC1', 'DE'];0.3;0.0032;95.0;95.3;8550.0
395361;A1JFYU;2026-04-14 09:22:11.2602;0.0;3;['LS1', 'F', 'BB1'];0.3;0.0105;28.7;29.0;0.0
1749949;A1147K;2026-04-14 09:22:11.3586;4251.78;5;['LS1', 'SC1', 'F', 'BB1', 'TG'];0.28;0.0197;14.22;14.5;4266.0
1373427;A2AMK9;2026-04-14 09:22:11.4540;2997.2;4;['LS1', 'BB1', 'TG', 'F'];0.8;0.0157;50.8;51.6;3048.0
267894;A0D9SU;2026-04-14 09:22:11.4820;9905.279999999999;5;['SC1', 'LS1', 'TG', 'DE', 'F'];0.08;0.0018;44.26;44.34;9958.5
125170;850185;2026-04-14 09:22:11.5167;5224.5;5;['SC1', 'F', 'LS1', 'TG', 'DE'];0.25;0.0062;40.5;40.75;5265.0
125180;A0F5L6;2026-04-14 09:22:11.6445;0.0;1;['LS1'];5.0;0.125;40.0;45.0;0.0
241168;854018;2026-04-14 09:22:11.7526;0.0;2;['LS1', 'F'];3.0;0.0385;78.0;81.0;0.0
125207;854019;2026-04-14 09:22:11.8510;0.0;1;['LS1'];7.0;0.1045;67.0;74.0;0.0
561102;876520;2026-04-14 09:22:12.0611;10005.6;5;['SC1', 'F', 'LS1', 'TG', 'BB1'];0.1;0.0038;26.4;26.5;10032.0
200066;852927;2026-04-14 09:22:12.1517;9875.25;4;['LS1', 'F', 'SC1', 'TG'];0.2;0.0081;24.75;24.95;9900.0
104187;909943;2026-04-14 09:22:12.2497;10424.699999999999;5;['SC1', 'F', 'LS1', 'TG', 'DE'];0.2;0.0019;105.3;105.5;10530.0
102434;588811;2026-04-14 09:22:12.2774;10352.58;4;['SC1', 'LS1', 'F', 'TG'];0.11;0.0117;9.43;9.54;10362.0
102677;632305;2026-04-14 09:22:12.4092;10132.0;5;['SC1', 'LS1', 'F', 'TG', 'DE'];0.2;0.0029;68.0;68.2;10200.0
103939;878279;2026-04-14 09:22:12.5095;10121.0;4;['LS1', 'F', 'TG', 'SC1'];0.15;0.0052;29.0;29.15;10150.0
103908;874341;2026-04-14 09:22:12.6081;11770.85;5;['LS1', 'F', 'TG', 'SC1', 'DE'];0.15;0.0025;59.15;59.3;11830.0
103934;877738;2026-04-14 09:22:12.6468;10422.449999999999;5;['LS1', 'SC1', 'TG', 'F', 'DE'];0.05;0.0008;65.55;65.6;10488.0
104261;919964;2026-04-14 09:22:12.7487;5022.0;5;['LS1', 'F', 'TG', 'BB1', 'SC1'];0.15;0.004;37.2;37.35;5032.0
200082;922985;2026-04-14 09:22:12.8468;10639.35;4;['F', 'TG', 'LS1', 'DE'];0.0;0.0;10.7;10.7;3210.0
103852;870378;2026-04-14 09:22:12.9398;5017.2;3;['LS1', 'F', 'TG'];0.1;0.0067;14.85;14.95;5032.0
235548;852735;2026-04-14 09:22:13.1330;5086.400000000001;4;['LS1', 'F', 'TG', 'BB1'];0.15;0.0085;17.6;17.75;5104.0
200078;915210;2026-04-14 09:22:13.2388;5353.4;4;['SC1', 'LS1', 'F', 'TG'];0.4;0.0022;184.8;185.2;5538.0
200083;928900;2026-04-14 09:22:13.3490;9931.419999999998;5;['LS1', 'F', 'TG', 'DE', 'SC1'];0.08;0.0048;16.58;16.66;9947.999999999998
103606;852894;2026-04-14 09:22:13.5353;10018.58;5;['SC1', 'F', 'LS1', 'TG', 'DE'];0.1;0.004;24.86;24.96;10043.44
104067;893975;2026-04-14 09:22:13.6317;0.0;3;['LS1', 'F', 'BB1'];0.2;0.0704;2.84;3.04;0.0
404727;A0JLPR;2026-04-14 09:22:13.7420;3070.7400000000002;3;['LS1', 'TG', 'F'];0.04;0.0109;3.66;3.7;3074.4
281035;A0ET17;2026-04-14 09:22:13.8553;10557.6;4;['SC1', 'LS1', 'F', 'TG'];0.3;0.0045;66.4;66.7;10624.0
166808;892502;2026-04-14 09:22:13.9661;5029.2;3;['F', 'TG', 'LS1'];0.2;0.0039;50.8;51.0;5080.0
104089;897200;2026-04-14 09:22:14.0616;10243.539999999999;5;['LS1', 'F', 'TG', 'DE', 'SC1'];0.12;0.0028;42.86;42.98;10286.4
104037;890447;2026-04-14 09:22:14.1796;18507.0;4;['SC1', 'LS1', 'F', 'TG'];0.3;0.0032;93.0;93.3;9983.1
264599;907391;2026-04-14 09:22:14.2829;9899.199999999999;5;['SC1', 'F', 'LS1', 'TG', 'DE'];0.25;0.0068;36.8;37.05;9936.0
104278;922230;2026-04-14 09:22:14.3752;10191.6;4;['LS1', 'SC1', 'F', 'TG'];0.2;0.0029;68.5;68.7;10260.0
515673;A0JL31;2026-04-14 09:22:14.4066;3041.8399999999997;3;['LS1', 'F', 'TG'];0.08;0.0213;3.76;3.84;3045.6
256135;A0X9EJ;2026-04-14 09:22:14.4552;10089.779999999999;6;['SC1', 'LS1', 'TG', 'F', 'DE', 'BB1'];0.0;0.0;20.24;20.24;9328.800000000001
2545923;A2JN9W;2026-04-14 09:22:14.4953;5132.4;4;['LS1', 'F', 'SC1', 'TG'];0.12;0.0077;15.6;15.72;5148.0
2600135;A2PBHR;2026-04-14 09:22:14.5881;0.0;3;['F', 'LS1', 'DE'];0.14;0.0341;4.1;4.24;0.0
1811011;A3D5BK;2026-04-14 09:22:14.6811;0.0;3;['F', 'LS1', 'BB1'];0.18;0.0268;6.71;6.89;0.0
164989;A40QVT;2026-04-14 09:22:14.8807;4980.75;4;['F', 'LS1', 'TG', 'SC1'];0.0;0.0;11.45;11.45;4992.2
3400787;A40TC4;2026-04-14 09:22:14.9176;5997.48;4;['TG', 'LS1', 'SC1', 'DE'];0.5;0.0132;37.82;38.32;6035.2
394938;A0JML5;2026-04-14 09:22:14.9513;10240.75;5;['F', 'SC1', 'LS1', 'TG', 'DE'];0.15;0.0044;34.25;34.4;10275.0
1564550;A2DYJN;2026-04-14 09:22:14.9772;9804.9;5;['F', 'SC1', 'LS1', 'TG', 'DE'];0.3;0.0021;142.1;142.4;9947.0
878697;A2JKHY;2026-04-14 09:22:15.0040;1572.1200000000001;4;['LS1', 'F', 'SC1', 'TG'];0.08;0.005;15.88;15.96;1588.0
2025657;A2PMK5;2026-04-14 09:22:15.0278;0.0;1;['LS1'];1.5;0.0556;27.0;28.5;0.0
2817534;A2NB37;2026-04-14 09:22:15.1165;5126.549999999999;3;['LS1', 'F', 'TG'];0.15;0.0126;11.95;12.1;5138.5
649098;A0MUZU;2026-04-14 09:22:15.2115;3057.1200000000003;4;['LS1', 'TG', 'F', 'BB1'];0.12;0.0227;5.28;5.4;3062.4
1125353;A2PHG5;2026-04-14 09:22:15.3117;5901.3;5;['LS1', 'F', 'SC1', 'TG', 'DE'];1.0;0.0134;74.7;75.7;5299.0
1612111;A2N9MM;2026-04-14 09:22:15.4091;0.0;3;['LS1', 'F', 'BB1'];0.3;0.0219;13.7;14.0;0.0
2475168;A2PDU9;2026-04-14 09:22:15.5951;2599.128;2;['F', 'TG'];0.009;0.1417;0.0635;0.0725;2599.191
2329917;A119T1;2026-04-14 09:22:15.6915;0.0;1;['F'];0.09;0.6081;0.148;0.238;0.0
1355184;A2JJ6E;2026-04-14 09:22:15.7951;1774.0020000000002;4;['TG', 'BB1', 'LS1', 'F'];0.0198;0.126;0.1572;0.177;1774.1592
2211617;A2JHF9;2026-04-14 09:22:15.8192;0.0;2;['F', 'LS1'];0.03;0.0545;0.55;0.58;0.0
2199880;A14PRT;2026-04-14 09:22:16.0047;0.0;2;['F', 'LS1'];0.009;0.6716;0.0134;0.0224;0.0
388679;763858;2026-04-14 09:22:16.1107;4753.32;4;['TG', 'F', 'LS1', 'BB1'];0.04;0.0513;0.78;0.82;4754.1
228510;875366;2026-04-14 09:22:16.2309;3444.3579999999997;3;['LS1', 'TG', 'F'];0.0004;0.0211;0.019;0.0194;1197.5426
2064038;A0JMMZ;2026-04-14 09:22:16.4691;0.0;1;['TG'];0.0079;0.1001;0.0789;0.0868;2727.0207
1652472;A12FQM;2026-04-14 09:22:16.5028;5868.099999999999;4;['SC1', 'TG', 'LS1', 'F'];0.126;0.0217;5.81;5.936;5873.91
1892763;215419;2026-04-14 09:22:16.6388;596.7115;1;['TG'];0.0053;0.1377;0.0385;0.0438;596.75
517036;863617;2026-04-14 09:22:16.8290;2876.448;4;['TG', 'F', 'LS1', 'BB1'];0.018;0.0165;1.091;1.109;2877.531
933073;901652;2026-04-14 09:22:16.9297;0.0;1;['TG'];0.2;0.0071;28.2;28.4;5922.0
2002082;A1J2YC;2026-04-14 09:22:17.0467;4873.2;2;['BB1', 'TG'];0.2;0.0153;13.1;13.3;4886.3
1670180;A115FX;2026-04-14 09:22:17.2430;0.0;3;['TG', 'F', 'BB1'];0.015;0.0974;0.154;0.169;1064.0
701927;914928;2026-04-14 09:22:17.3373;;4;['TG', 'F', 'LS1', 'BB1'];0.02;0.0242;0.825;0.845;5835.224999999999
1131740;552832;2026-04-14 09:22:17.4387;0.0;1;['TG'];0.2;0.0116;17.2;17.4;6897.2
3282843;A3D4V6;2026-04-14 09:22:17.5275;5898.24;5;['LS1', 'TG', 'SC1', 'F', 'BB1'];0.285;0.0123;23.105;23.39;5921.28
1385790;A0M5PT;2026-04-14 09:22:17.6228;0.0;0;[];0.0;0.0;0.0;0.0;0.0
1357486;577578;2026-04-14 09:22:17.7236;0.0;2;['TG', 'BB1'];0.05;0.0083;5.991;6.041;5866.7
2566324;A12HVN;2026-04-14 09:22:17.8139;4602.356;2;['TG', 'F'];0.07;0.086;0.814;0.884;4603.17
125275;787896;2026-04-14 09:22:17.9098;4529.8188;2;['TG', 'F'];0.0046;0.0252;0.1822;0.1868;4530.0
340911;918412;2026-04-14 09:22:18.1009;0.0;1;['BB1'];0.12;0.0432;2.78;2.9;0.0
2987460;A2AC6W;2026-04-14 09:22:18.2162;0.0;0;[];0.0;0.0;0.0;0.0;0.0
771200;A0NGFS;2026-04-14 09:22:18.3147;0.0;3;['F', 'LS1', 'BB1'];0.05;0.0472;1.06;1.11;0.0
701057;916902;2026-04-14 09:22:18.3595;5878.400000000001;4;['LS1', 'TG', 'BB1', 'F'];0.4;0.0114;35.2;35.6;5913.6
1631843;A12E90;2026-04-14 09:22:18.4598;1979.9964;3;['F', 'TG', 'LS1'];0.0004;0.037;0.0108;0.0112;1599.9984
3241336;A0HGQB;2026-04-14 09:22:18.5828;0.0;2;['F', 'LS1'];0.7;0.0483;14.5;15.2;0.0
1034670;A0YE9R;2026-04-14 09:22:18.6133;0.0;2;['TG', 'BB1'];0.021;0.0363;0.578;0.599;4600.616999999999
2455905;A2P8DT;2026-04-14 09:22:18.6673;0.0;1;['LS1'];0.08;0.1028;0.778;0.858;0.0
1535143;A2ABRH;2026-04-14 09:22:18.7765;0.0;3;['TG', 'F', 'LS1'];0.014;0.1007;0.139;0.153;906.1410000000001
1627363;A0MWX3;2026-04-14 09:22:18.8777;0.0;3;['TG', 'F', 'LS1'];0.0124;0.0681;0.182;0.1944;3745.014
1322802;A1J9LC;2026-04-14 09:22:18.9056;5868.126;4;['TG', 'LS1', 'SC1', 'BB1'];0.054;0.0221;2.442;2.496;5870.568
608157;A0LE2R;2026-04-14 09:22:19.0638;0.0;1;['BB1'];0.024;0.1081;0.222;0.246;0.0
656040;919400;2026-04-14 09:22:19.1556;;2;['TG', 'BB1'];0.05;0.0074;6.8;6.85;2943.0
103531;850524;2026-04-14 09:22:19.2092;33541.425;4;['TG', 'LS1', 'F', 'SC1'];0.12;0.0036;33.605;33.725;33575.0
1363099;911733;2026-04-14 09:22:19.2986;0.0;3;['F', 'LS1', 'TG'];0.0205;0.0911;0.225;0.2455;1575.0
248016;A0EAC6;2026-04-14 09:22:19.3976;1199.097;4;['TG', 'BB1', 'F', 'LS1'];0.04;0.0166;2.409;2.449;1201.5
872051;A0YGXR;2026-04-14 09:22:19.4880;0.0;1;['F'];0.0035;0.1429;0.0245;0.028;0.0
1033436;338128;2026-04-14 09:22:19.5936;4906.2;2;['TG', 'BB1'];0.04;0.009;4.44;4.48;4910.62
236899;859699;2026-04-14 09:22:19.7008;2908.48;4;['TG', 'F', 'BB1', 'LS1'];0.02;0.0268;0.745;0.765;2909.225
3241728;A0RC7E;2026-04-14 09:22:19.8095;4909.8;3;['TG', 'SC1', 'BB1'];0.2;0.012;16.7;16.9;4926.5
265763;A14VRS;2026-04-14 09:22:19.8366;0.0;0;[];0.0;0.0;0.0;0.0;0.0
146418;A14Z7W;2026-04-14 09:22:19.9401;1926.5416;1;['TG'];0.0034;0.0381;0.0892;0.0926;1926.6308000000001
357139;633434;2026-04-14 09:22:20.0453;4884.099999999999;2;['TG', 'BB1'];0.3;0.0178;16.9;17.2;4901.0
1667197;A2DGXJ;2026-04-14 09:22:20.4504;0.0;1;['LS1'];0.07;0.0593;1.18;1.25;0.0
184524;A0LA6D;2026-04-14 09:22:20.5440;5895.4800000000005;5;['TG', 'LS1', 'SC1', 'F', 'BB1'];0.196;0.0146;13.46;13.656;5908.9400000000005
1791365;A14PN8;2026-04-14 09:22:20.9171;6940.8;3;['TG', 'F', 'LS1'];0.2;0.0139;14.4;14.6;6955.2
250359;A0MJ31;2026-04-14 09:22:21.0403;0.0;2;['F', 'LS1'];0.015;0.2703;0.0555;0.0705;0.0
198956;882695;2026-04-14 09:22:21.1782;12753.039999999999;4;['TG', 'F', 'LS1', 'SC1'];0.2;0.0018;110.52;110.72;12862.98
1902672;A2DJFY;2026-04-14 09:22:21.3094;849.966;3;['LS1', 'TG', 'F'];0.0022;0.0647;0.034;0.0362;850.0000000000001
3249345;A0DJ8C;2026-04-14 09:22:21.5530;0.0;2;['F', 'LS1'];1.0;0.05;20.0;21.0;0.0
368629;A0JDKP;2026-04-14 09:22:21.8036;4762.113;3;['TG', 'LS1', 'F'];0.0162;0.0169;0.9558;0.972;2498.04
389111;A111EF;2026-04-14 09:22:22.1647;2916.18;3;['TG', 'F', 'LS1'];0.06;0.0195;3.08;3.14;2919.2400000000002
3241415;A1JCYL;2026-04-14 09:22:22.2837;;1;['TG'];0.1;0.0194;5.15;5.25;2930.3500000000004
2721573;A2AEH7;2026-04-14 09:22:22.6010;4875.639;3;['TG', 'LS1', 'SC1'];0.161;0.0226;7.114;7.275;4882.736
590316;A2DG1B;2026-04-14 09:22:22.7997;2701.216;1;['TG'];0.0048;0.1106;0.0434;0.0482;2701.2594
329976;898321;2026-04-14 09:22:22.8381;6916.8;5;['TG', 'LS1', 'SC1', 'F', 'BB1'];1.1;0.0105;104.8;105.9;7021.599999999999
799719;A1CTRV;2026-04-14 09:22:22.9460;2873.528;3;['TG', 'LS1', 'F'];0.089;0.0399;2.231;2.32;2875.759
198959;890952;2026-04-14 09:22:23.0482;0.0;5;['TG', 'F', 'SC1', 'LS1', 'BB1'];0.59;0.0071;83.04;83.63;7971.84
1179842;A0JJWF;2026-04-14 09:22:23.3785;0.0;1;['F'];0.006;0.1154;0.052;0.058;0.0
624768;A0JEGY;2026-04-14 09:22:23.4717;6779.136;2;['TG', 'LS1'];0.172;0.0317;5.432;5.604;5604.0
1588766;A2AD6E;2026-04-14 09:22:23.5683;2963.3100000000004;2;['TG', 'BB1'];0.02;0.0146;1.37;1.39;2964.6800000000003
2620594;A0YJ93;2026-04-14 09:22:23.6647;3312.4364;1;['TG'];0.0102;0.0566;0.1802;0.1904;3312.6166
594654;A0J3SR;2026-04-14 09:22:23.8559;0.0;1;['F'];0.08;0.0195;4.1;4.18;0.0
1004783;A115DQ;2026-04-14 09:22:24.0677;0.0;1;['F'];0.0022;0.131;0.0168;0.019;0.0
103786;A1C89A;2026-04-14 09:22:24.1831;0.0;1;['BB1'];0.3;0.0583;5.15;5.45;0.0
2848378;A2DNYE;2026-04-14 09:22:24.2852;0.0;0;[];0.0;0.0;0.0;0.0;0.0
958098;A0EQ2E;2026-04-14 09:22:24.3908;0.0;2;['F', 'LS1'];0.5;0.0481;10.4;10.9;0.0
1363116;615352;2026-04-14 09:22:24.6300;0.0;2;['SC1', 'BB1'];0.22;0.0474;4.64;4.86;0.0
2752571;A2DMAA;2026-04-14 09:22:24.7413;0.0;3;['LS1', 'F', 'SC1'];0.005;0.0024;2.055;2.06;0.0
3241340;A0B84K;2026-04-14 09:22:24.8609;0.0;4;['TG', 'F', 'LS1', 'BB1'];0.1;0.0248;4.04;4.14;2884.0
1015614;A2DGDJ;2026-04-14 09:22:24.9686;1253.7168;1;['TG'];0.0031;0.1845;0.0168;0.0199;1253.7336
624777;481592;2026-04-14 09:22:25.1892;2875.0950000000003;4;['TG', 'F', 'LS1', 'BB1'];0.0245;0.0212;1.155;1.1795;2876.2400000000002
336162;A0RM27;2026-04-14 09:22:25.4169;0.0;1;['BB1'];0.06;0.0133;4.52;4.58;0.0
508955;A0YGFT;2026-04-14 09:22:25.5216;0.0;1;['BB1'];0.024;0.1176;0.204;0.228;0.0
974020;A14XRL;2026-04-14 09:22:25.5574;0.0;4;['TG', 'F', 'BB1', 'LS1'];0.0065;0.0381;0.1705;0.177;852.5000000000001
2980215;A1J8P1;2026-04-14 09:22:25.6505;0.0;2;['F', 'LS1'];0.022;0.1028;0.214;0.236;0.0
3544169;580850;2026-04-14 09:22:25.7447;4882.188;4;['TG', 'LS1', 'F', 'BB1'];0.04;0.0068;5.886;5.926;4888.014
125286;865906;2026-04-14 09:22:25.9806;0.0;1;['LS1'];0.001;0.5;0.002;0.003;0.0
2335074;A0M8BN;2026-04-14 09:22:26.0847;0.0;2;['F', 'LS1'];0.022;0.0902;0.244;0.266;0.0
958112;A2AR9A;2026-04-14 09:22:26.1852;0.0;4;['TG', 'F', 'LS1', 'SC1'];0.0028;0.0206;0.1358;0.1386;8685.2304
158551;A1JNWA;2026-04-14 09:22:26.2786;6808.62;4;['SC1', 'TG', 'LS1', 'BB1'];0.06;0.0076;7.889;7.949;6816.446
1917110;A2ACRX;2026-04-14 09:22:26.3748;0.0;2;['F', 'LS1'];0.3;0.0377;7.95;8.25;0.0
750057;A2ABY7;2026-04-14 09:22:26.5257;1856.1047999999998;4;['BB1', 'F', 'TG', 'LS1'];0.0026;0.0778;0.0334;0.036;1856.1381999999999
1667199;928191;2026-04-14 09:22:26.7443;4870.900000000001;4;['TG', 'F', 'LS1', 'BB1'];0.15;0.0224;6.7;6.85;4877.6
125288;121862;2026-04-14 09:22:26.8462;7901.4400000000005;4;['TG', 'F', 'LS1', 'SC1'];0.11;0.0089;12.37;12.48;7913.786
125291;A0F610;2026-04-14 09:22:26.9659;7622.628000000001;3;['LS1', 'TG', 'BB1'];0.052;0.0329;1.582;1.634;7624.200000000001
386380;A1J88H;2026-04-14 09:22:27.0679;0.0;2;['F', 'LS1'];0.04;0.4706;0.085;0.125;0.0
587883;A0HMWV;2026-04-14 09:22:27.1737;2054.9315;3;['F', 'LS1', 'TG'];0.0085;0.1197;0.071;0.0795;1113.0
520222;A1C0D1;2026-04-14 09:22:27.2149;0.0;0;[];0.0;0.0;0.0;0.0;0.0
125292;A0MWRF;2026-04-14 09:22:27.3244;6878.299999999999;4;['LS1', 'F', 'BB1', 'TG'];0.2;0.0118;16.9;17.1;6895.2
517194;626517;2026-04-14 09:22:27.4335;4922.864;4;['TG', 'LS1', 'F', 'BB1'];0.049;0.0125;3.932;3.981;4926.796
549150;867152;2026-04-14 09:22:27.5469;0.0;2;['F', 'LS1'];0.036;0.0131;2.743;2.779;0.0
198971;917447;2026-04-14 09:22:27.7147;0.0;1;['TG'];0.013;0.1275;0.102;0.115;1320.186
3241347;A1W90D;2026-04-14 09:22:28.1005;2734.375;2;['TG', 'BB1'];0.04;0.0444;0.9;0.94;2735.25
3459957;A1W4H8;2026-04-14 09:22:28.4148;2940.06;4;['SC1', 'TG', 'LS1', 'BB1'];0.88;0.017;51.75;52.63;2991.64
198970;915865;2026-04-14 09:22:28.5192;0.0;2;['F', 'LS1'];0.04;0.0144;2.78;2.82;0.0
690555;A2AMF6;2026-04-14 09:22:28.6182;4674.255;3;['TG', 'LS1', 'F'];0.012;0.0591;0.203;0.215;4674.456
102022;941205;2026-04-14 09:22:28.7124;6806.5199999999995;1;['TG'];0.12;0.0274;4.38;4.5;6810.9
1455042;765651;2026-04-14 09:22:28.9946;4861.918;4;['SC1', 'TG', 'LS1', 'F'];0.13;0.0263;4.946;5.076;4866.864
177289;859133;2026-04-14 09:22:29.0917;6912.825;4;['TG', 'LS1', 'F', 'BB1'];0.022;0.0048;4.577;4.599;6917.400000000001
701944;637106;2026-04-14 09:22:29.2136;0.0;1;['BB1'];0.006;0.2308;0.026;0.032;0.0
184591;A0DPU0;2026-04-14 09:22:29.3314;0.0;2;['F', 'LS1'];0.08;0.0351;2.28;2.36;0.0
2494222;A2H81H;2026-04-14 09:22:29.4276;0.0;2;['TG', 'LS1'];0.008;0.4;0.02;0.028;195.0
720425;A2ATGV;2026-04-14 09:22:29.5531;2900.4;2;['TG', 'BB1'];0.03;0.0248;1.21;1.24;2901.6
3241342;A12F2H;2026-04-14 09:22:29.5835;0.0;2;['F', 'LS1'];0.12;0.06;2.0;2.12;0.0
911351;580897;2026-04-14 09:22:29.6125;0.0;3;['F', 'LS1', 'BB1'];0.1;0.0245;4.08;4.18;0.0
645811;727539;2026-04-14 09:22:29.7279;0.0;2;['TG', 'BB1'];0.8;0.0182;44.0;44.8;4928.0
2002957;806951;2026-04-14 09:22:29.7803;0.0;4;['TG', 'F', 'LS1', 'SC1'];0.2;0.0113;17.7;17.9;2864.0
828608;A1C82X;2026-04-14 09:22:29.8154;4885.866;3;['TG', 'LS1', 'BB1'];0.105;0.0225;4.671;4.776;4890.537
239881;A0CAG4;2026-04-14 09:22:29.8936;5044.7385;4;['TG', 'LS1', 'F', 'BB1'];0.006;0.0046;1.2965;1.3025;5046.0
198965;905456;2026-04-14 09:22:29.9283;0.0;1;['BB1'];0.082;0.0255;3.212;3.294;0.0
517230;A0DQ1G;2026-04-14 09:22:29.9592;0.0;2;['F', 'LS1'];0.028;0.1609;0.174;0.202;0.0
3241335;A2AL96;2026-04-14 09:22:30.0671;2930.4;1;['TG'];0.04;0.0167;2.4;2.44;2932.7999999999997
2721570;A1J7JF;2026-04-14 09:22:30.3509;0.0;0;[];0.0;0.0;0.0;0.0;0.0
854988;A2PTCL;2026-04-14 09:22:30.4678;1358.9094;2;['TG', 'LS1'];0.0092;0.1015;0.0906;0.0998;1347.3
449657;796995;2026-04-14 09:22:30.6599;2763.6335999999997;1;['TG'];0.0041;0.0852;0.0481;0.0522;2763.6816999999996
1024180;858788;2026-04-14 09:22:30.7891;6883.7;3;['LS1', 'TG', 'F'];0.03;0.0158;1.9;1.93;6885.599999999999
2992811;872514;2026-04-14 09:22:30.8934;0.0;0;[];0.0;0.0;0.0;0.0;0.0
3241334;A12G1C;2026-04-14 09:22:30.9922;0.0;2;['F', 'LS1'];0.8;0.0597;13.4;14.2;0.0
1363119;A0LFDX;2026-04-14 09:22:31.1870;4791.875;4;['LS1', 'TG', 'F', 'BB1'];0.033;0.029;1.138;1.171;4793.0025
125294;871899;2026-04-14 09:22:31.2320;13294.692;4;['TG', 'LS1', 'SC1', 'F'];0.042;0.0032;13.308;13.35;10712.0
1903607;A0DNP0;2026-04-14 09:22:31.3303;0.0;2;['F', 'LS1'];0.45;0.0592;7.6;8.05;0.0
431092;A0RE43;2026-04-14 09:22:31.4282;0.0;2;['TG', 'LS1'];0.0076;0.1473;0.0516;0.0592;1303.0548000000001
2568927;A2H9D5;2026-04-14 09:22:31.5364;0.0;1;['BB1'];0.01;0.0581;0.172;0.182;0.0
1090269;A0LFMD;2026-04-14 09:22:31.9596;0.0;2;['TG', 'BB1'];0.05;0.0088;5.65;5.7;5885.599999999999
125297;924371;2026-04-14 09:22:32.0807;0.0;3;['TG', 'F', 'LS1'];0.03;0.0288;1.04;1.07;5825.04
508950;896269;2026-04-14 09:22:32.1937;0.0;2;['TG', 'BB1'];0.012;0.0517;0.232;0.244;1897.76
661038;A0J36A;2026-04-14 09:22:32.2951;0.0;4;['TG', 'F', 'LS1', 'BB1'];0.35;0.01;34.96;35.31;6954.055
1808957;A0LG1C;2026-04-14 09:22:32.4621;0.0;3;['TG', 'LS1', 'F'];0.0165;0.0191;0.863;0.8795;3394.94
276502;A12GBB;2026-04-14 09:22:32.5664;0.0;1;['TG'];0.0038;0.0997;0.0381;0.0419;896.493
3241762;A0B9M1;2026-04-14 09:22:32.6932;0.0;1;['F'];0.5;0.0559;8.95;9.45;0.0
174246;577745;2026-04-14 09:22:32.7922;4906.799999999999;4;['F', 'LS1', 'BB1', 'TG'];0.2;0.0115;17.4;17.6;4924.2
125300;A0M6VH;2026-04-14 09:22:32.8193;6821.78;5;['TG', 'F', 'SC1', 'LS1', 'BB1'];1.98;0.0142;139.38;141.36;6961.0
872534;A0DNPW;2026-04-14 09:22:33.0180;1873.704;2;['LS1', 'TG'];0.0785;0.0669;1.174;1.2525;1874.878
485959;A2DJM2;2026-04-14 09:22:33.1147;2791.905;1;['TG'];0.0135;0.0724;0.1865;0.2;2792.0915
336128;A0D935;2026-04-14 09:22:33.2074;4890.28;4;['TG', 'LS1', 'F', 'BB1'];0.02;0.0111;1.8;1.82;4892.07
198940;853802;2026-04-14 09:22:33.4059;6922.139999999999;5;['TG', 'LS1', 'SC1', 'F', 'BB1'];0.275;0.0102;26.83;27.105;6948.969999999999
1834167;A2H7ME;2026-04-14 09:22:33.8152;0.0;2;['F', 'LS1'];0.07;0.0551;1.27;1.34;0.0
474436;911204;2026-04-14 09:22:34.0315;1488.063;5;['TG', 'F', 'LS1', 'SC1', 'BB1'];0.033;0.0099;3.329;3.362;1491.392
3241754;A0M6WF;2026-04-14 09:22:34.1494;0.0;3;['F', 'LS1', 'BB1'];0.14;0.0352;3.98;4.12;0.0
872019;A12G4J;2026-04-14 09:22:34.2494;0.0;1;['TG'];0.0054;0.1971;0.0274;0.0328;1370.0
556200;A0BLDY;2026-04-14 09:22:34.4452;6922.484;4;['F', 'SC1', 'LS1', 'TG'];0.036;0.0025;14.468;14.504;6936.8460000000005
358112;A0LBN5;2026-04-14 09:22:34.5387;0.0;0;[];0.0;0.0;0.0;0.0;0.0
695550;881339;2026-04-14 09:22:34.6449;4682.6;2;['TG', 'BB1'];0.08;0.0615;1.3;1.38;4685.2
101488;A2H9WL;2026-04-14 09:22:34.6864;2904.824;2;['TG', 'F'];0.013;0.0289;0.4505;0.4635;2905.2745
1505508;A2DUU7;2026-04-14 09:22:34.7764;0.0;2;['TG', 'F'];0.0296;0.2039;0.1452;0.1748;4101.7548
1292080;A0MYVW;2026-04-14 09:22:34.9844;8796.48;2;['TG', 'BB1'];0.14;0.0398;3.52;3.66;8800.0
1299146;A1W4X0;2026-04-14 09:22:35.0809;0.0;1;['TG'];0.2;0.0082;24.4;24.6;7929.999999999999
960204;A1C9HQ;2026-04-14 09:22:35.1787;4875.0;2;['TG', 'BB1'];0.15;0.0192;7.8;7.95;4882.8
3241778;A1W81B;2026-04-14 09:22:35.3901;0.0;3;['F', 'LS1', 'BB1'];0.04;0.0494;0.81;0.85;0.0
732415;931678;2026-04-14 09:22:35.4929;0.0;4;['LS1', 'TG', 'F', 'BB1'];0.069;0.0093;7.431;7.5;3044.948
645812;854422;2026-04-14 09:22:35.5935;5887.5;5;['TG', 'F', 'SC1', 'LS1', 'BB1'];0.2;0.016;12.5;12.7;5900.0
2180078;A12FJ4;2026-04-14 09:22:35.6879;0.0;2;['BB1', 'F'];0.009;0.0698;0.129;0.138;0.0
198958;890889;2026-04-14 09:22:35.8100;11848.096;3;['TG', 'LS1', 'SC1'];0.128;0.0161;7.93;8.058;3062.04
286699;A0CBE5;2026-04-14 09:22:35.9097;1428.2071999999998;2;['TG', 'LS1'];0.0112;0.032;0.3504;0.3616;1428.5536
2535296;A0Q4D2;2026-04-14 09:22:36.0093;0.0;1;['TG'];0.0125;0.1309;0.0955;0.108;2638.1875
172041;A0YGCV;2026-04-14 09:22:36.2124;9379.7145;4;['SC1', 'TG', 'LS1', 'F'];0.0315;0.0097;3.242;3.2735;2455.125
872054;A0YFVM;2026-04-14 09:22:36.3212;1935.75;4;['TG', 'LS1', 'F', 'BB1'];0.071;0.0319;2.225;2.296;1937.9750000000001
349116;A12F4T;2026-04-14 09:22:36.4205;2738.19;2;['TG', 'BB1'];0.045;0.0744;0.605;0.65;2738.785
250386;A0B7MN;2026-04-14 09:22:36.7264;6816.435;3;['TG', 'LS1', 'F'];0.075;0.0225;3.331;3.406;6819.752
2606120;A1JW80;2026-04-14 09:22:36.8230;0.0;1;['TG'];0.022;0.1164;0.189;0.211;892.458
198961;896435;2026-04-14 09:22:37.1220;7862.994;4;['TG', 'LS1', 'SC1', 'F'];0.093;0.0172;5.393;5.486;7868.387
358420;879189;2026-04-14 09:22:37.2179;6877.4;2;['TG', 'BB1'];0.2;0.0146;13.7;13.9;6891.099999999999
136768;A1C0DA;2026-04-14 09:22:37.3137;0.0;1;['SC1'];0.14;0.0476;2.94;3.08;0.0
649987;A2ADQM;2026-04-14 09:22:37.4054;0.0;3;['TG', 'BB1', 'LS1'];0.044;0.1528;0.288;0.332;1417.1599999999999
1292141;931148;2026-04-14 09:22:37.4988;0.0;0;[];0.0;0.0;0.0;0.0;0.0
737668;874338;2026-04-14 09:22:37.7114;9723.2;2;['TG', 'BB1'];0.2;0.0084;23.8;24.0;9746.800000000001
1087759;888874;2026-04-14 09:22:37.7419;0.0;3;['F', 'LS1', 'BB1'];0.05;0.0316;1.58;1.63;0.0
103658;855018;2026-04-14 09:22:37.7739;9738.4;5;['SC1', 'TG', 'F', 'LS1', 'BB1'];0.2;0.0019;103.6;103.8;9842.0
534239;935168;2026-04-14 09:22:37.8783;0.0;4;['SC1', 'TG', 'F', 'LS1'];0.8;0.0419;19.1;19.9;6669.0
357142;808383;2026-04-14 09:22:37.9750;4638.535;4;['LS1', 'TG', 'F', 'BB1'];0.024;0.0105;2.275;2.299;4640.79
2848375;A1C9A9;2026-04-14 09:22:38.1708;0.0;2;['F', 'TG'];0.0029;0.0742;0.0391;0.042;511.80729999999994
1437142;A0B8RA;2026-04-14 09:22:38.2717;6528.145;4;['TG', 'LS1', 'SC1', 'BB1'];0.041;0.0094;4.378;4.419;6532.500000000001
695673;794836;2026-04-14 09:22:38.3749;2872.96;3;['TG', 'LS1', 'F'];0.0116;0.0134;0.8632;0.8748;2873.8176000000003
1156101;A14QLH;2026-04-14 09:22:38.5690;5619.189;4;['SC1', 'TG', 'LS1', 'F'];0.018;0.0064;2.827;2.845;5622.0
125301;851747;2026-04-14 09:22:38.6628;2350.188;3;['TG', 'LS1', 'F'];0.0256;0.0605;0.4234;0.449;2350.611
243141;A1156H;2026-04-14 09:22:38.7586;0.0;2;['TG', 'BB1'];0.02;0.0094;2.12;2.14;5912.68
2024850;A2DNJ3;2026-04-14 09:22:38.8486;0.0;3;['F', 'LS1', 'BB1'];0.002;0.0183;0.109;0.111;0.0
2045763;A0EAC4;2026-04-14 09:22:38.9512;5899.3;4;['TG', 'LS1', 'F', 'BB1'];0.1;0.0116;8.65;8.75;5907.95
474437;A0ERN6;2026-04-14 09:22:39.0614;4876.316;4;['TG', 'F', 'LS1', 'BB1'];0.2;0.0189;10.56;10.76;4886.848
212104;A0F63Y;2026-04-14 09:22:39.1646;6781.475;3;['LS1', 'TG', 'BB1'];0.115;0.0093;12.31;12.425;6793.650000000001
126140;887471;2026-04-14 09:22:39.2558;0.0;4;['TG', 'F', 'LS1', 'BB1'];0.04;0.0157;2.54;2.58;5882.64
1808950;909081;2026-04-14 09:22:39.3604;6889.7519999999995;5;['TG', 'F', 'LS1', 'SC1', 'BB1'];0.186;0.0155;12.024;12.21;6901.776
2129689;A14S4U;2026-04-14 09:22:39.5473;0.0;1;['BB1'];0.06;0.0309;1.94;2.0;0.0
126141;615018;2026-04-14 09:22:39.6504;0.0;1;['BB1'];0.14;0.0412;3.4;3.54;0.0
3241529;A0YFE7;2026-04-14 09:22:39.7502;0.0;1;['BB1'];0.12;0.08;1.5;1.62;0.0
1232252;A0B7QA;2026-04-14 09:22:39.9461;1422.06;2;['TG', 'BB1'];0.016;0.046;0.348;0.364;1422.406
198937;796461;2026-04-14 09:22:40.0387;0.0;1;['BB1'];0.028;0.0903;0.31;0.338;0.0
198944;863403;2026-04-14 09:22:40.2408;7715.2919999999995;5;['TG', 'LS1', 'SC1', 'BB1', 'F'];0.07;0.0148;4.742;4.812;7719.985
970945;A0B6PK;2026-04-14 09:22:40.3306;0.0;1;['TG'];0.007;0.1037;0.0675;0.0745;906.0525
2097387;A0B5SL;2026-04-14 09:22:40.5242;0.0;1;['LS1'];0.5;0.0685;7.3;7.8;0.0
682385;886254;2026-04-14 09:22:40.6156;0.0;1;['BB1'];0.2;0.0204;9.8;10.0;0.0
1381099;A0LEFD;2026-04-14 09:22:40.7178;1529.898;4;['TG', 'F', 'BB1', 'LS1'];0.008;0.0784;0.102;0.11;990.0455999999999
2399577;A0LEG3;2026-04-14 09:22:40.7458;4104.5895;3;['TG', 'F', 'LS1'];0.008;0.0194;0.413;0.421;4105.0
397512;A0PEF6;2026-04-14 09:22:40.7775;2872.0559999999996;3;['TG', 'F', 'LS1'];0.014;0.0407;0.344;0.358;2872.3999999999996
1779581;A0MXQX;2026-04-14 09:22:40.8756;2214.2329000000004;1;['TG'];0.0045;0.0671;0.0671;0.0716;1489.28
1617683;892486;2026-04-14 09:22:40.9113;4810.96;1;['TG'];0.02;0.0357;0.56;0.58;4811.52
682386;917561;2026-04-14 09:22:41.0261;0.0;4;['TG', 'BB1', 'F', 'LS1'];0.12;0.0364;3.3;3.42;1430.08
1017933;917177;2026-04-14 09:22:41.1199;6852.599999999999;4;['TG', 'F', 'LS1', 'BB1'];0.15;0.0185;8.1;8.25;6860.7
1256693;A1C0Q2;2026-04-14 09:22:41.4259;0.0;0;[];0.0;0.0;0.0;0.0;0.0
2529325;A3D1FQ;2026-04-14 09:22:41.6189;0.0;3;['LS1', 'F', 'BB1'];0.112;0.0348;3.214;3.326;0.0
3489445;A2H7JK;2026-04-14 09:22:41.7272;2748.1090000000004;4;['BB1', 'TG', 'F', 'LS1'];0.077;0.0083;9.223;9.3;2757.3
2356258;931047;2026-04-14 09:22:41.8377;0.0;3;['SC1', 'TG', 'BB1'];0.3;0.018;16.7;17.0;7849.0
1180670;A0JC8C;2026-04-14 09:22:41.9346;0.0;1;['BB1'];0.04;0.129;0.31;0.35;0.0
2187631;A0MUF9;2026-04-14 09:22:42.0697;0.0;2;['F', 'LS1'];0.18;0.0769;2.34;2.52;0.0
1359395;A1H8S1;2026-04-14 09:22:42.0970;6879.0135;3;['TG', 'LS1', 'F'];0.0405;0.0174;2.3295;2.37;6881.343
806016;A0F5YD;2026-04-14 09:22:42.2781;0.0;3;['F', 'TG', 'LS1'];0.0082;0.1062;0.0772;0.0854;1659.4074
1148872;A1CZBT;2026-04-14 09:22:42.4976;3846.984;5;['TG', 'LS1', 'SC1', 'F', 'BB1'];0.066;0.0323;2.041;2.107;3849.013
198941;854242;2026-04-14 09:22:42.5914;6831.849999999999;5;['LS1', 'TG', 'SC1', 'F', 'BB1'];0.185;0.0075;24.765;24.95;6856.425
3352549;A2APH0;2026-04-14 09:22:42.6943;4876.2119999999995;3;['TG', 'LS1', 'BB1'];0.054;0.0231;2.336;2.39;4878.544
397520;911549;2026-04-14 09:22:42.8100;4882.2;4;['TG', 'F', 'LS1', 'BB1'];0.03;0.019;1.58;1.61;4883.780000000001
176074;876755;2026-04-14 09:22:43.0107;5877.3;5;['TG', 'SC1', 'LS1', 'F', 'BB1'];0.43;0.0095;45.21;45.64;5922.51
1190475;A2H9GP;2026-04-14 09:22:43.0396;0.0;3;['F', 'LS1', 'BB1'];0.04;0.0157;2.54;2.58;0.0
1966401;A2DGZ7;2026-04-14 09:22:43.1343;2930.25;5;['SC1', 'TG', 'F', 'LS1', 'BB1'];0.029;0.0074;3.91;3.939;2934.157
661154;A0MSK7;2026-04-14 09:22:43.2274;2959.1600000000003;5;['SC1', 'TG', 'F', 'LS1', 'BB1'];0.066;0.0129;5.102;5.168;2964.262
2081270;813023;2026-04-14 09:22:43.3152;4906.8;1;['TG'];0.1;0.0142;7.05;7.15;4913.849999999999
645832;886853;2026-04-14 09:22:43.4104;7875.674999999999;5;['TG', 'F', 'LS1', 'SC1', 'BB1'];0.28;0.0126;22.185;22.465;7897.86
1376135;A2AGET;2026-04-14 09:22:43.5166;11437.080000000002;4;['SC1', 'TG', 'LS1', 'BB1'];0.205;0.0089;23.025;23.23;11460.0
2578552;A0MP37;2026-04-14 09:22:43.8209;0.0;1;['LS1'];0.013;0.3562;0.0365;0.0495;0.0
2457248;A2JMGQ;2026-04-14 09:22:43.9804;0.0;3;['TG', 'F', 'BB1'];0.01;0.0524;0.191;0.201;2826.06
3241484;A2JM2A;2026-04-14 09:22:44.0729;0.0;1;['LS1'];0.3;0.123;2.44;2.74;0.0
1675059;A2N4CD;2026-04-14 09:22:44.1677;0.0;0;[];0.0;0.0;0.0;0.0;0.0
2955430;A2N75P;2026-04-14 09:22:44.2738;0.0;4;['TG', 'LS1', 'F', 'BB1'];0.012;0.0706;0.17;0.182;2788.51
1345535;A2N9QN;2026-04-14 09:22:44.4696;0.0;2;['F', 'LS1'];0.1094;0.0724;1.5116;1.621;0.0
2472867;A2N9WN;2026-04-14 09:22:44.5669;;3;['TG', 'LS1', 'SC1'];0.2;0.0147;13.6;13.8;2951.2
1043870;A2PA44;2026-04-14 09:22:44.8731;0.0;3;['TG', 'F', 'LS1'];0.018;0.1488;0.121;0.139;869.99
666049;A2QKCE;2026-04-14 09:22:44.9659;0.0;3;['TG', 'LS1', 'BB1'];0.017;0.0282;0.602;0.619;3868.7999999999997
1955891;A2PKPN;2026-04-14 09:22:45.1472;0.0;2;['F', 'LS1'];0.15;0.0188;8.0;8.15;0.0
2137506;A2PL8P;2026-04-14 09:22:45.4638;0.0;3;['LS1', 'BB1', 'F'];0.034;0.1062;0.32;0.354;0.0
338591;A2PUD0;2026-04-14 09:22:45.5112;2931.09;1;['TG'];0.02;0.0163;1.23;1.25;2932.32
1028439;A2PV3A;2026-04-14 09:22:45.5582;7926.334;5;['TG', 'F', 'SC1', 'LS1', 'DE'];0.012;0.0056;2.158;2.17;7928.491999999999
113743;A2PV0S;2026-04-14 09:22:45.5911;631.8675;1;['TG'];0.0065;0.5652;0.0115;0.018;631.879
1340507;A2PW0M;2026-04-14 09:22:46.0230;1972.3770000000002;1;['TG'];0.003;0.0131;0.229;0.232;1972.606
1397048;A2PW6W;2026-04-14 09:22:46.1160;0.0;1;['F'];0.0045;0.1765;0.0255;0.03;0.0
1906735;A2P4AV;2026-04-14 09:22:46.1432;0.0;1;['F'];0.016;0.1096;0.146;0.162;0.0
2261766;A2P5M9;2026-04-14 09:22:46.3533;0.0;1;['F'];0.009;0.0818;0.11;0.119;0.0
2705645;A2P2UB;2026-04-14 09:22:46.5811;0.0;2;['TG', 'BB1'];0.02;0.02;1.0;1.02;2846.695
712783;A2P4YU;2026-04-14 09:22:46.6046;0.0;2;['LS1', 'F'];0.1464;0.1053;1.3902;1.5366;0.0
1470862;A2P41Y;2026-04-14 09:22:46.6924;5858.0;1;['TG'];0.4;0.0198;20.2;20.6;5878.2
298469;A2QAZR;2026-04-14 09:22:46.7842;0.0;1;['BB1'];0.015;0.2941;0.051;0.066;0.0
3232197;A3D4VK;2026-04-14 09:22:47.0603;0.0;2;['F', 'LS1'];0.08;0.051;1.57;1.65;0.0
566612;A3CPEX;2026-04-14 09:22:47.5554;0.0;3;['TG', 'BB1', 'LS1'];0.036;0.0287;1.256;1.292;1622.5
1956865;A3ET0R;2026-04-14 09:22:47.7387;1079.9964;1;['TG'];0.0004;0.1111;0.0036;0.004;400.0
1091526;A3CLTW;2026-04-14 09:22:47.8367;8009.32;2;['TG', 'BB1'];0.04;0.006;6.72;6.76;8016.0
1685043;A3C7FG;2026-04-14 09:22:47.9425;0.0;1;['F'];0.0295;2.0345;0.0145;0.044;0.0
4258711;A3EEXL;2026-04-14 09:22:48.1352;0.0;2;['BB1', 'LS1'];0.018;0.0608;0.296;0.314;0.0
2735131;A3CSEV;2026-04-14 09:22:48.3321;0.0;3;['TG', 'F', 'LS1'];0.01;0.0476;0.21;0.22;1893.78
2015548;A3CSV6;2026-04-14 09:22:48.4245;0.0;1;['TG'];0.05;0.0262;1.91;1.96;6793.87
3291339;A3C6E1;2026-04-14 09:22:48.5344;0.0;1;['LS1'];0.021;0.0561;0.374;0.395;0.0
1351222;A3CRZ8;2026-04-14 09:22:48.6620;2552.8298;3;['TG', 'F', 'LS1'];0.0058;0.0335;0.173;0.1788;2553.0
1155599;A3C28E;2026-04-14 09:22:48.7578;0.0;1;['F'];0.012;0.2222;0.054;0.066;0.0
993061;A3CWH9;2026-04-14 09:22:48.8540;0.0;2;['F', 'LS1'];-0.24;-0.0135;17.74;17.5;0.0
1825760;A3CUVD;2026-04-14 09:22:48.9998;0.0;2;['LS1', 'F'];0.012;0.2222;0.054;0.066;0.0
3622237;A3C45W;2026-04-14 09:22:49.1612;0.0;3;['LS1', 'F', 'BB1'];0.08;0.0247;3.24;3.32;0.0
1322967;A3C8RW;2026-04-14 09:22:49.3946;1434.0829999999999;1;['TG'];0.0015;0.0405;0.037;0.0385;1434.12
1086460;A3C6BV;2026-04-14 09:22:49.5105;2794.716;2;['TG', 'BB1'];0.004;0.0175;0.228;0.232;2320.0
3309936;A3C8V7;2026-04-14 09:22:49.6399;0.0;4;['TG', 'F', 'LS1', 'BB1'];0.043;0.0621;0.6925;0.7355;2824.015
101679;A3C7R6;2026-04-14 09:22:49.7356;12238.725;4;['F', 'TG', 'LS1', 'SC1'];0.18;0.0049;37.025;37.205;7469.0
3277985;A3DE4Y;2026-04-14 09:22:49.9324;0.0;0;[];0.0;0.0;0.0;0.0;0.0
1657758;A3DA5F;2026-04-14 09:22:50.0286;0.0;1;['F'];0.011;0.1719;0.064;0.075;0.0
1893192;A3C8TV;2026-04-14 09:22:50.0560;1793.464;2;['TG', 'LS1'];0.0335;0.1147;0.292;0.3255;1793.7559999999999
1339347;A3C84A;2026-04-14 09:22:50.1649;;3;['TG', 'F', 'LS1'];0.013;0.0249;0.522;0.535;3152.755
107513;A3C85Z;2026-04-14 09:22:50.1982;0.0;1;['F'];0.039;0.2108;0.185;0.224;0.0
2520074;A3C9JR;2026-04-14 09:22:50.2990;0.0;4;['TG', 'LS1', 'F', 'BB1'];0.0235;0.0448;0.524;0.5475;1595.9624999999999
648055;A3DESP;2026-04-14 09:22:50.5215;8550.149;2;['TG', 'LS1'];0.032;0.0111;2.877;2.909;8553.0
1875671;A3DJY5;2026-04-14 09:22:50.6145;0.0;2;['F', 'LS1'];0.0135;0.5192;0.026;0.0395;0.0
1952155;A3DK35;2026-04-14 09:22:50.7117;2919.3395;4;['TG', 'SC1', 'LS1', 'BB1'];0.025;0.0237;1.054;1.079;2920.39
2480181;A3DNGW;2026-04-14 09:22:50.8929;5929.0599999999995;4;['SC1', 'TG', 'LS1', 'F'];0.15;0.0074;20.345;20.495;5949.365
100399;A3DTM0;2026-04-14 09:22:51.0154;0.0;3;['TG', 'F', 'LS1'];0.013;0.0747;0.174;0.187;1857.1019999999999
3330819;A3D10V;2026-04-14 09:22:51.2402;6664.288;2;['TG', 'F'];0.0014;0.0368;0.038;0.0394;3338.9923999999996
1995131;A3D3E4;2026-04-14 09:22:51.3513;2722.3199999999997;2;['TG', 'BB1'];0.016;0.0526;0.304;0.32;2722.624
3241471;A3D2FY;2026-04-14 09:22:51.5011;0.0;2;['LS1', 'BB1'];0.18;0.0577;3.12;3.3;0.0
712669;A3D22Y;2026-04-14 09:22:51.6574;0.0;3;['TG', 'LS1', 'F'];0.073;0.0545;1.3396;1.4126;2841.8478
1834080;A3D3KA;2026-04-14 09:22:51.9779;0.0;1;['F'];0.0055;1.2222;0.0045;0.01;0.0
2523521;A3D6AX;2026-04-14 09:22:52.2065;0.0;1;['TG'];0.014;0.0667;0.21;0.224;2810.0099999999998
3073456;A3EC42;2026-04-14 09:22:52.5217;0.0;1;['TG'];0.005;0.0833;0.06;0.065;1500.0
107921;A3EF6Z;2026-04-14 09:22:52.5757;0.0;4;['TG', 'F', 'LS1', 'SC1'];1.0;0.0135;74.0;75.0;4958.0
2436868;A3ENBJ;2026-04-14 09:22:52.6886;0.0;1;['F'];0.12;0.0594;2.02;2.14;0.0
3470810;A3EWLY;2026-04-14 09:22:52.9612;6872.4;4;['LS1', 'TG', 'F', 'SC1'];0.22;0.0022;100.04;100.26;3115.5
2643504;A3E2HF;2026-04-14 09:22:53.2567;0.0;4;['F', 'TG', 'BB1', 'LS1'];0.08;0.0288;2.78;2.86;2875.9199999999996
2017799;A3E3UB;2026-04-14 09:22:53.3611;0.0;0;[];0.0;0.0;0.0;0.0;0.0
2109591;A3E1W6;2026-04-14 09:22:53.6775;0.0;0;[];0.0;0.0;0.0;0.0;0.0
851968;A400NK;2026-04-14 09:22:53.7854;0.0;2;['LS1', 'BB1'];0.03;0.0682;0.44;0.47;0.0
1897675;A402TM;2026-04-14 09:22:53.8968;0.0;2;['F', 'LS1'];0.65;0.089;7.3;7.95;0.0
1456961;A40A1Q;2026-04-14 09:22:53.9863;0.0;1;['F'];0.0195;1.6957;0.0115;0.031;0.0
2355807;A40F82;2026-04-14 09:22:54.2791;4968.0;3;['TG', 'LS1', 'F'];0.1;0.0083;12.0;12.1;4980.0
2587891;A40GYZ;2026-04-14 09:22:54.6938;0.0;2;['BB1', 'LS1'];0.16;0.0394;4.06;4.22;0.0
2502947;A40R3U;2026-04-14 09:22:54.7620;0.0;1;['LS1'];0.007;0.5833;0.012;0.019;0.0
2732410;A40R9Y;2026-04-14 09:22:54.8672;8100.299;3;['TG', 'LS1', 'F'];0.047;0.0174;2.701;2.748;3160.2000000000003
1676403;A40VSB;2026-04-14 09:22:55.0601;0.0;0;[];0.0;0.0;0.0;0.0;0.0
3422921;A410MN;2026-04-14 09:22:55.4023;5940.5;2;['BB1', 'TG'];0.2;0.0037;54.6;54.8;5995.0
3228929;A416F0;2026-04-14 09:22:55.5083;5890.5599999999995;4;['TG', 'SC1', 'BB1', 'LS1'];0.03;0.0156;1.92;1.95;5892.48
2500175;A419ZS;2026-04-14 09:22:55.6123;4840.9400000000005;4;['F', 'TG', 'LS1', 'BB1'];0.15;0.0172;8.732;8.882;4849.6
475315;A41GDG;2026-04-14 09:22:55.8184;0.0;1;['BB1'];0.012;0.2609;0.046;0.058;0.0
100665;A41MGV;2026-04-14 09:22:55.9170;0.0;3;['TG', 'LS1', 'BB1'];0.17;0.0322;5.285;5.455;2882.48
4368884;A41XFY;2026-04-14 09:22:56.1751;0.0;1;['TG'];0.003;0.2143;0.014;0.017;809.256
2052962;850398;2026-04-14 09:22:56.3011;0.0;3;['LS1', 'F', 'BB1'];4.0;0.01;401.0;405.0;0.0
126153;856200;2026-04-14 09:22:56.3602;10123.8;4;['LS1', 'F', 'TG', 'SC1'];0.08;0.0028;28.2;28.28;10152.0
198982;852064;2026-04-14 09:22:56.4565;0.0;4;['LS1', 'F', 'SC1', 'BB1'];0.15;0.0071;21.25;21.4;0.0
198987;854943;2026-04-14 09:22:56.5663;23213.350000000002;5;['TG', 'F', 'LS1', 'SC1', 'DE'];0.15;0.0013;116.65;116.8;23330.0
1849337;889713;2026-04-14 09:22:56.6888;0.0;2;['LS1', 'F'];0.5;0.0035;141.5;142.0;0.0
1056368;889972;2026-04-14 09:22:56.7784;0.0;2;['LS1', 'BB1'];1.0;0.0031;326.0;327.0;0.0
198999;914421;2026-04-14 09:22:56.8737;9815.4;4;['SC1', 'LS1', 'F', 'TG'];0.35;0.0041;86.1;86.45;9901.5
1056396;875802;2026-04-14 09:22:56.9666;0.0;3;['LS1', 'F', 'BB1'];0.1;0.0045;22.1;22.2;0.0
155604;904524;2026-04-14 09:22:57.0624;0.0;2;['LS1', 'F'];-6.0;-0.0077;784.0;778.0;0.0
2178720;877480;2026-04-14 09:22:57.1572;19760.0;4;['TG', 'LS1', 'F', 'SC1'];30.0;0.003;9880.0;9910.0;29640.0
198985;853358;2026-04-14 09:22:57.2714;8021.959999999999;4;['SC1', 'LS1', 'F', 'TG'];0.04;0.004;10.04;10.08;8031.999999999999
1016571;910303;2026-04-14 09:22:57.3695;0.0;2;['F', 'LS1'];0.0015;0.0556;0.027;0.0285;0.0
1322573;907547;2026-04-14 09:22:57.4629;0.0;4;['SC1', 'F', 'LS1', 'BB1'];0.1;0.0021;47.15;47.25;0.0
519521;852448;2026-04-14 09:22:57.5693;11025.0;4;['TG', 'F', 'LS1', 'SC1'];0.8;0.0036;225.0;225.8;11250.0
1953531;936956;2026-04-14 09:22:57.6849;0.0;3;['F', 'LS1', 'BB1'];0.3;0.0043;70.1;70.4;0.0
126155;632334;2026-04-14 09:22:57.7229;0.0;3;['LS1', 'F', 'BB1'];0.4;0.0075;53.6;54.0;0.0
1849332;926985;2026-04-14 09:22:57.8173;0.0;3;['F', 'LS1', 'BB1'];0.0385;0.0131;2.941;2.9795;0.0
2699472;798188;2026-04-14 09:22:58.0215;0.0;3;['F', 'LS1', 'BB1'];0.5;0.0123;40.5;41.0;0.0
199002;916424;2026-04-14 09:22:58.1287;4899.5;3;['F', 'LS1', 'TG'];0.2;0.0098;20.5;20.7;4920.0
198983;852738;2026-04-14 09:22:58.1612;27096.3;5;['TG', 'F', 'LS1', 'SC1', 'DE'];0.3;0.0011;273.7;274.0;27370.0
1367993;917575;2026-04-14 09:22:58.1935;0.0;2;['F', 'LS1'];0.75;0.06;12.5;13.25;0.0
3780691;806919;2026-04-14 09:22:58.2909;2678.9;3;['LS1', 'TG', 'F'];0.2;0.0066;30.1;30.3;2709.0
104269;920872;2026-04-14 09:22:58.3881;3087.5175;3;['F', 'LS1', 'TG'];0.007;0.0145;0.483;0.49;3088.0
126507;869057;2026-04-14 09:22:58.4883;9622.0;4;['SC1', 'LS1', 'F', 'TG'];0.8;0.0028;283.0;283.8;9905.0
199000;914998;2026-04-14 09:22:58.5931;4947.0199999999995;3;['LS1', 'TG', 'F'];0.08;0.0058;13.78;13.86;4960.8
3723952;936957;2026-04-14 09:22:58.7007;0.0;3;['F', 'LS1', 'BB1'];0.35;0.0076;46.3;46.65;0.0
293883;906200;2026-04-14 09:22:58.8032;0.0;1;['LS1'];0.125;0.1582;0.79;0.915;0.0
1179449;872417;2026-04-14 09:22:58.8374;0.0;3;['LS1', 'F', 'BB1'];0.015;0.007;2.135;2.15;0.0
198991;873222;2026-04-14 09:22:58.9396;20144.100000000002;4;['TG', 'LS1', 'SC1', 'F'];0.1;0.0012;80.9;81.0;20225.0
1043568;878321;2026-04-14 09:22:59.0365;0.0;1;['LS1'];22.0;0.0705;312.0;334.0;0.0
559595;812880;2026-04-14 09:22:59.1294;3105.4500000000003;3;['LS1', 'TG', 'F'];0.25;0.0249;10.05;10.3;3115.5
199003;A0B9FU;2026-04-14 09:22:59.2204;10008.245;4;['SC1', 'LS1', 'F', 'TG'];0.01;0.0014;6.955;6.965;10015.2
519148;A0DNRS;2026-04-14 09:22:59.3317;0.0;3;['LS1', 'F', 'SC1'];0.06;0.0055;10.94;11.0;0.0
450261;A0EAT9;2026-04-14 09:22:59.4373;5024.36;5;['SC1', 'LS1', 'F', 'TG', 'DE'];0.1;0.0042;24.04;24.14;5048.4
519519;A0ET8E;2026-04-14 09:22:59.5250;0.0;4;['LS1', 'F', 'SC1', 'BB1'];0.2;0.0057;35.3;35.5;0.0
516767;A0ERSV;2026-04-14 09:22:59.6250;5272.799999999999;4;['TG', 'F', 'SC1', 'LS1'];0.4;0.003;135.2;135.6;5408.0
959171;A0ETZ2;2026-04-14 09:22:59.7205;11191.6;5;['LS1', 'F', 'SC1', 'TG', 'BB1'];0.6;0.0026;228.4;229.0;11420.0
293887;A0ETT1;2026-04-14 09:22:59.7548;0.0;2;['LS1', 'F'];6.0;0.0269;223.0;229.0;0.0
2795464;A0JMC5;2026-04-14 09:22:59.8476;0.0;3;['LS1', 'F', 'BB1'];0.005;0.003;1.64;1.645;0.0
2092096;A0J27E;2026-04-14 09:22:59.9457;0.0;3;['F', 'LS1', 'BB1'];0.3;0.0096;31.1;31.4;0.0
1224734;A0LCUN;2026-04-14 09:22:59.9734;9862.4;4;['F', 'TG', 'LS1', 'SC1'];0.1;0.0014;73.6;73.7;9936.0
126509;A0LCLA;2026-04-14 09:23:00.0920;0.0;4;['F', 'SC1', 'LS1', 'BB1'];0.2;0.0029;69.8;70.0;0.0
126511;A0MK4T;2026-04-14 09:23:00.1874;0.0;3;['F', 'LS1', 'BB1'];0.2;0.004;50.6;50.8;0.0
2699411;A0LG0S;2026-04-14 09:23:00.2795;0.0;3;['LS1', 'F', 'BB1'];1.4;0.0205;68.4;69.8;0.0
100185;A0MU0L;2026-04-14 09:23:00.3061;0.0;4;['F', 'LS1', 'SC1', 'BB1'];0.1;0.0013;77.7;77.8;0.0
1016624;A0MVLY;2026-04-14 09:23:00.3982;0.0;2;['F', 'LS1'];0.02;0.0071;2.82;2.84;0.0
455382;A0M103;2026-04-14 09:23:00.4376;10097.0;4;['F', 'LS1', 'SC1', 'TG'];0.1;0.0043;23.0;23.1;10120.0
126520;A0M8Y5;2026-04-14 09:23:00.5391;8099.0;4;['LS1', 'SC1', 'F', 'TG'];0.5;0.0055;91.0;91.5;8190.0
495656;A0M9QW;2026-04-14 09:23:00.5666;0.0;2;['LS1', 'F'];0.025;0.0281;0.89;0.915;0.0
956341;A0NDYN;2026-04-14 09:23:00.6706;0.0;3;['F', 'LS1', 'BB1'];0.15;0.0133;11.25;11.4;0.0
1966036;A0RK8D;2026-04-14 09:23:00.7756;0.0;3;['LS1', 'F', 'BB1'];0.8;0.0081;99.1;99.9;0.0
3179180;910288;2026-04-14 09:23:00.8758;0.0;1;['LS1'];0.02;0.0169;1.18;1.2;0.0
519520;909765;2026-04-14 09:23:00.9747;10337.25;5;['F', 'TG', 'LS1', 'BB1', 'SC1'];0.15;0.0026;57.75;57.9;10395.0
294228;A1C7HA;2026-04-14 09:23:01.0481;9941.6;4;['F', 'LS1', 'TG', 'SC1'];0.08;0.0023;34.4;34.48;9976.0
220929;A1C8J5;2026-04-14 09:23:01.1497;0.0;4;['LS1', 'SC1', 'F', 'BB1'];0.15;0.0036;41.55;41.7;0.0
341045;A1H5AN;2026-04-14 09:23:01.2451;10041.8;4;['TG', 'F', 'LS1', 'SC1'];0.3;0.0018;170.2;170.5;10212.0
1179451;A1W7Q9;2026-04-14 09:23:01.3390;0.0;2;['LS1', 'F'];0.011;0.0351;0.313;0.324;0.0
3033500;A1JTWD;2026-04-14 09:23:01.4383;0.0;3;['F', 'LS1', 'BB1'];0.6;0.0149;40.4;41.0;0.0
111430;A1J1DR;2026-04-14 09:23:01.4701;10079.85;5;['TG', 'F', 'LS1', 'SC1', 'DE'];0.1;0.0015;67.65;67.75;10147.5
181234;A1JX9C;2026-04-14 09:23:01.5938;0.0;3;['LS1', 'F', 'BB1'];0.3;0.0141;21.3;21.6;0.0
1253052;A1W0FA;2026-04-14 09:23:01.6942;9238.152;3;['LS1', 'TG', 'F'];0.036;0.0194;1.852;1.888;9240.0
854788;A1W17J;2026-04-14 09:23:01.7855;0.0;1;['LS1'];0.026;0.437;0.0595;0.0855;0.0
1172201;A1W8RU;2026-04-14 09:23:01.8864;0.0;3;['LS1', 'F', 'BB1'];0.14;0.01;13.94;14.08;0.0
2265044;A1XAXT;2026-04-14 09:23:01.9906;0.0;2;['F', 'LS1'];0.1;0.009;11.05;11.15;0.0
2915811;A110SW;2026-04-14 09:23:02.0929;0.0;4;['LS1', 'SC1', 'F', 'BB1'];0.08;0.0063;12.74;12.82;0.0
1890943;A114V1;2026-04-14 09:23:02.1347;9966.6;4;['F', 'LS1', 'TG', 'SC1'];0.2;0.0068;29.35;29.55;9979.0
1876389;A116FD;2026-04-14 09:23:02.2455;7894.575;4;['SC1', 'F', 'LS1', 'TG'];0.02;0.0068;2.935;2.955;7897.499999999999
1016368;A119RF;2026-04-14 09:23:02.3481;0.0;2;['LS1', 'F'];0.1;0.0223;4.48;4.58;0.0
938049;A14NHV;2026-04-14 09:23:02.4489;0.0;2;['LS1', 'F'];0.0002;0.0909;0.0022;0.0024;0.0
125887;A14S3R;2026-04-14 09:23:02.5239;0.0;3;['F', 'LS1', 'BB1'];0.02;0.0017;11.84;11.86;0.0
573136;A2ABHA;2026-04-14 09:23:02.6203;0.0;4;['SC1', 'LS1', 'F', 'BB1'];0.1;0.0036;27.9;28.0;0.0
481328;A2ASUV;2026-04-14 09:23:02.6595;22475.600000000002;6;['LS1', 'F', 'SC1', 'TG', 'BB1', 'DE'];-0.02;-0.0003;64.48;64.46;22547.0
805181;A2AKN7;2026-04-14 09:23:02.7616;0.0;2;['F', 'LS1'];0.0044;0.0514;0.0856;0.09;0.0
2854557;A2JB6Z;2026-04-14 09:23:02.8163;0.0;2;['F', 'LS1'];0.082;0.1145;0.716;0.798;0.0
1246638;A2DH76;2026-04-14 09:23:02.9094;0.0;3;['LS1', 'F', 'BB1'];0.16;0.0079;20.24;20.4;0.0
2062193;A2DNYG;2026-04-14 09:23:02.9486;5259.735;4;['TG', 'F', 'LS1', 'SC1'];0.03;0.0057;5.27;5.3;5265.0
2128115;A2DSW0;2026-04-14 09:23:03.0281;0.0;3;['F', 'LS1', 'BB1'];0.025;0.0175;1.43;1.455;0.0
2187039;A2DR7Z;2026-04-14 09:23:03.1253;0.0;2;['LS1', 'F'];0.03;0.0462;0.65;0.68;0.0
2373734;A2H5A3;2026-04-14 09:23:03.1882;5253.43;5;['F', 'LS1', 'TG', 'SC1', 'DE'];0.06;0.0034;17.57;17.63;5271.0
2187961;A2JRRB;2026-04-14 09:23:03.2149;0.0;3;['LS1', 'F', 'BB1'];0.019;0.0433;0.4385;0.4575;0.0
117891;A2PBLU;2026-04-14 09:23:03.3194;0.0;3;['F', 'LS1', 'BB1'];0.36;0.0074;48.94;49.3;0.0
105101;A2PD78;2026-04-14 09:23:03.4338;0.0;3;['LS1', 'F', 'BB1'];0.017;0.0351;0.485;0.502;0.0
100841;A2PXG1;2026-04-14 09:23:03.5057;10056.0;4;['F', 'LS1', 'SC1', 'TG'];0.02;0.0008;24.0;24.02;10080.0
1317430;A2QCWK;2026-04-14 09:23:03.5491;0.0;3;['LS1', 'F', 'BB1'];0.02;0.0083;2.4;2.42;0.0
983236;A2P7YV;2026-04-14 09:23:03.6358;9974.4;4;['F', 'LS1', 'SC1', 'TG'];0.035;0.0036;9.6;9.635;9984.0
2321021;A2P7Y0;2026-04-14 09:23:03.6605;0.0;2;['LS1', 'F'];0.04;0.0081;4.94;4.98;0.0
778849;A2QCS4;2026-04-14 09:23:03.7211;1104.3000000000002;4;['F', 'LS1', 'TG', 'BB1'];0.04;0.0148;2.7;2.74;1107.0
2262669;A2QJ45;2026-04-14 09:23:03.8552;0.0;2;['F', 'LS1'];0.25;0.0145;17.25;17.5;0.0
772543;A2QRSB;2026-04-14 09:23:03.9542;0.0;2;['LS1', 'F'];0.095;0.0202;4.705;4.8;0.0
2187629;A3CS50;2026-04-14 09:23:04.0304;2896.0679999999998;4;['LS1', 'F', 'TG', 'BB1'];0.046;0.0236;1.952;1.998;2898.0
117970;A3C292;2026-04-14 09:23:04.0791;5046.66;4;['F', 'LS1', 'SC1', 'TG'];0.02;0.0021;9.54;9.56;3148.2
2744700;A3DMB0;2026-04-14 09:23:04.1629;0.0;2;['LS1', 'F'];0.1;0.0052;19.38;19.48;0.0
1493848;A3DNV3;2026-04-14 09:23:04.2570;10820.6;4;['F', 'LS1', 'SC1', 'TG'];0.6;0.0033;183.4;184.0;10992.0
117696;A3E1GW;2026-04-14 09:23:04.3287;9884.699999999999;4;['F', 'LS1', 'SC1', 'TG'];0.1;0.0019;52.35;52.45;9946.5
472022;A40H8H;2026-04-14 09:23:04.4453;0.0;2;['LS1', 'F'];0.0002;0.05;0.004;0.0042;0.0
428949;A40WHL;2026-04-14 09:23:04.6125;0.0;2;['F', 'LS1'];0.08;0.0163;4.92;5.0;0.0
3854721;A2DGX9;2026-04-14 09:23:04.6380;;5;['TG', 'LS1', 'F', 'DE', 'BB1'];0.8;0.0148;54.2;55.0;4869.0
1371778;A14XBY;2026-04-14 09:23:04.7718;0.0;2;['LS1', 'F'];0.011;0.9565;0.0115;0.0225;0.0
181060;A3ET99;2026-04-14 09:23:04.9736;20561.144;4;['SC1', 'F', 'LS1', 'TG'];0.002;0.0003;6.856;6.858;20568.0
1494250;A12EAP;2026-04-14 09:23:05.1711;4812.5187;3;['F', 'TG', 'LS1'];0.0086;0.0179;0.4813;0.4899;4813.0
646474;A119V1;2026-04-14 09:23:05.2653;4455.7182;3;['F', 'LS1', 'TG'];0.0076;0.123;0.0618;0.0694;4455.78
612738;A1CYV4;2026-04-14 09:23:05.3653;0.0;2;['LS1', 'F'];0.06;0.0423;1.42;1.48;0.0
3595945;A3EX6S;2026-04-14 09:23:05.4572;0.0;1;['F'];0.022;0.6111;0.036;0.058;0.0
1024358;590336;2026-04-14 09:23:05.6392;0.0;4;['TG', 'LS1', 'SC1', 'F'];1.08;0.0132;81.92;83.0;9912.32
1014537;A403TF;2026-04-14 09:23:05.6996;9991.369999999999;3;['TG', 'F', 'BB1'];0.03;0.0114;2.63;2.66;9994.0
199091;A0B9SX;2026-04-14 09:23:05.7906;0.0;2;['F', 'LS1'];0.003;0.0173;0.173;0.176;0.0
138365;A0CATL;2026-04-14 09:23:05.8884;0.0;3;['SC1', 'LS1', 'F'];3.0;0.0438;68.5;71.5;0.0
1976143;A3C5A3;2026-04-14 09:23:05.9841;3161.07;4;['TG', 'F', 'LS1', 'SC1'];0.0045;0.0048;0.93;0.9345;3162.0
1496976;A2PZ63;2026-04-14 09:23:06.0967;5264.73;4;['TG', 'LS1', 'SC1', 'F'];0.04;0.0076;5.28;5.32;5270.0
794712;A12EDV;2026-04-14 09:23:06.1546;0.0;2;['BB1', 'F'];0.585;0.0244;24.005;24.59;0.0
357924;A0Q10L;2026-04-14 09:23:06.2002;4030.722;3;['F', 'TG', 'LS1'];0.017;0.0594;0.286;0.303;4031.0000000000005
626073;A2DM97;2026-04-14 09:23:06.2868;0.0;2;['F', 'LS1'];0.0075;7.5;0.001;0.0085;0.0
3568357;A40P5A;2026-04-14 09:23:06.4894;0.0;1;['BB1'];0.031;0.3039;0.102;0.133;0.0
334730;A2DVJ1;2026-04-14 09:23:06.5177;0.0;1;['BB1'];0.075;0.1744;0.43;0.505;0.0
199031;884968;2026-04-14 09:23:06.7059;0.0;2;['TG', 'LS1'];0.0138;0.0444;0.311;0.3248;9507.42
785166;A3DAJT;2026-04-14 09:23:06.8044;0.0;4;['F', 'TG', 'LS1', 'SC1'];0.19;0.0383;4.96;5.15;5718.064
2706267;A2DHKS;2026-04-14 09:23:06.8922;5154.31;3;['TG', 'LS1', 'F'];0.045;0.0096;4.69;4.735;5159.0
643758;A40MNH;2026-04-14 09:23:06.9338;0.0;2;['F', 'SC1'];0.6;0.0162;37.0;37.6;0.0
508948;A0MKNY;2026-04-14 09:23:07.0563;0.0;2;['F', 'LS1'];0.054;0.5243;0.103;0.157;0.0
2825076;A2QEQ3;2026-04-14 09:23:07.1577;0.0;2;['F', 'LS1'];0.061;0.5545;0.11;0.171;0.0
199043;893697;2026-04-14 09:23:07.2305;0.0;4;['TG', 'LS1', 'BB1', 'F'];1.1;0.0294;37.46;38.56;2920.3199999999997
199088;A0B827;2026-04-14 09:23:07.3296;0.0;3;['F', 'LS1', 'BB1'];0.039;0.3071;0.127;0.166;0.0
716478;A0MQ4W;2026-04-14 09:23:07.4319;5913.072;4;['F', 'TG', 'LS1', 'BB1'];0.01;0.0189;0.528;0.538;5913.6
199071;931817;2026-04-14 09:23:07.5202;7160.2300000000005;4;['F', 'LS1', 'TG', 'BB1'];0.025;0.0323;0.775;0.8;7161.0
1326383;A0Q8LD;2026-04-14 09:23:07.6138;0.0;4;['F', 'TG', 'LS1', 'BB1'];0.045;0.0638;0.705;0.75;7050.0
126988;A0M90A;2026-04-14 09:23:07.6446;0.0;1;['F'];0.0015;0.5;0.003;0.0045;0.0
624814;A0RDZ8;2026-04-14 09:23:07.7440;0.0;4;['TG', 'F', 'LS1', 'BB1'];0.06;0.03;2.0;2.06;9800.0
328034;A12HLR;2026-04-14 09:23:07.7935;0.0;1;['TG'];0.013;0.0861;0.151;0.164;2748.2
126991;881815;2026-04-14 09:23:07.9180;0.0;2;['F', 'LS1'];0.0005;0.0435;0.0115;0.012;0.0
3419773;A3D63Y;2026-04-14 09:23:08.0274;0.0;1;['BB1'];0.019;0.1827;0.104;0.123;0.0
126992;A0MQ7Y;2026-04-14 09:23:08.2247;0.0;3;['BB1', 'F', 'LS1'];0.05;0.1323;0.378;0.428;0.0
288091;A2QQJG;2026-04-14 09:23:08.3123;0.0;2;['F', 'LS1'];0.0135;0.3971;0.034;0.0475;0.0
126995;A0LC0U;2026-04-14 09:23:08.4096;0.0;3;['TG', 'LS1', 'F'];0.006;0.3529;0.017;0.023;2125.2000000000003
515916;723581;2026-04-14 09:23:08.5033;0.0;2;['F', 'LS1'];0.003;0.0536;0.056;0.059;0.0
486140;A1JJT8;2026-04-14 09:23:08.6016;4672.781999999999;2;['TG', 'F'];0.011;0.6111;0.018;0.029;4640.4
585919;A2DTX9;2026-04-14 09:23:08.8130;13152.474;4;['TG', 'F', 'LS1', 'BB1'];0.216;0.0312;6.926;7.142;13159.4
2189924;A3E2E2;2026-04-14 09:23:08.9127;0.0;1;['F'];0.0025;0.1351;0.0185;0.021;0.0
199059;914198;2026-04-14 09:23:08.9403;0.0;2;['F', 'LS1'];0.009;0.0692;0.13;0.139;0.0
1898018;A14QFY;2026-04-14 09:23:09.0441;0.0;1;['LS1'];0.022;1.375;0.016;0.038;0.0
1818414;A3CXUE;2026-04-14 09:23:09.0742;0.0;2;['F', 'LS1'];0.0095;0.7917;0.012;0.0215;0.0
1785174;A2QHL6;2026-04-14 09:23:09.1728;4910.385;3;['F', 'LS1', 'TG'];0.07;0.0141;4.98;5.05;4915.349999999999
199044;897981;2026-04-14 09:23:09.2424;0.0;2;['LS1', 'BB1'];0.018;0.0327;0.551;0.569;0.0
127000;899417;2026-04-14 09:23:09.3305;0.0;1;['F'];10.0;0.0331;302.0;312.0;0.0
1275729;928180;2026-04-14 09:23:09.4710;0.0;3;['F', 'LS1', 'BB1'];0.08;0.023;3.48;3.56;0.0
199015;659480;2026-04-14 09:23:09.6753;7076.79;4;['F', 'TG', 'LS1', 'BB1'];0.012;0.0571;0.21;0.222;7077.0
3357180;A41DJQ;2026-04-14 09:23:09.8575;0.0;2;['TG', 'F'];0.0095;0.1145;0.083;0.0925;4482.0
275571;A0DQ1Q;2026-04-14 09:23:09.9350;0.0;2;['F', 'LS1'];0.009;0.4286;0.021;0.03;0.0
2888587;A2N6BP;2026-04-14 09:23:10.0312;0.0;2;['LS1', 'F'];0.19;0.1005;1.89;2.08;0.0
1181943;798062;2026-04-14 09:23:10.0574;0.0;2;['LS1', 'F'];0.14;0.0437;3.2;3.34;0.0
2306335;A1W6VY;2026-04-14 09:23:10.0827;0.0;1;['SC1'];2.5;0.0495;50.5;53.0;0.0
1024360;580891;2026-04-14 09:23:10.1278;0.0;4;['TG', 'LS1', 'SC1', 'F'];3.2;0.0114;281.4;284.6;3928.4000000000005
3522595;A3EDHE;2026-04-14 09:23:10.1732;0.0;2;['SC1', 'F'];0.8;0.0482;16.6;17.4;0.0
199021;876860;2026-04-14 09:23:10.2714;0.0;3;['TG', 'LS1', 'F'];0.0145;0.0242;0.6;0.6145;4920.0
2706282;A2PFGD;2026-04-14 09:23:10.3464;0.0;3;['F', 'LS1', 'SC1'];0.35;0.0137;25.6;25.95;0.0
650816;A3D5AT;2026-04-14 09:23:10.4557;2865.06;4;['SC1', 'F', 'LS1', 'TG'];0.04;0.0014;28.94;28.98;2894.0
199068;927166;2026-04-14 09:23:10.5781;0.0;2;['F', 'LS1'];0.027;0.6279;0.043;0.07;0.0
692890;A3DWMQ;2026-04-14 09:23:10.6700;0.0;2;['F', 'LS1'];0.023;0.211;0.109;0.132;0.0
1858397;A0MXL7;2026-04-14 09:23:10.7769;9810.48;5;['SC1', 'TG', 'F', 'LS1', 'BB1'];0.58;0.0194;29.915;30.495;9840.39
199048;902802;2026-04-14 09:23:10.8056;0.0;3;['F', 'BB1', 'LS1'];0.024;0.1739;0.138;0.162;0.0
624847;A0Q27P;2026-04-14 09:23:10.8329;0.0;2;['F', 'LS1'];0.0065;6.5;0.001;0.0075;0.0
199024;879151;2026-04-14 09:23:10.9296;0.0;4;['F', 'LS1', 'TG', 'BB1'];0.04;0.0209;1.91;1.95;10887.0
920870;A1W6V3;2026-04-14 09:23:11.2177;0.0;2;['F', 'LS1'];0.02;1.4286;0.014;0.034;0.0
199026;882513;2026-04-14 09:23:11.3541;0.0;2;['F', 'LS1'];0.0;0.0;7.55;7.55;0.0
1855318;A2DGZ5;2026-04-14 09:23:11.4474;3068.275;4;['LS1', 'F', 'TG', 'BB1'];0.025;0.0112;2.225;2.25;1578.5
107542;A3EYBN;2026-04-14 09:23:11.5385;0.0;1;['F'];0.6;0.0231;26.0;26.6;0.0
420900;869993;2026-04-14 09:23:11.6390;0.0;2;['TG', 'F'];0.2;0.0141;14.2;14.4;8846.6
1343530;864247;2026-04-14 09:23:11.6966;;4;['LS1', 'F', 'TG', 'SC1'];0.6;0.0035;172.6;173.2;10356.0
731182;877047;2026-04-14 09:23:11.8161;0.0;4;['TG', 'LS1', 'F', 'BB1'];0.1;0.0148;6.75;6.85;12730.0
226779;A14PZ0;2026-04-14 09:23:11.9208;10095.539999999999;3;['LS1', 'TG', 'F'];0.01;0.0006;18.06;18.07;10113.599999999999
1437116;A0YAVY;2026-04-14 09:23:12.0863;0.0;3;['F', 'LS1', 'BB1'];0.01;0.0224;0.446;0.456;0.0
857832;A410GR;2026-04-14 09:23:12.1982;0.0;2;['F', 'BB1'];0.013;0.1857;0.07;0.083;0.0
2608708;A3C5E7;2026-04-14 09:23:12.3115;0.0;4;['F', 'LS1', 'SC1', 'BB1'];0.36;0.031;11.62;11.98;0.0
333730;A2QA2Y;2026-04-14 09:23:12.3846;5856.0;5;['SC1', 'TG', 'LS1', 'BB1', 'F'];0.3953;0.0165;24.0024;24.3977;5880.0
1203505;A2DNV0;2026-04-14 09:23:12.4807;0.0;2;['F', 'LS1'];0.03;0.1562;0.192;0.222;0.0
127007;A0M6U7;2026-04-14 09:23:12.5872;0.0;4;['TG', 'F', 'LS1', 'SC1'];0.3;0.0146;20.5;20.8;9881.0
1793227;A40S2B;2026-04-14 09:23:12.6793;0.0;1;['BB1'];0.18;0.052;3.46;3.64;0.0
624852;869042;2026-04-14 09:23:12.8037;0.0;4;['F', 'TG', 'BB1', 'LS1'];0.3;0.0049;60.85;61.15;12686.300000000001
1333796;910854;2026-04-14 09:23:12.9014;0.0;2;['LS1', 'F'];0.022;0.0418;0.526;0.548;0.0
292418;A117XL;2026-04-14 09:23:13.0024;0.0;3;['F', 'LS1', 'BB1'];0.06;0.0214;2.8;2.86;0.0
127008;902110;2026-04-14 09:23:13.1218;0.0;2;['F', 'LS1'];0.16;0.0678;2.36;2.52;0.0
763286;A1CV3E;2026-04-14 09:23:13.1505;2417.2200000000003;4;['TG', 'F', 'LS1', 'BB1'];0.035;0.0449;0.78;0.815;2418.0
624860;877637;2026-04-14 09:23:13.1842;0.0;2;['F', 'LS1'];0.016;0.065;0.246;0.262;0.0
689463;A0HM5W;2026-04-14 09:23:13.2921;5505.11;3;['F', 'LS1', 'TG'];0.05;0.0072;6.91;6.96;5512.0
2169349;A2QKR6;2026-04-14 09:23:13.3859;0.0;2;['LS1', 'F'];0.01;0.2857;0.035;0.045;0.0
901321;A1JFDN;2026-04-14 09:23:13.4984;0.0;2;['F', 'LS1'];0.18;0.0738;2.44;2.62;0.0
100021;A116Z9;2026-04-14 09:23:13.5922;0.0;3;['LS1', 'F', 'BB1'];0.01;0.0325;0.308;0.318;0.0
2306381;A3ES4W;2026-04-14 09:23:13.8857;0.0;4;['TG', 'LS1', 'SC1', 'BB1'];0.195;0.0187;10.44;10.635;5903.38
2908168;A3ES68;2026-04-14 09:23:13.9930;;2;['TG', 'BB1'];0.1;0.0099;10.1;10.2;5039.9
2854956;A2P1FZ;2026-04-14 09:23:14.0279;0.0;2;['F', 'BB1'];0.0145;0.29;0.05;0.0645;0.0
1276626;A1CXBR;2026-04-14 09:23:14.1052;5875.2;5;['LS1', 'TG', 'SC1', 'F', 'BB1'];0.35;0.0151;23.15;23.5;5898.24
454584;A2P3LV;2026-04-14 09:23:14.2050;0.0;4;['TG', 'F', 'LS1', 'SC1'];2.0;0.0288;69.5;71.5;4761.0
127014;A0JDLB;2026-04-14 09:23:14.3069;0.0;4;['F', 'TG', 'LS1', 'BB1'];0.023;0.0333;0.691;0.714;7229.25
624871;394869;2026-04-14 09:23:14.4175;0.0;5;['SC1', 'TG', 'LS1', 'F', 'BB1'];0.078;0.0159;4.918;4.996;5891.764
918147;A2PWPV;2026-04-14 09:23:14.5205;0.0;2;['LS1', 'F'];0.022;0.028;0.786;0.808;0.0
3400207;A3DH8R;2026-04-14 09:23:14.6180;3333.3199999999997;4;['TG', 'LS1', 'F', 'BB1'];0.03;0.0045;6.68;6.71;3340.0
645744;A1W5D5;2026-04-14 09:23:14.7114;5810.299999999999;4;['F', 'SC1', 'TG', 'BB1'];0.02;0.0021;9.71;9.73;5820.0
127015;A0MNVA;2026-04-14 09:23:14.8357;0.0;0;[];0.0;0.0;0.0;0.0;0.0
127016;A0B6V3;2026-04-14 09:23:14.8638;0.0;3;['LS1', 'F', 'TG'];0.012;0.0382;0.314;0.326;7222.0
1146786;A1W2VY;2026-04-14 09:23:14.9909;0.0;2;['F', 'LS1'];0.05;1.1111;0.045;0.095;0.0
868501;A40GSB;2026-04-14 09:23:15.1186;4983.125;4;['TG', 'LS1', 'F', 'BB1'];0.035;0.008;4.375;4.41;4987.5
716290;A3DZYY;2026-04-14 09:23:15.2019;0.0;2;['TG', 'BB1'];0.35;0.0534;6.55;6.9;4735.65
2209258;A3C9V4;2026-04-14 09:23:15.2992;0.0;2;['LS1', 'F'];0.009;0.0457;0.197;0.206;0.0
199070;931045;2026-04-14 09:23:15.4041;0.0;4;['F', 'TG', 'LS1', 'BB1'];0.0045;0.1452;0.031;0.0355;871.1
385693;A2P4QG;2026-04-14 09:23:15.6037;0.0;1;['F'];0.016;0.1053;0.152;0.168;0.0
1045124;A12B6H;2026-04-14 09:23:15.7956;0.0;2;['F', 'LS1'];0.06;0.048;1.25;1.31;0.0
828743;896628;2026-04-14 09:23:15.9869;0.0;4;['TG', 'LS1', 'F', 'BB1'];5.75;0.0222;258.85;264.6;4134.4
640355;A3C4MS;2026-04-14 09:23:16.0302;0.0;5;['TG', 'LS1', 'SC1', 'F', 'BB1'];0.5;0.0205;24.4;24.9;3910.69
3084614;A2PU2X;2026-04-14 09:23:16.0682;4928.08;4;['TG', 'LS1', 'SC1', 'BB1'];0.128;0.014;9.162;9.29;4937.24
2424630;A3DEW8;2026-04-14 09:23:16.1787;0.0;5;['TG', 'LS1', 'SC1', 'F', 'BB1'];0.48;0.0117;41.0;41.48;4879.0
199038;886778;2026-04-14 09:23:16.3008;0.0;4;['TG', 'F', 'LS1', 'BB1'];0.036;0.0776;0.464;0.5;18560.0
1950383;A1XEDC;2026-04-14 09:23:16.4134;0.0;3;['F', 'LS1', 'BB1'];0.055;0.0719;0.765;0.82;0.0
624883;912235;2026-04-14 09:23:16.5153;0.0;3;['F', 'BB1', 'LS1'];0.025;0.037;0.675;0.7;0.0
1991775;A0Q9SE;2026-04-14 09:23:16.6116;5890.500000000001;5;['SC1', 'TG', 'LS1', 'F', 'BB1'];0.6;0.0076;78.72;79.32;5969.040000000001
1126119;A1C72G;2026-04-14 09:23:16.7184;0.0;3;['TG', 'LS1', 'F'];0.007;0.047;0.149;0.156;3877.4999999999995
199065;923923;2026-04-14 09:23:16.8375;0.0;2;['F', 'LS1'];0.046;0.109;0.422;0.468;0.0
199082;936973;2026-04-14 09:23:16.9053;0.0;3;['F', 'BB1', 'LS1'];0.035;0.0522;0.67;0.705;0.0
199052;907444;2026-04-14 09:23:17.0062;0.0;4;['F', 'TG', 'BB1', 'LS1'];0.02;0.0377;0.53;0.55;4777.5
127022;A0LGK6;2026-04-14 09:23:17.1011;0.0;2;['F', 'LS1'];0.01;0.0588;0.17;0.18;0.0
228401;A1C609;2026-04-14 09:23:17.1947;4931.45;4;['TG', 'F', 'LS1', 'SC1'];0.1;0.0036;27.55;27.65;4950.0
1249444;A1H6XC;2026-04-14 09:23:17.4936;0.0;3;['F', 'LS1', 'BB1'];0.09;0.0796;1.13;1.22;0.0
2098631;A40R4Y;2026-04-14 09:23:17.5955;0.0;1;['TG'];0.2;0.019;10.5;10.7;3927.0
2469789;A40R4Z;2026-04-14 09:23:17.6826;0.0;3;['LS1', 'SC1', 'BB1'];0.9;0.0142;63.5;64.4;0.0
1401596;A3C5SS;2026-04-14 09:23:17.7890;0.0;3;['TG', 'F', 'BB1'];0.035;0.0363;0.965;1.0;955.0
2332341;A2H9HN;2026-04-14 09:23:17.8933;0.0;1;['TG'];0.15;0.0219;6.85;7.0;5843.049999999999
992831;A2P7ML;2026-04-14 09:23:17.9473;0.0;5;['TG', 'LS1', 'SC1', 'F', 'BB1'];0.58;0.0174;33.24;33.82;3955.5600000000004
1078059;A2PNW9;2026-04-14 09:23:18.0665;4956.77;3;['TG', 'F', 'SC1'];0.08;0.0068;11.84;11.92;4968.6
1491545;A12D9X;2026-04-14 09:23:18.2574;0.0;2;['F', 'LS1'];0.014;7.0;0.002;0.016;0.0
150016;677102;2026-04-14 09:23:18.3542;4872.3;4;['F', 'TG', 'LS1', 'SC1'];0.5;0.0111;45.0;45.5;4917.0
1373509;A14WJZ;2026-04-14 09:23:18.4479;0.0;3;['F', 'TG', 'LS1'];0.0035;0.0714;0.049;0.0525;4588.1
118724;A1C076;2026-04-14 09:23:18.5427;0.0;2;['F', 'LS1'];0.024;0.1101;0.218;0.242;0.0
199095;213795;2026-04-14 09:23:18.6613;0.0;4;['F', 'LS1', 'BB1', 'TG'];0.06;0.0353;1.7;1.76;19380.0
1098210;A1JCUC;2026-04-14 09:23:18.7483;0.0;3;['F', 'LS1', 'BB1'];0.032;0.0741;0.432;0.464;0.0
275756;896694;2026-04-14 09:23:18.8450;0.0;1;['LS1'];0.16;0.0471;3.4;3.56;0.0
275764;553159;2026-04-14 09:23:18.9685;0.0;3;['F', 'LS1', 'BB1'];0.38;0.0941;4.04;4.42;0.0
549227;164640;2026-04-14 09:23:19.0712;0.0;3;['LS1', 'F', 'BB1'];0.02;0.0116;1.73;1.75;0.0
127030;899018;2026-04-14 09:23:19.0971;0.0;1;['F'];0.06;0.0261;2.3;2.36;0.0
275766;909187;2026-04-14 09:23:19.1427;0.0;1;['LS1'];0.28;0.0814;3.44;3.72;0.0
853818;932443;2026-04-14 09:23:19.2428;8892.099;3;['F', 'LS1', 'TG'];0.028;0.0031;8.901;8.929;3928.76
275762;899019;2026-04-14 09:23:19.2946;8092.899000000001;3;['TG', 'LS1', 'F'];0.008;0.001;8.101;8.109;8101.000000000001
317279;924256;2026-04-14 09:23:19.3949;0.0;1;['LS1'];0.06;0.0513;1.17;1.23;0.0
127031;897136;2026-04-14 09:23:19.4974;7838.820000000001;3;['LS1', 'TG', 'F'];0.274;0.0194;14.124;14.398;7199.0
2484048;189900;2026-04-14 09:23:19.7093;0.0;1;['TG'];0.05;0.0074;6.8;6.85;3950.7999999999997
2962987;A0RPJ0;2026-04-14 09:23:19.7516;0.0;1;['BB1'];0.2;0.0177;11.3;11.5;0.0
3235162;A3EMKY;2026-04-14 09:23:19.8502;0.0;1;['TG'];0.044;0.275;0.16;0.204;781.12
116274;A2QMBE;2026-04-14 09:23:19.9470;0.0;0;[];0.0;0.0;0.0;0.0;0.0
827049;A1H5K1;2026-04-14 09:23:20.0193;0.0;5;['TG', 'LS1', 'SC1', 'F', 'BB1'];0.195;0.0124;15.735;15.93;9787.17
2688050;A3D2TT;2026-04-14 09:23:20.1123;0.0;0;[];0.0;0.0;0.0;0.0;0.0
3939223;A416BY;2026-04-14 09:23:20.1556;0.0;2;['TG', 'BB1'];0.036;0.0769;0.468;0.504;1848.6000000000001
668362;A3EGK4;2026-04-14 09:23:20.2610;0.0;2;['TG', 'BB1'];0.8;0.0227;35.2;36.0;2956.8
127032;862198;2026-04-14 09:23:20.2881;0.0;1;['TG'];0.0052;0.0893;0.0582;0.0634;872.5926000000001
2991737;A2QKXS;2026-04-14 09:23:20.3927;0.0;5;['TG', 'LS1', 'SC1', 'F', 'BB1'];0.023;0.0073;3.165;3.188;2933.955
3565883;A417GP;2026-04-14 09:23:20.4927;0.0;1;['BB1'];0.026;0.243;0.107;0.133;0.0
2318399;A3EWQ3;2026-04-14 09:23:20.5631;0.0;3;['F', 'TG', 'LS1'];0.024;0.0667;0.36;0.384;1846.355
1050771;A40CV1;2026-04-14 09:23:20.7598;2926.3999999999996;4;['TG', 'LS1', 'F', 'SC1'];0.175;0.0189;9.245;9.42;2935.545
3939206;A3C83E;2026-04-14 09:23:20.9343;0.0;4;['TG', 'BB1', 'F', 'LS1'];0.06;0.0261;2.3;2.36;2379.7799999999997
214954;A40CAV;2026-04-14 09:23:21.0572;0.0;2;['F', 'LS1'];0.079;0.9405;0.084;0.163;0.0
268233;A3D12D;2026-04-14 09:23:21.2633;0.0;0;[];0.0;0.0;0.0;0.0;0.0
1015788;A40KQL;2026-04-14 09:23:21.3048;1982.3999999999999;4;['TG', 'BB1', 'F', 'LS1'];0.1;0.0106;9.44;9.54;1991.84
542268;A41UEQ;2026-04-14 09:23:21.4245;0.0;1;['F'];0.03;0.1799;0.1668;0.1968;0.0
947116;A3CQ6U;2026-04-14 09:23:21.6303;0.0;4;['F', 'LS1', 'BB1', 'SC1'];0.1;0.0163;6.15;6.25;0.0
194015;A41RJV;2026-04-14 09:23:21.7300;0.0;2;['F', 'BB1'];0.03;0.1734;0.173;0.203;0.0
1655756;A2DMFN;2026-04-14 09:23:22.2272;0.0;3;['TG', 'F', 'LS1'];0.025;0.0511;0.489;0.514;942.3525
180624;860325;2026-04-14 09:23:22.3001;0.0;5;['SC1', 'TG', 'F', 'LS1', 'BB1'];2.3;0.0125;184.1;186.4;55200.0
208794;A12EGF;2026-04-14 09:23:22.4928;5925.150000000001;5;['LS1', 'F', 'TG', 'SC1', 'BB1'];0.095;0.0082;11.555;11.65;5936.700000000001
1433327;A1JX59;2026-04-14 09:23:22.6224;0.0;2;['F', 'BB1'];0.09;0.0552;1.63;1.72;0.0
3108795;A1H6NC;2026-04-14 09:23:22.7679;0.0;2;['BB1', 'LS1'];0.062;0.2214;0.28;0.342;0.0
1766130;A14WBB;2026-04-14 09:23:23.1977;9936.52;5;['SC1', 'TG', 'LS1', 'F', 'BB1'];0.27;0.0066;41.06;41.33;9977.58
2200874;A3D8PV;2026-04-14 09:23:23.3293;0.0;2;['TG', 'F'];0.0034;0.0672;0.0506;0.054;1406.6294
4062445;A415SW;2026-04-14 09:23:23.4562;0.0;4;['TG', 'LS1', 'F', 'BB1'];0.019;0.0373;0.509;0.528;943.686
833456;A3C5TF;2026-04-14 09:23:23.7833;0.0;5;['TG', 'LS1', 'F', 'SC1', 'BB1'];0.1;0.0238;4.2;4.3;5842.2
3672695;A0YDAV;2026-04-14 09:23:23.8838;0.0;4;['F', 'SC1', 'BB1', 'LS1'];0.036;0.0068;5.316;5.352;0.0
1083614;A3DSL8;2026-04-14 09:23:23.9992;5903.1;5;['TG', 'LS1', 'SC1', 'F', 'BB1'];0.58;0.0124;46.87;47.45;5949.95
2810230;A2N8S4;2026-04-14 09:23:24.1065;0.0;1;['TG'];0.045;0.0539;0.835;0.88;2841.5049999999997
3866517;A417BV;2026-04-14 09:23:24.2315;0.0;5;['TG', 'F', 'LS1', 'SC1', 'BB1'];0.59;0.0223;26.41;27.0;2905.1
2725712;251085;2026-04-14 09:23:24.2596;0.0;4;['F', 'SC1', 'LS1', 'BB1'];0.457;0.0766;5.968;6.425;0.0
288667;A14X2Z;2026-04-14 09:23:24.2919;0.0;4;['TG', 'F', 'LS1', 'BB1'];0.006;0.0451;0.133;0.139;956.9350000000001
115358;A414Q8;2026-04-14 09:23:24.3936;35472.255000000005;6;['TG', 'F', 'LS1', 'SC1', 'BB1', 'DE'];0.04;0.0023;17.745;17.785;8920.0
127042;172912;2026-04-14 09:23:24.6112;2896.16;5;['TG', 'F', 'LS1', 'SC1', 'BB1'];0.76;0.0241;31.5;32.26;2927.64
104797;A40M0J;2026-04-14 09:23:24.7146;0.0;2;['TG', 'F'];0.0007;0.0493;0.0142;0.0149;1490.0
1545613;A1C08S;2026-04-14 09:23:24.7428;4821.599999999999;5;['LS1', 'SC1', 'TG', 'F', 'BB1'];0.4;0.0135;29.6;30.0;4851.0
213036;A2DQE7;2026-04-14 09:23:24.9332;0.0;4;['TG', 'F', 'LS1', 'BB1'];0.022;0.2018;0.109;0.131;1231.1495
1577539;A2JNFG;2026-04-14 09:23:25.0294;0.0;0;[];0.0;0.0;0.0;0.0;0.0
2165688;A4165V;2026-04-14 09:23:25.2399;0.0;1;['TG'];0.022;0.1209;0.182;0.204;442.078
1433369;A1H5H7;2026-04-14 09:23:25.3383;4897.2;1;['TG'];0.4;0.013;30.8;31.2;4928.0
283707;A3DAE3;2026-04-14 09:23:25.4371;0.0;3;['F', 'LS1', 'BB1'];0.4;0.0235;17.0;17.4;0.0
1706551;A3EQAF;2026-04-14 09:23:25.5473;0.0;1;['TG'];0.0114;0.4914;0.0232;0.0346;1006.5319999999999
2367128;A40VTE;2026-04-14 09:23:25.6598;0.0;1;['TG'];0.0065;0.0469;0.1385;0.145;953.2955000000001
480830;A2DWUX;2026-04-14 09:23:25.7035;1422.182;3;['TG', 'LS1', 'F'];0.014;0.0388;0.361;0.375;1422.5415
206748;A40ZSR;2026-04-14 09:23:25.7966;1936.4150000000002;4;['F', 'TG', 'LS1', 'BB1'];0.055;0.0273;2.015;2.07;1938.43
2531484;A41EY4;2026-04-14 09:23:25.8989;2932.88;5;['TG', 'LS1', 'SC1', 'F', 'BB1'];0.118;0.0242;4.882;5.0;2938.964
127043;548236;2026-04-14 09:23:25.9625;1428.48;4;['TG', 'LS1', 'SC1', 'BB1'];0.185;0.0481;3.845;4.03;1432.32
161950;A41T8M;2026-04-14 09:23:26.0665;0.0;3;['TG', 'F', 'BB1'];0.03;0.0968;0.31;0.34;818.496
1006190;A2DJY1;2026-04-14 09:23:26.1638;2958.515;4;['TG', 'LS1', 'BB1', 'F'];0.03;0.0096;3.11;3.14;2961.6
231186;A416JY;2026-04-14 09:23:26.3008;0.0;0;[];0.0;0.0;0.0;0.0;0.0
679501;A41DFD;2026-04-14 09:23:26.3854;0.0;2;['BB1', 'LS1'];0.12;0.025;4.8;4.92;0.0
3723851;A404JH;2026-04-14 09:23:26.4856;0.0;2;['F', 'LS1'];0.02;0.1449;0.138;0.158;0.0
4373914;A414DM;2026-04-14 09:23:26.6088;0.0;4;['TG', 'F', 'LS1', 'BB1'];0.012;0.0143;0.84;0.852;7429.799999999999
187064;A40CCQ;2026-04-14 09:23:26.7132;0.0;4;['TG', 'BB1', 'F', 'LS1'];0.016;0.0122;1.312;1.328;1987.68
670323;A41HLP;2026-04-14 09:23:26.7552;1940.3799999999999;3;['TG', 'LS1', 'BB1'];0.07;0.0318;2.2;2.27;1942.5749999999998
167092;A3C5JQ;2026-04-14 09:23:26.8718;1817.7572;2;['TG', 'F'];0.0097;0.0972;0.0998;0.1095;1817.857
4122224;A40YEP;2026-04-14 09:23:26.9725;0.0;3;['TG', 'F', 'LS1'];0.07;0.0496;1.41;1.48;947.52
160692;A14XMD;2026-04-14 09:23:27.0852;0.0;4;['F', 'TG', 'BB1', 'LS1'];0.088;0.0241;3.652;3.74;2901.75
2009955;A2PX21;2026-04-14 09:23:27.1346;1740.4334999999999;1;['TG'];0.009;0.0853;0.1055;0.1145;1740.539
204280;A40D5E;2026-04-14 09:23:27.3204;0.0;1;['BB1'];0.026;0.125;0.208;0.234;0.0
1507111;A40PRU;2026-04-14 09:23:27.4142;0.0;3;['TG', 'BB1', 'LS1'];0.035;0.0992;0.353;0.388;909.328
882177;A12ANR;2026-04-14 09:23:27.5116;0.0;1;['F'];0.011;0.1477;0.0745;0.0855;0.0
2769365;A2N7AW;2026-04-14 09:23:27.6153;0.0;1;['TG'];0.007;0.1346;0.052;0.059;1759.732
121977;A2ASDS;2026-04-14 09:23:27.7095;0.0;2;['F', 'LS1'];0.021;0.4667;0.045;0.066;0.0
1626008;A40EAK;2026-04-14 09:23:27.8210;915.0264;1;['TG'];0.0087;0.1302;0.0668;0.0755;913.2479999999999
1537645;A1W18D;2026-04-14 09:23:27.9304;1914.8759999999997;3;['TG', 'F', 'LS1'];0.006;0.0347;0.173;0.179;1915.0479999999998
1940028;A3DTTG;2026-04-14 09:23:28.0133;4973.7;5;['LS1', 'TG', 'SC1', 'F', 'BB1'];0.07;0.004;17.7;17.77;4991.4
1156443;A2AS0Y;2026-04-14 09:23:28.1028;0.0;1;['F'];5.0;0.0649;77.0;82.0;0.0
2600133;A3EWF3;2026-04-14 09:23:28.2054;0.0;4;['TG', 'F', 'LS1', 'BB1'];0.021;0.0515;0.408;0.429;1387.126
668838;A3C8MS;2026-04-14 09:23:28.3160;0.0;4;['TG', 'LS1', 'SC1', 'BB1'];0.25;0.0511;4.89;5.14;1893.44
3089763;A40V12;2026-04-14 09:23:28.3803;0.0;1;['TG'];0.0016;0.0625;0.0256;0.0272;941.1840000000001
2455974;A1JUY6;2026-04-14 09:23:28.5788;0.0;3;['TG', 'F', 'LS1'];0.0365;0.0485;0.7525;0.789;1903.5494999999999
3534422;A2AUFP;2026-04-14 09:23:28.6677;0.0;2;['F', 'LS1'];0.03;1.3636;0.022;0.052;0.0
1000820;866126;2026-04-14 09:23:28.7516;0.0;5;['TG', 'LS1', 'F', 'SC1', 'BB1'];0.4;0.0093;43.2;43.6;2980.8
2651429;A3DP94;2026-04-14 09:23:28.8491;0.0;4;['TG', 'F', 'LS1', 'BB1'];0.023;0.0466;0.494;0.517;1903.473
694112;A1JYFM;2026-04-14 09:23:28.8748;2885.986;4;['TG', 'LS1', 'SC1', 'F'];0.08;0.0121;6.626;6.706;2892.56
1266837;A1JVJW;2026-04-14 09:23:28.9040;1363.536;1;['TG'];0.015;0.098;0.153;0.168;1363.689
290662;A40787;2026-04-14 09:23:28.9608;4944.84;5;['TG', 'LS1', 'SC1', 'F', 'BB1'];0.5;0.009;55.56;56.06;5000.400000000001
983980;A1H6VS;2026-04-14 09:23:29.2441;0.0;4;['TG', 'F', 'LS1', 'BB1'];0.03;0.0273;1.1;1.13;1864.5000000000002
1137520;A1W7D4;2026-04-14 09:23:29.2807;0.0;5;['TG', 'F', 'LS1', 'SC1', 'BB1'];0.205;0.0152;13.515;13.72;2946.27
100635;A4ZZ0W;2026-04-14 09:23:29.3826;0.0;3;['TG', 'LS1', 'F'];0.048;0.0163;2.946;2.994;5844.0
2790998;A3DSXF;2026-04-14 09:23:29.4386;0.0;2;['TG', 'F'];0.0064;0.0405;0.158;0.1644;1971.366
2002606;A3C8QA;2026-04-14 09:23:29.6618;0.0;4;['TG', 'F', 'LS1', 'BB1'];0.02;0.0165;1.21;1.23;5734.8
1903312;A1C43V;2026-04-14 09:23:29.7006;0.0;2;['F', 'LS1'];1.0;0.0813;12.3;13.3;0.0
1964219;A2JNSX;2026-04-14 09:23:29.9704;0.0;0;[];0.0;0.0;0.0;0.0;0.0
2447748;A3CMVB;2026-04-14 09:23:30.0772;0.0;1;['TG'];0.0126;0.3387;0.0372;0.0498;991.1195999999999
113452;A3ECT4;2026-04-14 09:23:30.4185;2797.4519999999998;1;['TG'];0.034;0.0714;0.476;0.51;2797.928
2068990;A40MKU;2026-04-14 09:23:30.5738;0.0;1;['BB1'];0.048;0.1212;0.396;0.444;0.0
1161038;A418SP;2026-04-14 09:23:30.6965;0.0;3;['F', 'LS1', 'TG'];0.0042;0.0441;0.0952;0.0994;1470.6496000000002
3672693;A2PN04;2026-04-14 09:23:30.7331;0.0;2;['LS1', 'BB1'];0.023;0.2949;0.078;0.101;0.0
127054;862191;2026-04-14 09:23:30.7925;0.0;5;['TG', 'F', 'LS1', 'SC1', 'BB1'];0.045;0.0076;5.955;6.0;10164.0
1635001;A2QAQY;2026-04-14 09:23:31.4519;5947.11;5;['TG', 'LS1', 'SC1', 'F', 'BB1'];0.075;0.0052;14.5;14.575;5959.4
846766;A2DRF0;2026-04-14 09:23:31.9141;0.0;2;['TG', 'BB1'];0.015;0.1014;0.148;0.163;2744.216
847158;A0J3LN;2026-04-14 09:23:32.0139;9896.256;3;['TG', 'LS1', 'SC1'];0.198;0.01;19.872;20.07;9916.128
2299063;A2PFBZ;2026-04-14 09:23:32.1104;0.0;2;['F', 'LS1'];1.2;0.0282;42.6;43.8;0.0
1134091;A1WZCD;2026-04-14 09:23:32.2093;5818.500000000001;5;['TG', 'SC1', 'LS1', 'BB1', 'F'];1.3;0.0201;64.65;65.95;5883.150000000001
967129;A3D4V9;2026-04-14 09:23:32.3177;2982.21;3;['TG', 'F', 'LS1'];0.015;0.0065;2.32;2.335;2984.52
280068;A0RENB;2026-04-14 09:23:32.3600;0.0;4;['TG', 'F', 'SC1', 'LS1'];0.034;0.0143;2.384;2.418;7097.168
624907;850386;2026-04-14 09:23:32.4942;9888.0;4;['TG', 'LS1', 'SC1', 'F'];1.16;0.0094;123.6;124.76;10011.6
127056;850388;2026-04-14 09:23:32.5499;14966.18;4;['TG', 'SC1', 'LS1', 'F'];0.2;0.0032;62.62;62.82;15028.8
120782;A1T64A;2026-04-14 09:23:32.6707;0.0;3;['TG', 'BB1', 'LS1'];0.026;0.0305;0.853;0.879;1910.2379999999998
785457;A2QN57;2026-04-14 09:23:32.9125;8019.198;4;['F', 'TG', 'LS1', 'BB1'];0.056;0.0688;0.814;0.87;1760.0
4031028;A417GQ;2026-04-14 09:23:32.9381;27600.65;6;['TG', 'F', 'LS1', 'SC1', 'DE', 'BB1'];0.1;0.0027;36.85;36.95;27637.5
441801;A1C4G7;2026-04-14 09:23:33.1163;0.0;1;['F'];0.0085;0.1164;0.073;0.0815;0.0
134612;A41RJF;2026-04-14 09:23:33.1847;0.0;3;['TG', 'LS1', 'BB1'];0.0;0.0;1.952;0.0;905.625
2877080;A3DLMS;2026-04-14 09:23:33.2277;0.0;4;['TG', 'F', 'BB1', 'SC1'];0.1;0.0071;14.1;14.2;5796.3
717804;A2JQ1X;2026-04-14 09:23:33.3774;0.0;3;['TG', 'LS1', 'SC1'];0.12;0.0249;4.812;4.932;5348.196
589211;A1XA1U;2026-04-14 09:23:33.4778;0.0;1;['TG'];0.0075;0.1456;0.0515;0.059;1299.4995
237652;A114QX;2026-04-14 09:23:33.5684;0.0;2;['F', 'LS1'];0.022;0.1419;0.155;0.177;0.0
193852;A41GP4;2026-04-14 09:23:33.6506;0.0;1;['TG'];0.0125;0.0627;0.1995;0.212;1874.7015000000001
1366478;A1H5TA;2026-04-14 09:23:33.7600;0.0;5;['TG', 'LS1', 'SC1', 'F', 'BB1'];0.065;0.0183;3.554;3.619;4757.405
108453;A3DZER;2026-04-14 09:23:34.0174;0.0;3;['TG', 'F', 'LS1'];0.0035;0.033;0.106;0.1095;1445.522
425937;A2QQTL;2026-04-14 09:23:34.1496;;1;['TG'];0.003;0.1935;0.0155;0.0185;1676.9295
824322;A1C129;2026-04-14 09:23:34.3279;0.0;2;['F', 'LS1'];0.02;0.0227;0.88;0.9;0.0
2350966;A2DVM5;2026-04-14 09:23:34.3643;1934.36;3;['TG', 'F', 'BB1'];0.02;0.0135;1.485;1.505;1935.84
162921;A3DLW3;2026-04-14 09:23:34.6625;0.0;4;['TG', 'LS1', 'BB1', 'F'];0.026;0.0161;1.612;1.638;4874.688
107931;A422S9;2026-04-14 09:23:34.7123;0.0;1;['F'];0.029;0.2283;0.127;0.156;0.0
2198373;A2PS9W;2026-04-14 09:23:34.8034;0.0;3;['TG', 'LS1', 'F'];0.0062;0.1527;0.0406;0.0468;608.3532
809215;A0LAT0;2026-04-14 09:23:34.9088;2905.475;5;['TG', 'LS1', 'SC1', 'F', 'BB1'];0.038;0.01;3.787;3.825;2909.224
2081116;A40C6G;2026-04-14 09:23:35.0787;0.0;2;['BB1', 'LS1'];0.36;0.104;3.46;3.82;0.0
3389117;A41C58;2026-04-14 09:23:35.1747;0.0;1;['BB1'];0.012;0.48;0.025;0.037;0.0
2375663;A1H5DX;2026-04-14 09:23:35.3117;0.0;4;['TG', 'LS1', 'F', 'BB1'];0.4;0.0138;29.08;29.48;3898.7999999999997
2252894;A1W6EZ;2026-04-14 09:23:35.3630;0.0;4;['F', 'TG', 'LS1', 'BB1'];0.045;0.0738;0.61;0.655;925.98
1343542;A3D1K3;2026-04-14 09:23:35.4583;960.972;4;['TG', 'BB1', 'LS1', 'DE'];0.011;0.0377;0.292;0.303;961.2639999999999
100517;A2QMAG;2026-04-14 09:23:35.5376;0.0;1;['F'];1.2;0.0202;59.374;60.574;0.0
1978181;A41BDL;2026-04-14 09:23:35.6642;4464.0;3;['TG', 'F', 'LS1'];0.06;0.025;2.4;2.46;4466.4
1134248;A1H8W5;2026-04-14 09:23:36.0505;0.0;2;['TG', 'F'];0.0055;0.0982;0.056;0.0615;2731.736
3732209;A40YVE;2026-04-14 09:23:36.3205;0.0;2;['TG', 'BB1'];0.03;0.0444;0.676;0.706;1905.3980000000001
812966;A1W2YK;2026-04-14 09:23:36.4254;9837.192000000001;4;['TG', 'LS1', 'SC1', 'F'];0.058;0.0178;3.266;3.324;9840.458
1846849;A2QQ2S;2026-04-14 09:23:36.5736;0.0;5;['TG', 'BB1', 'F', 'SC1', 'LS1'];0.033;0.0434;0.76;0.793;1930.068
2157900;A2QKT9;2026-04-14 09:23:36.7169;0.0;2;['F', 'LS1'];0.021;0.4667;0.045;0.066;0.0
917666;A2JM5R;2026-04-14 09:23:37.1302;0.0;1;['TG'];0.0035;0.0787;0.0445;0.048;925.1995
2360138;A41BDM;2026-04-14 09:23:37.2196;0.0;3;['TG', 'BB1', 'LS1'];0.2;0.0515;3.88;4.08;776.0
818538;A2PNJ8;2026-04-14 09:23:37.3412;0.0;1;['TG'];0.017;0.0381;0.446;0.463;1924.49
149962;A413T9;2026-04-14 09:23:37.4670;;4;['TG', 'LS1', 'F', 'BB1'];0.1;0.0152;6.6;6.7;4567.5
1757284;A12GAR;2026-04-14 09:23:37.6087;0.0;0;[];0.0;0.0;0.0;0.0;0.0
1718355;A3CRGD;2026-04-14 09:23:37.6533;0.0;1;['BB1'];0.048;0.384;0.125;0.173;0.0
2449184;A3DMJG;2026-04-14 09:23:38.1421;14852.0;4;['TG', 'SC1', 'LS1', 'F'];1.5;0.0095;158.05;159.55;15010.0
1465095;A3DMVH;2026-04-14 09:23:38.1970;0.0;3;['SC1', 'BB1', 'LS1'];7.0;0.0446;157.0;164.0;0.0
159900;A2N8S8;2026-04-14 09:23:38.3093;1870.9495000000002;3;['TG', 'F', 'LS1'];0.006;0.0588;0.102;0.108;1871.0510000000002
855796;A0YGEJ;2026-04-14 09:23:38.5270;2785.84;2;['TG', 'BB1'];0.24;0.0615;3.9;4.14;2789.72
733460;189946;2026-04-14 09:23:38.7228;5943.8;4;['TG', 'LS1', 'SC1', 'BB1'];0.2;0.0088;22.62;22.82;5966.400000000001
2649921;A40C3B;2026-04-14 09:23:38.8330;0.0;3;['LS1', 'TG', 'BB1'];0.043;0.051;0.843;0.886;1412.868
629584;A3CMSP;2026-04-14 09:23:38.8647;0.0;2;['TG', 'BB1'];0.03;0.0189;1.59;1.62;2923.0
1827792;A40FP4;2026-04-14 09:23:38.9744;0.0;1;['BB1'];0.003;0.5;0.006;0.009;0.0
156054;A3E303;2026-04-14 09:23:39.4820;0.0;2;['F', 'LS1'];0.2;0.0435;4.6;4.8;0.0
722140;A3D3EV;2026-04-14 09:23:39.5606;11048.050000000001;4;['TG', 'LS1', 'SC1', 'F'];0.33;0.0089;37.0;37.33;11085.0
478578;A40WAH;2026-04-14 09:23:39.6568;0.0;3;['TG', 'LS1', 'BB1'];0.56;0.0157;35.66;36.22;3942.7200000000003
533643;A40WAG;2026-04-14 09:23:39.7521;4895.58;5;['LS1', 'TG', 'BB1', 'F', 'SC1'];0.69;0.0196;35.22;35.91;3590.9999999999995
1411289;A3D2W7;2026-04-14 09:23:39.7834;9910.01;5;['TG', 'F', 'LS1', 'SC1', 'BB1'];0.38;0.0097;39.17;39.55;9949.18
214049;A0M889;2026-04-14 09:23:40.0794;7969.558000000001;5;['SC1', 'TG', 'F', 'LS1', 'BB1'];0.054;0.013;4.165;4.219;7971.81
2777475;A412WU;2026-04-14 09:23:40.1949;1868.68;1;['TG'];0.08;0.0645;1.24;1.32;1869.92
199897;854167;2026-04-14 09:23:40.2853;4967.16;5;['F', 'SC1', 'LS1', 'TG', 'BB1'];0.04;0.0017;23.43;23.47;4990.59
818547;869653;2026-04-14 09:23:40.5209;4959.5;4;['LS1', 'F', 'TG', 'BB1'];0.5;0.0092;54.5;55.0;4959.5
621736;A2QH96;2026-04-14 09:23:40.8048;0.0;1;['TG'];0.008;0.0625;0.128;0.136;935.04
1002884;A2PDWM;2026-04-14 09:23:40.8950;5905.2;5;['TG', 'F', 'LS1', 'SC1', 'BB1'];0.42;0.0068;62.16;62.58;5967.36
652559;A1W2NW;2026-04-14 09:23:41.1469;0.0;3;['BB1', 'F', 'LS1'];0.011;0.0803;0.137;0.148;0.0
2793698;A2JC8S;2026-04-14 09:23:41.3813;0.0;2;['TG', 'BB1'];0.026;0.0463;0.562;0.588;1433.1000000000001
232459;A2QE6Z;2026-04-14 09:23:41.5362;0.0;4;['TG', 'LS1', 'F', 'BB1'];0.12;0.033;3.64;3.76;2885.14
258349;882017;2026-04-14 09:23:41.7154;14258.88;4;['F', 'TG', 'SC1', 'LS1'];0.54;0.0054;99.24;99.78;8481.3
1465084;A0B6V4;2026-04-14 09:23:41.8440;0.0;3;['F', 'LS1', 'BB1'];0.35;0.0476;7.35;7.7;0.0
589291;A2DM00;2026-04-14 09:23:42.1582;4955.599999999999;5;['TG', 'F', 'LS1', 'SC1', 'BB1'];0.073;0.0077;9.532;9.605;4965.13
1685335;A2P0XC;2026-04-14 09:23:42.2801;2882.3269999999998;3;['TG', 'F', 'LS1'];0.039;0.0391;0.997;1.036;2883.324
285086;A41X5U;2026-04-14 09:23:42.4648;0.0;1;['F'];0.06;0.2158;0.278;0.338;0.0
624920;850576;2026-04-14 09:23:42.5207;9831.269999999999;4;['TG', 'LS1', 'SC1', 'F'];0.79;0.0089;88.65;89.44;9919.84
818079;897879;2026-04-14 09:23:42.5636;9853.2;4;['TG', 'F', 'LS1', 'SC1'];0.66;0.007;93.84;94.5;9947.04
199902;865114;2026-04-14 09:23:42.6076;0.0;4;['TG', 'SC1', 'LS1', 'F'];0.18;0.0045;39.755;39.935;3035.0600000000004
2544005;A3D9ZG;2026-04-14 09:23:42.8101;4874.86;3;['TG', 'F', 'LS1'];1.02;0.0149;68.66;69.68;4943.5199999999995
127071;A0LCUY;2026-04-14 09:23:42.8493;3959.68;4;['TG', 'LS1', 'SC1', 'F'];0.08;0.0074;10.78;10.86;3970.44
1029835;858397;2026-04-14 09:23:42.8801;4848.0;5;['TG', 'F', 'LS1', 'SC1', 'BB1'];1.0;0.0082;121.3;122.3;4969.2
942650;868439;2026-04-14 09:23:42.9644;4964.9800000000005;5;['TG', 'F', 'SC1', 'LS1', 'BB1'];0.04;0.0013;30.46;30.5;4995.4400000000005
1012583;A2QJQ8;2026-04-14 09:23:43.0667;0.0;1;['TG'];0.016;0.0457;0.35;0.366;1432.55
619678;A3EVZ1;2026-04-14 09:23:43.1593;1902.948;4;['TG', 'F', 'LS1', 'BB1'];0.01;0.0213;0.47;0.48;1903.405
2683193;A40HWJ;2026-04-14 09:23:43.2254;0.0;1;['TG'];0.0105;0.0805;0.1305;0.141;925.6365000000001
1852659;A3EKUB;2026-04-14 09:23:43.2765;0.0;2;['TG', 'BB1'];0.029;0.1103;0.263;0.292;2698.38
1435633;A0J328;2026-04-14 09:23:43.3218;4917.0;1;['TG'];0.1;0.0121;8.25;8.35;4925.25
1210157;A12AEY;2026-04-14 09:23:43.5957;961.4000000000001;1;['TG'];0.018;0.0391;0.46;0.478;961.86
1188298;A3E2FV;2026-04-14 09:23:43.8058;0.0;3;['TG', 'LS1', 'F'];0.0128;0.0141;0.907;0.9198;2238.5
3256092;A40Z0W;2026-04-14 09:23:43.9014;0.0;2;['F', 'LS1'];0.016;0.0457;0.35;0.366;0.0
3629225;A41V6H;2026-04-14 09:23:44.0375;0.0;1;['F'];0.1;0.198;0.505;0.605;0.0
815411;A0RP0Y;2026-04-14 09:23:44.1444;3477.6;3;['TG', 'F', 'SC1'];0.4;0.0096;41.6;42.0;3519.0
911495;A3DH8D;2026-04-14 09:23:44.2406;2940.264;5;['TG', 'LS1', 'SC1', 'BB1', 'F'];0.144;0.019;7.584;7.728;2947.842
2179222;A408DM;2026-04-14 09:23:44.3037;0.0;1;['F'];0.4875;975.0;0.0005;0.488;0.0
2673115;A3C5SU;2026-04-14 09:23:44.4318;0.0;1;['TG'];0.105;0.1944;0.54;0.645;821.8800000000001
1309049;A1W950;2026-04-14 09:23:44.4930;0.0;5;['TG', 'LS1', 'F', 'SC1', 'BB1'];0.055;0.008;6.86;6.915;2864.9049999999997
839938;A2PA9E;2026-04-14 09:23:44.5302;0.0;4;['F', 'TG', 'LS1', 'BB1'];0.04;0.0352;1.136;1.176;962.1999999999999
2851183;A0M056;2026-04-14 09:23:44.9279;0.0;2;['TG', 'F'];0.019;0.145;0.131;0.15;1675.49
2635898;A3D1KE;2026-04-14 09:23:45.0010;0.0;0;[];0.0;0.0;0.0;0.0;0.0
463556;910859;2026-04-14 09:23:45.0304;0.0;1;['F'];0.1;0.0152;6.6;6.7;0.0
3173948;A2N8AG;2026-04-14 09:23:45.1581;0.0;0;[];0.0;0.0;0.0;0.0;0.0
368219;A2QEUG;2026-04-14 09:23:45.1881;1871.352;2;['TG', 'BB1'];0.021;0.0665;0.316;0.337;1871.6680000000001
1658899;A2PED2;2026-04-14 09:23:45.2280;0.0;1;['F'];0.01;20.0;0.0005;0.0105;0.0
745996;A41L41;2026-04-14 09:23:45.3347;0.0;1;['TG'];0.022;0.1302;0.169;0.191;880.9970000000001
717279;A406LU;2026-04-14 09:23:45.4508;19782.0;4;['TG', 'LS1', 'SC1', 'F'];1.0;0.0032;316.0;317.0;20096.0
641697;A0YD8C;2026-04-14 09:23:45.5893;9734.925000000001;4;['TG', 'SC1', 'LS1', 'F'];0.14;0.0063;22.175;22.315;9761.34
2475743;A3D2TR;2026-04-14 09:23:45.6877;0.0;1;['F'];0.795;1.0258;0.775;1.57;0.0
624923;A0B6PD;2026-04-14 09:23:45.7572;4966.17;5;['TG', 'LS1', 'SC1', 'F', 'BB1'];0.125;0.0075;16.65;16.775;4978.349999999999
3514044;A41PGV;2026-04-14 09:23:46.0299;0.0;2;['F', 'LS1'];0.01;0.3125;0.032;0.042;0.0
1115122;A3D6HZ;2026-04-14 09:23:46.0740;996.7950000000001;3;['TG', 'F', 'BB1'];0.004;0.0157;0.255;0.259;997.0500000000001
3331800;A2QQRF;2026-04-14 09:23:46.1644;1902.674;4;['TG', 'F', 'LS1', 'BB1'];0.022;0.0206;1.068;1.09;1903.72
2966730;A2N7XK;2026-04-14 09:23:46.2375;0.0;4;['TG', 'F', 'LS1', 'BB1'];0.018;0.0389;0.4625;0.4805;641.9
1178678;A2DY1M;2026-04-14 09:23:46.3287;0.0;1;['BB1'];0.2;0.0179;11.2;11.4;0.0
3701134;A2N434;2026-04-14 09:23:46.4676;0.0;2;['LS1', 'BB1'];0.02;0.0388;0.515;0.535;0.0
541860;692606;2026-04-14 09:23:46.6369;0.0;4;['F', 'LS1', 'TG', 'BB1'];0.09;0.0409;2.2;2.29;952.65
1051434;A2ALV4;2026-04-14 09:23:46.7361;0.0;3;['BB1', 'F', 'LS1'];0.037;0.2721;0.136;0.173;0.0
208473;A1C1KW;2026-04-14 09:23:46.8096;0.0;4;['BB1', 'TG', 'LS1', 'F'];0.4;0.0202;19.8;20.2;1980.0
2043451;A1W5Z8;2026-04-14 09:23:46.8753;0.0;4;['TG', 'F', 'LS1', 'BB1'];0.15;0.0153;9.8;9.95;2949.8
2204231;A2QEGJ;2026-04-14 09:23:47.0126;0.0;1;['LS1'];0.021;2.3333;0.009;0.03;0.0
2419996;A1H5KZ;2026-04-14 09:23:47.2786;0.0;4;['TG', 'F', 'LS1', 'BB1'];0.1;0.0147;6.8;6.9;5916.0
2237623;A0B85L;2026-04-14 09:23:47.3762;0.0;1;['F'];1.0;0.0885;11.3;12.3;0.0
1319029;A2QJBW;2026-04-14 09:23:47.4636;0.0;5;['F', 'TG', 'LS1', 'BB1', 'SC1'];0.6;0.0244;24.6;25.2;3911.4
3833861;A3E4MS;2026-04-14 09:23:47.5727;2274.7725;3;['TG', 'F', 'LS1'];0.005;0.0219;0.228;0.233;699.0
2229487;A3D3LG;2026-04-14 09:23:47.6591;0.0;0;[];0.0;0.0;0.0;0.0;0.0
535058;A2QBS6;2026-04-14 09:23:47.7067;0.0;1;['F'];0.1255;2.3458;0.0535;0.179;0.0
3868848;A40RA4;2026-04-14 09:23:47.8187;0.0;2;['F', 'BB1'];0.0099;0.1373;0.0721;0.082;0.0
2774062;A3D361;2026-04-14 09:23:48.0496;0.0;2;['F', 'LS1'];0.21;0.7241;0.29;0.5;0.0
2613105;887047;2026-04-14 09:23:48.1935;0.0;2;['LS1', 'F'];0.6;0.0159;37.8;38.4;0.0
702343;A2ADTM;2026-04-14 09:23:48.2931;0.0;3;['LS1', 'F', 'BB1'];0.2;0.0053;38.0;38.2;0.0
1230643;A3D8WJ;2026-04-14 09:23:48.3320;0.0;1;['TG'];0.0115;0.1855;0.062;0.0735;838.4879999999999
1984991;A3C88F;2026-04-14 09:23:48.4196;0.0;4;['TG', 'LS1', 'SC1', 'BB1'];0.41;0.026;15.76;16.17;3896.0800000000004
1225742;A14UB1;2026-04-14 09:23:48.4669;4921.5;2;['BB1', 'TG'];0.5;0.0052;96.5;97.0;5018.0
1558032;A1C8BM;2026-04-14 09:23:48.5202;0.0;3;['F', 'LS1', 'BB1'];0.062;0.0388;1.598;1.66;0.0
755450;A40RA7;2026-04-14 09:23:48.6134;0.0;1;['BB1'];0.056;0.2569;0.218;0.274;0.0
3222714;A3DPZ1;2026-04-14 09:23:48.6693;6634.875;4;['TG', 'F', 'LS1', 'BB1'];0.04;0.0246;1.625;1.665;1665.0
1292899;A1W3HW;2026-04-14 09:23:48.8461;0.0;2;['F', 'LS1'];0.0185;0.2721;0.068;0.0865;0.0
2565355;A3ENPV;2026-04-14 09:23:48.9877;0.0;2;['F', 'LS1'];0.0185;0.4625;0.04;0.0585;0.0
1676820;A0JM27;2026-04-14 09:23:49.1031;3000.0;4;['TG', 'LS1', 'SC1', 'F'];14.0;0.0093;1501.0;1515.0;4500.0
2075713;A2QB3Y;2026-04-14 09:23:49.1417;0.0;1;['TG'];0.012;0.1053;0.114;0.126;898.32
624934;A0HNEG;2026-04-14 09:23:49.2382;0.0;3;['TG', 'BB1', 'F'];0.0;0.0;0.388;0.388;1447.976
1834448;A4170P;2026-04-14 09:23:49.3487;2798.5335;3;['TG', 'F', 'LS1'];0.025;0.058;0.431;0.456;2798.962
194393;A40ZSP;2026-04-14 09:23:49.5770;922.624;2;['TG', 'F'];0.0056;0.0824;0.068;0.0736;922.6920000000001
138665;A2QQNZ;2026-04-14 09:23:49.6786;0.0;4;['TG', 'F', 'LS1', 'BB1'];0.006;0.0351;0.171;0.177;950.7600000000001
2176669;A41A19;2026-04-14 09:23:49.7118;0.0;2;['TG', 'BB1'];0.066;0.1602;0.412;0.478;821.5279999999999
162629;A40J1L;2026-04-14 09:23:49.9182;0.0;1;['BB1'];0.16;0.1013;1.58;1.74;0.0
164969;A40NJZ;2026-04-14 09:23:50.2244;0.0;1;['F'];0.0066;6.6;0.001;0.0076;0.0
1905878;A2PAHM;2026-04-14 09:23:50.3340;0.0;1;['TG'];0.017;0.0217;0.785;0.802;2934.33
150138;A3D7R8;2026-04-14 09:23:50.4306;0.0;4;['TG', 'F', 'LS1', 'BB1'];0.0025;0.0102;0.245;0.2475;520.02
123847;A40XVF;2026-04-14 09:23:50.5418;;1;['TG'];0.01;0.0161;0.62;0.63;2036.16
109206;A1H7ZM;2026-04-14 09:23:50.7501;1972.446;4;['TG', 'F', 'LS1', 'BB1'];0.003;0.0102;0.294;0.297;1972.7399999999998
1162710;A2DMQY;2026-04-14 09:23:50.7935;0.0;3;['SC1', 'LS1', 'BB1'];0.052;0.0241;2.16;2.212;0.0
124217;A40YSN;2026-04-14 09:23:50.8303;0.0;2;['LS1', 'F'];0.0185;3.0833;0.006;0.0245;0.0
1534005;A41FPQ;2026-04-14 09:23:51.0335;;2;['TG', 'LS1'];0.023;0.1575;0.146;0.169;1295.896
692849;A3DTZW;2026-04-14 09:23:51.3184;0.0;0;[];0.0;0.0;0.0;0.0;0.0
2238544;A40K3M;2026-04-14 09:23:51.5474;0.0;4;['F', 'TG', 'LS1', 'BB1'];0.04;0.0485;0.825;0.865;947.766
3669019;A40NJY;2026-04-14 09:23:51.6481;0.0;4;['TG', 'F', 'LS1', 'BB1'];0.04;0.0086;4.66;4.7;1925.5199999999998
784084;A2JD2F;2026-04-14 09:23:52.1132;1845.6928;2;['TG', 'F'];0.013;0.0829;0.1568;0.1698;1845.8496
586561;A4205L;2026-04-14 09:23:52.2909;;3;['TG', 'F', 'LS1'];0.013;0.0949;0.137;0.15;3386.1
1397146;A2PBZ4;2026-04-14 09:23:52.5329;0.0;3;['TG', 'F', 'LS1'];0.016;0.1306;0.1225;0.1385;415.50000000000006
570121;A3CN14;2026-04-14 09:23:52.5965;952.246;2;['TG', 'BB1'];0.005;0.0153;0.326;0.331;952.572
607320;A1JQW5;2026-04-14 09:23:52.6865;0.0;2;['TG', 'F'];0.0102;0.0652;0.1564;0.1666;949.696
558255;A41BTD;2026-04-14 09:23:52.7752;0.0;4;['TG', 'LS1', 'F', 'BB1'];0.047;0.0281;1.675;1.722;961.5550000000001
112236;A3C8KQ;2026-04-14 09:23:52.8824;0.0;3;['LS1', 'F', 'BB1'];1.8;0.0469;38.4;40.2;0.0
564752;A420P3;2026-04-14 09:23:52.9365;0.0;3;['LS1', 'SC1', 'F'];0.3;0.016;18.8;19.1;0.0
834027;A3EQD5;2026-04-14 09:23:53.0138;4025.9444999999996;4;['SC1', 'TG', 'F', 'LS1'];0.0045;0.0069;0.6505;0.655;2967.75
2767018;A41141;2026-04-14 09:23:53.1155;0.0;2;['F', 'LS1'];0.04;0.6061;0.066;0.106;0.0
3545976;A3DZ0P;2026-04-14 09:23:53.3866;0.0;3;['F', 'LS1', 'BB1'];0.035;0.0667;0.525;0.56;0.0
127096;A0LFYS;2026-04-14 09:23:53.4894;2930.29;4;['TG', 'LS1', 'SC1', 'F'];0.041;0.0131;3.134;3.175;2933.424
1033322;913612;2026-04-14 09:23:53.6654;9648.300000000001;4;['SC1', 'TG', 'LS1', 'BB1'];1.45;0.0259;55.9;57.35;9703.75
917012;A14X09;2026-04-14 09:23:53.8562;0.0;1;['TG'];0.006;0.0764;0.0785;0.0845;889.091
1211308;A2JHVK;2026-04-14 09:23:53.9573;0.0;1;['TG'];0.02;0.0784;0.255;0.275;924.63
1559796;A412K2;2026-04-14 09:23:54.3069;0.0;4;['TG', 'LS1', 'BB1', 'F'];0.031;0.0145;2.14;2.171;1973.0800000000002
367918;A41LVA;2026-04-14 09:23:54.5369;;1;['TG'];0.009;0.9474;0.0095;0.0185;770.8489999999999
1571241;A3CM15;2026-04-14 09:23:54.7089;4948.9;5;['TG', 'LS1', 'SC1', 'BB1', 'F'];0.058;0.0096;6.05;6.108;4954.95
888981;A415F7;2026-04-14 09:23:54.7962;0.0;3;['LS1', 'F', 'BB1'];0.007;0.0654;0.107;0.114;0.0
491415;A2PNZJ;2026-04-14 09:23:54.9018;0.0;2;['TG', 'BB1'];0.027;0.0593;0.455;0.482;1410.124
2249497;A1XB7R;2026-04-14 09:23:55.1299;0.0;2;['F', 'LS1'];0.047;0.1004;0.468;0.515;0.0
2410083;A12C65;2026-04-14 09:23:55.1725;0.0;3;['TG', 'LS1', 'BB1'];0.09;0.0341;2.64;2.73;2888.1600000000003
2962884;A0YD0W;2026-04-14 09:23:55.2802;0.0;1;['BB1'];0.215;0.0464;4.635;4.85;0.0
3551485;A1C6X2;2026-04-14 09:23:55.3745;0.0;2;['BB1', 'F'];0.2;0.0412;4.86;5.06;0.0
3035284;A2PQ7E;2026-04-14 09:23:55.5144;5915.0;2;['BB1', 'TG'];0.08;0.0061;13.02;13.1;5928.0
1507443;A0YCBU;2026-04-14 09:23:55.5667;5850.9;4;['TG', 'LS1', 'SC1', 'BB1'];1.0;0.0092;108.4;109.4;5959.25
4346668;A414WF;2026-04-14 09:23:55.6598;;1;['TG'];0.008;0.0357;0.224;0.232;958.496
655548;914262;2026-04-14 09:23:55.6982;4771.0;4;['TG', 'BB1', 'F', 'LS1'];0.03;0.0297;1.01;1.04;4772.0
229946;A1W038;2026-04-14 09:23:55.7431;0.0;4;['TG', 'LS1', 'F', 'BB1'];0.054;0.0295;1.828;1.882;2913.8320000000003
670328;A41G6R;2026-04-14 09:23:55.8413;4988.0;5;['TG', 'LS1', 'BB1', 'F', 'SC1'];0.4;0.0117;34.2;34.6;4993.200000000001
1003424;A40LPP;2026-04-14 09:23:55.9146;0.0;5;['TG', 'SC1', 'F', 'LS1', 'BB1'];0.18;0.0397;4.53;4.71;2862.96
929084;882839;2026-04-14 09:23:56.0609;0.0;2;['F', 'LS1'];0.06;0.0216;2.78;2.84;0.0
1197662;A1KBAV;2026-04-14 09:23:56.2254;0.0;1;['TG'];0.0046;0.0655;0.0702;0.0748;2830.6746
2478605;A3DQFF;2026-04-14 09:23:56.2699;0.0;4;['TG', 'F', 'LS1', 'BB1'];0.15;0.0401;3.74;3.89;1922.3600000000001
259367;A40X2S;2026-04-14 09:23:56.3886;0.0;1;['TG'];0.0036;0.1579;0.0228;0.0264;430.1904
1661196;A2ASKH;2026-04-14 09:23:56.6445;0.0;1;['TG'];0.07;0.0374;1.87;1.94;2889.15
118886;A3DNDT;2026-04-14 09:23:57.1738;0.0;4;['TG', 'LS1', 'F', 'BB1'];0.025;0.0334;0.749;0.774;1447.068
385004;A1T79H;2026-04-14 09:23:57.4404;0.0;1;['TG'];0.0086;0.1405;0.0612;0.0698;576.6876
141148;A41H97;2026-04-14 09:23:57.6748;0.0;1;['F'];0.08;1.3559;0.059;0.139;0.0
438806;A1JVA8;2026-04-14 09:23:58.0392;0.0;3;['TG', 'LS1', 'BB1'];0.018;0.0256;0.702;0.72;1949.454
4239171;A3DHXK;2026-04-14 09:23:58.3421;0.0;1;['TG'];0.02;0.0461;0.434;0.454;954.366
202384;A3ERKL;2026-04-14 09:23:58.5352;0.0;1;['F'];0.066;2.2;0.03;0.096;0.0
3611330;A40CV2;2026-04-14 09:23:58.6829;0.0;3;['F', 'LS1', 'BB1'];0.024;0.1212;0.198;0.222;0.0
1810455;A40YSL;2026-04-14 09:23:58.8234;0.0;2;['LS1', 'BB1'];0.12;0.2586;0.464;0.584;0.0
1185538;A2PA9H;2026-04-14 09:23:58.8837;5986.900000000001;4;['F', 'TG', 'LS1', 'SC1'];0.3;0.0095;31.48;31.78;6010.7699999999995
2841997;A3EEZC;2026-04-14 09:23:59.2317;0.0;4;['TG', 'F', 'LS1', 'BB1'];0.14;0.0196;7.14;7.28;2920.2599999999998
1010835;A41MPU;2026-04-14 09:23:59.6004;0.0;3;['LS1', 'TG', 'BB1'];0.1;0.0061;16.5;16.6;1980.0
440683;A12C1E;2026-04-14 09:23:59.7665;0.0;4;['TG', 'SC1', 'LS1', 'BB1'];0.04;0.0326;1.226;1.266;1198.336
2543988;918088;2026-04-14 09:24:00.0429;4956.15;5;['TG', 'F', 'LS1', 'SC1', 'BB1'];0.31;0.0069;44.65;44.96;4999.68
2936114;A2PKVQ;2026-04-14 09:24:00.1489;1774.98;1;['TG'];0.0155;0.0816;0.19;0.2055;1775.17
807690;889201;2026-04-14 09:24:00.1747;;5;['LS1', 'F', 'TG', 'SC1', 'BB1'];0.2;0.0068;29.2;29.4;3971.2
870881;A2P862;2026-04-14 09:24:00.2637;0.0;2;['TG', 'LS1'];0.02;0.0345;0.58;0.6;1441.8799999999999
1032959;885427;2026-04-14 09:24:00.3174;9872.52;4;['TG', 'SC1', 'LS1', 'F'];0.37;0.0082;45.105;45.475;9920.9
142717;A0DJ0N;2026-04-14 09:24:00.3524;10122.331999999999;4;['TG', 'F', 'LS1', 'SC1'];0.04;0.0048;8.34;8.38;6726.4
2728454;A3DLRK;2026-04-14 09:24:00.4459;1941.2459999999999;5;['TG', 'LS1', 'SC1', 'F', 'BB1'];0.02;0.0126;1.59;1.61;1942.809
164163;A1W757;2026-04-14 09:24:00.5775;9957.08;4;['F', 'TG', 'LS1', 'SC1'];0.12;0.0072;16.565;16.685;9973.619999999999
104041;A0MX2P;2026-04-14 09:24:00.6218;0.0;4;['TG', 'F', 'LS1', 'BB1'];0.029;0.1021;0.284;0.313;1809.648
940641;A1JBLZ;2026-04-14 09:24:00.7171;4899.4;5;['TG', 'F', 'LS1', 'SC1', 'BB1'];0.3;0.016;18.7;19.0;4918.099999999999
3420556;A3E4HU;2026-04-14 09:24:00.8327;0.0;1;['F'];0.1505;4.9344;0.0305;0.181;0.0
699701;A3EEVJ;2026-04-14 09:24:00.9423;0.0;1;['F'];0.009;0.1098;0.082;0.091;0.0
1007816;A0BK31;2026-04-14 09:24:01.0446;4913.1;1;['TG'];0.1;0.0097;10.3;10.4;4923.400000000001
3185476;A2DRUU;2026-04-14 09:24:01.2710;0.0;3;['F', 'LS1', 'BB1'];0.1;0.0658;1.52;1.62;0.0
466395;A2PRK5;2026-04-14 09:24:01.3626;1883.4060000000002;1;['TG'];0.001;0.0476;0.021;0.022;1883.4270000000001
220890;A0JMA0;2026-04-14 09:24:01.5912;2520.616;4;['TG', 'F', 'LS1', 'BB1'];0.027;0.1765;0.153;0.18;2520.768
620938;A2PQPG;2026-04-14 09:24:01.6736;9954.875;4;['TG', 'LS1', 'SC1', 'F'];0.165;0.0128;12.86;13.025;9959.960000000001
384922;A41D8Q;2026-04-14 09:24:01.9088;0.0;4;['TG', 'F', 'LS1', 'BB1'];0.1;0.023;4.34;4.44;2964.22
963769;A2H5RW;2026-04-14 09:24:02.0126;0.0;5;['SC1', 'TG', 'F', 'LS1', 'BB1'];0.37;0.0136;27.14;27.51;7889.01
700923;A0YDPM;2026-04-14 09:24:02.0968;0.0;1;['TG'];0.01;0.0376;0.266;0.276;1923.4460000000001
1718778;A3ET93;2026-04-14 09:24:02.1997;0.0;1;['BB1'];0.034;0.1018;0.334;0.368;0.0
680907;A40FFM;2026-04-14 09:24:02.4428;0.0;2;['TG', 'BB1'];0.031;0.122;0.254;0.285;442.512
1637449;A2ARP6;2026-04-14 09:24:02.5375;0.0;3;['TG', 'LS1', 'F'];0.021;0.1271;0.1652;0.1862;887.2892
746002;A41HAC;2026-04-14 09:24:02.7449;0.0;1;['BB1'];0.07;0.2011;0.348;0.418;0.0
552637;A0J3SP;2026-04-14 09:24:02.8453;0.0;2;['F', 'LS1'];0.65;0.066;9.85;10.5;0.0
1914246;A2QEQZ;2026-04-14 09:24:02.9417;1812.384;3;['TG', 'F', 'BB1'];0.0135;0.0508;0.266;0.2795;1812.645
997125;A1C30Q;2026-04-14 09:24:03.0230;0.0;5;['TG', 'LS1', 'SC1', 'BB1', 'F'];0.95;0.0147;64.5;65.45;5911.0
1530008;A1JZ4L;2026-04-14 09:24:03.2369;0.0;2;['LS1', 'BB1'];0.8;0.0449;17.8;18.6;0.0
2256173;A2DYUW;2026-04-14 09:24:03.3877;0.0;3;['TG', 'LS1', 'F'];0.014;0.0576;0.243;0.257;1890.297
104834;A40KCK;2026-04-14 09:24:03.4627;0.0;2;['TG', 'F'];0.0064;0.0612;0.1046;0.111;1883.0092
199937;899676;2026-04-14 09:24:03.5567;19357.0;4;['TG', 'LS1', 'SC1', 'F'];14.0;0.0094;1489.0;1503.0;20846.0
108754;A1187J;2026-04-14 09:24:03.7331;;1;['TG'];0.006;0.024;0.25;0.256;2921.75
1050491;A3DK5Q;2026-04-14 09:24:03.8488;0.0;4;['TG', 'F', 'LS1', 'BB1'];0.105;0.0372;2.82;2.925;1922.645
1016794;A3CQYW;2026-04-14 09:24:03.9472;;1;['TG'];0.0048;0.2308;0.0208;0.0256;813.1136
958027;A41EBX;2026-04-14 09:24:04.1584;0.0;3;['TG', 'F', 'BB1'];0.06;0.2143;0.28;0.34;711.1800000000001
158599;A12A5F;2026-04-14 09:24:04.3610;0.0;2;['F', 'BB1'];0.45;0.0938;4.8;5.25;0.0
1266843;885970;2026-04-14 09:24:04.9984;0.0;1;['TG'];1.0;0.018;55.5;56.5;5883.0
3342989;A3DQAX;2026-04-14 09:24:05.8220;1941.4;4;['TG', 'F', 'LS1', 'BB1'];0.08;0.028;2.855;2.935;1944.2549999999999
3960261;A40A1R;2026-04-14 09:24:05.9539;0.0;1;['TG'];0.011;0.0564;0.195;0.206;1417.26
3490193;A40AEC;2026-04-14 09:24:06.3920;0.0;1;['F'];0.0285;0.4957;0.0575;0.086;0.0
2691089;A3CVMX;2026-04-14 09:24:06.4618;0.0;3;['F', 'LS1', 'TG'];0.0015;0.0588;0.0255;0.027;470.0
2778380;A3C40W;2026-04-14 09:24:06.5971;0.0;3;['TG', 'F', 'LS1'];0.011;0.048;0.229;0.24;1907.5700000000002
923668;A0LHKJ;2026-04-14 09:24:06.7879;0.0;4;['SC1', 'F', 'LS1', 'DE'];0.06;0.0033;17.955;18.015;0.0
2370207;A2JBPS;2026-04-14 09:24:06.8699;2770.56;5;['TG', 'F', 'SC1', 'LS1', 'BB1'];0.024;0.0811;0.296;0.32;2770.8559999999998
490690;904604;2026-04-14 09:24:06.9143;0.0;5;['TG', 'F', 'LS1', 'SC1', 'BB1'];0.35;0.015;23.365;23.715;2967.355
2096372;A3DQCH;2026-04-14 09:24:07.0124;2961.9269999999997;3;['LS1', 'TG', 'BB1'];0.001;0.0014;0.719;0.72;2962.644
266551;A4018K;2026-04-14 09:24:07.3421;0.0;3;['TG', 'LS1', 'BB1'];0.031;0.133;0.233;0.264;621.8430000000001
593954;A0NAH2;2026-04-14 09:24:07.4418;2931.92;5;['TG', 'F', 'SC1', 'LS1', 'BB1'];0.3;0.0136;22.0;22.3;2953.7999999999997
2877126;A3DM8G;2026-04-14 09:24:07.5446;0.0;1;['TG'];0.023;0.1004;0.229;0.252;1360.489
3185504;A1C09C;2026-04-14 09:24:07.7723;2885.64;1;['TG'];0.12;0.0347;3.46;3.58;2889.1
3321741;A40Z8P;2026-04-14 09:24:07.8847;0.0;2;['TG', 'F'];0.04;0.0291;1.374;1.414;1648.8000000000002
1465898;A40AT2;2026-04-14 09:24:07.9878;0.0;2;['TG', 'BB1'];0.015;0.0568;0.264;0.279;1417.944
1362264;A3D492;2026-04-14 09:24:08.0844;;2;['TG', 'BB1'];0.011;0.0478;0.23;0.241;1653.75
331781;A0ETPA;2026-04-14 09:24:08.2008;1885.2595000000001;3;['TG', 'F', 'LS1'];0.0095;0.0411;0.231;0.2405;1885.49
1049056;881347;2026-04-14 09:24:08.2749;9931.26;3;['TG', 'LS1', 'SC1'];0.35;0.0073;48.21;48.56;9979.47
2329920;A40CFY;2026-04-14 09:24:08.5573;8045.839999999999;4;['TG', 'LS1', 'F', 'SC1'];0.05;0.0055;9.02;9.07;8053.0740000000005
624945;A0M8PX;2026-04-14 09:24:08.7503;14840.5;4;['TG', 'F', 'LS1', 'SC1'];1.7;0.0077;221.4;223.1;15055.2
497591;A1C4K0;2026-04-14 09:24:08.7920;0.0;4;['TG', 'F', 'LS1', 'BB1'];0.029;0.0381;0.762;0.791;2885.694
612694;A1H5MJ;2026-04-14 09:24:08.8779;0.0;5;['TG', 'SC1', 'LS1', 'F', 'BB1'];0.14;0.0133;10.55;10.69;2964.55
2236999;A2P5AE;2026-04-14 09:24:08.9658;0.0;1;['TG'];0.013;0.0688;0.189;0.202;931.77
2614477;A2P4MY;2026-04-14 09:24:09.0129;0.0;3;['TG', 'F', 'LS1'];0.0085;0.2576;0.033;0.0415;783.1525
1076886;A2DY0J;2026-04-14 09:24:09.1124;4892.549999999999;4;['LS1', 'TG', 'F', 'BB1'];0.1;0.0118;8.5;8.6;4901.0
1381097;A2ANKZ;2026-04-14 09:24:09.1651;1810.242;1;['TG'];0.039;0.1032;0.378;0.417;1810.6200000000001
2815530;A2QFEP;2026-04-14 09:24:09.5653;0.0;4;['TG', 'F', 'LS1', 'BB1'];0.034;0.0649;0.524;0.558;3242.2000000000003
3583674;A40TUW;2026-04-14 09:24:09.6059;0.0;2;['TG', 'BB1'];0.013;0.0461;0.282;0.295;1888.0390000000002
2349084;A2DWM1;2026-04-14 09:24:09.8069;0.0;1;['TG'];0.01;0.1117;0.0895;0.0995;1316.187
164581;A2PUD4;2026-04-14 09:24:09.8612;0.0;5;['TG', 'SC1', 'F', 'LS1', 'BB1'];0.4;0.0122;32.8;33.2;4890.0
198619;A40YYV;2026-04-14 09:24:10.1676;0.0;2;['TG', 'F'];0.013;0.1844;0.0705;0.0835;839.9369999999999
1442828;A2PBYX;2026-04-14 09:24:10.2839;0.0;1;['F'];0.012;0.1951;0.0615;0.0735;0.0
3752182;A401ND;2026-04-14 09:24:10.3703;0.0;0;[];0.0;0.0;0.0;0.0;0.0
371003;A2PX5N;2026-04-14 09:24:10.4768;1393.2745;3;['F', 'TG', 'LS1'];-0.0005;-0.0023;0.214;0.2135;1393.4750000000001
3257487;A40HNQ;2026-04-14 09:24:10.5517;1963.3000000000002;5;['TG', 'LS1', 'SC1', 'BB1', 'F'];0.66;0.0195;33.84;34.5;1996.5600000000002
1008466;A2P381;2026-04-14 09:24:10.6427;2947.868;4;['TG', 'LS1', 'F', 'BB1'];0.054;0.024;2.252;2.306;2709.55
233998;A14WLB;2026-04-14 09:24:10.8112;1904.0120000000002;4;['TG', 'F', 'LS1', 'BB1'];0.039;0.0491;0.794;0.833;1904.806
1548050;A2LQ0W;2026-04-14 09:24:11.1070;1932.9640000000002;4;['TG', 'F', 'LS1', 'BB1'];0.009;0.0226;0.398;0.407;1933.3580000000002
2268297;A4016D;2026-04-14 09:24:11.2348;0.0;2;['F', 'LS1'];0.0035;0.0946;0.037;0.0405;0.0
626156;A413WM;2026-04-14 09:24:11.3314;0.0;1;['TG'];0.03;0.6818;0.044;0.074;591.052
3268463;A414TA;2026-04-14 09:24:11.5597;973.6;4;['TG', 'F', 'LS1', 'BB1'];0.008;0.0392;0.204;0.212;973.8000000000001
407514;A2N7RK;2026-04-14 09:24:11.6635;0.0;3;['TG', 'F', 'BB1'];0.014;0.0972;0.144;0.158;2716.1679999999997
708994;A409DM;2026-04-14 09:24:11.7183;0.0;3;['F', 'TG', 'LS1'];0.003;0.0898;0.0334;0.0364;917.5982
716838;A1JJ49;2026-04-14 09:24:11.7955;0.0;5;['TG', 'BB1', 'F', 'LS1', 'SC1'];0.2;0.0117;17.1;17.3;5831.0
469092;A2DWUW;2026-04-14 09:24:11.9059;0.0;2;['TG', 'F'];0.0055;0.1009;0.0545;0.06;2704.944
574740;915121;2026-04-14 09:24:11.9952;0.0;1;['SC1'];0.9;0.0181;49.6;50.5;0.0
200899;A3D6HK;2026-04-14 09:24:12.1323;0.0;1;['BB1'];0.136;0.1853;0.734;0.87;0.0
3551343;A3CTYR;2026-04-14 09:24:12.2341;0.0;3;['F', 'LS1', 'BB1'];0.8;0.1231;6.5;7.3;0.0
164908;A3E4VP;2026-04-14 09:24:12.3390;0.0;3;['TG', 'F', 'LS1'];0.0125;0.0704;0.1775;0.19;1384.6775
4135804;A41W87;2026-04-14 09:24:12.4446;0.0;2;['F', 'LS1'];0.017;0.1328;0.128;0.145;0.0
110726;A3CSRJ;2026-04-14 09:24:12.6290;0.0;1;['F'];0.099;0.9429;0.105;0.204;0.0
1938470;A2JAQL;2026-04-14 09:24:12.9128;1903.3249999999998;3;['TG', 'F', 'LS1'];0.024;0.0505;0.475;0.499;1903.8
948305;A4098M;2026-04-14 09:24:13.3251;0.0;2;['TG', 'F'];0.0234;0.3611;0.0648;0.0882;1467.8496
1582428;A1H735;2026-04-14 09:24:13.4639;0.0;4;['TG', 'F', 'LS1', 'BB1'];0.015;0.01;1.505;1.52;1956.56
2021681;A3ERHR;2026-04-14 09:24:13.6580;0.0;2;['BB1', 'LS1'];0.039;0.3333;0.117;0.156;0.0
1400029;A140JD;2026-04-14 09:24:13.7053;5661.0;5;['TG', 'SC1', 'LS1', 'BB1', 'F'];0.99;0.0523;18.94;19.93;5679.87
273625;A1JAES;2026-04-14 09:24:13.7800;2854.251;4;['TG', 'F', 'LS1', 'BB1'];0.075;0.0454;1.652;1.727;2855.898
2529444;A3DW5B;2026-04-14 09:24:13.8608;0.0;3;['TG', 'LS1', 'F'];0.076;0.0474;1.604;1.68;1905.6000000000001
2791010;A2QPAL;2026-04-14 09:24:13.8926;0.0;1;['TG'];0.0068;0.2024;0.0336;0.0404;1659.2687999999998
3175346;A41ZQD;2026-04-14 09:24:13.9219;0.0;1;['F'];0.2994;5.0235;0.0596;0.359;0.0
2613804;A2PUW9;2026-04-14 09:24:14.0545;0.0;2;['F', 'LS1'];0.0205;0.5256;0.039;0.0595;0.0
961173;A41K84;2026-04-14 09:24:14.1539;0.0;0;[];0.0;0.0;0.0;0.0;0.0
813062;A2P0BS;2026-04-14 09:24:14.2482;0.0;1;['BB1'];0.025;0.2083;0.12;0.145;0.0
384844;A41GPN;2026-04-14 09:24:14.3425;0.0;4;['TG', 'LS1', 'F', 'BB1'];0.037;0.0385;0.962;0.999;1903.798
2171105;A2DSQD;2026-04-14 09:24:14.3688;0.0;1;['BB1'];0.015;0.3846;0.039;0.054;0.0
2388860;A3DWU4;2026-04-14 09:24:14.7759;1907.975;4;['TG', 'F', 'LS1', 'BB1'];0.035;0.0419;0.835;0.87;1908.81
147911;A0B7D8;2026-04-14 09:24:14.8712;1455.8999999999999;4;['TG', 'F', 'LS1', 'BB1'];0.045;0.0325;1.385;1.43;1457.28
653739;A41XQ1;2026-04-14 09:24:14.9573;;1;['TG'];0.04;0.018;2.22;2.26;1964.7000000000003
1855322;A2DHZ0;2026-04-14 09:24:15.0431;2843.8680000000004;1;['TG'];0.042;0.039;1.076;1.118;2844.944
188830;A40QNN;2026-04-14 09:24:15.1324;0.0;1;['BB1'];0.033;0.2;0.165;0.198;0.0
870256;A2P063;2026-04-14 09:24:15.2289;0.0;4;['TG', 'F', 'LS1', 'BB1'];0.074;0.0727;1.018;1.092;2786.888
2965197;A2AEV5;2026-04-14 09:24:15.6270;1339.25;4;['TG', 'LS1', 'F', 'BB1'];0.026;0.1032;0.252;0.278;1339.5
841034;A3C9RQ;2026-04-14 09:24:15.7043;0.0;2;['F', 'TG'];0.006;0.0719;0.0835;0.0895;1386.432
1365099;A2PFXE;2026-04-14 09:24:15.7927;2023.736;4;['TG', 'LS1', 'SC1', 'BB1'];0.01;0.0126;0.793;0.803;2024.529
2940864;A2PM23;2026-04-14 09:24:16.0803;0.0;1;['TG'];0.0045;0.072;0.0625;0.067;1857.375
4020870;A41XBB;2026-04-14 09:24:16.1964;;1;['TG'];0.014;0.0496;0.282;0.296;1184.0
1049464;871177;2026-04-14 09:24:16.2483;4959.63;5;['F', 'SC1', 'LS1', 'TG', 'BB1'];0.1;0.0024;42.39;42.49;5002.02
1413803;A3EW4S;2026-04-14 09:24:16.3481;960.2449999999999;2;['TG', 'LS1'];0.0035;0.0243;0.144;0.1475;960.3879999999999
1139736;A2JN3P;2026-04-14 09:24:16.5748;0.0;2;['LS1', 'BB1'];0.285;0.0509;5.595;5.88;0.0
813611;A3EXGV;2026-04-14 09:24:16.7131;0.0;3;['F', 'LS1', 'TG'];0.004;0.0181;0.221;0.225;976.157
165018;A3C4CZ;2026-04-14 09:24:16.7423;0.0;2;['TG', 'BB1'];0.04;0.0376;1.064;1.104;953.1120000000001
1489819;A2PW90;2026-04-14 09:24:16.8437;1870.4399999999998;1;['TG'];0.009;0.0629;0.143;0.152;1870.5829999999999
2360189;A41G8H;2026-04-14 09:24:16.8864;0.0;2;['TG', 'BB1'];0.075;0.0955;0.785;0.86;2350.81
1516452;A3CR38;2026-04-14 09:24:17.5578;0.0;4;['SC1', 'TG', 'F', 'LS1'];0.0175;0.0462;0.379;0.3965;1428.451
746326;A116WL;2026-04-14 09:24:17.6666;0.0;2;['F', 'LS1'];0.0135;0.5625;0.024;0.0375;0.0
1357322;A40TP4;2026-04-14 09:24:17.7818;0.0;1;['TG'];0.027;0.1113;0.2425;0.2695;1261.0
2564160;A2N5QQ;2026-04-14 09:24:17.8860;0.0;4;['SC1', 'F', 'LS1', 'BB1'];0.726;0.12;6.051;6.777;0.0
1040006;A2DJ8Y;2026-04-14 09:24:18.2336;0.0;1;['TG'];0.019;0.0532;0.357;0.376;1421.5739999999998
1654637;A3DSQS;2026-04-14 09:24:18.4152;0.0;1;['BB1'];0.035;0.0363;0.965;1.0;0.0
2600951;A2P1KZ;2026-04-14 09:24:18.6231;2917.5;5;['TG', 'F', 'SC1', 'LS1', 'BB1'];0.1;0.0133;7.5;7.6;2925.0
857298;A3EWDE;2026-04-14 09:24:18.7184;0.0;3;['TG', 'LS1', 'F'];0.015;0.0296;0.506;0.521;2908.994
920200;A2QK6U;2026-04-14 09:24:18.8161;0.0;2;['F', 'LS1'];0.4;0.2649;1.51;1.91;0.0
491065;A2QEX9;2026-04-14 09:24:18.8493;0.0;4;['TG', 'LS1', 'F', 'BB1'];0.06;0.0389;1.544;1.604;1428.68
771702;A2QQGU;2026-04-14 09:24:18.9303;0.0;2;['TG', 'LS1'];0.0085;0.2361;0.036;0.0445;1619.2079999999999
134161;A3DRWX;2026-04-14 09:24:19.0323;1412.039;4;['LS1', 'TG', 'F', 'BB1'];0.0185;0.044;0.4205;0.439;1412.4595
3739943;A41GP3;2026-04-14 09:24:19.1376;0.0;2;['F', 'LS1'];0.025;0.1562;0.16;0.185;0.0
2800809;A3CMT9;2026-04-14 09:24:19.2809;0.0;3;['TG', 'LS1', 'BB1'];0.051;0.0261;1.954;2.005;2912.2599999999998
1151197;A41WE7;2026-04-14 09:24:19.3891;1868.724;2;['TG', 'BB1'];0.008;0.0661;0.121;0.129;1148.1000000000001
3963169;A3EV4P;2026-04-14 09:24:19.6311;0.0;3;['TG', 'LS1', 'BB1'];0.26;0.0488;5.33;5.59;2382.51
2253467;A3EHQ8;2026-04-14 09:24:19.7076;0.0;2;['TG', 'F'];0.0082;0.1035;0.0792;0.0874;1812.4128
2273618;A3EH8Z;2026-04-14 09:24:19.8147;3956.572;4;['TG', 'LS1', 'SC1', 'F'];0.0285;0.0152;1.881;1.9095;3958.4525000000003
130798;A411C1;2026-04-14 09:24:19.8426;0.0;3;['TG', 'LS1', 'F'];0.0125;0.0654;0.191;0.2035;1864.968
668760;A3CYRW;2026-04-14 09:24:19.9681;0.0;2;['TG', 'BB1'];0.015;0.0297;0.505;0.52;2903.245
2978240;A3E27N;2026-04-14 09:24:20.0745;0.0;2;['TG', 'F'];0.0198;0.3133;0.0632;0.083;1521.0976
674567;A0DPL4;2026-04-14 09:24:20.1596;2950.0899999999997;4;['TG', 'LS1', 'SC1', 'F'];0.29;0.0141;20.64;20.93;2970.72
1285733;A41B76;2026-04-14 09:24:20.2422;0.0;3;['TG', 'LS1', 'BB1'];0.019;0.0702;0.2705;0.2895;2798.8635000000004
1236121;A3EF3P;2026-04-14 09:24:20.4302;0.0;0;[];0.0;0.0;0.0;0.0;0.0
1772845;A3D065;2026-04-14 09:24:20.5310;0.0;3;['TG', 'LS1', 'F'];0.038;0.0201;1.892;1.93;2940.1679999999997
903739;A143AD;2026-04-14 09:24:20.6201;0.0;4;['F', 'SC1', 'LS1', 'BB1'];0.09;0.0025;35.86;35.95;0.0
2300329;A3C8UX;2026-04-14 09:24:20.6610;2887.2000000000003;5;['LS1', 'TG', 'SC1', 'F', 'BB1'];0.126;0.0262;4.812;4.938;1558.7520000000002
3217950;A3DRX5;2026-04-14 09:24:20.7630;0.0;1;['TG'];0.0025;0.0521;0.048;0.0505;946.7520000000001
4346423;A415NT;2026-04-14 09:24:20.8566;0.0;3;['TG', 'F', 'LS1'];0.0112;0.1247;0.0898;0.101;1329.7584000000002
103845;A3CLTE;2026-04-14 09:24:20.8825;3806.5170000000003;5;['TG', 'SC1', 'F', 'LS1', 'BB1'];0.056;0.0395;1.416;1.472;3807.918
1049465;A0CBFW;2026-04-14 09:24:20.9139;0.0;1;['BB1'];0.4;0.0092;43.4;43.8;0.0
3067611;A2PBLT;2026-04-14 09:24:21.1201;0.0;4;['LS1', 'F', 'SC1', 'BB1'];1.0;0.0097;103.0;104.0;0.0
104110;899657;2026-04-14 09:24:21.2235;9932.929999999998;4;['TG', 'LS1', 'F', 'SC1'];0.2;0.0116;17.185;17.385;8697.5
2491213;A3EME5;2026-04-14 09:24:21.3144;0.0;1;['F'];0.0082;0.1289;0.0636;0.0718;0.0
3171453;A3EH59;2026-04-14 09:24:21.4093;0.0;3;['TG', 'LS1', 'BB1'];0.012;0.025;0.48;0.492;2917.44
199934;896801;2026-04-14 09:24:21.5057;9828.0;1;['TG'];0.4;0.0128;31.2;31.6;9859.199999999999
2725687;A403XE;2026-04-14 09:24:21.6123;0.0;1;['TG'];0.0055;0.1089;0.0505;0.056;896.9810000000001
593949;A0HGWG;2026-04-14 09:24:21.9465;958.5152;3;['TG', 'F', 'LS1'];0.0056;0.0361;0.1552;0.1608;958.6704
199894;851368;2026-04-14 09:24:22.0769;9805.5;5;['F', 'SC1', 'TG', 'LS1', 'BB1'];0.5;0.0046;109.5;110.0;9914.45
1044204;A3DV5G;2026-04-14 09:24:22.3545;;1;['TG'];0.0058;0.358;0.0162;0.022;1473.8274
110839;A40UCN;2026-04-14 09:24:22.4422;0.0;2;['TG', 'BB1'];0.025;0.0427;0.585;0.61;1402.245
1214275;A4170S;2026-04-14 09:24:22.5282;;4;['TG', 'LS1', 'F', 'BB1'];0.22;0.0207;10.64;10.86;1889.6399999999999
2511833;A41FTP;2026-04-14 09:24:22.5527;0.0;1;['F'];0.14;0.0357;3.92;4.06;0.0
821866;A2PT67;2026-04-14 09:24:22.6441;0.0;0;[];0.0;0.0;0.0;0.0;0.0
1049515;A0RNQW;2026-04-14 09:24:22.6821;0.0;4;['F', 'SC1', 'LS1', 'BB1'];4.0;0.026;154.0;158.0;0.0
204950;A3EET5;2026-04-14 09:24:22.7813;1940.55;4;['TG', 'LS1', 'BB1', 'F'];0.076;0.0298;2.55;2.626;1943.1
2691104;A41CA4;2026-04-14 09:24:23.0281;0.0;1;['TG'];0.0125;0.048;0.2605;0.273;954.472
2769949;A4010U;2026-04-14 09:24:23.1415;0.0;2;['TG', 'BB1'];0.007;0.0278;0.252;0.259;1443.25
602232;A1120R;2026-04-14 09:24:23.2300;0.0;0;[];0.0;0.0;0.0;0.0;0.0
400592;A2DQG7;2026-04-14 09:24:23.4836;0.0;4;['TG', 'F', 'LS1', 'SC1'];0.18;0.0078;23.22;23.4;5104.0
503096;A1C4CG;2026-04-14 09:24:23.5667;0.0;4;['TG', 'F', 'LS1', 'BB1'];0.14;0.0676;2.07;2.21;1400.07
248909;A412Q0;2026-04-14 09:24:23.8421;0.0;3;['TG', 'LS1', 'F'];0.18;0.0192;9.355;9.535;2946.8250000000003
1680265;A1W4VG;2026-04-14 09:24:23.9163;0.0;4;['TG', 'LS1', 'F', 'SC1'];0.176;0.0236;7.473;7.649;3004.1459999999997
2941519;A2JNLV;2026-04-14 09:24:23.9770;0.0;2;['TG', 'BB1'];0.025;0.1938;0.129;0.154;832.953
1275127;A2QA7P;2026-04-14 09:24:24.3050;2854.44;4;['TG', 'F', 'LS1', 'BB1'];0.1;0.0224;4.46;4.56;2102.1
1772137;A2DUKS;2026-04-14 09:24:24.5516;0.0;2;['F', 'LS1'];0.8;0.0385;20.8;21.6;0.0
1492843;A3DQHZ;2026-04-14 09:24:24.7036;0.0;3;['TG', 'LS1', 'F'];0.001;0.0185;0.054;0.055;935.0
1956176;A116WZ;2026-04-14 09:24:25.0090;1990.18;4;['TG', 'LS1', 'F', 'BB1'];0.01;0.0033;3.03;3.04;1993.2
423023;A41MEK;2026-04-14 09:24:25.2187;0.0;1;['F'];0.3;0.3448;0.87;1.17;0.0
1477300;A1JS0G;2026-04-14 09:24:25.2785;2926.45;5;['TG', 'F', 'BB1', 'LS1', 'SC1'];0.1;0.0187;5.35;5.45;2931.7999999999997
2560885;A2QQJN;2026-04-14 09:24:25.3642;3943.6800000000003;4;['TG', 'F', 'LS1', 'BB1'];0.015;0.0095;1.585;1.6;3945.26
2515696;A1178T;2026-04-14 09:24:25.5578;0.0;2;['SC1', 'BB1'];0.5;0.0058;86.5;87.0;0.0
4006713;A412A8;2026-04-14 09:24:25.6188;0.0;4;['TG', 'F', 'LS1', 'BB1'];0.012;0.0236;0.508;0.52;963.168
303686;A4098R;2026-04-14 09:24:25.7181;0.0;3;['TG', 'BB1', 'LS1'];0.016;0.0348;0.46;0.476;961.4000000000001
1974963;A41ES5;2026-04-14 09:24:26.0213;0.0;1;['F'];0.6;13.3333;0.045;0.645;0.0
275795;A0DM94;2026-04-14 09:24:26.0554;14997.06;6;['F', 'SC1', 'LS1', 'BB1', 'TG', 'DE'];0.04;0.0014;28.73;28.77;10936.77
2710786;A3EKUE;2026-04-14 09:24:26.1554;0.0;0;[];0.0;0.0;0.0;0.0;0.0
4662160;A424J1;2026-04-14 09:24:26.2072;0.0;1;['LS1'];0.021;0.1603;0.131;0.152;0.0
916329;A119BJ;2026-04-14 09:24:26.4004;0.0;4;['TG', 'F', 'LS1', 'BB1'];0.014;0.1176;0.119;0.133;1333.157
2878854;A1XE7A;2026-04-14 09:24:26.5052;0.0;2;['TG', 'BB1'];0.08;0.0172;4.66;4.74;2949.78
895049;A2AJL3;2026-04-14 09:24:26.5359;4949.15;4;['TG', 'F', 'LS1', 'SC1'];0.3;0.0188;15.975;16.275;4965.115
3200657;A3EU8A;2026-04-14 09:24:26.6411;0.0;1;['TG'];0.013;0.0474;0.274;0.287;1429.7320000000002
2065606;A2P2J9;2026-04-14 09:24:26.7354;0.0;3;['TG', 'F', 'BB1'];0.034;0.0605;0.562;0.596;3780.5740000000005
1373497;A3DL9D;2026-04-14 09:24:26.8413;0.0;3;['TG', 'F', 'LS1'];0.175;0.0398;4.4;4.575;2886.4
497969;A2APX6;2026-04-14 09:24:26.8741;0.0;3;['TG', 'LS1', 'F'];0.02;0.5882;0.034;0.054;1226.142
336346;A3EYKD;2026-04-14 09:24:26.9827;0.0;4;['TG', 'LS1', 'F', 'BB1'];0.042;0.0475;0.885;0.927;1430.16
1006103;A2DYP6;2026-04-14 09:24:27.1278;3270.54;5;['LS1', 'TG', 'F', 'SC1', 'BB1'];0.07;0.0128;5.47;5.54;3276.0
649033;A2DNZ7;2026-04-14 09:24:27.2244;0.0;1;['TG'];0.035;0.0729;0.48;0.515;924.9599999999999
1243441;A2JAMG;2026-04-14 09:24:27.3200;0.0;1;['TG'];0.0215;0.1111;0.1935;0.215;897.6465000000001
2453694;A2QELV;2026-04-14 09:24:27.4176;2841.013;4;['TG', 'BB1', 'F', 'LS1'];0.018;0.0345;0.521;0.539;2841.534
107577;A41QA9;2026-04-14 09:24:27.4905;;2;['TG', 'BB1'];0.013;0.039;0.333;0.346;2867.152
585798;A3EQZ1;2026-04-14 09:24:27.5301;0.0;4;['TG', 'F', 'LS1', 'BB1'];0.038;0.0599;0.634;0.672;1413.82
1529945;A2JAFY;2026-04-14 09:24:27.6249;0.0;0;[];0.0;0.0;0.0;0.0;0.0
3560612;A3E4WC;2026-04-14 09:24:27.7218;0.0;3;['TG', 'LS1', 'F'];0.0225;0.1233;0.1825;0.205;886.9499999999999
1066540;157084;2026-04-14 09:24:28.1327;2843.058;3;['TG', 'LS1', 'F'];0.023;0.0524;0.439;0.462;2843.496
2659468;A3C7FD;2026-04-14 09:24:28.1660;2867.4;4;['TG', 'LS1', 'F', 'BB1'];0.034;0.0316;1.076;1.11;2868.462
1903335;910216;2026-04-14 09:24:28.2784;0.0;4;['F', 'LS1', 'SC1', 'BB1'];1.0;0.041;24.4;25.4;0.0
499945;A2AQ0U;2026-04-14 09:24:28.3773;0.0;2;['F', 'LS1'];0.006;0.0345;0.174;0.18;0.0
273770;A40VJW;2026-04-14 09:24:28.4966;0.0;1;['TG'];0.029;0.2397;0.121;0.15;1607.485
3342333;A40ZYP;2026-04-14 09:24:28.6795;0.0;2;['TG', 'F'];0.011;0.2136;0.0515;0.0625;824.6179999999999
3246032;A3DQFE;2026-04-14 09:24:28.9711;0.0;4;['TG', 'F', 'LS1', 'SC1'];0.03;0.0096;3.11;3.14;2536.0
107878;A4229X;2026-04-14 09:24:29.0527;;1;['TG'];0.21;0.0495;4.24;4.45;954.0
1779925;A2DRUS;2026-04-14 09:24:29.1545;1907.6180000000002;4;['TG', 'F', 'LS1', 'BB1'];0.038;0.0411;0.925;0.963;1908.5400000000002
2325729;A419Q5;2026-04-14 09:24:29.2483;0.0;3;['TG', 'LS1', 'F'];0.02;0.0351;0.57;0.59;1883.8240000000003
1598684;A3CWX3;2026-04-14 09:24:29.4026;0.0;4;['TG', 'LS1', 'SC1', 'BB1'];0.136;0.0181;7.5;7.636;9831.744
488869;A40X9T;2026-04-14 09:24:29.5149;0.0;2;['TG', 'F'];0.007;0.1118;0.0626;0.0696;1268.854
1458875;905977;2026-04-14 09:24:29.6219;4945.85;5;['F', 'SC1', 'LS1', 'TG', 'BB1'];0.45;0.0083;54.35;54.8;5000.2
2367110;A40Y3E;2026-04-14 09:24:29.7311;;1;['TG'];0.006;0.2034;0.0295;0.0355;831.6049999999999
1205544;A3C8GP;2026-04-14 09:24:29.8184;0.0;3;['F', 'LS1', 'BB1'];0.014;0.0843;0.166;0.18;0.0
258034;A1H6MD;2026-04-14 09:24:29.9134;0.0;1;['TG'];0.0104;0.0742;0.1402;0.1506;2409.6000000000004
2592707;A2QGR9;2026-04-14 09:24:30.0553;0.0;3;['TG', 'F', 'BB1'];0.01;0.034;0.294;0.304;1294.4419999999998
2349027;A3DMVV;2026-04-14 09:24:30.1617;0.0;3;['F', 'LS1', 'BB1'];0.065;0.1226;0.53;0.595;0.0
1780286;A2JAHX;2026-04-14 09:24:30.3003;2865.807;3;['TG', 'LS1', 'BB1'];0.008;0.0194;0.413;0.421;2866.22
2729429;A3ERHF;2026-04-14 09:24:30.3408;4905.42;4;['TG', 'LS1', 'SC1', 'F'];0.063;0.017;3.707;3.77;4909.125
952607;A3DH2K;2026-04-14 09:24:30.4650;0.0;3;['F', 'LS1', 'BB1'];0.038;0.0945;0.402;0.44;0.0
3866523;A418KN;2026-04-14 09:24:30.5008;0.0;2;['F', 'LS1'];0.049;0.8596;0.057;0.106;0.0
749718;A40GBL;2026-04-14 09:24:30.7014;0.0;1;['F'];0.02;0.4396;0.0455;0.0655;0.0
130869;A2QA7U;2026-04-14 09:24:30.8130;0.0;1;['BB1'];0.65;0.0963;6.75;7.4;0.0
178832;A4113X;2026-04-14 09:24:30.9135;0.0;4;['TG', 'LS1', 'F', 'BB1'];0.06;0.028;2.14;2.2;3801.1600000000003
556932;A0MYR8;2026-04-14 09:24:31.0391;0.0;3;['TG', 'LS1', 'F'];0.012;0.0727;0.165;0.177;4658.18
1811056;A3D74X;2026-04-14 09:24:31.1416;0.0;3;['TG', 'F', 'LS1'];0.04;0.0445;0.8985;0.9385;1427.427
996997;A12GZU;2026-04-14 09:24:31.3451;0.0;4;['TG', 'F', 'LS1', 'SC1'];0.14;0.002;71.72;71.86;7172.0
149039;A0B7XJ;2026-04-14 09:24:31.3941;0.0;4;['F', 'LS1', 'TG', 'SC1'];0.06;0.0024;24.73;24.79;4946.0
128822;A3DR5S;2026-04-14 09:24:31.5001;0.0;2;['F', 'LS1'];0.12;0.6977;0.172;0.292;0.0
3868855;A41JQW;2026-04-14 09:24:31.6064;0.0;1;['F'];0.0195;0.2131;0.0915;0.111;0.0
2166817;120504;2026-04-14 09:24:31.7891;0.0;5;['TG', 'F', 'LS1', 'BB1', 'SC1'];0.15;0.0065;23.2;23.35;4964.8
3105669;A3DWGD;2026-04-14 09:24:31.9196;0.0;2;['F', 'LS1'];0.022;0.1419;0.155;0.177;0.0
1698964;A3D3E7;2026-04-14 09:24:32.0187;0.0;1;['TG'];0.0036;0.1429;0.0252;0.0288;875.6748
624494;A0Q27W;2026-04-14 09:24:32.1107;0.0;2;['TG', 'LS1'];0.2;0.0125;16.0;16.2;1971.6000000000001
785454;A411DV;2026-04-14 09:24:32.2069;0.0;2;['TG', 'BB1'];0.022;0.1897;0.116;0.138;1641.486
631464;868610;2026-04-14 09:24:32.3043;0.0;5;['TG', 'LS1', 'SC1', 'F', 'BB1'];0.35;0.0071;49.32;49.67;9960.62
2749621;A3CMTS;2026-04-14 09:24:32.4024;1920.312;3;['TG', 'LS1', 'BB1'];0.058;0.0405;1.432;1.49;1921.744
149041;A0BK1D;2026-04-14 09:24:32.6293;0.0;1;['TG'];0.011;0.144;0.0764;0.0874;762.472
106525;A3CY96;2026-04-14 09:24:32.7277;0.0;1;['F'];0.0102;0.1545;0.066;0.0762;0.0
311596;895302;2026-04-14 09:24:32.7978;;4;['LS1', 'F', 'TG', 'BB1'];0.1;0.0055;18.1;18.2;4977.5
1049525;926517;2026-04-14 09:24:32.9040;4934.51;5;['TG', 'F', 'LS1', 'SC1', 'BB1'];0.285;0.0091;31.43;31.715;4965.94
2399539;A41GP5;2026-04-14 09:24:33.0202;0.0;2;['LS1', 'BB1'];0.16;0.1019;1.57;1.73;0.0
599468;A2P5GK;2026-04-14 09:24:33.1276;0.0;2;['TG', 'BB1'];0.2;0.037;5.4;5.6;2862.25
4154214;A40WDE;2026-04-14 09:24:33.4750;0.0;1;['TG'];0.001;0.0299;0.0335;0.0345;2904.6510000000003
851960;A3E4PU;2026-04-14 09:24:33.5746;0.0;1;['TG'];0.15;0.0268;5.6;5.75;2906.3999999999996
2479648;A42031;2026-04-14 09:24:33.7527;;3;['TG', 'F', 'LS1'];0.018;0.0928;0.194;0.212;1818.944
1868473;A3DJYU;2026-04-14 09:24:33.8637;2866.5840000000003;4;['TG', 'LS1', 'BB1', 'F'];0.004;0.0049;0.814;0.818;2867.375
2315799;A415NU;2026-04-14 09:24:33.9631;1957.8360000000002;4;['TG', 'BB1', 'F', 'LS1'];0.01;0.0181;0.554;0.564;1958.39
3848448;A418LA;2026-04-14 09:24:34.0821;735.488;4;['TG', 'F', 'LS1', 'BB1'];0.01;0.0357;0.28;0.29;735.7600000000001
1660509;A1J7TZ;2026-04-14 09:24:34.2790;0.0;2;['BB1', 'F'];0.09;0.1104;0.815;0.905;0.0
2673110;932414;2026-04-14 09:24:34.3813;0.0;1;['TG'];0.011;0.3492;0.0315;0.0425;1111.7925
764591;A2N7AA;2026-04-14 09:24:34.4764;0.0;1;['TG'];0.0045;0.1216;0.037;0.0415;554.482
149289;A0HGWU;2026-04-14 09:24:34.5416;1357.8239999999998;4;['TG', 'F', 'LS1', 'BB1'];0.013;0.0305;0.426;0.439;1358.24
3275485;A418LE;2026-04-14 09:24:34.5974;0.0;4;['TG', 'F', 'SC1', 'LS1'];0.042;0.0283;1.482;1.524;2074.8
1349096;A41ZJ6;2026-04-14 09:24:34.6988;;2;['LS1', 'TG'];0.01;0.0654;0.153;0.163;909.126
283714;A3C8SW;2026-04-14 09:24:34.8122;0.0;1;['LS1'];1.2;0.0583;20.6;21.8;0.0
1011216;A2PW66;2026-04-14 09:24:34.8597;2966.4;4;['TG', 'LS1', 'F', 'BB1'];0.05;0.0087;5.77;5.82;2977.3199999999997
101492;A2ARTX;2026-04-14 09:24:35.0621;0.0;1;['TG'];0.012;0.0704;0.1705;0.1825;1867.4865000000002
1513427;A4021B;2026-04-14 09:24:35.1560;;1;['TG'];0.04;0.04;1.0;1.04;2968.0
4242344;A41DGN;2026-04-14 09:24:35.2553;0.0;2;['TG', 'F'];0.005;0.0658;0.076;0.081;962.768
1852511;A3EG0D;2026-04-14 09:24:35.3609;0.0;1;['TG'];0.002;0.0057;0.35;0.352;2982.35
1318338;882639;2026-04-14 09:24:35.3949;4861.639999999999;3;['TG', 'LS1', 'BB1'];1.22;0.0243;50.14;51.36;4911.759999999999
1049526;883704;2026-04-14 09:24:35.4255;0.0;1;['BB1'];0.48;0.0084;57.0;57.48;0.0
3847658;A3EHXQ;2026-04-14 09:24:35.6242;0.0;2;['TG', 'F'];0.024;0.0819;0.293;0.317;1847.072
386619;A3C58P;2026-04-14 09:24:35.7150;0.0;3;['BB1', 'F', 'LS1'];1.2;0.0732;16.4;17.6;0.0
2604478;A40M9H;2026-04-14 09:24:35.8053;1831.0214999999998;3;['TG', 'F', 'LS1'];0.0165;0.0557;0.296;0.3125;1831.312
2894556;A3DXEK;2026-04-14 09:24:35.9003;0.0;4;['F', 'LS1', 'TG', 'BB1'];0.044;0.036;1.222;1.266;1924.6499999999999
2002485;A3DGJJ;2026-04-14 09:24:35.9920;0.0;3;['TG', 'LS1', 'BB1'];0.013;0.1008;0.129;0.142;1358.886
1846378;A2PE0E;2026-04-14 09:24:36.0269;0.0;1;['BB1'];0.014;0.2188;0.064;0.078;0.0
1311506;A41V7D;2026-04-14 09:24:36.1266;;1;['TG'];0.013;0.0553;0.235;0.248;940.0
624970;A0ESX5;2026-04-14 09:24:36.2173;0.0;3;['F', 'LS1', 'BB1'];0.026;0.0897;0.29;0.316;0.0
220896;A41RJS;2026-04-14 09:24:36.3188;0.0;3;['LS1', 'BB1', 'F'];0.14;0.2188;0.64;0.78;0.0
384893;A41GYL;2026-04-14 09:24:36.4392;0.0;2;['TG', 'BB1'];0.035;0.0387;0.905;0.94;3127.3799999999997
2725690;A40124;2026-04-14 09:24:36.5046;0.0;1;['TG'];0.038;0.0979;0.388;0.426;908.308
251673;A41XPQ;2026-04-14 09:24:36.5328;;2;['TG', 'LS1'];0.17;0.0447;3.8;3.97;1428.8
415814;A0F4Z5;2026-04-14 09:24:36.8352;0.0;3;['F', 'LS1', 'BB1'];0.028;0.1061;0.264;0.292;0.0
1648782;A2AL6Z;2026-04-14 09:24:36.9379;0.0;1;['TG'];0.022;0.0468;0.47;0.492;2861.3599999999997
2738172;A40C6W;2026-04-14 09:24:37.0805;0.0;1;['TG'];0.0182;0.3541;0.0514;0.0696;736.9732
631239;A3ENQ6;2026-04-14 09:24:37.2091;0.0;3;['TG', 'LS1', 'BB1'];0.0195;0.0997;0.1955;0.215;1813.6535000000001
2683184;A2QGW5;2026-04-14 09:24:37.5926;0.0;4;['TG', 'F', 'LS1', 'BB1'];0.25;0.0254;9.85;10.1;4856.05
2538369;A3D388;2026-04-14 09:24:37.6339;0.0;1;['F'];0.062;124.0;0.0005;0.0625;0.0
152483;A0MSJR;2026-04-14 09:24:37.6606;0.0;4;['TG', 'F', 'LS1', 'BB1'];0.037;0.0667;0.555;0.592;1401.066
1390665;A41080;2026-04-14 09:24:37.7650;0.0;2;['F', 'LS1'];0.0175;0.2244;0.078;0.0955;0.0
3326742;A2P082;2026-04-14 09:24:38.0788;0.0;1;['TG'];0.0045;0.1636;0.0275;0.032;860.035
930503;A0X8HE;2026-04-14 09:24:38.1879;0.0;2;['SC1', 'BB1'];0.6;0.0545;11.0;11.6;0.0
1369258;A2PNS7;2026-04-14 09:24:38.2839;0.0;2;['BB1', 'LS1'];0.069;0.217;0.318;0.387;0.0
3292652;A3D1E0;2026-04-14 09:24:38.5086;0.0;3;['TG', 'F', 'LS1'];0.018;0.0608;0.296;0.314;942.168
383740;A2QQBV;2026-04-14 09:24:38.5516;0.0;2;['TG', 'F'];0.017;0.0514;0.331;0.348;1860.22
2457247;A2JMGR;2026-04-14 09:24:38.5852;0.0;4;['LS1', 'F', 'TG', 'BB1'];0.1;0.0079;12.7;12.8;3949.7
1561532;A41KP9;2026-04-14 09:24:38.6344;0.0;3;['F', 'LS1', 'BB1'];0.28;0.0161;17.4;17.68;0.0
117253;A2QHKX;2026-04-14 09:24:38.6623;1903.504;4;['F', 'TG', 'LS1', 'BB1'];0.042;0.0478;0.878;0.92;1904.382
601383;A2QQ5R;2026-04-14 09:24:38.7851;0.0;1;['BB1'];0.032;0.3855;0.083;0.115;0.0
1256633;A2PNDW;2026-04-14 09:24:38.8118;1781.1134;2;['TG', 'F'];0.0094;0.1152;0.0816;0.091;1781.1948
473929;A14QDY;2026-04-14 09:24:38.8500;1955.26;3;['TG', 'F', 'LS1'];0.021;0.0355;0.591;0.612;1955.85
736874;A2H5GV;2026-04-14 09:24:38.9523;2793.882;3;['TG', 'LS1', 'BB1'];0.068;0.0502;1.354;1.422;2795.208
624979;865227;2026-04-14 09:24:39.3151;4987.650000000001;5;['TG', 'LS1', 'F', 'SC1', 'BB1'];0.2;0.0016;121.75;121.95;5109.3
949915;A41N3F;2026-04-14 09:24:39.5005;0.0;1;['F'];0.03;0.3333;0.09;0.12;0.0
3067014;A2H9KJ;2026-04-14 09:24:39.5492;2968.38;5;['TG', 'LS1', 'SC1', 'F', 'BB1'];0.22;0.0153;14.35;14.57;2982.72
836580;A3EXTU;2026-04-14 09:24:39.6628;0.0;1;['F'];0.03;0.2027;0.148;0.178;0.0
840912;A3C3EV;2026-04-14 09:24:39.7687;0.0;1;['TG'];0.012;0.0583;0.206;0.218;468.65
524055;A2QLF6;2026-04-14 09:24:39.8638;1916.4519999999998;2;['TG', 'LS1'];0.022;0.0391;0.563;0.585;1917.0149999999999
2214530;A2QP3D;2026-04-14 09:24:40.0230;0.0;3;['TG', 'F', 'LS1'];0.12;0.0351;3.42;3.54;2900.16
2767601;A3D5X9;2026-04-14 09:24:40.1252;0.0;3;['TG', 'LS1', 'BB1'];0.03;0.064;0.469;0.499;1377.2060000000001
2175919;A3C4FZ;2026-04-14 09:24:40.1907;0.0;1;['F'];0.0084;0.1022;0.0822;0.0906;0.0
1906736;A3CTE1;2026-04-14 09:24:40.3166;0.0;4;['TG', 'F', 'LS1', 'BB1'];0.02;0.0159;1.255;1.275;1908.96
3386673;A41J09;2026-04-14 09:24:40.3979;0.0;4;['LS1', 'TG', 'F', 'BB1'];0.009;0.0497;0.181;0.19;2852.017
3516082;A2QBFY;2026-04-14 09:24:40.4889;2947.9139999999998;4;['TG', 'LS1', 'F', 'BB1'];0.038;0.0216;1.761;1.799;2948.0
1645577;A2QJD9;2026-04-14 09:24:40.5341;0.0;2;['TG', 'BB1'];0.08;0.0188;4.26;4.34;1959.6
129906;A2QATA;2026-04-14 09:24:40.7170;0.0;4;['TG', 'F', 'LS1', 'BB1'];0.02;0.0529;0.378;0.398;1810.314
2348142;A40U4L;2026-04-14 09:24:40.8022;0.0;1;['F'];0.0845;0.9337;0.0905;0.175;0.0
2952716;A40KLQ;2026-04-14 09:24:41.1166;0.0;2;['F', 'TG'];0.0008;0.0107;0.075;0.0758;709.9999999999999
2144364;A3EWHW;2026-04-14 09:24:41.2237;0.0;1;['TG'];0.011;0.1724;0.0638;0.0748;851.3471999999999
335212;A1WZPW;2026-04-14 09:24:41.2721;0.0;4;['TG', 'SC1', 'LS1', 'F'];0.145;0.0144;10.09;10.235;4984.46
116370;A3CR9Z;2026-04-14 09:24:41.3637;0.0;3;['TG', 'F', 'LS1'];0.0115;0.0637;0.1805;0.192;2114.6
752984;A41LV9;2026-04-14 09:24:41.4770;0.0;2;['F', 'LS1'];0.079;0.418;0.189;0.268;0.0
3752481;A41PJQ;2026-04-14 09:24:41.5813;1939.264;2;['TG', 'BB1'];0.018;0.0287;0.628;0.646;1672.4940000000001
3015354;A40EWF;2026-04-14 09:24:41.6148;0.0;2;['TG', 'BB1'];0.045;0.0463;0.971;1.016;955.4639999999999
3027511;A41ALY;2026-04-14 09:24:41.7221;0.0;1;['TG'];0.06;0.0294;2.04;2.1;1938.0
2886785;A3DP2Z;2026-04-14 09:24:41.8644;0.0;1;['F'];0.012;0.1765;0.068;0.08;0.0
2033476;A2QQ2H;2026-04-14 09:24:41.9699;0.0;3;['TG', 'LS1', 'BB1'];0.015;0.0231;0.65;0.665;2913.3
1781783;A3D3LF;2026-04-14 09:24:42.0467;0.0;3;['TG', 'F', 'BB1'];0.025;0.0463;0.54;0.565;946.95
2979334;A2PMPY;2026-04-14 09:24:42.1380;0.0;3;['TG', 'LS1', 'BB1'];0.03;0.0503;0.596;0.626;1884.336
1388658;A3DD2D;2026-04-14 09:24:42.2378;0.0;1;['TG'];0.004;0.0976;0.041;0.045;1357.633
107895;A3D7SC;2026-04-14 09:24:42.2715;0.0;5;['LS1', 'TG', 'SC1', 'BB1', 'F'];0.128;0.0296;4.32;4.448;3890.5179999999996
2475368;A3CWAR;2026-04-14 09:24:42.4555;0.0;2;['F', 'TG'];0.0065;0.0653;0.0995;0.106;1861.247
3245013;A1W0E0;2026-04-14 09:24:42.5845;0.0;2;['TG', 'F'];0.0102;0.1022;0.0998;0.11;489.6188
611647;A2DN0Z;2026-04-14 09:24:42.6407;0.0;3;['F', 'TG', 'LS1'];0.034;0.0408;0.834;0.868;1913.196
104004;A2JH58;2026-04-14 09:24:42.7318;0.0;4;['BB1', 'F', 'LS1', 'SC1'];0.8;0.0661;12.1;12.9;0.0
161521;A41VGD;2026-04-14 09:24:42.8238;0.0;2;['F', 'BB1'];0.05;0.1582;0.316;0.366;0.0
472109;A2P71W;2026-04-14 09:24:42.9096;0.0;1;['TG'];0.024;0.0494;0.486;0.51;945.27
3067205;A2DTQF;2026-04-14 09:24:42.9523;0.0;4;['BB1', 'F', 'LS1', 'SC1'];0.8;0.0242;33.0;33.8;0.0
152546;906169;2026-04-14 09:24:43.0822;1602.3960000000002;5;['TG', 'LS1', 'SC1', 'F', 'BB1'];0.028;0.0174;1.612;1.64;1604.0
364162;A1H95Z;2026-04-14 09:24:43.1781;0.0;1;['TG'];0.017;0.1611;0.1055;0.1225;1721.127
130981;A1JMCQ;2026-04-14 09:24:43.3656;1982.0;1;['TG'];0.02;0.01;2.0;2.02;1984.0
1280789;A1H5MB;2026-04-14 09:24:43.4051;7865.860000000001;4;['TG', 'SC1', 'LS1', 'BB1'];0.165;0.0115;14.38;14.545;7880.240000000001
2606039;A40GFH;2026-04-14 09:24:43.5740;0.0;2;['TG', 'F'];0.0024;0.1062;0.0226;0.025;1325.2187999999999
1049847;A3CMLY;2026-04-14 09:24:43.6717;2902.5;4;['TG', 'F', 'LS1', 'BB1'];0.056;0.0373;1.5;1.556;2904.0
275510;905542;2026-04-14 09:24:43.7333;9850.5;5;['TG', 'LS1', 'SC1', 'BB1', 'F'];0.16;0.0194;8.25;8.41;9858.75
2851261;A40CUU;2026-04-14 09:24:43.9050;0.0;1;['TG'];0.0102;0.1256;0.0812;0.0914;1331.1927999999998
2028645;A1JG38;2026-04-14 09:24:44.1053;0.0;1;['LS1'];0.003;0.0588;0.051;0.054;0.0
3399756;A3CTY7;2026-04-14 09:24:44.1768;0.0;1;['F'];0.006;0.0492;0.122;0.128;0.0
1511683;A3DABK;2026-04-14 09:24:44.3171;0.0;1;['TG'];0.0032;0.3137;0.0102;0.0134;1142.6448
2389324;A3DNSU;2026-04-14 09:24:44.4300;0.0;2;['TG', 'BB1'];0.018;0.046;0.391;0.409;936.836
1153809;A41V2P;2026-04-14 09:24:44.4557;0.0;1;['TG'];0.12;0.0465;2.58;2.7;954.6
410920;A2DWB8;2026-04-14 09:24:44.5225;0.0;4;['TG', 'LS1', 'F', 'SC1'];0.58;0.0092;62.9;63.48;9935.04
467697;A3DDVC;2026-04-14 09:24:44.6393;0.0;3;['F', 'LS1', 'BB1'];0.6;0.0229;26.2;26.8;0.0
107561;A2PLZH;2026-04-14 09:24:44.7825;0.0;4;['TG', 'F', 'LS1', 'BB1'];0.15;0.0187;8.005;8.155;5744.235000000001
3707909;A41ADE;2026-04-14 09:24:44.8309;0.0;5;['TG', 'F', 'LS1', 'SC1', 'BB1'];0.55;0.0191;28.83;29.38;2969.49
2390657;A3D6VP;2026-04-14 09:24:44.9244;0.0;2;['TG', 'BB1'];0.006;0.0526;0.114;0.12;945.288
3701144;A3DUNQ;2026-04-14 09:24:45.0139;0.0;1;['F'];0.08;1.2903;0.062;0.142;0.0
2593308;A3EKSZ;2026-04-14 09:24:45.0407;0.0;3;['TG', 'F', 'LS1'];0.008;0.0216;0.37;0.378;1964.556
1282711;873080;2026-04-14 09:24:45.0645;5918.5;5;['TG', 'LS1', 'SC1', 'F', 'BB1'];0.5;0.0075;66.5;67.0;5985.0
199936;899027;2026-04-14 09:24:45.1721;5927.52;4;['LS1', 'SC1', 'TG', 'BB1'];0.005;0.0003;18.755;18.76;5946.16
3275482;A417BX;2026-04-14 09:24:45.2614;6680.43;5;['SC1', 'TG', 'LS1', 'BB1', 'F'];0.43;0.0128;33.57;34.0;6714.0
372917;A2QQEL;2026-04-14 09:24:45.3290;0.0;4;['TG', 'F', 'LS1', 'BB1'];0.018;0.1006;0.179;0.197;3634.595
624983;A0RF8Q;2026-04-14 09:24:45.4604;3805.032;3;['TG', 'F', 'LS1'];0.072;0.0483;1.492;1.564;3806.523
2545314;A3EW2M;2026-04-14 09:24:45.5480;0.0;3;['F', 'LS1', 'BB1'];0.039;0.2583;0.151;0.19;0.0
2524574;A415A3;2026-04-14 09:24:45.5775;0.0;4;['TG', 'F', 'LS1', 'BB1'];0.07;0.0597;1.172;1.242;2828.036
1879405;A2DHZU;2026-04-14 09:24:45.7678;4891.18;5;['TG', 'LS1', 'SC1', 'F', 'BB1'];0.08;0.0053;15.22;15.3;4906.37
602423;A0Q2HB;2026-04-14 09:24:45.7983;0.0;3;['F', 'LS1', 'BB1'];0.017;0.068;0.25;0.267;0.0
1106354;A0YJNS;2026-04-14 09:24:45.8884;0.0;3;['F', 'TG', 'BB1'];0.021;0.0977;0.215;0.236;1359.114
449897;A2DTZC;2026-04-14 09:24:46.0561;2799.486;4;['TG', 'LS1', 'F', 'BB1'];0.043;0.0475;0.906;0.949;2800.385
2194150;A3DK8G;2026-04-14 09:24:46.1597;0.0;1;['LS1'];0.06;0.0213;2.82;2.88;0.0
703372;A3CSAT;2026-04-14 09:24:46.3119;2103.0088;3;['TG', 'F', 'LS1'];0.0095;0.0487;0.195;0.2045;2103.2000000000003
3256028;A40ZP2;2026-04-14 09:24:46.5225;0.0;2;['TG', 'LS1'];0.029;0.2816;0.103;0.132;1168.741
2360043;A41ALZ;2026-04-14 09:24:46.6173;;2;['F', 'TG'];0.025;0.0314;0.795;0.82;1907.2050000000002
243595;A40V05;2026-04-14 09:24:46.6446;0.0;4;['TG', 'BB1', 'F', 'LS1'];0.006;0.0197;0.304;0.31;1408.608
199913;876617;2026-04-14 09:24:46.7374;14953.759999999998;5;['LS1', 'TG', 'SC1', 'F', 'BB1'];0.36;0.0073;49.24;49.6;15002.949999999999
1800190;A2JKW3;2026-04-14 09:24:46.8206;0.0;1;['TG'];0.0066;0.0825;0.08;0.0866;1385.76
143389;A40U4J;2026-04-14 09:24:46.9093;0.0;4;['TG', 'F', 'LS1', 'BB1'];0.018;0.0763;0.236;0.254;2719.7940000000003
703274;A41MZM;2026-04-14 09:24:47.1017;0.0;1;['TG'];0.048;0.2162;0.222;0.27;816.96
933515;A0D9Y4;2026-04-14 09:24:47.1613;4810.52;5;['TG', 'SC1', 'LS1', 'F', 'BB1'];0.35;0.0206;16.98;17.33;4830.209999999999
2356871;A0YES6;2026-04-14 09:24:47.2479;4953.68;5;['TG', 'SC1', 'LS1', 'F', 'BB1'];0.07;0.0043;16.375;16.445;4973.025
1247956;A3D7AN;2026-04-14 09:24:47.6342;0.0;1;['TG'];0.0035;0.1346;0.026;0.0295;1304.368
1366492;A1C563;2026-04-14 09:24:47.6973;4921.0;4;['TG', 'SC1', 'LS1', 'F'];0.1;0.0027;37.2;37.3;4971.400000000001
1292303;A2P6BF;2026-04-14 09:24:47.7341;0.0;3;['F', 'LS1', 'BB1'];0.04;0.1626;0.246;0.286;0.0
1805111;A2QPVU;2026-04-14 09:24:47.8231;0.0;4;['TG', 'F', 'LS1', 'SC1'];0.55;0.0213;25.8;26.35;5871.0
854617;A2JNFH;2026-04-14 09:24:47.9603;1965.953;2;['TG', 'F'];0.004;0.0128;0.313;0.317;1966.266
253453;A1H5LQ;2026-04-14 09:24:47.9918;3867.91;5;['TG', 'F', 'SC1', 'LS1', 'BB1'];0.305;0.0198;15.42;15.725;3885.84
868976;A3CTYT;2026-04-14 09:24:48.0834;0.0;4;['TG', 'F', 'LS1', 'BB1'];0.02;0.101;0.198;0.218;1292.544
1704421;A3CSPX;2026-04-14 09:24:48.1872;0.0;2;['F', 'LS1'];0.05;0.0086;5.8;5.85;0.0
2887028;A3EHJ0;2026-04-14 09:24:48.2161;;3;['TG', 'F', 'LS1'];0.008;0.1143;0.07;0.078;1329.7435
1308224;A41F7S;2026-04-14 09:24:48.5455;;3;['TG', 'F', 'LS1'];0.012;0.0556;0.216;0.228;1889.7839999999999
4560536;A423DL;2026-04-14 09:24:48.7832;0.0;1;['F'];0.039;0.2131;0.183;0.222;0.0
997620;A2PAHQ;2026-04-14 09:24:48.9580;4716.776000000001;3;['TG', 'LS1', 'BB1'];0.096;0.0592;1.622;1.718;3865.5
2210908;A3ESDD;2026-04-14 09:24:49.0881;0.0;3;['TG', 'F', 'LS1'];0.0135;0.1286;0.105;0.1185;1226.856
998372;A41JA8;2026-04-14 09:24:49.4488;0.0;0;[];0.0;0.0;0.0;0.0;0.0
3164939;A3DWD8;2026-04-14 09:24:49.4947;2402.4;3;['SC1', 'F', 'TG'];0.11;0.0179;6.16;6.27;2408.56
1336023;864840;2026-04-14 09:24:49.7745;4908.42;5;['TG', 'F', 'LS1', 'SC1', 'BB1'];0.58;0.0131;44.26;44.84;4952.639999999999
289417;A2DHMA;2026-04-14 09:24:49.9069;0.0;1;['TG'];0.014;0.0501;0.2795;0.2935;951.4180000000001
4064754;A40S32;2026-04-14 09:24:50.0132;0.0;4;['TG', 'BB1', 'F', 'LS1'];0.023;0.0288;0.798;0.821;4433.8859999999995
164915;A41C55;2026-04-14 09:24:50.0753;0.0;3;['TG', 'LS1', 'BB1'];0.012;0.0217;0.552;0.564;952.7980000000001
107853;A40MG9;2026-04-14 09:24:50.1685;0.0;4;['TG', 'LS1', 'BB1', 'F'];0.005;0.0227;0.22;0.225;1962.6200000000001
1952786;A3D6BS;2026-04-14 09:24:50.2650;0.0;0;[];0.0;0.0;0.0;0.0;0.0
372774;A114W8;2026-04-14 09:24:50.3998;0.0;5;['BB1', 'TG', 'F', 'LS1', 'SC1'];0.2;0.0103;19.5;19.7;5830.5
1985167;A3ET9P;2026-04-14 09:24:50.4375;0.0;3;['F', 'LS1', 'TG'];0.0285;0.0725;0.393;0.4215;2788.2960000000003
1987860;A422R6;2026-04-14 09:24:50.6576;0.0;1;['LS1'];0.03;0.0556;0.54;0.57;0.0
610691;A2QEGD;2026-04-14 09:24:50.7537;0.0;1;['LS1'];0.01;0.2381;0.042;0.052;0.0
2423554;A3C6TB;2026-04-14 09:24:51.0029;0.0;0;[];0.0;0.0;0.0;0.0;0.0
3546671;A40170;2026-04-14 09:24:51.1716;0.0;3;['TG', 'F', 'BB1'];0.04;0.0442;0.905;0.945;2865.23
2908199;A2QQHR;2026-04-14 09:24:51.3729;823.584;3;['TG', 'F', 'LS1'];0.0185;0.2;0.0925;0.111;823.6759999999999
616806;A41DPY;2026-04-14 09:24:51.4230;0.0;2;['F', 'LS1'];0.015;0.1648;0.091;0.106;0.0
579411;A2QCBZ;2026-04-14 09:24:51.6282;0.0;2;['LS1', 'BB1'];0.022;0.0507;0.434;0.456;0.0
3960258;903751;2026-04-14 09:24:51.7285;0.0;3;['F', 'LS1', 'BB1'];0.08;0.032;2.5;2.58;0.0
2104599;A3EP2C;2026-04-14 09:24:51.8239;0.0;2;['LS1', 'BB1'];0.03;0.0231;1.3;1.33;0.0
668855;A3D4CR;2026-04-14 09:24:52.2843;0.0;4;['LS1', 'TG', 'F', 'BB1'];0.066;0.0455;1.45;1.516;2857.676
2410347;A4016R;2026-04-14 09:24:52.3130;2810.764;2;['TG', 'BB1'];0.016;0.063;0.254;0.27;2811.018
2503506;A2P8F1;2026-04-14 09:24:52.3521;0.0;4;['TG', 'LS1', 'BB1', 'F'];0.086;0.031;2.772;2.858;2841.3
2137528;A40AT4;2026-04-14 09:24:52.4770;0.0;1;['TG'];0.034;0.1288;0.264;0.298;593.472
1152821;A41WE3;2026-04-14 09:24:52.6001;1436.8100000000002;1;['TG'];0.01;0.0435;0.23;0.24;1437.04
1852531;A3CSAU;2026-04-14 09:24:52.6944;4705.3240000000005;2;['TG', 'SC1'];0.018;0.0084;2.132;2.15;4707.456
660614;A2DS32;2026-04-14 09:24:52.7360;1908.25;1;['TG'];0.04;0.0471;0.85;0.89;1909.1
848748;A3D2JV;2026-04-14 09:24:52.8259;0.0;3;['TG', 'LS1', 'BB1'];0.033;0.0571;0.578;0.611;1701.6319999999998
152644;A0F54V;2026-04-14 09:24:53.0202;0.0;1;['F'];0.0318;0.207;0.1536;0.1854;0.0
1065630;A3DT3C;2026-04-14 09:24:53.0923;0.0;4;['TG', 'F', 'LS1', 'BB1'];0.013;0.0637;0.204;0.217;1390.568
100633;A3EG08;2026-04-14 09:24:53.1924;0.0;2;['F', 'BB1'];0.49;0.0056;87.5;87.99;0.0
318113;A4237K;2026-04-14 09:24:53.4003;0.0;1;['F'];0.02;0.1923;0.104;0.124;0.0
3283555;A1405R;2026-04-14 09:24:53.5079;0.0;2;['TG', 'F'];0.004;0.0377;0.106;0.11;1438.95
4098392;A3DE8E;2026-04-14 09:24:53.7145;0.0;2;['LS1', 'TG'];0.018;0.0756;0.238;0.256;1391.8239999999998
2663974;A41APT;2026-04-14 09:24:53.9468;0.0;2;['TG', 'F'];0.0035;0.0616;0.0568;0.0603;1412.9568000000002
1556855;A40F2B;2026-04-14 09:24:54.3251;0.0;2;['TG', 'F'];0.0161;0.0859;0.1874;0.2035;1838.7688
1811456;A2PRKY;2026-04-14 09:24:54.4184;0.0;3;['TG', 'F', 'LS1'];0.029;0.0445;0.651;0.68;2868.957
2187771;A3DQZ2;2026-04-14 09:24:54.4691;1237.3728;2;['F', 'TG'];0.0104;0.2131;0.0488;0.0592;1237.4216000000001
704039;A41MYC;2026-04-14 09:24:54.7414;0.0;1;['TG'];0.023;0.1565;0.147;0.17;1290.513
2800921;A407GC;2026-04-14 09:24:55.0184;0.0;2;['TG', 'BB1'];0.001;0.0038;0.262;0.263;2983.132
114683;A3CPRV;2026-04-14 09:24:55.1572;0.0;1;['TG'];0.003;0.0268;0.112;0.115;1361.92
2297369;A12C9H;2026-04-14 09:24:55.4196;1942.5;2;['TG', 'BB1'];0.06;0.024;2.5;2.56;1945.0
746042;A41MZV;2026-04-14 09:24:55.7018;0.0;1;['TG'];0.016;0.0556;0.288;0.304;1418.9759999999999
2024448;A41AYF;2026-04-14 09:24:55.8424;0.0;2;['F', 'LS1'];0.03;0.3333;0.09;0.12;0.0
303695;A407RP;2026-04-14 09:24:55.9277;0.0;0;[];0.0;0.0;0.0;0.0;0.0
860417;A0DP7L;2026-04-14 09:24:56.0153;0.0;1;['F'];0.012;0.2051;0.0585;0.0705;0.0
261837;A12GMA;2026-04-14 09:24:56.0453;9893.519999999999;4;['TG', 'LS1', 'SC1', 'BB1'];0.62;0.0095;65.52;66.14;9959.039999999999
1388358;A3EVCJ;2026-04-14 09:24:56.1096;0.0;1;['TG'];0.008;0.0408;0.196;0.204;2862.7760000000003
1388921;A410C5;2026-04-14 09:24:56.1365;0.0;2;['TG', 'F'];0.0095;0.1881;0.0505;0.06;835.4720000000001
2579253;A2H7F3;2026-04-14 09:24:56.1952;2777.664;3;['TG', 'LS1', 'F'];0.044;0.0797;0.552;0.596;2778.2160000000003
1595494;A2QBQ4;2026-04-14 09:24:56.3844;0.0;2;['F', 'LS1'];0.01;0.0833;0.12;0.13;0.0
2368257;A3D38P;2026-04-14 09:24:56.4931;0.0;1;['F'];0.0515;0.7863;0.0655;0.117;0.0
1131518;A2JRRN;2026-04-14 09:24:56.5824;0.0;4;['LS1', 'TG', 'BB1', 'F'];0.068;0.0395;1.72;1.788;1903.419
813068;A418L1;2026-04-14 09:24:56.6212;0.0;1;['TG'];0.019;0.1508;0.126;0.145;1296.414
2076375;A1XF0V;2026-04-14 09:24:56.7145;0.0;3;['LS1', 'TG', 'F'];0.014;0.0234;0.598;0.612;2882.958
199906;867590;2026-04-14 09:24:56.9139;;4;['TG', 'LS1', 'SC1', 'F'];0.21;0.0076;27.69;27.9;4956.51
1041566;A2JK8F;2026-04-14 09:24:56.9644;0.0;1;['F'];0.012;0.5581;0.0215;0.0335;0.0
1869182;A41TRH;2026-04-14 09:24:56.9999;0.0;2;['TG', 'BB1'];0.018;0.0882;0.204;0.222;1343.136
2410093;A2H5PE;2026-04-14 09:24:57.0962;1949.56;1;['TG'];0.06;0.0246;2.44;2.5;1952.0
3185503;A2N609;2026-04-14 09:24:57.1341;1338.739;4;['TG', 'F', 'LS1', 'BB1'];0.017;0.1076;0.158;0.175;1338.896
3257429;A40N7B;2026-04-14 09:24:57.2254;0.0;2;['F', 'LS1'];0.0295;0.341;0.0865;0.116;0.0
199896;852173;2026-04-14 09:24:57.3128;9834.26;5;['LS1', 'TG', 'F', 'SC1', 'BB1'];0.74;0.005;146.82;147.56;9981.04
282323;A40QYC;2026-04-14 09:24:57.4057;0.0;1;['TG'];0.045;0.0536;0.84;0.885;1890.84
285457;A0KFZ6;2026-04-14 09:24:57.7029;0.0;3;['LS1', 'SC1', 'BB1'];0.2;0.0485;4.12;4.32;0.0
163383;856568;2026-04-14 09:24:57.7404;0.0;1;['BB1'];1.0;0.0327;30.6;31.6;0.0
220701;A0LHL7;2026-04-14 09:24:57.7848;961.216;4;['TG', 'F', 'LS1', 'BB1'];0.026;0.0398;0.653;0.679;961.869
599560;A2DVLE;2026-04-14 09:24:58.0899;0.0;1;['F'];0.29;0.0105;27.5;27.79;0.0
188813;A40J74;2026-04-14 09:24:58.3220;0.0;2;['LS1', 'TG'];0.009;0.0256;0.351;0.36;1700.0000000000002
2844890;A2QFH4;2026-04-14 09:24:58.4545;;1;['TG'];0.025;0.463;0.054;0.079;679.752
152677;A0MMLD;2026-04-14 09:24:58.5006;0.0;2;['TG', 'BB1'];0.0195;0.1797;0.1085;0.128;1268.799
703714;A3DABT;2026-04-14 09:24:58.5823;2896.0;1;['TG'];0.1;0.0312;3.2;3.3;2899.2000000000003
3257832;A41S50;2026-04-14 09:24:58.6141;4980.86;4;['TG', 'LS1', 'SC1', 'F'];0.08;0.0108;7.39;7.47;4988.25
1055426;909497;2026-04-14 09:24:58.7137;4952.58;3;['TG', 'LS1', 'SC1'];0.21;0.0083;25.15;25.36;4977.72
1082940;A3C9X6;2026-04-14 09:24:59.1303;0.0;3;['TG', 'F', 'LS1'];0.015;0.0044;3.435;3.45;3029.1000000000004
100612;A0B8TG;2026-04-14 09:24:59.1590;0.0;1;['TG'];0.3;0.0164;18.3;18.6;3934.5
2876689;A3E2GX;2026-04-14 09:24:59.3815;1890.0;1;['TG'];0.012;0.0571;0.21;0.222;1890.21
329168;A40VVY;2026-04-14 09:24:59.4727;0.0;3;['TG', 'LS1', 'BB1'];0.075;0.0515;1.455;1.53;1409.76
152697;541875;2026-04-14 09:24:59.6129;9887.76;5;['TG', 'SC1', 'LS1', 'F', 'BB1'];0.34;0.0128;26.58;26.92;9914.34
2665723;A40PE6;2026-04-14 09:24:59.8191;0.0;5;['TG', 'F', 'LS1', 'SC1', 'BB1'];0.5;0.0368;13.6;14.1;2896.7999999999997
2228944;A411DW;2026-04-14 09:25:00.0069;0.0;4;['TG', 'F', 'LS1', 'DE'];0.0045;0.0402;0.112;0.1165;953.8825
1185739;A0YC7D;2026-04-14 09:25:00.0961;0.0;2;['F', 'LS1'];0.0216;0.1687;0.128;0.1496;0.0
106437;A2DYSY;2026-04-14 09:25:00.1919;909.0500000000001;3;['TG', 'F', 'LS1'];0.005;0.1;0.05;0.055;909.1
152698;901547;2026-04-14 09:25:00.2867;0.0;1;['TG'];0.0205;0.1145;0.179;0.1995;2687.1479999999997
142889;A14TJP;2026-04-14 09:25:00.3841;14602.0;4;['SC1', 'TG', 'LS1', 'F'];0.74;0.0075;98.15;98.89;14700.0
3800552;A3DZRR;2026-04-14 09:25:00.4132;0.0;1;['TG'];0.0075;0.1034;0.0725;0.08;1291.5874999999999
2165170;A418KR;2026-04-14 09:25:00.4631;0.0;1;['TG'];0.0055;0.1158;0.0475;0.053;896.23
100341;A14SN8;2026-04-14 09:25:00.5109;0.0;4;['F', 'LS1', 'SC1', 'BB1'];0.4;0.0288;13.9;14.3;0.0
1249278;A3DWEK;2026-04-14 09:25:00.6021;0.0;2;['F', 'LS1'];0.08;3.6364;0.022;0.102;0.0
100036;A3CM97;2026-04-14 09:25:00.7164;0.0;5;['TG', 'F', 'LS1', 'SC1', 'BB1'];0.022;0.0207;1.062;1.084;2857.842
3119517;A3CTYQ;2026-04-14 09:25:00.7975;0.0;4;['TG', 'LS1', 'F', 'BB1'];0.19;0.0131;14.55;14.74;2922.2999999999997
558226;A40GTS;2026-04-14 09:25:00.9239;0.0;1;['F'];0.7;0.0787;8.9;9.6;0.0
1335747;A2P5J9;2026-04-14 09:25:00.9948;0.0;2;['TG', 'BB1'];0.025;0.1142;0.219;0.244;1795.362
112260;A3DWAL;2026-04-14 09:25:01.0482;0.0;2;['BB1', 'F'];0.0195;0.2042;0.0955;0.115;0.0
2741832;A408EQ;2026-04-14 09:25:01.0903;0.0;1;['TG'];0.0215;0.0491;0.438;0.4595;2844.372
1102009;A414LS;2026-04-14 09:25:01.1782;0.0;3;['TG', 'BB1', 'LS1'];0.085;0.0358;2.375;2.46;2886.6600000000003
1577720;A2AQ9Y;2026-04-14 09:25:01.2577;1849.3980000000001;2;['TG', 'BB1'];0.026;0.0798;0.326;0.352;1849.7240000000002
1217614;A3EWAU;2026-04-14 09:25:01.3469;0.0;4;['SC1', 'TG', 'F', 'BB1'];0.0065;0.0215;0.303;0.3095;1485.0
1580802;A2P4YL;2026-04-14 09:25:01.3906;1902.56;4;['TG', 'LS1', 'SC1', 'BB1'];0.017;0.0329;0.517;0.534;1903.077
126308;A40Z5M;2026-04-14 09:25:01.4937;0.0;3;['TG', 'LS1', 'BB1'];0.006;0.008;0.75;0.756;3924.75
102712;A3CSVE;2026-04-14 09:25:01.5173;2009.196;4;['TG', 'F', 'SC1', 'LS1'];0.006;0.0126;0.477;0.483;2009.6719999999998
152700;A0EAS0;2026-04-14 09:25:01.5798;7077.375;4;['TG', 'F', 'LS1', 'SC1'];0.12;0.0119;10.125;10.245;7087.5
1028618;A3DW4V;2026-04-14 09:25:01.7875;0.0;2;['F', 'LS1'];0.023;0.1285;0.179;0.202;0.0
1351212;A3CRER;2026-04-14 09:25:01.9814;2901.15;5;['F', 'TG', 'LS1', 'SC1', 'BB1'];0.68;0.0245;27.78;28.46;2928.7799999999997
1717713;A2AJ7J;2026-04-14 09:25:02.0639;0.0;3;['TG', 'LS1', 'F'];0.01;0.0326;0.3065;0.3165;2853.8215
2599234;A415CZ;2026-04-14 09:25:02.1174;0.0;1;['TG'];0.0035;0.28;0.0125;0.016;781.8375000000001
1814324;A3DQXY;2026-04-14 09:25:02.2077;0.0;3;['TG', 'SC1', 'BB1'];0.02;0.0172;1.161;1.181;4860.986
2606004;A2QQBD;2026-04-14 09:25:02.2581;0.0;4;['TG', 'F', 'LS1', 'BB1'];0.235;0.0248;9.485;9.72;2930.865
2602537;A41B77;2026-04-14 09:25:02.3922;0.0;3;['TG', 'F', 'LS1'];0.0335;0.0406;0.826;0.8595;2882.74
1259603;A2P4DU;2026-04-14 09:25:02.4809;0.0;4;['TG', 'F', 'LS1', 'BB1'];0.06;0.0556;1.08;1.14;1411.5600000000002
2009946;A2QCST;2026-04-14 09:25:02.5639;0.0;0;[];0.0;0.0;0.0;0.0;0.0
426722;A408DH;2026-04-14 09:25:02.6235;0.0;5;['TG', 'SC1', 'F', 'LS1', 'BB1'];0.53;0.019;27.84;28.37;5902.08
2665720;A40QY8;2026-04-14 09:25:02.7360;0.0;5;['TG', 'LS1', 'SC1', 'F', 'BB1'];0.21;0.0343;6.115;6.325;1938.4550000000002
993153;A12BX1;2026-04-14 09:25:02.7700;0.0;4;['TG', 'LS1', 'F', 'BB1'];0.0225;0.064;0.3515;0.374;1839.3995
451764;A0YJQF;2026-04-14 09:25:02.8719;0.0;2;['TG', 'BB1'];0.0105;0.0712;0.1475;0.158;1399.6274999999998
2502467;A3CZBC;2026-04-14 09:25:02.9758;0.0;4;['TG', 'F', 'LS1', 'BB1'];0.06;0.0458;1.31;1.37;1737.0600000000002
1291746;A3EQSN;2026-04-14 09:25:03.0020;0.0;2;['F', 'LS1'];0.0032;0.1231;0.026;0.0292;0.0
3121100;A3EHTZ;2026-04-14 09:25:03.0945;0.0;5;['TG', 'F', 'SC1', 'LS1', 'BB1'];0.1;0.0139;7.2;7.3;2902.9
658450;A12HJ9;2026-04-14 09:25:03.1842;0.0;2;['F', 'LS1'];0.035;0.0419;0.835;0.87;0.0
1067615;A14XBU;2026-04-14 09:25:03.3148;0.0;0;[];0.0;0.0;0.0;0.0;0.0
1048494;A3DE2C;2026-04-14 09:25:03.3565;;1;['TG'];0.0045;0.8182;0.0055;0.01;550.4125
749837;A2P5HU;2026-04-14 09:25:03.4493;2838.2000000000003;5;['TG', 'F', 'LS1', 'SC1', 'BB1'];1.6;0.0129;124.0;125.6;2961.6000000000004
805687;A1C711;2026-04-14 09:25:03.5421;;4;['TG', 'F', 'LS1', 'BB1'];0.17;0.008;21.28;21.45;10164.67
1032072;A2JAHV;2026-04-14 09:25:03.6972;0.0;0;[];0.0;0.0;0.0;0.0;0.0
4110083;A412WZ;2026-04-14 09:25:03.9010;0.0;3;['TG', 'F', 'LS1'];0.018;0.0857;0.21;0.228;1827.84
313295;A2DJQP;2026-04-14 09:25:04.0047;4887.2;1;['TG'];0.058;0.0195;2.98;3.038;4890.18
1463779;A40ADZ;2026-04-14 09:25:04.1017;0.0;1;['TG'];0.0052;0.0831;0.0626;0.0678;921.2842
977258;813102;2026-04-14 09:25:04.1478;9701.86;5;['TG', 'LS1', 'SC1', 'BB1', 'F'];1.78;0.024;74.14;75.92;9775.92
2165219;A416ME;2026-04-14 09:25:04.2479;0.0;3;['TG', 'LS1', 'BB1'];0.016;0.0222;0.72;0.736;1915.9199999999998
1938647;754105;2026-04-14 09:25:04.3071;0.0;1;['F'];0.0015;0.6;0.0025;0.004;0.0
256274;A2AACF;2026-04-14 09:25:04.3518;0.0;4;['TG', 'LS1', 'F', 'BB1'];0.026;0.0587;0.443;0.469;1414.499
1013598;A4165W;2026-04-14 09:25:04.5358;;2;['TG', 'BB1'];0.196;0.0147;13.304;13.5;5918.5
777255;A2JMMP;2026-04-14 09:25:04.7620;1916.723;4;['F', 'TG', 'LS1', 'BB1'];0.036;0.0417;0.863;0.899;1917.586
3740833;A410R3;2026-04-14 09:25:04.8461;0.0;1;['TG'];0.035;0.0405;0.865;0.9;2879.585
1044717;A2JG70;2026-04-14 09:25:04.8905;0.0;3;['TG', 'BB1', 'LS1'];0.028;0.0521;0.537;0.565;1886.8200000000002
2744838;A3DNNU;2026-04-14 09:25:04.9871;0.0;2;['TG', 'F'];0.014;0.0737;0.19;0.204;2777.8
1340601;A4016B;2026-04-14 09:25:05.1590;0.0;3;['LS1', 'TG', 'BB1'];0.03;0.0303;0.99;1.02;1904.1399999999999
443183;A3DQAW;2026-04-14 09:25:05.2963;0.0;2;['TG', 'F'];0.0084;0.0988;0.085;0.0934;906.1850000000001
2377804;A40N32;2026-04-14 09:25:05.4143;0.0;1;['TG'];0.016;0.1468;0.109;0.125;865.787
1055429;936039;2026-04-14 09:25:05.4742;4936.8;5;['TG', 'F', 'LS1', 'SC1', 'BB1'];0.02;0.0004;56.26;56.28;4991.12
358482;A0NJU2;2026-04-14 09:25:05.5178;0.0;5;['LS1', 'SC1', 'TG', 'F', 'BB1'];0.29;0.0053;54.36;54.65;4860.9
152724;784556;2026-04-14 09:25:05.5457;4901.284000000001;5;['TG', 'F', 'LS1', 'SC1', 'BB1'];0.106;0.0194;5.46;5.566;4906.742
1065665;A40ZAW;2026-04-14 09:25:05.6063;0.0;2;['TG', 'LS1'];0.002;0.0606;0.033;0.035;1852.2993999999999
922778;A40R2U;2026-04-14 09:25:05.6367;0.0;4;['TG', 'LS1', 'F', 'BB1'];0.031;0.0767;0.404;0.435;1849.3670000000002
1452985;A0RK83;2026-04-14 09:25:05.7487;4774.82;5;['LS1', 'TG', 'F', 'SC1', 'BB1'];0.16;0.0412;3.88;4.04;4778.68
3523190;A41A13;2026-04-14 09:25:05.7864;0.0;2;['TG', 'BB1'];0.028;0.0517;0.542;0.57;2882.898
2667450;A3CSRB;2026-04-14 09:25:05.9662;0.0;4;['TG', 'LS1', 'BB1', 'F'];0.14;0.0256;5.46;5.6;5569.95
1140087;A2JENX;2026-04-14 09:25:06.0137;0.0;3;['TG', 'LS1', 'BB1'];0.038;0.1003;0.379;0.417;2788.6820000000002
997040;A2QQ2P;2026-04-14 09:25:06.1105;1903.895;4;['TG', 'F', 'LS1', 'BB1'];0.02;0.0489;0.409;0.429;1904.3039999999999
2579258;A1W2S4;2026-04-14 09:25:06.3320;0.0;1;['F'];0.19;0.0964;1.97;2.16;0.0
143411;A40PRT;2026-04-14 09:25:06.3775;1292.1786;1;['TG'];0.0032;0.0936;0.0342;0.0374;1292.2128
2961563;A2DJ2Q;2026-04-14 09:25:06.4167;5860.400000000001;5;['TG', 'SC1', 'LS1', 'F', 'BB1'];1.05;0.01;105.15;106.2;5965.05
179101;A1J4GR;2026-04-14 09:25:06.6184;0.0;5;['TG', 'F', 'LS1', 'SC1', 'BB1'];0.4;0.0127;31.4;31.8;4929.8
100375;A3DNG5;2026-04-14 09:25:06.7141;0.0;2;['TG', 'LS1'];0.03;0.0226;1.33;1.36;2817.36
3453062;A3DVMD;2026-04-14 09:25:06.8965;0.0;2;['F', 'LS1'];0.022;0.071;0.31;0.332;0.0
100024;A0RF4G;2026-04-14 09:25:07.0132;0.0;1;['F'];0.05;1.7857;0.028;0.078;0.0
179046;A1J1D0;2026-04-14 09:25:07.0734;3836.0;5;['TG', 'F', 'BB1', 'LS1', 'SC1'];0.05;0.0072;6.95;7.0;3842.85
152730;866869;2026-04-14 09:25:07.4266;4803.4400000000005;4;['TG', 'LS1', 'SC1', 'BB1'];0.205;0.0331;6.19;6.395;4809.63
2753907;A2PJ41;2026-04-14 09:25:07.5885;9793.189999999999;4;['TG', 'SC1', 'LS1', 'F'];0.25;0.0047;52.67;52.92;9851.199999999999
199899;858265;2026-04-14 09:25:07.6335;0.0;4;['TG', 'LS1', 'F', 'SC1'];0.58;0.012;48.49;49.07;7929.400000000001
243137;855086;2026-04-14 09:25:07.6778;0.0;3;['F', 'BB1', 'LS1'];2.4;0.0504;47.6;50.0;0.0
3275483;A418RY;2026-04-14 09:25:07.7629;0.0;4;['TG', 'F', 'LS1', 'BB1'];0.08;0.051;1.57;1.65;1394.64
3035352;603077;2026-04-14 09:25:07.8505;0.0;2;['LS1', 'F'];0.4;0.0208;19.2;19.6;0.0
2564122;A2PV0Q;2026-04-14 09:25:07.8743;0.0;1;['TG'];0.003;0.0923;0.0325;0.0355;1825.8500000000001
104806;A3EMMX;2026-04-14 09:25:07.9044;0.0;2;['TG', 'F'];0.0088;0.1035;0.085;0.0938;906.1850000000001
160367;A3DAKV;2026-04-14 09:25:07.9776;0.0;2;['LS1', 'BB1'];1.0;0.025;40.0;41.0;0.0
2078126;A2DSES;2026-04-14 09:25:08.5379;0.0;2;['TG', 'BB1'];0.021;0.0395;0.532;0.553;2885.036
1047820;A422AH;2026-04-14 09:25:08.9671;;1;['TG'];0.1;0.0485;2.06;2.16;2861.34
3046013;A3EETN;2026-04-14 09:25:09.1422;9950.84;5;['SC1', 'LS1', 'TG', 'F', 'BB1'];0.11;0.0015;74.26;74.37;10025.1
2592135;A0YAQ9;2026-04-14 09:25:09.1817;0.0;3;['TG', 'LS1', 'BB1'];0.064;0.0714;0.896;0.96;2061.564
872342;A2P3ZG;2026-04-14 09:25:09.2259;0.0;3;['TG', 'F', 'LS1'];0.0048;0.0736;0.0652;0.07;927.4699999999999
2898825;A3DQED;2026-04-14 09:25:09.3176;0.0;1;['F'];0.017;0.2378;0.0715;0.0885;0.0
100334;A2QNN8;2026-04-14 09:25:09.4937;0.0;2;['TG', 'F'];0.007;0.1039;0.0674;0.0744;905.9234
1808376;A2ANBL;2026-04-14 09:25:09.5392;0.0;3;['TG', 'F', 'BB1'];0.04;0.0096;4.18;4.22;5890.56
2293005;A41JBP;2026-04-14 09:25:09.6495;0.0;1;['TG'];0.014;0.0569;0.246;0.26;1417.698
3840786;A404WJ;2026-04-14 09:25:09.7480;0.0;1;['LS1'];0.06;1.4286;0.042;0.102;0.0
519796;A2PE64;2026-04-14 09:25:09.8479;0.0;1;['TG'];0.045;0.0947;0.475;0.52;1812.125
4239556;A41FAD;2026-04-14 09:25:09.9674;0.0;1;['TG'];0.0022;0.0663;0.0332;0.0354;708.0
527133;A2QF3T;2026-04-14 09:25:10.0085;0.0;5;['TG', 'F', 'LS1', 'SC1', 'BB1'];0.3;0.016;18.7;19.0;4899.4
642176;A2AMAJ;2026-04-14 09:25:10.1044;4927.679999999999;5;['LS1', 'TG', 'SC1', 'F', 'BB1'];0.28;0.0067;41.76;42.04;4969.44
179055;914305;2026-04-14 09:25:10.2023;0.0;3;['F', 'BB1', 'LS1'];2.0;0.0156;128.0;130.0;0.0
625016;852684;2026-04-14 09:25:10.2800;9930.25;5;['LS1', 'TG', 'F', 'SC1', 'BB1'];0.55;0.0064;86.44;86.99;10016.599999999999
945792;A0X8WB;2026-04-14 09:25:10.5693;3873.76;3;['TG', 'F', 'LS1'];0.3;0.0219;13.68;13.98;3887.4
1009572;A114C7;2026-04-14 09:25:10.6063;0.0;4;['TG', 'F', 'LS1', 'BB1'];0.0;0.0;0.11;0.0;910.695
1055458;A1C8W0;2026-04-14 09:25:10.6806;;4;['TG', 'SC1', 'F', 'LS1'];0.08;0.0021;37.79;37.87;4888.92
2360153;A41B79;2026-04-14 09:25:10.7912;0.0;1;['TG'];0.004;0.0198;0.202;0.206;3905.4680000000003
2998930;A425BS;2026-04-14 09:25:10.8591;;1;['TG'];0.025;0.1096;0.228;0.253;2694.96
169727;A2QQ2Z;2026-04-14 09:25:10.8902;0.0;1;['BB1'];0.038;0.1638;0.232;0.27;0.0
1055459;885412;2026-04-14 09:25:10.9376;2918.4;5;['TG', 'LS1', 'SC1', 'F', 'BB1'];0.12;0.0104;11.505;11.625;2928.515
2356935;264396;2026-04-14 09:25:10.9826;5962.14;4;['TG', 'SC1', 'BB1', 'F'];0.06;0.0166;3.62;3.68;5965.76
655818;812693;2026-04-14 09:25:11.0993;0.0;3;['F', 'LS1', 'BB1'];0.14;0.0321;4.36;4.5;0.0
418990;A40ZP3;2026-04-14 09:25:11.1405;0.0;4;['TG', 'F', 'LS1', 'BB1'];0.025;0.0148;1.69;1.715;1478.75
2375913;A40EPA;2026-04-14 09:25:11.2557;0.0;3;['TG', 'F', 'LS1'];0.014;0.0579;0.242;0.256;1362.312
961978;A2ARD3;2026-04-14 09:25:11.2981;0.0;4;['LS1', 'F', 'TG', 'BB1'];0.07;0.0203;3.44;3.51;2915.55
2075412;A3EVV5;2026-04-14 09:25:11.3306;0.0;1;['TG'];0.0044;0.3667;0.012;0.0164;1098.384
256221;A1C2N1;2026-04-14 09:25:11.4309;0.0;2;['F', 'LS1'];0.009;0.0612;0.147;0.156;0.0
2166822;A2JAHR;2026-04-14 09:25:11.5326;;2;['TG', 'BB1'];0.6;0.0214;28.0;28.6;4900.0
2040561;A2PYB1;2026-04-14 09:25:11.5716;2947.8399999999997;4;['TG', 'LS1', 'SC1', 'BB1'];0.42;0.014;30.08;30.5;2977.9199999999996
3556803;A3ETUT;2026-04-14 09:25:11.6170;0.0;1;['LS1'];0.166;6.64;0.025;0.191;0.0
2538368;A3D3YZ;2026-04-14 09:25:11.6596;0.0;2;['TG', 'BB1'];0.03;0.0962;0.312;0.342;682.344
3910577;A41VGG;2026-04-14 09:25:11.7020;;2;['TG', 'LS1'];0.04;0.0359;1.115;1.155;1672.5
316571;A3DBDE;2026-04-14 09:25:11.7821;0.0;1;['TG'];0.0045;0.375;0.012;0.0165;545.868
1975399;A2N60S;2026-04-14 09:25:11.9266;3912.2200000000003;3;['TG', 'F', 'LS1'];0.09;0.0169;5.33;5.42;3917.55
178273;A0B880;2026-04-14 09:25:12.0263;0.0;1;['BB1'];0.049;0.4414;0.111;0.16;0.0
3527635;A3D078;2026-04-14 09:25:12.1284;4755.713;4;['TG', 'LS1', 'SC1', 'BB1'];0.022;0.0365;0.603;0.625;4756.313999999999
2162107;A2QJQ4;2026-04-14 09:25:12.2003;0.0;5;['SC1', 'TG', 'F', 'LS1', 'BB1'];0.048;0.0137;3.492;3.54;2870.628
470905;A414N9;2026-04-14 09:25:12.2449;0.0;1;['TG'];0.018;0.1176;0.153;0.171;845.937
2180214;A3C87U;2026-04-14 09:25:12.4806;0.0;3;['LS1', 'TG', 'F'];0.0044;0.0703;0.0626;0.067;665.229
562081;A3EKLX;2026-04-14 09:25:12.6759;0.0;1;['TG'];0.007;0.0446;0.157;0.164;1433.41
152750;A0HMUF;2026-04-14 09:25:12.7135;4760.772;3;['TG', 'F', 'BB1'];0.048;0.0371;1.294;1.342;4762.058
1071693;A2PV0Z;2026-04-14 09:25:12.7568;4939.224;4;['LS1', 'TG', 'SC1', 'BB1'];0.04;0.0127;3.15;3.19;4942.366
3521152;A40EX2;2026-04-14 09:25:12.8149;0.0;1;['TG'];0.006;0.033;0.182;0.188;2412.592
2543013;A41NPY;2026-04-14 09:25:12.9628;0.0;2;['F', 'LS1'];0.02;0.1258;0.159;0.179;0.0
2354829;A1JKQ1;2026-04-14 09:25:13.1783;0.0;3;['TG', 'LS1', 'BB1'];0.15;0.0179;8.4;8.55;1461.25
1302760;A40N7A;2026-04-14 09:25:13.2169;0.0;1;['TG'];0.043;0.1991;0.216;0.259;831.6
104354;A413AZ;2026-04-14 09:25:13.4244;0.0;1;['TG'];0.0079;0.0826;0.0956;0.1035;1351.5928000000001
3528950;A4205J;2026-04-14 09:25:13.4870;;1;['TG'];0.07;0.0952;0.735;0.805;1363.425
2009629;A1C4MN;2026-04-14 09:25:13.8592;5794.110000000001;5;['TG', 'LS1', 'SC1', 'BB1', 'F'];0.11;0.0102;10.815;10.925;5804.820000000001
100622;A2DLL7;2026-04-14 09:25:13.8887;0.0;2;['LS1', 'BB1'];1.4;0.1007;13.9;15.3;0.0
703712;A3CSUC;2026-04-14 09:25:13.9869;0.0;2;['F', 'LS1'];0.18;0.1104;1.63;1.81;0.0
2003906;A41BQ1;2026-04-14 09:25:14.0461;0.0;1;['F'];0.164;0.4249;0.386;0.55;0.0
1990807;A2PVB0;2026-04-14 09:25:14.1298;0.0;2;['BB1', 'LS1'];0.016;0.0952;0.168;0.184;0.0
2182315;A2DS94;2026-04-14 09:25:14.2245;967.762;1;['TG'];0.011;0.0318;0.346;0.357;968.108
2603767;A0YJNB;2026-04-14 09:25:14.3135;1963.55;4;['TG', 'BB1', 'F', 'LS1'];0.04;0.0176;2.27;2.31;1965.82
156436;A0MRZD;2026-04-14 09:25:14.5039;0.0;4;['TG', 'F', 'LS1', 'BB1'];0.054;0.0315;1.716;1.77;2910.432
193864;A41FV3;2026-04-14 09:25:14.5917;0.0;1;['TG'];0.024;0.0571;0.42;0.444;1890.4199999999998
751970;A2DQSD;2026-04-14 09:25:14.6529;0.0;3;['F', 'BB1', 'LS1'];0.011;0.0957;0.115;0.126;0.0
1780290;A2JG9P;2026-04-14 09:25:14.6853;0.0;1;['TG'];0.0045;0.8182;0.0055;0.01;825.616
950202;A2PXTX;2026-04-14 09:25:14.8811;0.0;2;['BB1', 'LS1'];0.14;0.0308;4.54;4.68;0.0
275144;A41VS3;2026-04-14 09:25:14.9180;1889.73;1;['TG'];0.045;0.0556;0.81;0.855;1890.5400000000002
100739;A40EG3;2026-04-14 09:25:14.9592;8547.15;4;['TG', 'F', 'LS1', 'SC1'];0.01;0.0035;2.85;2.86;4290.0
109830;A2PG3X;2026-04-14 09:25:15.0566;0.0;1;['TG'];0.0025;0.0417;0.06;0.0625;975.66
1808308;A2JEQU;2026-04-14 09:25:15.1647;6539.564;5;['BB1', 'TG', 'LS1', 'SC1', 'F'];0.003;0.0069;0.437;0.44;1435.2
426315;A4159Z;2026-04-14 09:25:15.2360;0.0;2;['TG', 'BB1'];0.019;0.0653;0.291;0.31;930.0
126762;A3DR74;2026-04-14 09:25:15.4968;0.0;2;['BB1', 'F'];0.029;0.1638;0.177;0.206;0.0
1301202;940769;2026-04-14 09:25:15.6843;0.0;2;['F', 'TG'];0.015;0.3505;0.0428;0.0578;596.4474
1061090;A2AKQ7;2026-04-14 09:25:15.7288;7934.400000000001;4;['TG', 'LS1', 'SC1', 'BB1'];0.95;0.0069;136.85;137.8;8071.200000000001
1539275;A12C3D;2026-04-14 09:25:15.8820;0.0;2;['TG', 'F'];0.0166;0.3517;0.0472;0.0638;739.8128
1317481;A2JQV6;2026-04-14 09:25:16.0033;0.0;4;['SC1', 'LS1', 'TG', 'BB1'];0.189;0.0827;2.286;2.475;2762.291
1388338;A0JC4E;2026-04-14 09:25:16.0974;4963.53;5;['TG', 'F', 'LS1', 'SC1', 'BB1'];0.24;0.0138;17.355;17.595;4980.885
336373;870918;2026-04-14 09:25:16.1360;4828.5;4;['F', 'LS1', 'SC1', 'TG'];1.35;0.0243;55.5;56.85;4884.0
1302184;A3EXTV;2026-04-14 09:25:16.4200;0.0;1;['TG'];0.0065;0.1688;0.0385;0.045;856.2015
2952694;A40Y4T;2026-04-14 09:25:16.4543;0.0;3;['TG', 'F', 'LS1'];0.04;0.0428;0.934;0.974;1427.824
2368263;A3DXMA;2026-04-14 09:25:16.5008;2397.336;4;['TG', 'F', 'SC1', 'BB1'];0.021;0.0345;0.609;0.63;2397.942
322294;A41FTR;2026-04-14 09:25:16.5623;0.0;4;['TG', 'F', 'LS1', 'BB1'];0.04;0.0428;0.935;0.975;1432.42
1048565;A1JMCZ;2026-04-14 09:25:16.6144;2879.55;4;['TG', 'LS1', 'F', 'BB1'];0.07;0.0292;2.395;2.465;2881.92
307031;A41CVB;2026-04-14 09:25:16.7108;0.0;2;['F', 'LS1'];0.15;0.0167;9.0;9.15;0.0
1664663;A2JCAJ;2026-04-14 09:25:16.9062;0.0;2;['TG', 'F'];0.0175;0.0389;0.45;0.4675;2856.01
778827;A2P879;2026-04-14 09:25:17.0447;0.0;3;['TG', 'F', 'LS1'];0.007;0.0436;0.1605;0.1675;564.6425
552992;A3EHTW;2026-04-14 09:25:17.1529;2929.1;3;['TG', 'LS1', 'F'];0.04;0.0235;1.7;1.74;2930.7999999999997
1636055;A2DRBP;2026-04-14 09:25:17.4913;14991.900000000001;5;['TG', 'F', 'LS1', 'SC1', 'DE'];0.5;0.004;124.0;124.5;15115.800000000001
856546;A2DJWY;2026-04-14 09:25:17.5359;1954.94;4;['TG', 'F', 'LS1', 'BB1'];0.016;0.0154;1.036;1.052;1955.97
401548;A1C7VL;2026-04-14 09:25:17.5709;4177.485000000001;5;['TG', 'F', 'LS1', 'SC1', 'BB1'];0.204;0.0235;8.69;8.894;2981.5
1294420;A2PTX0;2026-04-14 09:25:17.7549;0.0;0;[];0.0;0.0;0.0;0.0;0.0
1388669;812695;2026-04-14 09:25:17.8554;0.0;1;['TG'];0.6;0.0224;26.8;27.4;5869.2
881246;A3C166;2026-04-14 09:25:17.9555;0.0;2;['TG', 'LS1'];0.0067;0.0344;0.1948;0.2015;1948.0
205912;A41NGX;2026-04-14 09:25:18.0840;0.0;1;['TG'];0.0035;0.5385;0.0065;0.01;650.4875
766219;A14QF1;2026-04-14 09:25:18.3372;0.0;3;['TG', 'LS1', 'BB1'];0.055;0.0272;2.02;2.075;4866.18
1027253;A3E2DA;2026-04-14 09:25:18.3773;0.0;1;['BB1'];0.005;0.1042;0.048;0.053;0.0
2017172;A12ETN;2026-04-14 09:25:18.4299;0.0;5;['TG', 'LS1', 'F', 'BB1', 'SC1'];0.6;0.0121;49.4;50.0;3952.0
1499151;A3D2GP;2026-04-14 09:25:18.5114;1798.6570000000002;2;['TG', 'BB1'];0.029;0.1103;0.263;0.292;1798.92
2772971;A2JBST;2026-04-14 09:25:18.7792;0.0;1;['TG'];0.0046;0.0706;0.0652;0.0698;698.0
104709;A3DBDT;2026-04-14 09:25:18.9225;0.0;1;['TG'];0.0125;0.5952;0.021;0.0335;420.0
1944397;A2QQCM;2026-04-14 09:25:19.0528;0.0;1;['TG'];0.0082;0.1633;0.0502;0.0584;860.2774000000001
1713506;A3DVHU;2026-04-14 09:25:19.1474;0.0;1;['F'];0.12;0.48;0.25;0.37;0.0
2468302;A3EUN3;2026-04-14 09:25:19.2107;0.0;2;['F', 'LS1'];0.0;0.0;0.1046;0.0;0.0
3399772;A40HQQ;2026-04-14 09:25:19.2991;0.0;3;['LS1', 'TG', 'BB1'];0.008;0.0044;1.822;1.83;1536.76
815433;A3C6TM;2026-04-14 09:25:19.3760;0.0;2;['TG', 'BB1'];0.024;0.0536;0.448;0.472;2523.312
2002506;A4054V;2026-04-14 09:25:19.5132;0.0;1;['TG'];0.0198;0.3094;0.064;0.0838;1143.68
2979249;A41H43;2026-04-14 09:25:19.5837;2865.576;4;['TG', 'F', 'BB1', 'LS1'];0.0105;0.0456;0.2305;0.241;2865.8065
1441351;A2PSM1;2026-04-14 09:25:19.9964;0.0;1;['BB1'];0.11;0.2292;0.48;0.59;0.0
200237;863037;2026-04-14 09:25:20.1068;7961.905;5;['LS1', 'F', 'TG', 'SC1', 'BB1'];0.015;0.0039;3.815;3.83;7965.72
2052963;852243;2026-04-14 09:25:20.1481;0.0;3;['LS1', 'F', 'BB1'];30.0;0.008;3760.0;3790.0;0.0
1505966;870191;2026-04-14 09:25:20.2366;0.0;3;['LS1', 'F', 'BB1'];20.0;0.0084;2380.0;2400.0;0.0
163854;851354;2026-04-14 09:25:20.2748;0.0;3;['F', 'LS1', 'BB1'];40.0;0.009;4460.0;4500.0;0.0
1505970;577348;2026-04-14 09:25:20.3813;0.0;3;['LS1', 'F', 'BB1'];10.0;0.008;1250.0;1260.0;0.0
2589371;A2ACPS;2026-04-14 09:25:20.4612;2982.48;5;['LS1', 'TG', 'F', 'BB1', 'SC1'];0.04;0.0017;23.14;23.18;3005.6
331694;A0EAHZ;2026-04-14 09:25:20.6064;9492.0;5;['F', 'LS1', 'SC1', 'TG', 'BB1'];2.1;0.0053;395.5;397.6;9887.5
159378;875838;2026-04-14 09:25:20.6378;0.0;3;['LS1', 'F', 'BB1'];40.0;0.0182;2200.0;2240.0;0.0
1882648;895701;2026-04-14 09:25:20.7242;0.0;3;['LS1', 'F', 'BB1'];1.0;0.0058;171.0;172.0;0.0
103863;871047;2026-04-14 09:25:20.8130;0.0;4;['LS1', 'F', 'BB1', 'SC1'];5.0;0.006;830.0;835.0;0.0
466800;896040;2026-04-14 09:25:20.9090;0.0;2;['F', 'BB1'];0.65;0.104;6.25;6.9;0.0
103844;869929;2026-04-14 09:25:20.9461;3145.545;5;['F', 'LS1', 'TG', 'SC1', 'BB1'];0.02;0.0054;3.71;3.73;3149.25
603398;763793;2026-04-14 09:25:21.0615;0.0;2;['F', 'LS1'];0.2;0.0308;6.5;6.7;0.0
200291;906781;2026-04-14 09:25:21.1666;0.0;1;['LS1'];2.0;0.0308;65.0;67.0;0.0
1065537;907155;2026-04-14 09:25:21.2531;1722.0;5;['LS1', 'SC1', 'F', 'TG', 'BB1'];16.0;0.0093;1722.0;1738.0;3444.0
199220;920299;2026-04-14 09:25:21.3009;0.0;4;['F', 'LS1', 'BB1', 'DE'];0.05;0.053;0.944;0.994;0.0
840516;927016;2026-04-14 09:25:21.3503;14721.3;5;['LS1', 'SC1', 'F', 'TG', 'BB1'];0.3;0.002;148.7;149.0;14869.999999999998
246902;913744;2026-04-14 09:25:21.3845;4773.6;5;['LS1', 'F', 'BB1', 'SC1', 'TG'];1.6;0.0114;140.4;142.0;4914.0
104227;916234;2026-04-14 09:25:21.4318;35133.0;4;['LS1', 'TG', 'SC1', 'F'];2.5;0.0035;717.0;719.5;35850.0
753492;935276;2026-04-14 09:25:21.5372;4645.5;5;['LS1', 'SC1', 'F', 'TG', 'BB1'];1.0;0.0041;244.5;245.5;4890.0
200296;914661;2026-04-14 09:25:21.6836;2784.0;5;['LS1', 'F', 'SC1', 'TG', 'BB1'];5.0;0.0036;1392.0;1397.0;4176.0
853562;871627;2026-04-14 09:25:21.7761;0.0;3;['LS1', 'F', 'BB1'];1.0;0.0088;113.0;114.0;0.0
200289;905428;2026-04-14 09:25:21.8707;0.0;3;['LS1', 'F', 'BB1'];0.1;0.0099;10.1;10.2;0.0
304817;922036;2026-04-14 09:25:21.9716;0.0;4;['LS1', 'F', 'BB1', 'SC1'];4.0;0.0087;458.0;462.0;0.0
157543;859568;2026-04-14 09:25:22.0539;0.0;3;['LS1', 'F', 'TG'];400.0;0.0034;117500.0;117900.0;117400.0
200263;870503;2026-04-14 09:25:22.1033;0.0;5;['F', 'LS1', 'TG', 'SC1', 'BB1'];30.0;0.0026;11410.0;11440.0;11410.0
104377;938427;2026-04-14 09:25:22.1467;15845.0;4;['LS1', 'TG', 'F', 'SC1'];0.0;0.0;3173.0;3173.0;19038.0
853834;938312;2026-04-14 09:25:22.2629;7132.8;5;['LS1', 'SC1', 'F', 'TG', 'BB1'];1.8;0.004;445.8;447.6;7578.6
367341;907324;2026-04-14 09:25:22.3214;4870.8;5;['LS1', 'F', 'TG', 'BB1', 'SC1'];0.7;0.0118;59.4;60.1;4930.2
102381;579919;2026-04-14 09:25:22.3634;29184.4;5;['TG', 'LS1', 'F', 'SC1', 'DE'];0.2;0.0003;595.8;596.0;29789.999999999996
840508;930290;2026-04-14 09:25:22.4058;9163.0;5;['SC1', 'LS1', 'F', 'TG', 'BB1'];1.0;0.0024;416.5;417.5;9579.5
200243;578908;2026-04-14 09:25:22.4955;0.0;4;['LS1', 'F', 'SC1', 'BB1'];0.8;0.0057;141.2;142.0;0.0
200278;885933;2026-04-14 09:25:22.5505;0.0;3;['LS1', 'F', 'BB1'];0.05;0.0085;5.9;5.95;0.0
200308;A0B9GA;2026-04-14 09:25:22.5964;4879.0;5;['LS1', 'SC1', 'F', 'TG', 'BB1'];0.2;0.0034;59.6;59.8;4938.5
367338;632296;2026-04-14 09:25:22.6512;3690.0;5;['SC1', 'LS1', 'F', 'TG', 'BB1'];2.0;0.0027;738.0;740.0;4428.0
104151;904278;2026-04-14 09:25:22.7372;65578.57999999999;5;['TG', 'LS1', 'SC1', 'F', 'DE'];0.02;0.0002;131.46;131.48;65730.0
103567;851311;2026-04-14 09:25:22.7836;17473.4;5;['LS1', 'TG', 'F', 'DE', 'SC1'];0.6;0.0017;356.8;357.4;17830.0
200298;922557;2026-04-14 09:25:22.8318;4761.6;5;['LS1', 'F', 'TG', 'BB1', 'SC1'];0.6;0.004;148.8;149.4;4910.400000000001
104275;922031;2026-04-14 09:25:22.8733;4967.55;6;['LS1', 'F', 'TG', 'BB1', 'DE', 'SC1'];0.03;0.0015;19.96;19.99;4990.0
104081;895929;2026-04-14 09:25:22.9164;4971.165;5;['LS1', 'F', 'TG', 'BB1', 'SC1'];0.025;0.0027;9.16;9.185;4980.32
200260;869898;2026-04-14 09:25:22.9617;29857.62;5;['TG', 'LS1', 'F', 'SC1', 'DE'];0.02;0.0003;78.82;78.84;29951.6
104257;919730;2026-04-14 09:25:23.0088;29885.64;5;['TG', 'F', 'LS1', 'SC1', 'DE'];0.02;0.0003;78.44;78.46;29964.079999999998
103796;871110;2026-04-14 09:25:23.0940;4900.5;5;['LS1', 'F', 'TG', 'BB1', 'SC1'];0.2;0.0049;40.5;40.7;4941.0
727519;865126;2026-04-14 09:25:23.1422;4627.599999999999;5;['LS1', 'F', 'TG', 'BB1', 'SC1'];0.3;0.0015;201.2;201.5;4828.799999999999
104222;915684;2026-04-14 09:25:23.1917;0.0;3;['LS1', 'F', 'BB1'];0.035;0.0255;1.37;1.405;0.0
102814;675054;2026-04-14 09:25:23.2377;9802.8;5;['LS1', 'F', 'TG', 'SC1', 'BB1'];0.3;0.0039;77.9;78.2;9880.6
200250;676682;2026-04-14 09:25:23.2828;9868.75;5;['LS1', 'F', 'BB1', 'SC1', 'TG'];0.25;0.0032;79.05;79.3;9960.3
200280;893484;2026-04-14 09:25:23.3703;9858.8;4;['LS1', 'F', 'TG', 'SC1'];0.1;0.0005;201.3;201.4;10060.0
157560;984345;2026-04-14 09:25:23.4154;0.0;2;['LS1', 'BB1'];2.5;0.0101;248.5;251.0;0.0
275579;798263;2026-04-14 09:25:23.4498;3452.0;5;['SC1', 'LS1', 'F', 'TG', 'BB1'];4.0;0.0046;865.0;869.0;4325.0
104332;928619;2026-04-14 09:25:23.5495;29090.399999999998;4;['SC1', 'TG', 'F', 'LS1'];0.2;0.0004;570.6;570.8;29671.2
200261;870121;2026-04-14 09:25:23.6041;0.0;4;['LS1', 'F', 'SC1', 'BB1'];2.0;0.0065;306.0;308.0;0.0
842951;157770;2026-04-14 09:25:23.6457;4742.4;5;['F', 'LS1', 'SC1', 'TG', 'BB1'];0.4;0.002;197.6;198.0;4940.0
200252;778237;2026-04-14 09:25:23.7398;28831.800000000003;4;['TG', 'F', 'LS1', 'SC1'];0.8;0.0008;994.6;995.4;29832.0
200246;593186;2026-04-14 09:25:23.8040;6457.5;5;['LS1', 'F', 'TG', 'BB1', 'SC1'];2.5;0.0035;717.5;720.0;7175.0
470761;A0CACJ;2026-04-14 09:25:23.9252;11538.0;5;['LS1', 'SC1', 'F', 'TG', 'BB1'];1.0;0.0031;321.0;322.0;11858.5
340787;A0CA16;2026-04-14 09:25:23.9878;9758.4;5;['SC1', 'LS1', 'F', 'TG', 'BB1'];0.4;0.0023;171.2;171.6;9929.599999999999
639124;A0B7X3;2026-04-14 09:25:24.0231;0.0;1;['LS1'];2.0;0.0092;218.0;220.0;0.0
275676;A0B8VP;2026-04-14 09:25:24.0859;12152.400000000001;5;['LS1', 'F', 'TG', 'SC1', 'BB1'];1.6;0.0051;312.2;313.8;12464.0
304820;A0ETZV;2026-04-14 09:25:24.1548;0.0;4;['LS1', 'F', 'SC1', 'BB1'];5.0;0.0055;912.0;917.0;0.0
331751;A0F6VT;2026-04-14 09:25:24.2848;9911.16;5;['LS1', 'F', 'TG', 'SC1', 'BB1'];0.08;0.0041;19.32;19.4;9930.48
243011;A0F657;2026-04-14 09:25:24.3456;9544.5;5;['LS1', 'SC1', 'F', 'TG', 'BB1'];3.0;0.0085;353.5;356.5;9898.0
331554;A0HMLM;2026-04-14 09:25:24.3881;4885.05;5;['LS1', 'F', 'SC1', 'TG', 'BB1'];0.2;0.0036;56.15;56.35;4941.2
159503;A0JEGJ;2026-04-14 09:25:24.4619;4844.099999999999;5;['SC1', 'LS1', 'F', 'TG', 'BB1'];0.4;0.0055;72.4;72.8;4916.4
1773363;A0JJW1;2026-04-14 09:25:24.5007;4709.599999999999;5;['LS1', 'SC1', 'F', 'TG', 'BB1'];0.8;0.0048;168.2;169.0;4877.799999999999
159533;A0JJY6;2026-04-14 09:25:24.5793;0.0;2;['LS1', 'SC1'];1.2;0.0013;942.8;944.0;0.0
159534;A0JEHV;2026-04-14 09:25:24.6589;7426.25;5;['LS1', 'F', 'TG', 'BB1', 'SC1'];0.4;0.0013;297.1;297.5;7724.6
1308321;A0JJWH;2026-04-14 09:25:24.7654;4544.0;4;['LS1', 'F', 'TG', 'SC1'];1.0;0.0035;284.0;285.0;4828.0
256936;A0MYT7;2026-04-14 09:25:24.9228;0.0;3;['F', 'LS1', 'BB1'];0.055;0.0154;3.58;3.635;0.0
757567;A0JLZL;2026-04-14 09:25:24.9858;31179.899999999998;6;['TG', 'F', 'LS1', 'DE', 'SC1', 'BB1'];0.1;0.0005;196.2;196.3;31384.0
827329;A0J3ED;2026-04-14 09:25:25.1326;0.0;3;['LS1', 'F', 'BB1'];0.4;0.0072;55.6;56.0;0.0
159887;A0J3NX;2026-04-14 09:25:25.2449;0.0;4;['LS1', 'F', 'BB1', 'SC1'];3.0;0.0053;567.0;570.0;0.0
940586;A0J3YT;2026-04-14 09:25:25.3069;30036.600000000002;4;['TG', 'F', 'LS1', 'SC1'];0.04;0.0005;81.4;81.44;30118.000000000004
160247;A0LG3Z;2026-04-14 09:25:25.4044;0.0;3;['LS1', 'F', 'BB1'];0.04;0.0044;9.1;9.14;0.0
160287;A0MSH6;2026-04-14 09:25:25.5410;0.0;1;['F'];0.012;0.2727;0.044;0.056;0.0
160289;A0MQWG;2026-04-14 09:25:25.6568;8940.0;5;['LS1', 'TG', 'F', 'DE', 'SC1'];0.4;0.0007;596.0;596.4;9536.0
160290;A0MV9C;2026-04-14 09:25:25.7550;0.0;4;['LS1', 'SC1', 'F', 'BB1'];0.0;0.0;222.0;222.0;0.0
160292;A0MVC2;2026-04-14 09:25:25.8087;0.0;4;['LS1', 'F', 'BB1', 'SC1'];1.0;0.0061;164.0;165.0;0.0
163958;A0M2K9;2026-04-14 09:25:25.8674;9675.6;3;['LS1', 'TG', 'BB1'];0.4;0.0027;146.6;147.0;9822.199999999999
167395;A0NJPK;2026-04-14 09:25:25.9290;9736.099999999999;5;['LS1', 'F', 'TG', 'BB1', 'SC1'];0.8;0.0044;183.7;184.5;9919.8
104026;A0NFN3;2026-04-14 09:25:25.9941;7509.599999999999;6;['F', 'LS1', 'TG', 'SC1', 'BB1', 'DE'];0.1;0.002;50.5;50.6;7560.0
164445;A0Q4DC;2026-04-14 09:25:26.0416;85154.76;6;['TG', 'LS1', 'F', 'SC1', 'BB1', 'DE'];0.02;0.0002;85.28;85.3;85280.0
639529;A0Q16U;2026-04-14 09:25:26.0804;0.0;3;['LS1', 'F', 'BB1'];0.1;0.0233;4.3;4.4;0.0
625065;A0Q40B;2026-04-14 09:25:26.1813;4948.400000000001;4;['LS1', 'F', 'TG', 'BB1'];0.5;0.014;35.6;36.1;4984.0
167397;A0Q221;2026-04-14 09:25:26.2671;0.0;3;['LS1', 'F', 'BB1'];5.0;0.0062;810.0;815.0;0.0
1585690;A0Q6J0;2026-04-14 09:25:26.3217;3073.84;5;['LS1', 'F', 'TG', 'BB1', 'SC1'];0.105;0.017;6.16;6.265;3080.0
2666301;A0Q3W8;2026-04-14 09:25:26.3680;0.0;3;['F', 'LS1', 'DE'];0.24;0.06;4.0;4.24;0.0
216741;A0Q636;2026-04-14 09:25:26.4096;0.0;4;['F', 'TG', 'LS1', 'BB1'];7.75;0.0281;276.2;283.95;9943.199999999999
368723;A0REAY;2026-04-14 09:25:26.4549;0.0;3;['LS1', 'F', 'BB1'];0.096;0.0171;5.608;5.704;0.0
895313;A0RDWE;2026-04-14 09:25:26.4899;0.0;2;['F', 'BB1'];0.06;0.0171;3.5;3.56;0.0
625079;A0RMWK;2026-04-14 09:25:26.5484;4683.5;5;['LS1', 'F', 'TG', 'SC1', 'BB1'];1.5;0.0054;275.5;277.0;4959.0
611440;A0YBDU;2026-04-14 09:25:26.6404;14837.759999999998;4;['LS1', 'F', 'TG', 'SC1'];0.06;0.0009;66.32;66.38;14908.500000000002
611438;A0YBKX;2026-04-14 09:25:26.7705;0.0;2;['LS1', 'F'];0.0025;0.0259;0.0965;0.099;0.0
512636;A1CUXD;2026-04-14 09:25:26.8110;0.0;4;['LS1', 'F', 'SC1', 'BB1'];0.03;0.0064;4.665;4.695;0.0
2200432;A1CUUB;2026-04-14 09:25:26.9119;0.0;2;['F', 'LS1'];0.005;0.0485;0.103;0.108;0.0
512630;A1CXAY;2026-04-14 09:25:26.9671;0.0;3;['LS1', 'F', 'BB1'];0.1;0.0075;13.4;13.5;0.0
895001;A1C06B;2026-04-14 09:25:27.0059;0.0;5;['TG', 'F', 'LS1', 'SC1', 'BB1'];0.85;0.0039;220.05;220.9;3073.0
750193;A1C8PJ;2026-04-14 09:25:27.0402;3048.48;4;['LS1', 'F', 'TG', 'BB1'];0.04;0.0076;5.25;5.29;3053.7
121781;A1JJES;2026-04-14 09:25:27.0971;0.0;3;['LS1', 'BB1', 'F'];0.06;0.0039;15.2;15.26;0.0
387231;A1JU9U;2026-04-14 09:25:27.1430;4904.900000000001;5;['LS1', 'F', 'TG', 'SC1', 'BB1'];0.3;0.0047;63.7;64.0;4968.6
484529;A1H81M;2026-04-14 09:25:27.1712;30495.75;6;['LS1', 'TG', 'SC1', 'F', 'DE', 'BB1'];0.05;0.0004;139.4;139.45;30635.0
919135;A1H900;2026-04-14 09:25:27.2172;0.0;4;['LS1', 'F', 'SC1', 'BB1'];1.0;0.0078;129.0;130.0;0.0
1340213;A1JLZG;2026-04-14 09:25:27.2601;4799.2;5;['LS1', 'F', 'TG', 'BB1', 'SC1'];0.3;0.0017;171.5;171.8;4970.6
1897032;A1J1DQ;2026-04-14 09:25:27.3576;0.0;2;['LS1', 'BB1'];5.0;0.0342;146.0;151.0;0.0
1051893;A116HQ;2026-04-14 09:25:27.4821;0.0;3;['LS1', 'F', 'BB1'];0.2;0.0075;26.8;27.0;0.0
1343434;A1J642;2026-04-14 09:25:27.5206;4919.18;5;['LS1', 'F', 'SC1', 'TG', 'BB1'];0.16;0.0093;17.14;17.3;4936.32
320390;A1T7B9;2026-04-14 09:25:27.5615;0.0;3;['LS1', 'F', 'BB1'];0.55;0.0109;50.4;50.95;0.0
326334;A1T798;2026-04-14 09:25:27.6051;0.0;3;['LS1', 'F', 'BB1'];0.3;0.0076;39.25;39.55;0.0
1496239;A1W5CV;2026-04-14 09:25:27.6956;30018.3;4;['LS1', 'TG', 'F', 'SC1'];0.0;0.0;167.85;167.85;30204.000000000004
1019210;A1WZP3;2026-04-14 09:25:27.7932;0.0;4;['LS1', 'F', 'BB1', 'SC1'];0.8;0.0042;191.2;192.0;0.0
1766475;A1W65V;2026-04-14 09:25:27.8447;4764.4;5;['LS1', 'F', 'TG', 'BB1', 'SC1'];0.0;0.0;111.0;111.0;4875.2
740870;A110VU;2026-04-14 09:25:27.8919;0.0;3;['LS1', 'F', 'BB1'];2.0;0.0097;206.0;208.0;0.0
921799;A111WS;2026-04-14 09:25:27.9292;4741.5;5;['LS1', 'F', 'TG', 'SC1', 'BB1'];0.0;0.0;164.0;164.0;4905.0
353171;A112DM;2026-04-14 09:25:27.9826;0.0;4;['LS1', 'F', 'BB1', 'SC1'];1.0;0.0075;133.0;134.0;0.0
647340;A117LR;2026-04-14 09:25:28.0171;0.0;4;['LS1', 'F', 'BB1', 'SC1'];3.0;0.0122;246.0;249.0;0.0
1640169;A12DFH;2026-04-14 09:25:28.0630;32310.059999999998;5;['SC1', 'LS1', 'TG', 'F', 'DE'];0.01;0.0003;35.98;35.99;32381.999999999996
664388;A12DEH;2026-04-14 09:25:28.1619;0.0;3;['LS1', 'F', 'BB1'];0.05;0.0142;3.52;3.57;0.0
932781;A14RXU;2026-04-14 09:25:28.2072;0.0;4;['LS1', 'F', 'BB1', 'SC1'];0.3;0.0039;77.0;77.3;0.0
489826;A14R33;2026-04-14 09:25:28.2666;4957.419999999999;5;['LS1', 'F', 'TG', 'BB1', 'SC1'];0.04;0.0024;16.58;16.62;4973.999999999999
665636;A143NB;2026-04-14 09:25:28.3564;2586.3;5;['F', 'TG', 'LS1', 'BB1', 'DE'];0.24;0.0649;3.7;3.94;2590.0
2200437;A2AAD8;2026-04-14 09:25:28.4234;0.0;2;['LS1', 'F'];1.0;0.0057;175.0;176.0;0.0
1363102;A2AGGY;2026-04-14 09:25:28.5190;9072.0;5;['LS1', 'SC1', 'F', 'TG', 'BB1'];0.6;0.001;605.2;605.8;9683.2
1492174;A2AFKR;2026-04-14 09:25:28.6234;0.0;3;['LS1', 'F', 'BB1'];1.5;0.0294;51.0;52.5;0.0
1551145;A2AHC2;2026-04-14 09:25:28.6647;0.0;4;['LS1', 'F', 'SC1', 'BB1'];2.5;0.0115;216.5;219.0;0.0
1255277;A2AJEP;2026-04-14 09:25:28.7084;4573.0;5;['LS1', 'F', 'TG', 'SC1', 'BB1'];0.8;0.003;269.0;269.8;4842.0
1097984;A2ALS5;2026-04-14 09:25:28.7673;4913.599999999999;5;['LS1', 'F', 'BB1', 'SC1', 'TG'];0.2;0.0075;26.6;26.8;4943.88
971645;A2AR5F;2026-04-14 09:25:28.8102;0.0;4;['TG', 'LS1', 'SC1', 'BB1'];0.105;0.0389;2.7;2.805;5617.280000000001
935303;A2AT0Z;2026-04-14 09:25:28.8587;0.0;4;['TG', 'LS1', 'SC1', 'BB1'];0.375;0.008;46.6;46.975;6990.0
2062290;A2DN0K;2026-04-14 09:25:28.9248;4838.75;5;['LS1', 'SC1', 'F', 'TG', 'BB1'];0.3;0.003;98.75;99.05;4937.5
678359;A2DNSP;2026-04-14 09:25:28.9712;0.0;3;['BB1', 'SC1', 'F'];2.0;0.006;332.6;334.6;0.0
2028639;A2DTEB;2026-04-14 09:25:29.0144;4975.464;5;['LS1', 'F', 'TG', 'BB1', 'SC1'];0.012;0.0031;3.848;3.86;4979.312
163753;A2DYYE;2026-04-14 09:25:29.0414;0.0;3;['LS1', 'F', 'BB1'];0.7;0.0593;11.8;12.5;0.0
2257057;A2DUSP;2026-04-14 09:25:29.0841;9861.6;5;['LS1', 'SC1', 'F', 'TG', 'BB1'];0.1;0.0017;58.7;58.8;9920.300000000001
763218;A2JE3W;2026-04-14 09:25:29.1705;0.0;3;['LS1', 'F', 'BB1'];0.015;0.0221;0.68;0.695;0.0
1926785;A2JGBW;2026-04-14 09:25:29.2445;4800.0;5;['LS1', 'SC1', 'TG', 'F', 'BB1'];0.6;0.008;75.1;75.7;4875.0
691983;A2JNV8;2026-04-14 09:25:29.2878;30381.75;4;['TG', 'F', 'DE', 'SC1'];0.15;0.0009;161.05;161.2;30599.500000000004
1030635;A2JNTA;2026-04-14 09:25:29.3607;0.0;3;['LS1', 'F', 'BB1'];0.3;0.0263;11.4;11.7;0.0
111661;A2PDXE;2026-04-14 09:25:29.4050;30334.440000000002;5;['LS1', 'TG', 'SC1', 'F', 'DE'];0.04;0.0006;67.6;67.64;30419.999999999996
2502603;A2N5NU;2026-04-14 09:25:29.4622;9942.84;5;['LS1', 'F', 'TG', 'BB1', 'SC1'];0.03;0.0023;12.78;12.81;9955.619999999999
1057708;A2QN5W;2026-04-14 09:25:29.5598;2496.0;5;['TG', 'LS1', 'F', 'BB1', 'DE'];0.09;0.0225;4.0;4.09;2500.0
2844948;A2PKFK;2026-04-14 09:25:29.6573;9577.6;5;['LS1', 'SC1', 'F', 'TG', 'BB1'];0.8;0.0034;233.6;234.4;9811.199999999999
1731216;A2PFTD;2026-04-14 09:25:29.6827;0.0;4;['LS1', 'F', 'SC1', 'BB1'];1.2;0.0071;168.4;169.6;0.0
1908631;A2PLW7;2026-04-14 09:25:29.7263;0.0;3;['LS1', 'F', 'BB1'];0.1;0.0068;14.8;14.9;0.0
2733917;A2PXT8;2026-04-14 09:25:29.7511;0.0;2;['LS1', 'F'];100.0;0.0085;11800.0;11900.0;0.0
2067340;A2PTSZ;2026-04-14 09:25:29.7770;0.0;3;['LS1', 'F', 'SC1'];0.03;0.0045;6.68;6.71;0.0
552585;A2P272;2026-04-14 09:25:29.9131;0.0;4;['LS1', 'SC1', 'F', 'BB1'];0.4;0.0023;171.6;172.0;0.0
296171;A2P3SQ;2026-04-14 09:25:30.0171;0.0;4;['F', 'LS1', 'BB1', 'SC1'];0.55;0.022;25.0;25.55;0.0
983222;A2P4UM;2026-04-14 09:25:30.1176;4804.8;5;['LS1', 'SC1', 'F', 'TG', 'BB1'];0.4;0.0027;145.6;146.0;4950.4
2232579;A2QQQU;2026-04-14 09:25:30.1849;0.0;1;['DE'];0.08;0.3077;0.26;0.34;0.0
1494595;A2QJP8;2026-04-14 09:25:30.2475;0.0;4;['LS1', 'F', 'SC1', 'BB1'];2.0;0.0054;372.0;374.0;0.0
721475;A3CUQD;2026-04-14 09:25:30.3792;8822.0;5;['LS1', 'F', 'TG', 'SC1', 'BB1'];2.0;0.0025;802.0;804.0;9624.0
834380;A3CNPN;2026-04-14 09:25:30.4665;0.0;2;['F', 'SC1'];0.6;0.0229;26.2;26.8;0.0
834376;A3CNHV;2026-04-14 09:25:30.5068;0.0;2;['F', 'SC1'];0.4;0.0101;39.6;40.0;0.0
1125794;A3CVT8;2026-04-14 09:25:30.7415;0.0;3;['TG', 'LS1', 'BB1'];0.08;0.0195;4.1;4.18;3881.3599999999997
2085368;A3C2JA;2026-04-14 09:25:30.8394;5849.28;5;['SC1', 'TG', 'LS1', 'F', 'BB1'];0.34;0.0251;13.54;13.88;5862.82
2440335;A3C20K;2026-04-14 09:25:30.9325;;3;['LS1', 'TG', 'F'];0.1;0.0034;29.01;29.11;3065.92
1777659;A3DHG1;2026-04-14 09:25:30.9828;4913.1;5;['LS1', 'F', 'TG', 'BB1', 'SC1'];0.12;0.0025;47.7;47.82;4960.8
150975;A3DRSU;2026-04-14 09:25:31.0956;0.0;3;['LS1', 'F', 'SC1'];0.4;0.0046;87.8;88.2;0.0
3034104;A3DHG2;2026-04-14 09:25:31.1964;0.0;3;['LS1', 'F', 'BB1'];0.4;0.0086;46.4;46.8;0.0
889458;A3DHHH;2026-04-14 09:25:31.2538;14834.699999999999;5;['LS1', 'F', 'TG', 'SC1', 'DE'];0.2;0.0021;93.3;93.5;14928.0
2089720;A3DLKE;2026-04-14 09:25:31.2984;4879.35;5;['LS1', 'SC1', 'F', 'TG', 'BB1'];0.1;0.0013;77.45;77.55;4950.4
967984;A3D2TK;2026-04-14 09:25:31.3418;20192.7;5;['TG', 'F', 'LS1', 'SC1', 'DE'];0.02;0.0003;63.38;63.4;20288.0
2202536;A3D8QG;2026-04-14 09:25:31.4423;0.0;2;['F', 'LS1'];2.3;0.105;21.9;24.2;0.0
1007477;A3ETYB;2026-04-14 09:25:31.4742;;4;['LS1', 'F', 'TG', 'SC1'];0.1;0.0014;73.4;73.5;14888.02
2646379;A3EFB5;2026-04-14 09:25:31.5578;0.0;2;['F', 'BB1'];0.009;0.0311;0.289;0.298;0.0
3005126;A3EEMF;2026-04-14 09:25:31.6261;0.0;4;['LS1', 'F', 'SC1', 'BB1'];0.8;0.0068;117.0;117.8;0.0
342483;A3D68K;2026-04-14 09:25:31.6939;9834.68;5;['LS1', 'F', 'SC1', 'TG', 'BB1'];0.08;0.0009;92.78;92.86;9927.460000000001
141490;A2QRHN;2026-04-14 09:25:31.7927;0.0;3;['LS1', 'F', 'BB1'];6.0;0.0133;450.0;456.0;0.0
1024792;A3D7AP;2026-04-14 09:25:31.8874;0.0;3;['LS1', 'F', 'BB1'];0.055;0.0611;0.9;0.955;0.0
2026770;A3EEVK;2026-04-14 09:25:31.9454;0.0;2;['LS1', 'F'];0.5;0.0095;52.5;53.0;0.0
3243767;A3EJMQ;2026-04-14 09:25:32.0039;;5;['LS1', 'F', 'TG', 'SC1', 'BB1'];0.26;0.014;18.54;18.8;4913.099999999999
3235155;A3EP76;2026-04-14 09:25:32.0414;0.0;4;['LS1', 'F', 'SC1', 'BB1'];0.68;0.0613;11.1;11.78;0.0
2188473;A3EJLR;2026-04-14 09:25:32.1341;0.0;3;['LS1', 'F', 'BB1'];2.5;0.0151;166.0;168.5;0.0
4580620;A3ETHU;2026-04-14 09:25:32.2347;0.0;0;[];0.6;0.1034;5.8;6.4;0.0
2171585;A3EYCJ;2026-04-14 09:25:32.2798;0.0;5;['TG', 'F', 'LS1', 'SC1', 'BB1'];0.9;0.0086;104.4;105.3;9918.0
183729;A407X6;2026-04-14 09:25:32.3104;0.0;3;['LS1', 'F', 'SC1'];1.0;0.0058;172.0;173.0;0.0
2908009;A40A93;2026-04-14 09:25:32.4148;0.0;4;['LS1', 'F', 'SC1', 'BB1'];2.0;0.0108;185.0;187.0;0.0
132729;A40VJN;2026-04-14 09:25:32.5739;3107.08;4;['F', 'LS1', 'TG', 'DE'];0.04;0.0058;6.92;6.96;3114.0
1066235;A4111M;2026-04-14 09:25:32.6691;;4;['TG', 'F', 'LS1', 'SC1'];0.13;0.0194;6.715;6.845;2900.88
200903;A41BKN;2026-04-14 09:25:32.7043;4849.3;5;['LS1', 'TG', 'F', 'SC1', 'BB1'];0.4;0.0059;68.3;68.7;4917.599999999999
4059087;A41BKT;2026-04-14 09:25:32.7775;10026.300000000001;5;['LS1', 'F', 'SC1', 'TG', 'BB1'];0.45;0.0051;87.95;88.4;10114.25
1010106;A414LY;2026-04-14 09:25:32.8296;10029.6;5;['TG', 'F', 'LS1', 'SC1', 'BB1'];0.02;0.0004;50.4;50.42;10080.0
1834492;A4176W;2026-04-14 09:25:32.8801;0.0;4;['SC1', 'LS1', 'F', 'BB1'];1.2;0.0094;127.8;129.0;0.0
2600961;A41J5Q;2026-04-14 09:25:32.9185;4960.8;5;['LS1', 'F', 'TG', 'BB1', 'SC1'];0.2;0.0064;31.2;31.4;4992.0
863661;A41NLS;2026-04-14 09:25:33.0067;0.0;3;['LS1', 'F', 'BB1'];0.6;0.015;40.0;40.6;0.0
136784;A41HBK;2026-04-14 09:25:33.0534;7839.0;5;['LS1', 'SC1', 'F', 'TG', 'BB1'];0.4;0.0068;58.6;59.0;7897.5
873416;A424UK;2026-04-14 09:25:33.1522;;4;['TG', 'LS1', 'F', 'SC1'];0.7978;0.0023;344.1908;344.9886;30977.172000000002
1429093;A0M4VZ;2026-04-14 09:25:33.3072;0.0;3;['F', 'BB1', 'LS1'];0.041;0.0429;0.955;0.996;0.0
167423;A0M4V5;2026-04-14 09:25:33.3524;7903.273;3;['TG', 'F', 'LS1'];0.045;0.0221;2.036;2.081;7905.3
647771;A0M4V7;2026-04-14 09:25:33.3975;0.0;1;['F'];0.024;0.0984;0.244;0.268;0.0
384004;A0M4WA;2026-04-14 09:25:33.5011;0.0;3;['F', 'LS1', 'TG'];0.0255;0.0662;0.3851;0.4106;6970.31
2076655;A0M4WD;2026-04-14 09:25:33.5982;0.0;2;['F', 'LS1'];0.05;0.2427;0.206;0.256;0.0
167424;A0M4WE;2026-04-14 09:25:33.6383;0.0;2;['LS1', 'F'];0.0105;0.5833;0.018;0.0285;0.0
167443;A0M4WJ;2026-04-14 09:25:33.6877;0.0;4;['F', 'LS1', 'TG', 'BB1'];0.1;0.0362;2.76;2.86;9494.4
167453;A0M4WP;2026-04-14 09:25:33.7867;0.0;3;['LS1', 'F', 'BB1'];0.075;0.0833;0.9;0.975;0.0
167454;A0M4WR;2026-04-14 09:25:33.8308;0.0;4;['TG', 'F', 'LS1', 'BB1'];0.0448;0.0525;0.853;0.8978;4733.12
167455;A0M4WT;2026-04-14 09:25:33.8699;8551.8048;3;['TG', 'F', 'LS1'];0.0204;0.0394;0.5174;0.5378;7618.8
112248;A0M4WU;2026-04-14 09:25:33.9064;5960.6449999999995;4;['TG', 'LS1', 'F', 'BB1'];0.005;0.0037;1.365;1.37;5962.0
167473;A0M4WV;2026-04-14 09:25:33.9970;0.0;1;['BB1'];0.017;0.1049;0.162;0.179;0.0
751040;A0M4WW;2026-04-14 09:25:34.0227;0.0;3;['TG', 'F', 'LS1'];0.092;0.0413;2.226;2.318;10684.8
167474;A0M4WX;2026-04-14 09:25:34.0804;0.0;3;['F', 'LS1', 'BB1'];0.06;0.0377;1.59;1.65;0.0
167475;A0M4WY;2026-04-14 09:25:34.1422;0.0;3;['LS1', 'F', 'TG'];0.0183;0.0493;0.371;0.3893;2893.8
167486;A0M4WZ;2026-04-14 09:25:34.2033;6575.452;3;['LS1', 'F', 'TG'];0.0012;0.0022;0.5488;0.55;6576.000000000001
167487;A0M4W0;2026-04-14 09:25:34.2511;7413.258599999999;3;['TG', 'F', 'LS1'];0.0098;0.0129;0.7616;0.7714;7413.999999999999
167488;A0M4W1;2026-04-14 09:25:34.3270;0.0;3;['F', 'LS1', 'BB1'];0.018;0.0429;0.42;0.438;0.0
167503;A0M4W2;2026-04-14 09:25:34.4328;0.0;4;['TG', 'BB1', 'F', 'LS1'];0.024;0.1224;0.196;0.22;6518.400000000001
167509;A0M4W6;2026-04-14 09:25:34.5846;0.0;2;['F', 'LS1'];0.031;0.3827;0.081;0.112;0.0
167519;A0M4W9;2026-04-14 09:25:34.6793;95204.098;5;['LS1', 'F', 'SC1', 'TG', 'BB1'];0.0;0.0;11.916;11.916;95216.0
167529;A0M4XB;2026-04-14 09:25:34.7060;0.0;3;['BB1', 'F', 'LS1'];0.028;0.2295;0.122;0.15;0.0
625087;A0M4XC;2026-04-14 09:25:34.7663;0.0;3;['F', 'LS1', 'BB1'];0.026;0.089;0.292;0.318;0.0
167531;A0M4XE;2026-04-14 09:25:34.8702;0.0;3;['TG', 'F', 'LS1'];0.0244;0.0546;0.4468;0.4712;9516.84
112249;A0M4XF;2026-04-14 09:25:34.9489;8797.9629;3;['LS1', 'F', 'TG'];0.0059;0.0065;0.912;0.9179;8798.87
790791;A0M4XG;2026-04-14 09:25:34.9891;9892.351;3;['LS1', 'F', 'TG'];0.025;0.0151;1.654;1.679;9894.0
167540;A0M4XH;2026-04-14 09:25:35.0353;0.0;4;['F', 'LS1', 'TG', 'BB1'];0.026;0.0653;0.398;0.424;7044.6
112250;A0M4XJ;2026-04-14 09:25:35.0778;7963.3994999999995;3;['LS1', 'TG', 'F'];0.049;0.0165;2.966;3.015;7966.349999999999
112533;A0M4XK;2026-04-14 09:25:35.1358;3891.402;3;['TG', 'LS1', 'F'];0.106;0.0197;5.37;5.476;3896.7400000000002
167567;A0M4XL;2026-04-14 09:25:35.1756;8581.875600000001;4;['TG', 'F', 'LS1', 'BB1'];0.018;0.0293;0.614;0.632;8582.480000000001
167591;A0M4XM;2026-04-14 09:25:35.2345;0.0;3;['BB1', 'F', 'LS1'];0.015;0.0152;0.985;1.0;0.0
757591;A0M4XN;2026-04-14 09:25:35.2768;8744.9431;3;['F', 'LS1', 'TG'];0.01;0.02;0.5;0.51;8745.44
112541;A0M4XP;2026-04-14 09:25:35.3164;12297.579000000002;3;['TG', 'F', 'LS1'];0.038;0.0077;4.921;4.959;4959.0
112547;A0M4XQ;2026-04-14 09:25:35.3637;4941.7725;4;['TG', 'F', 'LS1', 'BB1'];0.056;0.0281;1.992;2.048;4943.75
167592;A0M4XR;2026-04-14 09:25:35.4149;4842.8597;3;['TG', 'LS1', 'F'];0.011;0.0248;0.443;0.454;4843.3
167593;A0M4XT;2026-04-14 09:25:35.4498;0.0;3;['F', 'LS1', 'BB1'];0.003;0.0246;0.122;0.125;0.0
895408;A0M4XV;2026-04-14 09:25:35.5399;0.0;2;['F', 'LS1'];0.019;0.2289;0.083;0.102;0.0
167642;A0M4XW;2026-04-14 09:25:35.6529;0.0;4;['F', 'LS1', 'TG', 'BB1'];0.014;0.0534;0.262;0.276;2855.8
167653;A0M4XX;2026-04-14 09:25:35.6930;0.0;4;['LS1', 'F', 'TG', 'BB1'];0.101;0.0238;4.247;4.348;8872.5
167986;A0M4XZ;2026-04-14 09:25:35.8630;0.0;3;['F', 'LS1', 'BB1'];0.04;0.0447;0.895;0.935;0.0
167987;A0M4X0;2026-04-14 09:25:35.9623;10818.817799999999;3;['TG', 'F', 'LS1'];0.0226;0.0154;1.467;1.4896;10820.279999999999
167989;A0M4X2;2026-04-14 09:25:36.0242;0.0;3;['F', 'LS1', 'BB1'];0.036;0.0161;2.24;2.276;0.0
167990;A0M4X4;2026-04-14 09:25:36.1300;0.0;3;['F', 'LS1', 'BB1'];0.032;0.1404;0.228;0.26;0.0
332249;A0M4X5;2026-04-14 09:25:36.2313;0.0;2;['F', 'LS1'];0.08;0.0447;1.79;1.87;0.0
232202;A0M4X7;2026-04-14 09:25:36.3297;0.0;1;['LS1'];0.07;0.1053;0.665;0.735;0.0
625089;A0M4X8;2026-04-14 09:25:36.3592;0.0;3;['F', 'LS1', 'BB1'];0.04;0.0182;2.2;2.24;0.0
168007;A0M4X9;2026-04-14 09:25:36.4557;0.0;4;['TG', 'F', 'LS1', 'BB1'];0.034;0.0821;0.414;0.448;5547.599999999999
764728;A0M4YB;2026-04-14 09:25:36.5178;8838.5945;2;['TG', 'LS1'];0.0099;0.013;0.759;0.7689;8839.349999999999
112553;A0M4YE;2026-04-14 09:25:36.6345;4907.507;4;['TG', 'LS1', 'F', 'BB1'];0.061;0.0148;4.108;4.169;4911.6
168010;A0M4YL;2026-04-14 09:25:36.7990;0.0;3;['F', 'LS1', 'BB1'];0.02;0.0709;0.282;0.302;0.0
757592;A0M4YQ;2026-04-14 09:25:36.8431;8868.033;3;['TG', 'LS1', 'F'];0.018;0.0154;1.171;1.189;8869.2
168240;A0M4YR;2026-04-14 09:25:36.8697;10217.184;4;['TG', 'SC1', 'F', 'LS1'];0.026;0.0038;6.834;6.86;10224.0
168241;A0M4YS;2026-04-14 09:25:36.9396;2903.2234;3;['F', 'TG', 'LS1'];0.0032;0.0274;0.1166;0.1198;2903.3399999999997
1989478;A0M4YV;2026-04-14 09:25:37.0206;0.0;3;['F', 'LS1', 'BB1'];0.065;0.0985;0.66;0.725;0.0
168242;A0M4YX;2026-04-14 09:25:37.1116;0.0;3;['TG', 'LS1', 'F'];0.0165;0.0398;0.4144;0.4309;4351.2
170599;A0M4Y1;2026-04-14 09:25:37.2238;0.0;3;['BB1', 'F', 'LS1'];0.035;0.0446;0.785;0.82;0.0
170607;A0M4Y3;2026-04-14 09:25:37.3314;0.0;2;['F', 'LS1'];0.03;0.0504;0.595;0.625;0.0
100061;A0M4Y4;2026-04-14 09:25:37.4510;0.0;2;['F', 'LS1'];0.06;0.0545;1.1;1.16;0.0
170615;A0M4Y5;2026-04-14 09:25:37.5318;0.0;3;['F', 'TG', 'LS1'];0.0081;0.0599;0.1352;0.1433;7084.48
170624;A0M4Y7;2026-04-14 09:25:37.6644;0.0;3;['LS1', 'BB1', 'F'];0.025;0.0472;0.53;0.555;0.0
170632;A0M4Y8;2026-04-14 09:25:37.7653;0.0;3;['F', 'LS1', 'BB1'];0.006;0.013;0.46;0.466;0.0
170644;A0M4ZA;2026-04-14 09:25:37.8665;0.0;4;['TG', 'F', 'LS1', 'BB1'];0.04;0.0381;1.05;1.09;8715.0
170656;A0M4ZB;2026-04-14 09:25:37.9936;11004.494999999999;3;['TG', 'F', 'LS1'];0.095;0.0173;5.505;5.6;4480.0
170658;A0M4ZC;2026-04-14 09:25:38.0519;15903.342;4;['F', 'LS1', 'SC1', 'TG'];0.029;0.0084;3.469;3.498;15906.800000000001
170668;A0M4ZG;2026-04-14 09:25:38.0951;7370.3815;3;['F', 'TG', 'LS1'];0.042;0.0266;1.577;1.619;7371.95
625099;A0M4ZH;2026-04-14 09:25:38.1655;0.0;4;['TG', 'F', 'LS1', 'BB1'];0.08;0.0226;3.54;3.62;10974.0
170674;A0M4ZJ;2026-04-14 09:25:38.2660;0.0;3;['F', 'LS1', 'BB1'];0.015;0.018;0.835;0.85;0.0
170681;A0M4ZN;2026-04-14 09:25:38.3341;0.0;3;['BB1', 'F', 'LS1'];0.18;0.0448;4.02;4.2;0.0
170687;A0M4ZP;2026-04-14 09:25:38.4455;9782.425000000001;3;['F', 'TG', 'LS1'];0.05;0.0193;2.584;2.634;9785.0
170688;A0M4ZR;2026-04-14 09:25:38.4897;19600.899;3;['TG', 'F', 'LS1'];0.0505;0.0125;4.034;4.0845;19604.9
1409388;A0M4ZS;2026-04-14 09:25:38.5213;0.0;3;['F', 'LS1', 'BB1'];0.034;0.0079;4.318;4.352;0.0
112560;A0M4ZT;2026-04-14 09:25:38.6302;0.0;4;['TG', 'F', 'LS1', 'BB1'];0.05;0.0347;1.44;1.49;4260.0
748056;A0M4ZU;2026-04-14 09:25:38.6668;0.0;3;['F', 'TG', 'LS1'];0.0137;0.1147;0.1194;0.1331;3593.94
170704;A0M4ZW;2026-04-14 09:25:38.7051;0.0;3;['F', 'LS1', 'TG'];0.0045;0.1087;0.0414;0.0459;6746.96
1377459;A0M4ZY;2026-04-14 09:25:38.7990;8038.404;3;['TG', 'F', 'LS1'];0.048;0.1212;0.396;0.444;8038.8
170705;A0M4ZZ;2026-04-14 09:25:38.9044;0.0;3;['F', 'TG', 'LS1'];0.0965;0.0623;1.549;1.6455;8519.5
170711;A0M4Z0;2026-04-14 09:25:38.9346;0.0;4;['TG', 'LS1', 'F', 'BB1'];0.05;0.0294;1.7;1.75;8840.0
170715;A0M276;2026-04-14 09:25:38.9783;0.0;3;['F', 'LS1', 'TG'];0.0344;0.0527;0.653;0.6874;7183.0
170717;A0M236;2026-04-14 09:25:39.0209;0.0;3;['F', 'LS1', 'BB1'];0.026;0.1066;0.244;0.27;0.0
170718;A0M8JF;2026-04-14 09:25:39.0651;8392.7961;3;['F', 'LS1', 'TG'];0.027;0.0631;0.428;0.455;8393.22
172335;A0Q272;2026-04-14 09:25:39.2499;0.0;1;['F'];0.16;0.0602;2.66;2.82;0.0
327438;A0NHPX;2026-04-14 09:25:39.3110;0.0;4;['LS1', 'F', 'TG', 'BB1'];0.08;0.022;3.64;3.72;10920.0
1968324;A0Q34C;2026-04-14 09:25:39.3949;0.0;1;['F'];0.041;0.3981;0.103;0.144;0.0
254254;A0X91F;2026-04-14 09:25:39.5414;0.0;3;['F', 'LS1', 'BB1'];0.02;0.2564;0.078;0.098;0.0
559072;A0YA9C;2026-04-14 09:25:39.5913;0.0;3;['TG', 'F', 'LS1'];0.022;0.1341;0.164;0.186;2656.8
553120;A0N99U;2026-04-14 09:25:39.6291;9861.808;3;['TG', 'LS1', 'F'];0.027;0.0123;2.197;2.224;9859.5
440153;A0YFUR;2026-04-14 09:25:39.6896;4717.326;3;['TG', 'LS1', 'F'];0.0396;0.0586;0.676;0.7156;4718.0
182684;A0YE04;2026-04-14 09:25:39.8263;0.0;3;['F', 'LS1', 'BB1'];0.018;0.0469;0.384;0.402;0.0
264354;A1C0QD;2026-04-14 09:25:39.9182;11740.4415;4;['LS1', 'TG', 'F', 'BB1'];0.019;0.0117;1.6225;1.6415;11742.050000000001
1017934;A1C2W3;2026-04-14 09:25:39.9620;0.0;2;['F', 'LS1'];0.0111;0.033;0.3365;0.3476;0.0
890785;A1C024;2026-04-14 09:25:40.0481;18810.1932;3;['TG', 'F', 'LS1'];0.021;0.0339;0.619;0.64;18810.8
1893883;A1C6F8;2026-04-14 09:25:40.1510;6969.204000000001;3;['TG', 'BB1', 'F'];0.022;0.055;0.4;0.422;6969.6
1009870;A1H417;2026-04-14 09:25:40.2396;0.0;3;['F', 'LS1', 'BB1'];0.04;0.0526;0.76;0.8;0.0
600799;A1C4U1;2026-04-14 09:25:40.2834;0.0;3;['F', 'LS1', 'BB1'];0.025;0.1667;0.15;0.175;0.0
781309;A1H39A;2026-04-14 09:25:40.3138;0.0;4;['TG', 'F', 'LS1', 'BB1'];0.04;0.042;0.9534;0.9934;4862.34
894444;A1JAWQ;2026-04-14 09:25:40.4117;0.0;4;['BB1', 'F', 'TG', 'LS1'];0.04;0.032;1.25;1.29;4875.0
353587;A1JLVC;2026-04-14 09:25:40.4690;0.0;3;['TG', 'F', 'BB1'];0.08;0.028;2.86;2.94;10868.0
430790;A1JQV6;2026-04-14 09:25:40.5067;0.0;2;['TG', 'BB1'];0.1;0.0194;5.15;5.25;11845.0
1096554;A1J026;2026-04-14 09:25:40.5897;0.0;3;['F', 'TG', 'LS1'];0.002;0.0069;0.29;0.292;1848.0000000000002
1479077;A1J68D;2026-04-14 09:25:40.6326;0.0;3;['TG', 'LS1', 'F'];0.081;0.0384;2.109;2.19;11522.500000000002
1079377;A1J830;2026-04-14 09:25:40.7337;0.0;2;['F', 'LS1'];0.03;0.0513;0.585;0.615;0.0
831871;A1T97S;2026-04-14 09:25:40.8231;0.0;2;['F', 'LS1'];0.035;0.0376;0.93;0.965;0.0
867988;A1T97T;2026-04-14 09:25:40.9074;0.0;3;['TG', 'F', 'LS1'];0.0412;0.0602;0.6842;0.7254;9441.960000000001
365903;A1W7B1;2026-04-14 09:25:40.9507;0.0;1;['BB1'];0.03;0.0347;0.865;0.895;0.0
885982;A1W929;2026-04-14 09:25:41.0036;0.0;3;['F', 'TG', 'LS1'];0.011;0.094;0.117;0.128;4462.0
677898;A1XA6F;2026-04-14 09:25:41.1096;0.0;2;['F', 'LS1'];0.016;0.0485;0.33;0.346;0.0
588110;A115GL;2026-04-14 09:25:41.2551;0.0;3;['F', 'LS1', 'BB1'];0.07;0.0892;0.785;0.855;0.0
1469385;A1163C;2026-04-14 09:25:41.2937;0.0;2;['F', 'LS1'];0.034;0.109;0.312;0.346;0.0
1832203;A12GNY;2026-04-14 09:25:41.5279;3289.8355;3;['TG', 'F', 'LS1'];0.0054;0.0328;0.1645;0.1699;3288.0
763564;A14QXT;2026-04-14 09:25:41.5860;0.0;3;['F', 'TG', 'LS1'];0.07;0.0409;1.71;1.78;10602.0
874562;A14QXM;2026-04-14 09:25:41.6274;0.0;3;['TG', 'F', 'LS1'];0.4;0.0602;6.65;7.05;8645.0
307431;A14SA6;2026-04-14 09:25:41.7317;0.0;2;['F', 'LS1'];0.12;0.0513;2.34;2.46;0.0
1181215;A14TPY;2026-04-14 09:25:41.8281;0.0;3;['F', 'TG', 'LS1'];0.06;0.0353;1.7;1.76;10710.0
1588774;A14VYE;2026-04-14 09:25:41.8531;0.0;2;['F', 'LS1'];0.009;0.0662;0.136;0.145;0.0
1504410;A14VAD;2026-04-14 09:25:41.9134;0.0;4;['LS1', 'F', 'BB1', 'TG'];0.025;0.0258;0.97;0.995;12641.5
708790;A142F0;2026-04-14 09:25:41.9577;0.0;3;['TG', 'F', 'LS1'];0.0205;0.1475;0.139;0.1595;5221.450000000001
612351;A14213;2026-04-14 09:25:42.0097;0.0;4;['TG', 'F', 'LS1', 'BB1'];0.04;0.0194;2.06;2.1;8858.0
717216;A142P8;2026-04-14 09:25:42.0496;0.0;2;['F', 'TG'];0.016;0.2254;0.071;0.087;4549.5
131586;A144CV;2026-04-14 09:25:42.0765;0.0;4;['F', 'LS1', 'TG', 'BB1'];0.03;0.0294;1.02;1.05;8772.0
1119451;A143U0;2026-04-14 09:25:42.1333;0.0;2;['F', 'LS1'];0.11;0.1196;0.92;1.03;0.0
662758;A144FV;2026-04-14 09:25:42.1652;0.0;3;['TG', 'F', 'LS1'];0.024;0.0517;0.464;0.488;7145.6
1373150;A2AF8R;2026-04-14 09:25:42.2652;0.0;2;['F', 'LS1'];0.028;0.1102;0.254;0.282;0.0
1272194;A2AGAR;2026-04-14 09:25:42.3205;0.0;3;['F', 'LS1', 'TG'];0.012;0.0469;0.256;0.268;2867.2000000000003
1591687;A2AMZX;2026-04-14 09:25:42.3658;0.0;2;['F', 'LS1'];0.011;0.0692;0.159;0.17;0.0
654185;A2AJJ8;2026-04-14 09:25:42.4568;0.0;2;['F', 'LS1'];0.02;0.031;0.645;0.665;0.0
853010;A2AQCT;2026-04-14 09:25:42.5516;0.0;3;['TG', 'F', 'LS1'];0.05;0.0592;0.845;0.895;8534.5
577255;A2ARY5;2026-04-14 09:25:42.6345;0.0;3;['TG', 'LS1', 'F'];0.0268;0.0505;0.5304;0.5572;9242.94
1336576;A2ASW8;2026-04-14 09:25:42.7231;0.0;2;['F', 'LS1'];0.1;0.0685;1.46;1.56;0.0
1900592;A2DHWZ;2026-04-14 09:25:42.8102;0.0;2;['F', 'LS1'];0.09;0.0769;1.17;1.26;0.0
1935675;A2DPT0;2026-04-14 09:25:42.8355;0.0;3;['LS1', 'F', 'BB1'];0.07;0.0461;1.52;1.59;0.0
1624649;A2DXZ6;2026-04-14 09:25:42.8937;0.0;3;['TG', 'F', 'LS1'];0.0796;0.059;1.35;1.4296;12184.9
1095231;A2JM2W;2026-04-14 09:25:42.9237;5094.18;4;['F', 'TG', 'LS1', 'DE'];0.0076;0.0042;1.8224;1.83;5096.0
298855;A2JQPP;2026-04-14 09:25:43.0316;0.0;2;['F', 'LS1'];0.012;0.0513;0.234;0.246;0.0
1220110;A2N6UN;2026-04-14 09:25:43.0753;8010.09;3;['TG', 'LS1', 'F'];0.064;0.0072;8.915;8.979;4007.2499999999995
883599;A2N6V5;2026-04-14 09:25:43.1211;0.0;4;['TG', 'LS1', 'F', 'BB1'];0.1035;0.0287;3.607;3.7105;10755.0
120612;A2PGFW;2026-04-14 09:25:43.1715;0.0;4;['F', 'TG', 'LS1', 'BB1'];0.06;0.0166;3.62;3.68;4923.2
3194997;A2PAJG;2026-04-14 09:25:43.2194;0.0;3;['F', 'TG', 'LS1'];0.276;0.0198;13.944;14.22;9697.8
580766;A2PV00;2026-04-14 09:25:43.3292;0.0;4;['TG', 'F', 'LS1', 'BB1'];0.08;0.0351;2.28;2.36;9492.0
1413889;A2P728;2026-04-14 09:25:43.4313;0.0;1;['F'];0.014;0.1677;0.0835;0.0975;0.0
1877845;A2QB2T;2026-04-14 09:25:43.4779;0.0;3;['TG', 'F', 'LS1'];0.102;0.0202;5.038;5.14;12091.2
1958155;A2QGM4;2026-04-14 09:25:43.5259;17335.934999999998;4;['TG', 'LS1', 'F', 'BB1'];0.375;0.0323;11.615;11.99;17347.5
2478913;A2QHT7;2026-04-14 09:25:43.6241;19303.081;3;['TG', 'LS1', 'BB1'];0.058;0.026;2.23;2.288;19305.3
2187934;A3CS7H;2026-04-14 09:25:43.7003;0.0;3;['F', 'BB1', 'TG'];0.2;0.082;2.44;2.64;10164.0
2662984;A3C3GJ;2026-04-14 09:25:43.8008;0.0;1;['TG'];0.02;0.0568;0.352;0.372;7110.4
2300848;A3C8W4;2026-04-14 09:25:43.8436;0.0;3;['F', 'LS1', 'TG'];0.4;0.0374;10.7;11.1;12519.0
100496;A3DCLB;2026-04-14 09:25:43.8896;0.0;2;['TG', 'BB1'];0.06;0.0268;2.24;2.3;6048.000000000001
1678145;A3DQVD;2026-04-14 09:25:44.0007;0.0;3;['TG', 'F', 'LS1'];0.098;0.016;6.11;6.208;5166.3
2816867;A4009U;2026-04-14 09:25:44.0864;;3;['TG', 'LS1', 'F'];0.078;0.0067;11.57;11.648;3040.1279999999997
3484936;A40NY5;2026-04-14 09:25:44.1898;0.0;3;['LS1', 'F', 'BB1'];0.15;0.0164;9.165;9.315;0.0
4346669;A3E4ZN;2026-04-14 09:25:44.2319;0.0;4;['TG', 'LS1', 'F', 'BB1'];0.03;0.0256;1.17;1.2;4914.0
553252;A418NB;2026-04-14 09:25:44.2820;28332.99;4;['LS1', 'SC1', 'F', 'TG'];0.34;0.0048;71.06;71.4;5599.620000000001
3389609;A41984;2026-04-14 09:25:44.3114;0.0;4;['LS1', 'F', 'BB1', 'TG'];0.2;0.0284;7.05;7.25;14100.0
412655;A41K7X;2026-04-14 09:25:44.4064;0.0;3;['TG', 'LS1', 'F'];0.1;0.0289;3.46;3.56;19332.8
200430;887834;2026-04-14 09:25:44.4889;0.0;3;['LS1', 'F', 'BB1'];19.0;0.0239;794.0;813.0;0.0
349840;A0YHL9;2026-04-14 09:25:44.5426;0.0;2;['F', 'LS1'];0.018;0.0233;0.773;0.791;0.0
800476;A1JB7E;2026-04-14 09:25:44.6244;0.0;2;['LS1', 'F'];0.01;0.0615;0.1625;0.1725;0.0
470076;A142QE;2026-04-14 09:25:44.7345;5450.9;4;['LS1', 'F', 'TG', 'BB1'];0.05;0.0055;9.1;9.15;5460.0
2161872;A3D38W;2026-04-14 09:25:44.7830;5019.3;4;['SC1', 'F', 'TG', 'LS1'];0.18;0.0061;29.73;29.91;5043.900000000001
1529883;A3E2ZV;2026-04-14 09:25:44.8248;8117.400000000001;5;['LS1', 'SC1', 'TG', 'F', 'BB1'];0.2;0.0061;32.64;32.84;8150.0
104019;887832;2026-04-14 09:25:44.8835;0.0;3;['SC1', 'F', 'LS1'];0.32;0.0066;48.52;48.84;0.0
104024;888040;2026-04-14 09:25:45.0154;0.0;3;['F', 'LS1', 'BB1'];0.58;0.0122;47.66;48.24;0.0
490697;A2AHZ4;2026-04-14 09:25:45.0473;0.0;3;['F', 'LS1', 'BB1'];0.095;0.0117;8.12;8.215;0.0
335158;A143XZ;2026-04-14 09:25:45.1663;0.0;3;['LS1', 'F', 'BB1'];0.04;0.0021;19.3;19.34;0.0
989037;A2QDWT;2026-04-14 09:25:45.2208;0.0;3;['LS1', 'F', 'BB1'];0.95;0.0235;40.5;41.45;0.0
528519;121806;2026-04-14 09:25:45.2569;3655.7000000000003;5;['TG', 'LS1', 'F', 'DE', 'BB1'];0.1;0.0072;13.9;14.0;1400.0
102241;126215;2026-04-14 09:25:45.3301;2182.1800000000003;5;['TG', 'F', 'LS1', 'DE', 'BB1'];0.12;0.0659;1.82;1.94;2184.0
1347650;164456;2026-04-14 09:25:45.3639;1067.84;2;['TG', 'LS1'];0.06;0.0158;3.8;3.86;1071.6
2688411;500974;2026-04-14 09:25:45.4536;0.0;1;['TG'];0.0025;0.2083;0.012;0.0145;26.999999999999996
101936;501900;2026-04-14 09:25:45.5385;0.0;1;['BB1'];0.0;0.0;32.4;0.0;0.0
101937;501903;2026-04-14 09:25:45.5797;975.0;1;['TG'];2.0;0.08;25.0;27.0;1000.0
101987;508810;2026-04-14 09:25:45.7282;6149.16;4;['TG', 'F', 'LS1', 'DE'];0.14;0.0205;6.84;6.98;6156.0
101990;508903;2026-04-14 09:25:45.7576;7148.400000000001;6;['LS1', 'F', 'TG', 'DE', 'SC1', 'BB1'];0.0;0.0;27.66;27.66;7176.0
101993;509310;2026-04-14 09:25:45.7912;5664.75;6;['F', 'TG', 'LS1', 'SC1', 'DE', 'BB1'];0.25;0.011;22.75;23.0;5687.5
101998;510200;2026-04-14 09:25:45.8262;4694.3;6;['TG', 'LS1', 'F', 'SC1', 'DE', 'BB1'];0.12;0.0076;15.7;15.82;4710.0
101999;510300;2026-04-14 09:25:45.8549;7922.3;6;['SC1', 'F', 'TG', 'LS1', 'DE', 'BB1'];0.2;0.0088;22.7;22.9;7945.0
102001;510440;2026-04-14 09:25:45.9193;5988.2;6;['TG', 'LS1', 'DE', 'F', 'SC1', 'BB1'];0.2;0.0026;75.9;76.1;5327.0
102003;510480;2026-04-14 09:25:45.9416;2468.7000000000003;5;['F', 'TG', 'LS1', 'DE', 'BB1'];0.03;0.0231;1.3;1.33;2470.0
102005;511000;2026-04-14 09:25:45.9961;4948.400000000001;5;['F', 'TG', 'LS1', 'DE', 'BB1'];0.4;0.0112;35.6;36.0;4984.0
102006;511880;2026-04-14 09:25:46.0274;1101.0600000000002;5;['TG', 'F', 'LS1', 'DE', 'BB1'];0.06;0.1111;0.54;0.6;1101.6000000000001
104832;512080;2026-04-14 09:25:46.0606;2426.58;5;['TG', 'F', 'LS1', 'DE', 'BB1'];0.1;0.0222;4.5;4.6;2431.0
102015;514000;2026-04-14 09:25:46.0937;;6;['TG', 'F', 'LS1', 'SC1', 'DE', 'BB1'];0.0;0.0;27.905;27.905;41850.0
460763;514680;2026-04-14 09:25:46.1199;2467.4;5;['F', 'TG', 'LS1', 'DE', 'BB1'];0.04;0.0154;2.6;2.64;2470.0
102028;515600;2026-04-14 09:25:46.1429;0.0;3;['TG', 'F', 'LS1'];0.0026;0.1161;0.0224;0.025;125.0
102029;515623;2026-04-14 09:25:46.1742;1266.7;5;['F', 'TG', 'LS1', 'DE', 'BB1'];0.14;0.0263;5.32;5.46;1272.0
102030;515710;2026-04-14 09:25:46.1995;3591.0;5;['TG', 'LS1', 'F', 'DE', 'BB1'];0.18;0.02;9.0;9.18;3600.0
102032;515870;2026-04-14 09:25:46.2255;18053.86;6;['SC1', 'TG', 'LS1', 'DE', 'F', 'BB1'];0.0;0.0;30.16;30.16;15060.0
102036;516790;2026-04-14 09:25:46.2483;2956.98;5;['F', 'TG', 'LS1', 'DE', 'BB1'];0.035;0.0341;1.025;1.06;2226.0
102040;517690;2026-04-14 09:25:46.2825;2514.9;5;['F', 'TG', 'LS1', 'DE', 'BB1'];0.2;0.0198;10.1;10.3;2525.0
102041;517800;2026-04-14 09:25:46.3059;2553.16;5;['TG', 'LS1', 'F', 'DE', 'BB1'];0.14;0.0491;2.85;2.99;2556.0
102046;519000;2026-04-14 09:25:46.3361;;6;['F', 'LS1', 'SC1', 'TG', 'DE', 'BB1'];0.0;0.0;84.78;84.78;21200.0
102047;519003;2026-04-14 09:25:46.3716;;6;['F', 'LS1', 'TG', 'SC1', 'DE', 'BB1'];0.05;0.0006;84.55;84.6;16900.0
102049;519400;2026-04-14 09:25:46.3940;2890.7999999999997;5;['F', 'LS1', 'TG', 'DE', 'BB1'];0.8;0.0606;13.2;14.0;2904.0
102050;519406;2026-04-14 09:25:46.4188;3554.94;6;['F', 'TG', 'LS1', 'SC1', 'DE', 'BB1'];0.03;0.011;2.725;2.755;3557.625
102053;519990;2026-04-14 09:25:46.4402;1032.5;5;['F', 'LS1', 'TG', 'DE', 'BB1'];0.5;0.0286;17.5;18.0;1050.0
102054;520000;2026-04-14 09:25:46.4657;;6;['TG', 'LS1', 'SC1', 'F', 'DE', 'BB1'];0.0;0.0;75.18;75.18;22542.0
1692602;520160;2026-04-14 09:25:46.4899;5141.570000000001;5;['TG', 'LS1', 'DE', 'F', 'BB1'];0.06;0.0174;3.44;3.5;5145.0
453439;520230;2026-04-14 09:25:46.5139;0.0;5;['F', 'LS1', 'TG', 'DE', 'BB1'];0.2;0.0625;3.2;3.4;1224.0
747933;520394;2026-04-14 09:25:46.5569;2817.65;5;['TG', 'LS1', 'F', 'DE', 'BB1'];0.01;0.0043;2.35;2.36;2820.0
408958;520958;2026-04-14 09:25:46.6292;2409.99;5;['TG', 'F', 'LS1', 'DE', 'BB1'];0.06;0.0297;2.02;2.08;2411.9999999999995
102068;521450;2026-04-14 09:25:46.6822;0.0;1;['F'];0.07;0.5385;0.13;0.2;0.0
453438;521690;2026-04-14 09:25:46.7115;;4;['LS1', 'BB1', 'F', 'TG'];4.0;0.0465;86.0;90.0;9000.0
738168;521830;2026-04-14 09:25:46.7455;1200.165;5;['F', 'LS1', 'TG', 'DE', 'BB1'];0.03;0.0225;1.335;1.365;1201.5
102070;522000;2026-04-14 09:25:46.7714;3574.8;5;['F', 'TG', 'LS1', 'DE', 'BB1'];0.4;0.006;66.2;66.6;3641.0
102072;522130;2026-04-14 09:25:46.8088;0.0;3;['F', 'LS1', 'BB1'];0.5;0.0069;72.5;73.0;0.0
102085;522877;2026-04-14 09:25:46.8685;1147.2;5;['F', 'TG', 'LS1', 'DE', 'BB1'];0.2;0.0417;4.8;5.0;1152.0
102086;522950;2026-04-14 09:25:46.9156;5676.3;5;['F', 'TG', 'LS1', 'DE', 'BB1'];0.1;0.0021;47.8;47.9;5724.0
102089;523280;2026-04-14 09:25:46.9621;3477.4500000000003;5;['F', 'TG', 'LS1', 'DE', 'BB1'];0.14;0.0096;14.56;14.7;3492.0
804966;526160;2026-04-14 09:25:47.0870;0.0;1;['LS1'];0.8;0.0784;10.2;11.0;0.0
102114;527550;2026-04-14 09:25:47.1307;0.0;1;['F'];0.38;0.4368;0.87;1.25;0.0
649099;529720;2026-04-14 09:25:47.2386;0.0;4;['F', 'TG', 'LS1', 'BB1'];-0.2;-0.0079;25.4;25.2;1270.0
102131;531350;2026-04-14 09:25:47.2662;5386.25;6;['TG', 'LS1', 'SC1', 'DE', 'F', 'BB1'];0.2;0.0052;38.75;38.95;5425.0
102132;531370;2026-04-14 09:25:47.2931;7905.56;6;['TG', 'F', 'LS1', 'DE', 'SC1', 'BB1'];0.04;0.0015;26.46;26.5;7932.0
102143;540390;2026-04-14 09:25:47.3235;11102.699999999999;6;['SC1', 'TG', 'F', 'LS1', 'DE', 'BB1'];0.1;0.0011;93.4;93.5;5616.0
1488917;540510;2026-04-14 09:25:47.3544;1764.0;4;['TG', 'F', 'LS1', 'BB1'];0.15;0.0205;7.3;7.45;1200.0
102145;540710;2026-04-14 09:25:47.3892;4277.2;5;['F', 'TG', 'LS1', 'DE', 'BB1'];0.1;0.0147;6.8;6.9;4284.0
102146;540740;2026-04-14 09:25:47.4369;6160.179999999999;5;['F', 'TG', 'LS1', 'DE', 'BB1'];0.1;0.009;11.05;11.15;6171.2
211899;540868;2026-04-14 09:25:47.4640;6357.400000000001;5;['F', 'LS1', 'TG', 'DE', 'BB1'];0.3;0.0112;26.7;27.0;6384.0
102164;541910;2026-04-14 09:25:47.5273;6959.599999999999;6;['TG', 'LS1', 'F', 'DE', 'SC1', 'BB1'];0.05;0.002;25.4;25.45;6985.0
102179;543900;2026-04-14 09:25:47.5536;;6;['SC1', 'TG', 'LS1', 'F', 'DE', 'BB1'];0.0;0.0;65.24;65.24;15662.400000000001
102192;547030;2026-04-14 09:25:47.5797;10755.949999999999;6;['TG', 'F', 'LS1', 'SC1', 'DE', 'BB1'];0.0;0.0;54.1;54.1;10810.0
251270;547040;2026-04-14 09:25:47.6087;11902.66;6;['LS1', 'TG', 'F', 'DE', 'SC1', 'BB1'];0.0;0.0;18.35;18.35;10098.0
102206;548956;2026-04-14 09:25:47.7019;1132.95;5;['F', 'TG', 'LS1', 'DE', 'BB1'];0.015;0.0142;1.06;1.075;1134.0
102213;549293;2026-04-14 09:25:47.7272;3448.65;5;['F', 'TG', 'LS1', 'DE', 'BB1'];0.2;0.0144;13.85;14.05;3462.5
102214;549309;2026-04-14 09:25:47.7916;5905.889999999999;6;['LS1', 'F', 'SC1', 'TG', 'DE', 'BB1'];0.02;0.0064;3.115;3.135;5909.0
759162;549336;2026-04-14 09:25:47.8302;5506.2;6;['F', 'TG', 'LS1', 'SC1', 'DE', 'BB1'];0.65;0.0081;79.8;80.45;4029.9999999999995
102222;549562;2026-04-14 09:25:47.8544;0.0;4;['TG', 'LS1', 'DE', 'BB1'];0.08;0.0294;2.72;2.8;1125.6000000000001
102223;549890;2026-04-14 09:25:47.8828;2613.6;5;['F', 'LS1', 'TG', 'DE', 'BB1'];0.4;0.0152;26.4;26.8;2640.0
102245;553340;2026-04-14 09:25:47.9176;0.0;4;['F', 'LS1', 'DE', 'BB1'];0.3;0.0566;5.3;5.6;0.0
102252;554550;2026-04-14 09:25:48.0652;13176.0;6;['TG', 'LS1', 'SC1', 'F', 'DE', 'BB1'];0.05;0.0021;24.05;24.1;8435.0
866693;555060;2026-04-14 09:25:48.1004;4812.8;5;['TG', 'LS1', 'F', 'DE', 'BB1'];1.2;0.016;75.2;76.4;4888.0
102254;555063;2026-04-14 09:25:48.1411;5628.6;6;['LS1', 'F', 'SC1', 'TG', 'DE', 'BB1'];0.3;0.0031;95.5;95.8;5724.0
102255;555200;2026-04-14 09:25:48.1817;;6;['TG', 'LS1', 'F', 'DE', 'BB1', 'SC1'];0.0;0.0;48.66;48.66;53525.99999999999
102264;555750;2026-04-14 09:25:48.2278;;6;['SC1', 'TG', 'LS1', 'DE', 'F', 'BB1'];0.0;0.0;29.2;29.2;61320.0
102266;555869;2026-04-14 09:25:48.2645;2343.3250000000003;5;['TG', 'F', 'LS1', 'DE', 'BB1'];0.09;0.0529;1.7;1.79;2340.0
102274;556520;2026-04-14 09:25:48.3138;8598.45;6;['SC1', 'F', 'LS1', 'TG', 'DE', 'BB1'];0.0;0.0;21.6;21.6;8620.0
1133762;557080;2026-04-14 09:25:48.3481;6156.150000000001;5;['F', 'TG', 'DE', 'LS1', 'BB1'];0.06;0.0155;3.86;3.92;3920.0
102277;558000;2026-04-14 09:25:48.3914;2879.25;5;['TG', 'F', 'DE', 'LS1', 'BB1'];0.2;0.0242;8.25;8.45;2887.5
2954151;564793;2026-04-14 09:25:48.5524;0.0;1;['F'];2.2;0.0679;32.4;34.6;0.0
102308;564950;2026-04-14 09:25:48.6164;3114.8;5;['F', 'TG', 'LS1', 'DE', 'BB1'];0.05;0.0096;5.2;5.25;3120.0
102312;565360;2026-04-14 09:25:48.6396;0.0;3;['F', 'LS1', 'DE'];0.22;0.0687;3.2;3.42;0.0
102315;565800;2026-04-14 09:25:48.7351;0.0;2;['BB1', 'F'];0.8;0.0523;15.3;16.1;0.0
102316;565970;2026-04-14 09:25:48.7825;5325.74;6;['LS1', 'F', 'TG', 'DE', 'BB1', 'SC1'];0.04;0.0026;15.28;15.32;5362.0
102320;566480;2026-04-14 09:25:48.8251;0.0;5;['SC1', 'LS1', 'F', 'DE', 'BB1'];0.0;0.0;5.01;5.01;0.0
102321;567710;2026-04-14 09:25:48.8546;12446.8;6;['SC1', 'TG', 'LS1', 'DE', 'F', 'BB1'];0.6;0.0036;168.4;169.0;12615.0
1007725;570653;2026-04-14 09:25:48.8873;4161.599999999999;4;['TG', 'LS1', 'BB1', 'F'];0.3;0.0052;58.2;58.5;2344.0
102339;575440;2026-04-14 09:25:48.9159;2362.62;5;['TG', 'F', 'LS1', 'DE', 'BB1'];0.24;0.071;3.38;3.62;2366.0
102352;575980;2026-04-14 09:25:48.9571;5359.95;5;['TG', 'LS1', 'F', 'DE', 'BB1'];0.0;0.0;41.65;41.65;5401.5
2334898;576002;2026-04-14 09:25:48.9818;4890.24;5;['TG', 'LS1', 'F', 'DE', 'BB1'];0.12;0.0208;5.76;5.88;4137.0
226241;576550;2026-04-14 09:25:49.0092;5151.6;5;['F', 'TG', 'LS1', 'DE', 'BB1'];0.4;0.0042;95.4;95.8;3832.0
102361;576790;2026-04-14 09:25:49.1025;0.0;1;['LS1'];1.4;0.0745;18.8;20.2;0.0
102364;577220;2026-04-14 09:25:49.1499;14661.0;6;['F', 'TG', 'LS1', 'DE', 'SC1', 'BB1'];0.0;0.0;45.3;45.3;7936.25
102365;577330;2026-04-14 09:25:49.2005;15253.35;6;['TG', 'F', 'LS1', 'DE', 'SC1', 'BB1'];0.0;0.0;76.75;76.75;7680.0
102366;577410;2026-04-14 09:25:49.2381;2228.7999999999997;5;['F', 'LS1', 'TG', 'DE', 'BB1'];0.25;0.0223;11.2;11.45;2240.0
102367;577580;2026-04-14 09:25:49.3092;1109.8200000000002;5;['F', 'TG', 'LS1', 'DE', 'BB1'];0.04;0.0125;3.2;3.24;1113.0
102371;578560;2026-04-14 09:25:49.3384;;6;['TG', 'LS1', 'F', 'SC1', 'DE', 'BB1'];0.0;0.0;44.81;44.81;19707.6
102373;578580;2026-04-14 09:25:49.3772;17696.09;6;['LS1', 'TG', 'F', 'DE', 'SC1', 'BB1'];0.0;0.0;40.31;40.31;12099.0
102382;580060;2026-04-14 09:25:49.4052;7022.400000000001;6;['TG', 'LS1', 'F', 'DE', 'SC1', 'BB1'];0.06;0.0034;17.62;17.68;7040.000000000001
102387;581005;2026-04-14 09:25:49.4714;;6;['SC1', 'TG', 'LS1', 'F', 'DE', 'BB1'];0.0;0.0;255.4;255.4;51080.0
540775;585090;2026-04-14 09:25:49.5345;0.0;2;['TG', 'BB1'];0.1;0.0185;5.4;5.5;1350.0
371790;585434;2026-04-14 09:25:49.5700;2831.55;5;['F', 'TG', 'LS1', 'DE', 'BB1'];0.1;0.0154;6.5;6.6;2838.0
234017;587484;2026-04-14 09:25:49.5962;1012.05;5;['F', 'LS1', 'TG', 'DE', 'BB1'];0.05;0.0251;1.99;2.04;1014.0
102417;587800;2026-04-14 09:25:49.6295;3807.8;5;['F', 'LS1', 'TG', 'DE', 'BB1'];0.2;0.0041;48.3;48.5;3402.0
102438;589540;2026-04-14 09:25:49.6692;2481.7000000000003;5;['TG', 'LS1', 'F', 'DE', 'BB1'];0.25;0.0301;8.3;8.55;2490.0
460747;589730;2026-04-14 09:25:49.7697;642.6;2;['TG', 'F'];0.08;0.2148;0.3725;0.4525;642.9375
102443;590900;2026-04-14 09:25:49.8056;7631.4;6;['LS1', 'TG', 'F', 'DE', 'SC1', 'BB1'];0.0;0.0;110.7;110.7;7742.0
396490;593273;2026-04-14 09:25:49.8511;3465.44;5;['LS1', 'TG', 'F', 'DE', 'BB1'];0.16;0.0222;7.22;7.38;3472.6
102455;593612;2026-04-14 09:25:49.8758;5291.5;6;['F', 'TG', 'SC1', 'LS1', 'DE', 'BB1'];2.0;0.0072;279.0;281.0;5570.0
102484;600450;2026-04-14 09:25:49.9396;0.0;0;[];0.17;0.0341;4.98;5.15;0.0
102495;604270;2026-04-14 09:25:49.9840;4242.7;5;['F', 'TG', 'LS1', 'DE', 'BB1'];0.4;0.0197;20.3;20.7;4263.0
102496;604400;2026-04-14 09:25:50.0192;1185.37;5;['TG', 'LS1', 'DE', 'F', 'BB1'];0.06;0.0526;1.14;1.2;1186.5
102498;604700;2026-04-14 09:25:50.0489;;6;['SC1', 'TG', 'LS1', 'F', 'DE', 'BB1'];0.0;0.0;189.75;189.75;17082.0
102499;604840;2026-04-14 09:25:50.0775;;6;['TG', 'LS1', 'F', 'DE', 'SC1', 'BB1'];0.0;0.0;61.8;61.8;6180.0
102500;604843;2026-04-14 09:25:50.1056;;6;['SC1', 'TG', 'LS1', 'F', 'DE', 'BB1'];0.0;0.0;65.94;65.94;24060.8
102503;605283;2026-04-14 09:25:50.2076;2907.0;4;['TG', 'F', 'LS1', 'BB1'];2.5;0.0163;153.0;155.5;3060.0
2335081;606110;2026-04-14 09:25:50.2811;0.0;4;['F', 'LS1', 'DE', 'BB1'];1.1;0.0242;45.4;46.5;0.0
1836398;606214;2026-04-14 09:25:50.3170;308388.5;4;['TG', 'F', 'LS1', 'BB1'];0.1;0.0017;59.6;59.7;308448.0
635841;606900;2026-04-14 09:25:50.3678;1058.2;4;['LS1', 'F', 'TG', 'BB1'];1.4;0.0145;96.4;97.8;1154.4
102524;607000;2026-04-14 09:25:50.4004;22647.8;6;['F', 'LS1', 'TG', 'SC1', 'DE', 'BB1'];0.0;0.0;462.6;462.6;23110.0
2009647;608340;2026-04-14 09:25:50.4464;8167.5;6;['TG', 'LS1', 'SC1', 'F', 'DE', 'BB1'];0.1;0.0012;82.7;82.8;6632.0
102542;609710;2026-04-14 09:25:50.5421;0.0;3;['TG', 'LS1', 'BB1'];0.35;0.0511;6.85;7.2;1096.0
102599;620010;2026-04-14 09:25:50.5723;3337.9500000000003;6;['SC1', 'TG', 'F', 'LS1', 'DE', 'BB1'];0.0;0.0;28.1;28.1;3366.0
102600;620110;2026-04-14 09:25:50.5997;1151.98;5;['F', 'TG', 'LS1', 'DE', 'BB1'];0.23;0.0477;4.82;5.05;1156.8000000000002
1440864;620140;2026-04-14 09:25:50.6311;0.0;4;['F', 'TG', 'LS1', 'BB1'];1.2;0.0438;27.4;28.6;1068.6
102601;620200;2026-04-14 09:25:50.6575;9762.94;6;['SC1', 'LS1', 'F', 'TG', 'DE', 'BB1'];0.0;0.0;49.12;49.12;9812.0
102604;620840;2026-04-14 09:25:50.6820;1979.585;5;['F', 'TG', 'LS1', 'DE', 'BB1'];0.085;0.0601;1.415;1.5;1981.0
102612;621468;2026-04-14 09:25:50.7416;1140.42;5;['F', 'LS1', 'TG', 'DE', 'BB1'];0.08;0.0171;4.68;4.76;1145.0
102614;621993;2026-04-14 09:25:50.8663;8593.26;6;['LS1', 'F', 'TG', 'DE', 'SC1', 'BB1'];0.0;0.0;28.76;28.76;5756.0
151865;622340;2026-04-14 09:25:50.9002;7886.1900000000005;6;['F', 'TG', 'LS1', 'SC1', 'DE', 'BB1'];0.02;0.0024;8.31;8.33;3415.3
102616;622360;2026-04-14 09:25:50.9262;874.65;5;['F', 'LS1', 'TG', 'DE', 'BB1'];0.07;0.2;0.35;0.42;875.0
102627;623100;2026-04-14 09:25:51.0091;;6;['SC1', 'TG', 'F', 'LS1', 'DE', 'BB1'];-0.005;-0.0001;43.49;43.485;13048.5
415119;628656;2026-04-14 09:25:51.0499;0.0;4;['F', 'LS1', 'DE', 'BB1'];0.4;0.0189;21.2;21.6;0.0
102667;629200;2026-04-14 09:25:51.0848;3225.0;5;['TG', 'F', 'LS1', 'DE', 'BB1'];5.0;0.0046;1080.0;1085.0;4300.0
102668;629203;2026-04-14 09:25:51.1118;4160.0;6;['TG', 'LS1', 'F', 'DE', 'SC1', 'BB1'];8.0;0.0077;1040.0;1048.0;5200.0
102674;630500;2026-04-14 09:25:51.1421;10222.505;6;['LS1', 'SC1', 'F', 'TG', 'DE', 'BB1'];0.0;0.0;9.755;9.755;9765.0
102683;633500;2026-04-14 09:25:51.1680;9811.800000000001;6;['LS1', 'F', 'TG', 'DE', 'SC1', 'BB1'];0.0;0.0;124.4;124.4;9936.0
806210;633600;2026-04-14 09:25:51.1936;0.0;1;['LS1'];2.2;0.0759;29.0;31.2;0.0
102714;645000;2026-04-14 09:25:51.2200;7939.4;1;['TG'];0.1;0.0094;10.6;10.7;5400.0
102715;645290;2026-04-14 09:25:51.2477;10072.4;6;['LS1', 'TG', 'DE', 'F', 'SC1', 'BB1'];0.0;0.0;59.65;59.65;9245.75
102717;645800;2026-04-14 09:25:51.2889;16819.0;3;['TG', 'LS1', 'BB1'];1.0;0.0144;69.5;70.5;9165.0
102719;646450;2026-04-14 09:25:51.3183;4963.400000000001;5;['TG', 'LS1', 'F', 'DE', 'BB1'];0.25;0.0151;16.6;16.85;4212.5
102747;655346;2026-04-14 09:25:51.3858;0.0;0;[];18.0;0.0508;354.0;372.0;0.0
102749;656940;2026-04-14 09:25:51.4116;1181.58;5;['F', 'TG', 'LS1', 'DE', 'BB1'];0.1;0.0355;2.82;2.92;1184.3999999999999
102750;656990;2026-04-14 09:25:51.4358;5179.59;6;['TG', 'LS1', 'SC1', 'DE', 'F', 'BB1'];0.02;0.0027;7.42;7.44;5187.0
345904;657710;2026-04-14 09:25:51.4581;2606.8199999999997;5;['F', 'TG', 'LS1', 'DE', 'BB1'];0.08;0.058;1.38;1.46;2365.2
348993;657800;2026-04-14 09:25:51.4830;1048.25;5;['TG', 'LS1', 'F', 'DE', 'BB1'];0.03;0.0171;1.75;1.78;1050.0
102753;658080;2026-04-14 09:25:51.5073;6363.45;6;['TG', 'F', 'LS1', 'SC1', 'DE', 'BB1'];0.3;0.0084;35.55;35.85;6398.999999999999
102758;659510;2026-04-14 09:25:51.5350;2869.38;5;['TG', 'LS1', 'F', 'DE', 'BB1'];0.18;0.0526;3.42;3.6;2872.7999999999997
102759;659990;2026-04-14 09:25:51.6287;;6;['SC1', 'TG', 'LS1', 'DE', 'F', 'BB1'];0.0;0.0;114.95;114.95;51682.5
102760;660200;2026-04-14 09:25:51.6567;14949.449999999999;6;['TG', 'LS1', 'DE', 'F', 'SC1', 'BB1'];0.0;0.0;62.6;62.6;15012.0
102765;661403;2026-04-14 09:25:51.7260;0.0;1;['F'];0.7;0.0427;16.4;17.1;0.0
276711;661830;2026-04-14 09:25:51.7523;6278.45;6;['F', 'SC1', 'TG', 'LS1', 'DE', 'BB1'];0.4;0.0127;31.6;32.0;6310.0
102788;662720;2026-04-14 09:25:51.7940;2484.0;5;['TG', 'LS1', 'F', 'DE', 'BB1'];1.0;0.0278;36.0;37.0;2520.0
102821;676650;2026-04-14 09:25:51.8227;10814.7;6;['LS1', 'SC1', 'TG', 'F', 'DE', 'BB1'];0.0;0.0;183.4;183.4;10992.0
102829;677550;2026-04-14 09:25:51.9112;0.0;2;['LS1', 'BB1'];0.3;0.0169;17.7;18.0;0.0
102861;691660;2026-04-14 09:25:52.0222;4819.799999999999;6;['SC1', 'LS1', 'TG', 'DE', 'F', 'BB1'];1.0;0.006;166.2;167.2;4986.0
682292;692500;2026-04-14 09:25:52.0603;0.0;0;[];0.16;0.0947;1.69;1.85;0.0
291525;694280;2026-04-14 09:25:52.1035;2557.44;5;['F', 'TG', 'LS1', 'DE', 'BB1'];0.02;0.0078;2.56;2.58;2560.0
102899;696800;2026-04-14 09:25:52.1904;10693.2;5;['F', 'TG', 'LS1', 'DE', 'BB1'];0.2;0.0075;26.8;27.0;2160.0
102901;696960;2026-04-14 09:25:52.2265;25595.6;6;['LS1', 'F', 'TG', 'DE', 'BB1', 'SC1'];0.0;0.0;24.42;24.42;25620.0
102908;700890;2026-04-14 09:25:52.3487;1263.9;5;['F', 'TG', 'LS1', 'DE', 'BB1'];0.04;0.0364;1.1;1.14;1140.0
102909;701080;2026-04-14 09:25:52.3774;19923.0;6;['LS1', 'SC1', 'TG', 'DE', 'F', 'BB1'];0.0;0.0;688.0;688.0;20610.0
682308;701600;2026-04-14 09:25:52.4210;0.0;0;[];0.75;0.0877;8.55;9.3;0.0
102916;703000;2026-04-14 09:25:52.4703;0.0;5;['F', 'LS1', 'SC1', 'DE', 'BB1'];-0.2;-0.0001;1493.2;1493.0;0.0
102919;703712;2026-04-14 09:25:52.5143;;6;['TG', 'LS1', 'F', 'SC1', 'DE', 'BB1'];0.0;0.0;58.84;58.84;44130.0
102924;704230;2026-04-14 09:25:52.5403;2467.6;5;['F', 'TG', 'LS1', 'DE', 'BB1'];0.1;0.0081;12.4;12.5;2480.0
244510;707400;2026-04-14 09:25:52.5893;3714.2;6;['SC1', 'TG', 'LS1', 'DE', 'F', 'BB1'];0.0;0.0;75.9;75.9;3790.0
102949;710000;2026-04-14 09:25:52.6916;;6;['SC1', 'TG', 'LS1', 'DE', 'BB1', 'F'];0.0;0.0;55.35;55.35;60874.00000000001
102966;716460;2026-04-14 09:25:52.7188;;6;['TG', 'F', 'LS1', 'SC1', 'DE', 'BB1'];0.0;0.0;143.46;143.46;43038.0
102967;716560;2026-04-14 09:25:52.7501;;6;['TG', 'LS1', 'SC1', 'DE', 'F', 'BB1'];1.8;0.0103;174.6;176.4;6104.0
102968;716563;2026-04-14 09:25:52.7768;;6;['SC1', 'LS1', 'F', 'TG', 'DE', 'BB1'];0.0;0.0;222.9;222.9;22270.0
102975;719350;2026-04-14 09:25:52.8114;5948.49;5;['F', 'TG', 'LS1', 'DE', 'BB1'];0.1;0.0118;8.51;8.61;4310.0
102999;720190;2026-04-14 09:25:52.8540;2376.0;5;['TG', 'F', 'LS1', 'DE', 'BB1'];0.0;0.0;54.5;54.5;2430.0
103000;720370;2026-04-14 09:25:52.8849;2360.6000000000004;5;['F', 'TG', 'LS1', 'DE', 'BB1'];1.0;0.0123;81.4;82.4;2442.0
103014;722900;2026-04-14 09:25:53.1350;2452.2999999999997;5;['F', 'TG', 'LS1', 'DE', 'BB1'];0.25;0.0182;13.7;13.95;2466.0
103016;723132;2026-04-14 09:25:53.1633;8011.5;6;['SC1', 'TG', 'F', 'LS1', 'DE', 'BB1'];0.0;0.0;73.55;73.55;5884.0
103017;723133;2026-04-14 09:25:53.1971;6147.900000000001;6;['LS1', 'F', 'TG', 'SC1', 'DE', 'BB1'];0.1;0.0016;62.1;62.2;6210.0
103018;723530;2026-04-14 09:25:53.2274;4030.965;6;['F', 'TG', 'SC1', 'LS1', 'DE', 'BB1'];0.01;0.0025;4.035;4.045;4035.0
103020;723610;2026-04-14 09:25:53.2591;;6;['LS1', 'SC1', 'F', 'TG', 'DE', 'BB1'];-0.05;-0.0002;234.8;234.75;82162.5
103049;725750;2026-04-14 09:25:53.3149;5089.755;6;['F', 'LS1', 'SC1', 'TG', 'DE', 'BB1'];0.02;0.0047;4.25;4.27;5094.0
1489174;726900;2026-04-14 09:25:53.4250;0.0;0;[];12.0;0.0513;234.0;246.0;0.0
103073;727413;2026-04-14 09:25:53.4542;3760.3999999999996;6;['LS1', 'TG', 'F', 'DE', 'SC1', 'BB1'];1.6;0.0144;110.8;112.4;3871.0
103075;727650;2026-04-14 09:25:53.4911;3598.6;6;['LS1', 'SC1', 'F', 'TG', 'DE', 'BB1'];1.2;0.0063;189.6;190.8;3780.0
103082;729700;2026-04-14 09:25:53.5222;5988.0;6;['SC1', 'LS1', 'TG', 'DE', 'F', 'BB1'];0.02;0.0017;12.02;12.04;6000.0
103088;731400;2026-04-14 09:25:53.5620;5966.508;6;['TG', 'LS1', 'F', 'DE', 'BB1', 'SC1'];0.002;0.0013;1.496;1.498;5980.0
103095;734660;2026-04-14 09:25:53.6650;0.0;1;['LS1'];2.0;0.0308;65.0;67.0;0.0
103099;744600;2026-04-14 09:25:53.6940;3357.915;5;['TG', 'LS1', 'F', 'DE', 'BB1'];0.035;0.0134;2.605;2.64;3360.5
103100;744850;2026-04-14 09:25:53.7252;4936.150000000001;5;['F', 'TG', 'LS1', 'DE', 'BB1'];0.3;0.0163;18.35;18.65;4954.5
103109;746100;2026-04-14 09:25:53.7996;3312.54;6;['LS1', 'F', 'TG', 'DE', 'SC1', 'BB1'];0.08;0.0024;33.48;33.56;3346.0
1106340;747404;2026-04-14 09:25:53.8273;93184.0;4;['TG', 'LS1', 'F', 'BB1'];3.0;0.0144;208.0;211.0;25109.0
103143;748020;2026-04-14 09:25:53.8601;7876.259999999999;5;['TG', 'LS1', 'F', 'DE', 'BB1'];0.12;0.0061;19.78;19.9;3984.0000000000005
177467;749399;2026-04-14 09:25:53.8886;5497.8;6;['TG', 'LS1', 'SC1', 'F', 'DE', 'BB1'];0.0;0.0;35.74;35.74;6604.500000000001
103164;750000;2026-04-14 09:25:53.9244;10028.472;6;['TG', 'F', 'LS1', 'DE', 'SC1', 'BB1'];-0.002;-0.0002;8.734;8.732;8297.3
103165;750100;2026-04-14 09:25:53.9607;785.869;4;['F', 'TG', 'LS1', 'DE'];0.004;0.0276;0.145;0.149;786.0
103166;750450;2026-04-14 09:25:54.0289;0.0;0;[];0.34;0.17;2.0;2.34;0.0
103167;750750;2026-04-14 09:25:54.0565;6352.3;5;['F', 'TG', 'LS1', 'DE', 'BB1'];0.3;0.0066;45.7;46.0;4600.0
103195;755150;2026-04-14 09:25:54.0819;4059.2;5;['F', 'TG', 'LS1', 'DE', 'BB1'];1.8;0.0262;68.8;70.6;4128.0
604604;756857;2026-04-14 09:25:54.1091;15004.98;6;['TG', 'LS1', 'SC1', 'F', 'DE', 'BB1'];0.0;0.0;15.06;15.06;6024.0
103199;760010;2026-04-14 09:25:54.1910;0.0;0;[];0.165;0.1658;0.995;1.16;0.0
103239;765723;2026-04-14 09:25:54.3074;0.0;5;['TG', 'LS1', 'F', 'DE', 'BB1'];0.1;0.0057;17.5;17.6;6125.0
103243;766400;2026-04-14 09:25:54.3372;;6;['LS1', 'TG', 'SC1', 'DE', 'F', 'BB1'];0.1;0.0011;91.25;91.35;18250.0
103244;766403;2026-04-14 09:25:54.3930;;6;['SC1', 'TG', 'F', 'LS1', 'DE', 'BB1'];0.0;0.0;88.92;88.92;31108.0
103245;766710;2026-04-14 09:25:54.4462;3672.55;6;['LS1', 'TG', 'SC1', 'DE', 'F', 'BB1'];0.15;0.002;75.05;75.2;3747.5
103259;776000;2026-04-14 09:25:54.5213;0.0;1;['LS1'];25.0;0.0455;550.0;575.0;0.0
796412;783057;2026-04-14 09:25:54.5676;4915.3;5;['F', 'TG', 'LS1', 'DE', 'BB1'];0.1;0.004;24.8;24.9;4940.0
386601;784686;2026-04-14 09:25:54.6527;3766.23;5;['F', 'LS1', 'TG', 'DE', 'BB1'];0.09;0.0236;3.81;3.9;3770.0
103299;785602;2026-04-14 09:25:54.7035;1240.96;6;['F', 'TG', 'LS1', 'SC1', 'DE', 'BB1'];0.06;0.0108;5.54;5.6;1246.5
242440;785747;2026-04-14 09:25:54.7396;1033.04;5;['TG', 'LS1', 'DE', 'F', 'BB1'];0.06;0.0203;2.96;3.02;1036.0
103399;800956;2026-04-14 09:25:54.7963;0.0;1;['F'];1.75;0.2846;6.15;7.9;0.0
1857776;801900;2026-04-14 09:25:54.8608;12500.874;6;['LS1', 'TG', 'F', 'DE', 'SC1', 'BB1'];0.01;0.0032;3.128;3.138;5655.599999999999
103419;805100;2026-04-14 09:25:54.9414;5186.139999999999;6;['F', 'TG', 'LS1', 'DE', 'SC1', 'BB1'];0.04;0.0027;14.86;14.9;3725.0
103423;805502;2026-04-14 09:25:55.0468;0.0;4;['TG', 'F', 'LS1', 'BB1'];0.4;0.0381;10.5;10.9;1050.0
103447;814820;2026-04-14 09:25:55.1913;2623.5;5;['F', 'TG', 'LS1', 'DE', 'BB1'];0.1;0.0061;16.5;16.6;2640.0
103464;823212;2026-04-14 09:25:55.2411;20396.952;6;['LS1', 'TG', 'DE', 'F', 'SC1', 'BB1'];-0.002;-0.0003;7.85;7.848;20404.8
103478;830350;2026-04-14 09:25:55.2912;11347.35;6;['SC1', 'LS1', 'TG', 'F', 'DE', 'BB1'];0.0;0.0;15.16;15.16;11362.5
103480;840221;2026-04-14 09:25:55.3523;;6;['SC1', 'TG', 'LS1', 'F', 'DE', 'BB1'];0.0;0.0;272.6;272.6;40890.0
103482;840400;2026-04-14 09:25:55.3887;;6;['SC1', 'TG', 'LS1', 'F', 'DE', 'BB1'];0.0;0.0;379.1;379.1;94750.0
103499;843002;2026-04-14 09:25:55.4218;;6;['F', 'TG', 'LS1', 'SC1', 'DE', 'BB1'];0.0;0.0;553.2;553.2;33192.0
103502;843596;2026-04-14 09:25:55.4811;3480.0;5;['F', 'TG', 'LS1', 'DE', 'BB1'];2.0;0.0167;120.0;122.0;3600.0
1007742;A0AFGF;2026-04-14 09:25:55.5606;0.0;1;['F'];0.08;0.1455;0.55;0.63;0.0
324427;A0B9N3;2026-04-14 09:25:55.6167;2510.9;5;['F', 'LS1', 'TG', 'DE', 'BB1'];0.4;0.019;21.1;21.5;2532.0
558778;A0BL84;2026-04-14 09:25:55.6447;2541.87;5;['TG', 'LS1', 'F', 'DE', 'BB1'];0.12;0.0259;4.63;4.75;2546.5
264600;A0D655;2026-04-14 09:25:55.6855;31874.4;6;['TG', 'F', 'LS1', 'SC1', 'DE', 'BB1'];0.0;0.0;45.64;45.64;31920.0
276316;A0D9PT;2026-04-14 09:25:55.7602;;6;['TG', 'F', 'LS1', 'DE', 'SC1', 'BB1'];0.0;0.0;331.2;331.2;33090.0
198512;A0DJ6J;2026-04-14 09:25:55.8740;6830.160000000001;6;['LS1', 'F', 'TG', 'DE', 'BB1', 'SC1'];0.2;0.0044;45.9;46.1;9168.0
317753;A0DNAY;2026-04-14 09:25:55.9107;0.0;5;['F', 'TG', 'LS1', 'DE', 'BB1'];0.12;0.048;2.5;2.62;2227.0
834822;A0DPRE;2026-04-14 09:25:55.9744;0.0;2;['TG', 'LS1'];0.45;0.0474;9.5;9.95;1016.5
386303;A0ETBQ;2026-04-14 09:25:56.0016;7254.0;6;['SC1', 'LS1', 'TG', 'DE', 'F', 'BB1'];1.2;0.0064;186.2;187.4;7440.0
400535;A0H52F;2026-04-14 09:25:56.0363;2425.2999999999997;5;['F', 'TG', 'LS1', 'DE', 'BB1'];0.1;0.0032;30.8;30.9;2456.0
335333;A0HGQS;2026-04-14 09:25:56.1532;7892.1;5;['LS1', 'TG', 'F', 'DE', 'BB1'];0.04;0.0051;7.9;7.94;2382.0
666013;A0HL8N;2026-04-14 09:25:56.1771;0.0;5;['F', 'LS1', 'SC1', 'DE', 'BB1'];0.08;0.0018;44.4;44.48;0.0
441540;A0HN5C;2026-04-14 09:25:56.2266;10254.45;6;['F', 'LS1', 'SC1', 'TG', 'DE', 'BB1'];0.1;0.0049;20.55;20.65;10275.0
320939;A0JBPG;2026-04-14 09:25:56.3131;5187.34;6;['SC1', 'TG', 'LS1', 'F', 'DE', 'BB1'];0.08;0.0092;8.67;8.75;5196.0
439691;A0JC8S;2026-04-14 09:25:56.3361;4442.7;6;['TG', 'F', 'LS1', 'SC1', 'DE', 'BB1'];0.3;0.004;75.5;75.8;4518.0
2335094;A0JDBC;2026-04-14 09:25:56.3957;2340.0;5;['F', 'TG', 'LS1', 'DE', 'BB1'];4.0;0.0085;470.0;474.0;2808.0
392550;A0JJTG;2026-04-14 09:25:56.4278;929.799;5;['F', 'LS1', 'TG', 'DE', 'BB1'];0.049;0.1396;0.351;0.4;930.15
453019;A0JL9W;2026-04-14 09:25:56.4728;7761.0;6;['F', 'TG', 'LS1', 'SC1', 'DE', 'BB1'];0.18;0.0046;39.04;39.22;7804.000000000001
451511;A0JM2M;2026-04-14 09:25:56.4977;4194.45;5;['F', 'TG', 'LS1', 'DE', 'BB1'];0.1;0.0057;17.6;17.7;4212.0
444131;A0JQ5U;2026-04-14 09:25:56.5248;0.0;3;['LS1', 'F', 'BB1'];0.0205;0.25;0.082;0.1025;0.0
125637;A0KE04;2026-04-14 09:25:56.5763;;5;['F', 'TG', 'LS1', 'DE', 'BB1'];0.1;0.0131;7.65;7.75;1147.5
467043;A0KFKH;2026-04-14 09:25:56.6210;0.0;1;['F'];0.122;1.7941;0.068;0.19;0.0
478364;A0KPPR;2026-04-14 09:25:56.6425;2602.0499999999997;5;['F', 'LS1', 'TG', 'DE', 'BB1'];0.05;0.0048;10.45;10.5;2612.5
782598;A0LBFE;2026-04-14 09:25:56.7123;994.4000000000001;5;['TG', 'F', 'LS1', 'DE', 'BB1'];0.6;0.0265;22.6;23.2;1017.0000000000001
490961;A0LBKW;2026-04-14 09:25:56.7565;0.0;5;['TG', 'LS1', 'F', 'DE', 'BB1'];0.045;0.075;0.6;0.645;878.8149999999999
615479;A0LD6E;2026-04-14 09:25:56.7816;7520.370000000001;6;['TG', 'F', 'LS1', 'SC1', 'DE', 'BB1'];0.04;0.0023;17.54;17.58;7537.900000000001
111040;A0LE3J;2026-04-14 09:25:56.8212;0.0;2;['F', 'DE'];0.06;0.05;1.2;1.26;0.0
575729;A0LR4P;2026-04-14 09:25:56.8516;1127.27;5;['F', 'TG', 'LS1', 'DE', 'BB1'];0.23;0.0712;3.23;3.46;1130.5
628120;A0LR93;2026-04-14 09:25:56.9160;5003.650000000001;5;['F', 'TG', 'LS1', 'DE', 'BB1'];0.4;0.0183;21.85;22.25;5025.5
1891705;A0LR9G;2026-04-14 09:25:56.9408;2904.375;5;['TG', 'LS1', 'F', 'DE', 'BB1'];0.07;0.0369;1.895;1.965;2937.25
2335049;A0M93V;2026-04-14 09:25:57.0061;3038.48;5;['F', 'LS1', 'TG', 'DE', 'BB1'];0.1;0.0658;1.52;1.62;3040.0
635840;A0MSN1;2026-04-14 09:25:57.0386;3174.0499999999997;5;['TG', 'LS1', 'DE', 'F', 'BB1'];0.15;0.0094;15.95;16.1;3190.0
648085;A0MVLS;2026-04-14 09:25:57.0790;2986.9;5;['TG', 'LS1', 'F', 'DE', 'BB1'];0.7;0.0279;25.1;25.8;3012.0
782599;A0MW97;2026-04-14 09:25:57.1214;0.0;1;['LS1'];0.28;0.0979;2.86;3.14;0.0
725031;A0MZ4B;2026-04-14 09:25:57.1526;2643.48;4;['TG', 'F', 'DE', 'BB1'];0.08;0.0317;2.52;2.6;2600.0
2449909;A0N4N5;2026-04-14 09:25:57.1837;3011.65;5;['TG', 'LS1', 'F', 'DE', 'BB1'];0.05;0.0149;3.35;3.4;3015.0
569020;A0NK3W;2026-04-14 09:25:57.2636;0.0;0;[];1.0;0.0442;22.6;23.6;0.0
767155;A0S848;2026-04-14 09:25:57.2937;3513.9;5;['F', 'TG', 'LS1', 'DE', 'BB1'];0.1;0.0045;22.1;22.2;3536.0
804987;A0S9QZ;2026-04-14 09:25:57.3579;0.0;4;['F', 'LS1', 'DE', 'BB1'];0.8;0.0274;29.2;30.0;0.0
1217903;A0SMU8;2026-04-14 09:25:57.3842;6029.85;6;['LS1', 'SC1', 'TG', 'F', 'DE', 'BB1'];0.065;0.0071;9.175;9.24;6039.0
1106330;A0STSQ;2026-04-14 09:25:57.4209;4514.9;5;['TG', 'LS1', 'F', 'DE', 'BB1'];0.04;0.0026;15.1;15.14;4530.0
946319;A0V9LA;2026-04-14 09:25:57.4435;1065.3500000000001;4;['TG', 'LS1', 'DE', 'F'];0.25;0.035;7.15;7.4;1072.5
370664;A0WMPJ;2026-04-14 09:25:57.4663;0.0;5;['LS1', 'SC1', 'F', 'DE', 'BB1'];0.0;0.0;35.91;35.91;0.0
732964;A0XFSF;2026-04-14 09:25:57.4936;0.0;5;['TG', 'LS1', 'F', 'DE', 'BB1'];0.018;0.0409;0.44;0.458;1075.0
806417;A0XYG7;2026-04-14 09:25:57.5189;3818.1000000000004;6;['F', 'LS1', 'SC1', 'TG', 'DE', 'BB1'];-0.1;-0.001;98.3;98.2;3916.0
550079;A0XYGA;2026-04-14 09:25:57.5477;4328.45;5;['TG', 'F', 'LS1', 'DE', 'BB1'];0.2;0.0069;29.05;29.25;4357.5
1123437;A0XYHT;2026-04-14 09:25:57.5800;0.0;5;['F', 'LS1', 'TG', 'DE', 'BB1'];0.1;0.0073;13.65;13.75;4950.0
272655;A0Z1JH;2026-04-14 09:25:57.6078;6394.0;5;['F', 'LS1', 'TG', 'DE', 'BB1'];0.2;0.0043;46.0;46.2;6440.0
359839;A0Z23Q;2026-04-14 09:25:57.6382;3960.6;6;['SC1', 'TG', 'DE', 'LS1', 'F', 'BB1'];0.3;0.0052;57.5;57.8;4018.0
561694;A0Z2ZZ;2026-04-14 09:25:57.6841;8216.52;6;['LS1', 'TG', 'SC1', 'F', 'DE', 'BB1'];0.0;0.0;27.5;27.5;8244.0
1636169;A11Q05;2026-04-14 09:25:57.7184;1107.04;5;['F', 'TG', 'LS1', 'DE', 'BB1'];0.13;0.0739;1.76;1.89;1108.8
1469893;A11Q13;2026-04-14 09:25:57.8047;0.0;1;['LS1'];4.5;0.142;31.7;36.2;0.0
497752;A11QU1;2026-04-14 09:25:57.8506;0.0;1;['F'];2.1;0.3415;6.15;8.25;0.0
211523;A11QVV;2026-04-14 09:25:57.8744;4170.69;5;['TG', 'LS1', 'F', 'DE', 'BB1'];0.04;0.0148;2.71;2.75;4173.4
1858199;A11QW6;2026-04-14 09:25:57.9097;3598.2000000000003;5;['F', 'LS1', 'DE', 'TG', 'BB1'];0.01;0.0056;1.8;1.81;3600.0
1718236;A12DM8;2026-04-14 09:25:57.9410;16321.949999999999;6;['TG', 'LS1', 'F', 'DE', 'SC1', 'BB1'];0.0;0.0;65.55;65.55;13130.000000000002
817625;A12UK0;2026-04-14 09:25:57.9654;2816.19;5;['TG', 'LS1', 'DE', 'F', 'BB1'];0.03;0.0115;2.62;2.65;2818.7999999999997
972415;A12UK5;2026-04-14 09:25:57.9940;0.0;0;[];5.0;0.0855;58.5;63.5;0.0
1044714;A12UP2;2026-04-14 09:25:58.0526;2455.8999999999996;5;['TG', 'LS1', 'F', 'DE', 'BB1'];0.04;0.0096;4.17;4.21;2460.0
1466448;A12UP3;2026-04-14 09:25:58.0816;1033.906;5;['LS1', 'TG', 'F', 'DE', 'BB1'];0.09;0.0696;1.294;1.384;1035.2
1095900;A12UPJ;2026-04-14 09:25:58.1332;1175.02;5;['TG', 'LS1', 'F', 'DE', 'BB1'];0.06;0.0612;0.98;1.04;1176.0
190028;A13SUL;2026-04-14 09:25:58.1668;3927.2999999999997;5;['F', 'TG', 'LS1', 'DE', 'BB1'];0.4;0.0162;24.7;25.1;3952.0
614721;A13SX2;2026-04-14 09:25:58.1973;5416.8;6;['TG', 'LS1', 'F', 'SC1', 'DE', 'BB1'];0.0;0.0;73.4;73.4;5490.0
1106343;A14KRD;2026-04-14 09:25:58.3093;3384.74;5;['TG', 'LS1', 'F', 'DE', 'BB1'];0.025;0.0151;1.66;1.685;3386.3999999999996
937798;A16107;2026-04-14 09:25:58.3353;;5;['LS1', 'F', 'TG', 'DE', 'BB1'];0.08;0.0107;7.46;7.54;2984.0
983692;A16130;2026-04-14 09:25:58.3752;0.0;2;['TG', 'LS1'];0.2;0.2128;0.94;1.14;888.25
386746;A16140;2026-04-14 09:25:58.4156;7982.7429999999995;6;['TG', 'F', 'LS1', 'DE', 'SC1', 'BB1'];0.006;0.0015;3.878;3.884;7986.62
742176;A161N1;2026-04-14 09:25:58.4665;0.0;2;['F', 'DE'];0.1;0.1923;0.52;0.62;0.0
1232082;A161N2;2026-04-14 09:25:58.4893;0.0;2;['F', 'DE'];0.06;0.2727;0.22;0.28;0.0
1748541;A161N3;2026-04-14 09:25:58.5140;4373.1;6;['SC1', 'TG', 'LS1', 'F', 'DE', 'BB1'];0.06;0.0047;12.8;12.86;4217.4
287212;A161Z4;2026-04-14 09:25:58.5402;0.0;1;['F'];0.24;0.0615;3.9;4.14;0.0
1588778;A1681X;2026-04-14 09:25:58.5633;736.0600000000001;5;['F', 'LS1', 'TG', 'DE', 'BB1'];0.12;0.0244;4.92;5.04;736.5
983646;A16820;2026-04-14 09:25:58.5880;0.0;5;['TG', 'LS1', 'F', 'BB1', 'DE'];0.5;0.0072;69.5;70.0;2432.5
676713;A1A6V4;2026-04-14 09:25:58.6470;1679.277;5;['F', 'TG', 'LS1', 'DE', 'BB1'];0.026;0.0805;0.323;0.349;1679.6000000000001
410098;A1A6WB;2026-04-14 09:25:58.6927;0.0;3;['F', 'DE', 'BB1'];0.06;0.1111;0.54;0.6;0.0
787032;A1A6WE;2026-04-14 09:25:58.7185;2447.7000000000003;5;['TG', 'F', 'LS1', 'DE', 'BB1'];0.1;0.0081;12.4;12.5;2460.0
804944;A1CRQD;2026-04-14 09:25:58.7520;0.0;0;[];0.5;0.25;2.0;2.5;0.0
288906;A1DAHH;2026-04-14 09:25:58.7772;;6;['TG', 'LS1', 'SC1', 'F', 'DE', 'BB1'];0.0;0.0;58.36;58.36;14605.0
802921;A1EMG5;2026-04-14 09:25:58.8580;0.0;3;['TG', 'LS1', 'F'];0.0035;0.7778;0.0045;0.008;45.0
118733;A1EMHE;2026-04-14 09:25:58.8892;1056.1000000000001;5;['F', 'TG', 'LS1', 'DE', 'BB1'];0.05;0.0084;5.95;6.0;1062.0
1007718;A1EWVY;2026-04-14 09:25:58.9339;5895.68;6;['SC1', 'LS1', 'F', 'TG', 'DE', 'BB1'];0.4;0.0223;17.92;18.32;5913.6
277452;A1EWWW;2026-04-14 09:25:58.9674;;6;['LS1', 'TG', 'F', 'SC1', 'DE', 'BB1'];0.0;0.0;137.15;137.15;54840.0
617665;A1EWXA;2026-04-14 09:25:58.9931;3326.7200000000003;5;['F', 'TG', 'LS1', 'DE', 'BB1'];0.06;0.0467;1.285;1.345;3228.0
703762;A1H8BV;2026-04-14 09:25:59.0239;3531.18;6;['TG', 'LS1', 'F', 'DE', 'SC1', 'BB1'];0.0;0.0;15.46;15.46;3546.6
892735;A1K020;2026-04-14 09:25:59.0490;4886.0;5;['TG', 'LS1', 'DE', 'F', 'BB1'];0.25;0.0179;14.0;14.25;4900.0
306813;A1K023;2026-04-14 09:25:59.0753;6931.75;6;['F', 'LS1', 'TG', 'DE', 'SC1', 'BB1'];0.0;0.0;58.3;58.3;6990.0
1461292;A1ML7J;2026-04-14 09:25:59.1040;;6;['SC1', 'F', 'TG', 'LS1', 'DE', 'BB1'];0.0;0.0;23.49;23.49;16436.0
957709;A1MMCC;2026-04-14 09:25:59.1501;5242.860000000001;6;['LS1', 'F', 'TG', 'DE', 'SC1', 'BB1'];0.0;0.0;13.16;13.16;3966.0
1412302;A1MME7;2026-04-14 09:25:59.1819;0.0;5;['TG', 'F', 'LS1', 'DE', 'BB1'];0.5;0.0064;78.0;78.5;3140.0
1879998;A1MMEV;2026-04-14 09:25:59.2361;974.3389999999999;5;['F', 'TG', 'LS1', 'DE', 'BB1'];0.024;0.0665;0.361;0.385;974.6999999999999
395736;A1PHBB;2026-04-14 09:25:59.2614;2758.7999999999997;5;['F', 'TG', 'LS1', 'DE', 'BB1'];0.2;0.0152;13.2;13.4;2772.0
1322934;A1PHFF;2026-04-14 09:25:59.3148;11110.839999999998;6;['SC1', 'TG', 'LS1', 'DE', 'F', 'BB1'];0.0;0.0;37.17;37.17;11160.0
1580940;A1RFMY;2026-04-14 09:25:59.4421;1089.79;5;['F', 'LS1', 'TG', 'DE', 'BB1'];0.04;0.0392;1.02;1.06;1090.8
1580428;A1RFMZ;2026-04-14 09:25:59.4663;0.0;2;['F', 'DE'];0.24;0.0504;4.76;5.0;0.0
1527269;A1TNMM;2026-04-14 09:25:59.5278;1158.3;3;['LS1', 'F', 'TG'];0.2;0.0171;11.7;11.9;1170.0
1563988;A1TNNN;2026-04-14 09:25:59.5516;1087.7;5;['F', 'LS1', 'TG', 'DE', 'BB1'];0.25;0.0342;7.3;7.55;1095.0
1233786;A1TNU6;2026-04-14 09:25:59.5935;2427.3;5;['TG', 'LS1', 'F', 'DE', 'BB1'];0.16;0.0593;2.7;2.86;2430.0
1428182;A1TNUT;2026-04-14 09:25:59.6160;14855.2;6;['F', 'TG', 'LS1', 'SC1', 'DE', 'BB1'];0.15;0.006;24.85;25.0;14880.0
957618;A1TNV9;2026-04-14 09:25:59.6405;6274.18;6;['F', 'LS1', 'SC1', 'TG', 'DE', 'BB1'];0.18;0.006;30.12;30.3;6304.2
1298418;A1TNWJ;2026-04-14 09:25:59.6787;4278.9;5;['TG', 'LS1', 'DE', 'F', 'BB1'];0.06;0.0117;5.12;5.18;3729.6
342585;A1X3WW;2026-04-14 09:25:59.7840;0.0;1;['F'];2.0;0.4444;4.5;6.5;0.0
1291078;A1X3WX;2026-04-14 09:25:59.8150;893.112;5;['F', 'TG', 'LS1', 'DE', 'BB1'];0.044;0.1068;0.412;0.456;893.52
916661;A1X3XX;2026-04-14 09:25:59.8389;3898.7000000000003;5;['F', 'LS1', 'TG', 'DE', 'BB1'];0.03;0.0231;1.3;1.33;3765.4
228361;A1X3YY;2026-04-14 09:25:59.8766;4025.6000000000004;5;['F', 'LS1', 'TG', 'DE', 'BB1'];0.18;0.0276;6.52;6.7;4032.0
887496;A1YC91;2026-04-14 09:25:59.9033;1148.3999999999999;5;['F', 'LS1', 'TG', 'DE', 'BB1'];0.2;0.0172;11.6;11.8;1160.0
1347654;A1YC99;2026-04-14 09:25:59.9945;0.0;2;['TG', 'F'];0.0095;1.0;0.0095;0.019;47.5
2058674;A25420;2026-04-14 09:26:00.0528;2437.56;5;['TG', 'LS1', 'DE', 'F', 'BB1'];0.06;0.024;2.5;2.56;2440.0
2047922;A25421;2026-04-14 09:26:00.1091;2350.6949999999997;5;['TG', 'LS1', 'F', 'DE', 'BB1'];0.025;0.0249;1.005;1.03;2351.7
2881289;A25429;2026-04-14 09:26:00.1477;0.0;2;['DE', 'LS1'];6.0;0.0268;224.0;230.0;0.0
2345776;A255F1;2026-04-14 09:26:00.1733;5219.85;6;['LS1', 'TG', 'F', 'DE', 'SC1', 'BB1'];0.3;0.004;75.7;76.0;3800.0
782908;A255G0;2026-04-14 09:26:00.2590;3022.7400000000002;5;['TG', 'F', 'LS1', 'DE', 'BB1'];0.025;0.0198;1.26;1.285;3024.0
2482781;A289B0;2026-04-14 09:26:00.2906;0.0;0;[];0.088;0.2914;0.302;0.39;0.0
995333;A289V0;2026-04-14 09:26:00.3154;3472.6;5;['TG', 'LS1', 'F', 'BB1', 'DE'];0.05;0.0026;19.4;19.45;3491.9999999999995
1089521;A2AA20;2026-04-14 09:26:00.3483;1247.4650000000001;5;['TG', 'LS1', 'F', 'DE', 'BB1'];0.07;0.0395;1.77;1.84;1249.2
1308306;A2AAA7;2026-04-14 09:26:00.3795;1185.44;5;['F', 'LS1', 'TG', 'DE', 'BB1'];0.2;0.04;5.0;5.2;1190.4
820401;A2AAE2;2026-04-14 09:26:00.4177;4028.64;5;['TG', 'LS1', 'DE', 'F', 'BB1'];0.01;0.003;3.36;3.37;4032.0
806482;A2BPK3;2026-04-14 09:26:00.4501;0.0;5;['LS1', 'TG', 'F', 'DE', 'BB1'];0.1;0.0069;14.55;14.65;2352.0
1818429;A2DA58;2026-04-14 09:26:00.4730;2425.95;5;['TG', 'LS1', 'F', 'DE', 'BB1'];0.19;0.0466;4.08;4.27;2430.0
2032399;A2DAM0;2026-04-14 09:26:00.4954;4927.0;5;['TG', 'LS1', 'F', 'DE', 'BB1'];0.24;0.0185;13.0;13.24;4940.0
1529855;A2E4K4;2026-04-14 09:26:00.5188;14955.19;6;['F', 'LS1', 'TG', 'SC1', 'DE', 'BB1'];0.0;0.0;17.42;17.42;15146.7
1974066;A2E4LE;2026-04-14 09:26:00.5412;0.0;5;['F', 'TG', 'LS1', 'DE', 'BB1'];0.105;0.0242;4.335;4.44;1083.75
1551683;A2E4MK;2026-04-14 09:26:00.5763;0.0;3;['F', 'TG', 'BB1'];0.018;0.06;0.3;0.318;1500.0
1009478;A2E4SV;2026-04-14 09:26:00.6079;2764.32;5;['TG', 'LS1', 'F', 'DE', 'BB1'];0.04;0.0192;2.08;2.12;2766.4
1645745;A2E4T7;2026-04-14 09:26:00.6412;3578.02;5;['F', 'TG', 'LS1', 'DE', 'BB1'];0.08;0.0201;3.98;4.06;3582.0
1876741;A2G8X3;2026-04-14 09:26:00.6726;4947.6;5;['F', 'TG', 'LS1', 'DE', 'BB1'];0.2;0.0161;12.4;12.6;4960.0
100402;A2G8ZX;2026-04-14 09:26:00.7192;4070.4;5;['F', 'LS1', 'TG', 'DE', 'BB1'];0.7;0.0273;25.6;26.3;4096.0
2051366;A2G9M1;2026-04-14 09:26:00.7667;0.0;1;['BB1'];1.4;0.0625;22.4;23.8;0.0
2816576;A2GS5D;2026-04-14 09:26:00.8010;10968.449999999999;6;['SC1', 'F', 'TG', 'LS1', 'DE', 'BB1'];0.1;0.0023;44.2;44.3;6607.5
1145100;A2GS60;2026-04-14 09:26:00.8604;4118.2;5;['F', 'LS1', 'TG', 'DE', 'BB1'];0.2;0.0169;11.8;12.0;4130.0
136268;A2GS62;2026-04-14 09:26:00.9593;400.91979999999995;1;['TG'];0.0152;0.1895;0.0802;0.0954;400.99999999999994
2355949;A2GS63;2026-04-14 09:26:00.9836;6055.150000000001;5;['TG', 'LS1', 'F', 'DE', 'BB1'];0.28;0.0161;17.36;17.64;6072.500000000001
127468;A2GSU4;2026-04-14 09:26:01.0381;4071.1500000000005;5;['F', 'LS1', 'TG', 'DE', 'BB1'];0.05;0.0031;16.35;16.4;3279.9999999999995
803015;A2LQ2D;2026-04-14 09:26:01.1164;0.0;4;['F', 'LS1', 'DE', 'BB1'];1.2;0.0296;40.6;41.8;0.0
287987;A2LQ88;2026-04-14 09:26:01.1501;13043.34;6;['TG', 'LS1', 'F', 'DE', 'SC1', 'BB1'];0.0;0.0;18.7;18.7;13062.0
2810832;A2LQUA;2026-04-14 09:26:01.1992;0.0;1;['F'];0.095;19.0;0.005;0.1;0.0
724075;A2N4H0;2026-04-14 09:26:01.2246;5965.049999999999;5;['TG', 'LS1', 'F', 'DE', 'BB1'];0.25;0.0167;14.95;15.2;5980.0
1123278;A2NB60;2026-04-14 09:26:01.2759;9442.42;6;['LS1', 'TG', 'F', 'DE', 'SC1', 'BB1'];0.0;0.0;31.6;31.6;9474.0
1784426;A2NB65;2026-04-14 09:26:01.3092;10014.900000000001;6;['SC1', 'TG', 'LS1', 'F', 'DE', 'BB1'];0.05;0.002;25.1;25.15;10040.0
839123;A2NBX8;2026-04-14 09:26:01.3388;3423.42;5;['TG', 'LS1', 'F', 'DE', 'BB1'];0.1;0.0117;8.58;8.68;3432.0
2894552;A2P4HL;2026-04-14 09:26:01.3736;2391.34;5;['TG', 'F', 'LS1', 'DE', 'BB1'];0.12;0.0448;2.68;2.8;2394.0
690214;A2QDNX;2026-04-14 09:26:01.4126;0.0;2;['TG', 'LS1'];0.012;0.2162;0.0555;0.0675;111.0
1047543;A2TR91;2026-04-14 09:26:01.4822;979.916;4;['TG', 'F', 'BB1', 'LS1'];0.058;0.0524;1.106;1.164;981.022
1712036;A2TSU2;2026-04-14 09:26:01.5351;0.0;1;['F'];4.9;0.28;17.5;22.4;0.0
109967;A2YN35;2026-04-14 09:26:01.5925;5127.4400000000005;6;['LS1', 'SC1', 'TG', 'F', 'DE', 'BB1'];0.14;0.0163;8.57;8.71;5136.0
1357880;A2YN50;2026-04-14 09:26:01.6280;4708.200000000001;5;['TG', 'LS1', 'DE', 'F', 'BB1'];0.04;0.0034;11.8;11.84;4720.0
1715970;A2YN77;2026-04-14 09:26:01.6521;2454.66;5;['F', 'TG', 'LS1', 'DE', 'BB1'];0.06;0.0256;2.34;2.4;2457.0
1159763;A2YN90;2026-04-14 09:26:01.6783;;6;['SC1', 'TG', 'LS1', 'F', 'DE', 'BB1'];0.014;0.0032;4.344;4.358;5229.599999999999
1000039;A2YNT3;2026-04-14 09:26:01.7238;5214.200000000001;6;['F', 'SC1', 'LS1', 'TG', 'DE', 'BB1'];1.2;0.0067;180.0;181.2;5397.0
1715987;A2YPDD;2026-04-14 09:26:01.7636;;5;['TG', 'LS1', 'F', 'BB1', 'DE'];-0.04;-0.0051;7.78;7.74;4093.2
1471390;A32VN5;2026-04-14 09:26:01.7866;1090.7;5;['TG', 'LS1', 'F', 'DE', 'BB1'];0.0;0.0;1.3;0.0;1092.0
1297741;A35JS4;2026-04-14 09:26:01.8125;2516.85;5;['LS1', 'TG', 'F', 'DE', 'BB1'];0.07;0.0222;3.15;3.22;2520.0
1946842;A35JS9;2026-04-14 09:26:01.9117;0.0;4;['TG', 'F', 'LS1', 'BB1'];0.25;0.0301;8.3;8.55;940.5000000000001
3220181;A37FTW;2026-04-14 09:26:02.0538;1090.2;4;['TG', 'F', 'LS1', 'BB1'];0.2;0.0144;13.9;14.1;1104.0
1377580;A3CM70;2026-04-14 09:26:02.0971;0.0;4;['F', 'LS1', 'DE', 'BB1'];0.065;0.1204;0.54;0.605;0.0
930395;A3CMGN;2026-04-14 09:26:02.1496;1080.47;5;['TG', 'LS1', 'F', 'DE', 'BB1'];0.0;0.0;1.05;1.05;1081.5
803010;A3CN9R;2026-04-14 09:26:02.1789;1126.1950000000002;5;['F', 'TG', 'LS1', 'DE', 'BB1'];0.04;0.0497;0.805;0.845;1127.0
1944349;A3CQ7F;2026-04-14 09:26:02.2145;2957.04;5;['TG', 'LS1', 'DE', 'F', 'BB1'];0.07;0.0236;2.96;3.03;2960.0
148893;A3CRRN;2026-04-14 09:26:02.2463;2352.0294999999996;5;['TG', 'F', 'LS1', 'DE', 'BB1'];0.0195;0.0406;0.48;0.4995;2352.5
1911375;A3CSAE;2026-04-14 09:26:02.2779;1976.33;5;['TG', 'LS1', 'DE', 'F', 'BB1'];0.035;0.0271;1.29;1.325;1977.6149999999998
1270822;A3DRAE;2026-04-14 09:26:02.4630;2571.4;5;['F', 'TG', 'LS1', 'DE', 'BB1'];0.1;0.0116;8.6;8.7;2580.0
2932876;A3DSV0;2026-04-14 09:26:02.4854;3497.83;5;['TG', 'LS1', 'F', 'DE', 'BB1'];0.2;0.0428;4.67;4.87;3409.0
1270725;A3E00M;2026-04-14 09:26:02.5227;9671.76;6;['F', 'LS1', 'SC1', 'TG', 'DE', 'BB1'];0.0;0.0;24.26;24.26;9696.0
2563561;A3E5A5;2026-04-14 09:26:02.5760;3934.5660000000003;5;['F', 'LS1', 'DE', 'TG', 'BB1'];0.066;0.0356;1.852;1.918;3589.7999999999997
990197;A3E5C0;2026-04-14 09:26:02.6502;0.0;1;['TG'];0.0058;0.4265;0.0136;0.0194;135.0
3026912;A3E5C2;2026-04-14 09:26:02.6995;0.0;4;['F', 'LS1', 'DE', 'BB1'];0.07;0.0522;1.34;1.41;0.0
1967228;A3E5CP;2026-04-14 09:26:02.7560;0.0;1;['BB1'];1.4;0.03;46.6;48.0;0.0
2562576;A3E5D5;2026-04-14 09:26:02.7950;5095.95;6;['SC1', 'LS1', 'F', 'DE', 'TG', 'BB1'];0.1;0.0031;32.05;32.15;5128.0
2574483;A3E5D6;2026-04-14 09:26:02.8273;13850.22;6;['SC1', 'LS1', 'TG', 'DE', 'F', 'BB1'];0.0;0.0;38.6;38.6;13888.8
705248;A3E5E5;2026-04-14 09:26:02.8533;3507.3;5;['LS1', 'TG', 'F', 'DE', 'BB1'];0.08;0.0294;2.72;2.8;3510.0000000000005
1253825;A3E5ED;2026-04-14 09:26:02.9287;5190.29;5;['TG', 'LS1', 'F', 'DE', 'BB1'];0.15;0.04;3.75;3.9;4680.0
295116;A3E5EG;2026-04-14 09:26:02.9699;0.0;2;['TG', 'F'];0.0315;0.6774;0.0465;0.078;186.0
2601838;A3ENQ5;2026-04-14 09:26:03.0224;6023.16;6;['TG', 'LS1', 'SC1', 'DE', 'F', 'BB1'];0.02;0.0014;14.06;14.08;3017.4
4585959;A3ESL5;2026-04-14 09:26:03.0624;0.0;0;[];0.07;0.0443;1.58;1.65;0.0
1714843;A3EYLC;2026-04-14 09:26:03.1100;2900.2999999999997;5;['F', 'TG', 'LS1', 'DE', 'BB1'];0.15;0.0155;9.7;9.85;2910.0
1381661;A3H210;2026-04-14 09:26:03.1316;1070.66;4;['TG', 'LS1', 'DE', 'BB1'];0.05;0.0365;1.37;1.42;1072.0
1108605;A3H213;2026-04-14 09:26:03.1560;1098.3899999999999;5;['TG', 'F', 'LS1', 'DE', 'BB1'];0.07;0.0496;1.41;1.48;1099.8
918767;A3H220;2026-04-14 09:26:03.1798;;6;['SC1', 'LS1', 'TG', 'DE', 'F', 'BB1'];0.26;0.0058;45.08;45.34;6753.000000000001
1033472;A3H233;2026-04-14 09:26:03.2107;6631.26;6;['F', 'TG', 'LS1', 'DE', 'SC1', 'BB1'];0.0;0.0;4.745;4.745;5296.25
2041790;A3H3L4;2026-04-14 09:26:03.2404;0.0;4;['TG', 'F', 'LS1', 'BB1'];0.4;0.0412;9.7;10.1;1067.0
3399212;A3MQR9;2026-04-14 09:26:03.2802;998.66;5;['F', 'TG', 'LS1', 'DE', 'BB1'];0.2;0.0599;3.34;3.54;1002.0
139914;A4096T;2026-04-14 09:26:03.3368;;5;['F', 'LS1', 'TG', 'DE', 'BB1'];0.08;0.0385;2.08;2.16;1153.6000000000001
188856;A40AEG;2026-04-14 09:26:03.4177;4198.0;4;['TG', 'LS1', 'DE', 'BB1'];0.06;0.03;2.0;2.06;4200.0
1473031;A40ESG;2026-04-14 09:26:03.4670;0.0;2;['TG', 'F'];0.011;0.4472;0.0246;0.0356;123.42
246725;A40ESU;2026-04-14 09:26:03.5040;4242.1;5;['TG', 'LS1', 'F', 'DE', 'BB1'];0.7;0.0097;71.9;72.6;4314.0
2229160;A40ET1;2026-04-14 09:26:03.5646;2496.6;5;['F', 'LS1', 'TG', 'DE', 'BB1'];0.1;0.0088;11.4;11.5;2508.0
3798065;A40KXC;2026-04-14 09:26:03.6000;0.0;4;['F', 'LS1', 'DE', 'BB1'];0.24;0.0686;3.5;3.74;0.0
100192;A40KXL;2026-04-14 09:26:03.6518;;5;['F', 'LS1', 'TG', 'DE', 'BB1'];0.035;0.0486;0.72;0.755;1084.1999999999998
1373337;A40KYB;2026-04-14 09:26:03.7204;;4;['TG', 'F', 'LS1', 'BB1'];0.1;0.1316;0.76;0.86;972.8
4045121;A40QVM;2026-04-14 09:26:03.7625;3769.2;6;['TG', 'LS1', 'SC1', 'DE', 'F', 'BB1'];0.8;0.0114;69.9;70.7;3839.0
192183;A40ZTT;2026-04-14 09:26:03.8470;;5;['TG', 'F', 'LS1', 'DE', 'BB1'];0.7;0.07;10.0;10.7;2000.0
1663639;A40ZUV;2026-04-14 09:26:03.8989;;5;['F', 'TG', 'LS1', 'DE', 'BB1'];0.04;0.0147;2.72;2.76;1215.0
2957224;A40ZVU;2026-04-14 09:26:04.0433;;4;['F', 'TG', 'DE', 'BB1'];0.05;0.0388;1.29;1.34;1032.0
100472;A40ZVZ;2026-04-14 09:26:04.1204;0.0;2;['LS1', 'F'];0.0;0.0;0.0005;0.0;0.0
123811;A40ZW0;2026-04-14 09:26:04.1582;0.0;0;[];0.6;0.0176;34.0;34.6;0.0
559905;A40ZW8;2026-04-14 09:26:04.1889;;5;['TG', 'LS1', 'F', 'BB1', 'DE'];0.03;0.0114;2.64;2.67;3156.0
212385;A41YCM;2026-04-14 09:26:04.3638;;5;['TG', 'F', 'BB1', 'DE', 'LS1'];0.075;0.0502;1.495;1.57;2369.1
251827;A41YCR;2026-04-14 09:26:04.4114;;5;['F', 'TG', 'LS1', 'DE', 'BB1'];0.2;0.0719;2.78;2.98;2029.3999999999999
106053;A41YD3;2026-04-14 09:26:04.5844;0.0;0;[];0.05;0.045;1.11;1.16;0.0
4410683;A41YDG;2026-04-14 09:26:04.6379;;5;['F', 'TG', 'LS1', 'DE', 'BB1'];0.08;0.0223;3.595;3.675;2516.5
101027;A41YDL;2026-04-14 09:26:04.6912;;5;['F', 'LS1', 'TG', 'DE', 'BB1'];0.112;0.0795;1.408;1.52;2816.0
3066768;A421RZ;2026-04-14 09:26:04.7304;;5;['F', 'LS1', 'TG', 'DE', 'BB1'];0.5;0.0117;42.6;43.1;5112.0
135866;A4BGGM;2026-04-14 09:26:04.8365;;5;['TG', 'F', 'LS1', 'DE', 'BB1'];0.09;0.0363;2.48;2.57;2356.0
565015;AUM0V1;2026-04-14 09:26:04.8710;;6;['TG', 'LS1', 'F', 'SC1', 'DE', 'BB1'];-0.05;-0.0014;36.7;36.65;6606.000000000001
283133;BASF11;2026-04-14 09:26:04.8954;;6;['TG', 'SC1', 'LS1', 'F', 'DE', 'BB1'];0.0;0.0;54.87;54.87;32922.0
536661;BAY001;2026-04-14 09:26:04.9307;;6;['SC1', 'TG', 'LS1', 'DE', 'F', 'BB1'];0.0;0.0;41.11;41.11;102700.0
124451;BCK222;2026-04-14 09:26:04.9605;;6;['SC1', 'TG', 'LS1', 'DE', 'F', 'BB1'];0.2;0.0036;56.0;56.2;7826.0
116778;BEAU1Y;2026-04-14 09:26:05.0173;;6;['TG', 'LS1', 'F', 'DE', 'SC1', 'BB1'];0.04;0.0038;10.64;10.68;5243.0
854166;BGAG98;2026-04-14 09:26:05.0434;1084.3799999999999;4;['TG', 'LS1', 'DE', 'BB1'];0.045;0.0726;0.62;0.665;1085.0
160095;CBK100;2026-04-14 09:26:05.0677;;6;['SC1', 'F', 'TG', 'LS1', 'DE', 'BB1'];-0.01;-0.0003;34.63;34.62;48454.0
2329097;DTR0CK;2026-04-14 09:26:05.1090;;6;['SC1', 'TG', 'LS1', 'F', 'DE', 'BB1'];0.0;0.0;44.46;44.46;17772.0
2295027;DWS100;2026-04-14 09:26:05.1583;12493.949999999999;6;['TG', 'LS1', 'F', 'SC1', 'BB1', 'DE'];0.0;0.0;57.1;57.1;12551.0
301808;ENAG99;2026-04-14 09:26:05.1893;;6;['TG', 'SC1', 'F', 'LS1', 'DE', 'BB1'];0.0;0.0;19.46;19.46;19465.0
2444580;ENER6Y;2026-04-14 09:26:05.2149;;6;['SC1', 'TG', 'F', 'LS1', 'DE', 'BB1'];-0.05;-0.0003;169.35;169.3;50784.0
190445;EVNK01;2026-04-14 09:26:05.2405;10368.689999999999;6;['LS1', 'TG', 'DE', 'SC1', 'F', 'BB1'];0.0;0.0;17.31;17.31;10386.0
1555877;FTG111;2026-04-14 09:26:05.2706;6158.36;6;['TG', 'LS1', 'DE', 'SC1', 'BB1', 'F'];0.0;0.0;36.46;36.46;6194.799999999999
2337276;HAG000;2026-04-14 09:26:05.2996;15637.42;6;['F', 'TG', 'LS1', 'SC1', 'DE', 'BB1'];0.0;0.0;78.7;78.7;7864.0
821606;HLAG47;2026-04-14 09:26:05.3466;0.0;5;['LS1', 'F', 'SC1', 'DE', 'BB1'];0.0;0.0;117.0;117.0;0.0
2170246;JST400;2026-04-14 09:26:05.4971;3109.3;6;['LS1', 'TG', 'F', 'SC1', 'DE', 'BB1'];0.0;0.0;52.8;52.8;3162.0
1887658;KBX100;2026-04-14 09:26:05.5248;15496.0;6;['TG', 'LS1', 'F', 'DE', 'SC1', 'BB1'];0.0;0.0;104.1;104.1;15585.0
404734;KC0100;2026-04-14 09:26:05.5517;6117.74;6;['SC1', 'TG', 'LS1', 'DE', 'F', 'BB1'];0.04;0.0033;12.26;12.3;6130.0
1395530;KGX888;2026-04-14 09:26:05.5853;11237.37;6;['SC1', 'LS1', 'TG', 'DE', 'F', 'BB1'];0.0;0.0;45.15;45.15;9036.0
1251244;KSAG88;2026-04-14 09:26:05.6136;6220.41;6;['SC1', 'TG', 'LS1', 'F', 'DE', 'BB1'];0.0;0.0;15.61;15.61;6232.0
1214009;LEG111;2026-04-14 09:26:05.6457;18283.85;6;['LS1', 'SC1', 'TG', 'F', 'DE', 'BB1'];0.0;0.0;61.2;61.2;18345.0
1682063;LS1LUS;2026-04-14 09:26:05.6873;6453.0;4;['F', 'TG', 'DE', 'BB1'];0.2;0.0074;27.1;27.3;5460.0
3283284;NCA000;2026-04-14 09:26:05.7133;5422.395;6;['TG', 'LS1', 'F', 'SC1', 'DE', 'BB1'];0.045;0.0054;8.36;8.405;5434.0
1834466;PAG911;2026-04-14 09:26:05.7444;;6;['LS1', 'SC1', 'TG', 'F', 'DE', 'BB1'];0.0;0.0;43.09;43.09;10777.5
369578;PAH003;2026-04-14 09:26:05.7893;;6;['SC1', 'TG', 'LS1', 'F', 'DE', 'BB1'];-0.01;-0.0003;32.35;32.34;31056.0
372289;PAT1AG;2026-04-14 09:26:05.8165;4288.84;6;['TG', 'LS1', 'SC1', 'F', 'DE', 'BB1'];0.0;0.0;7.17;7.17;4296.0
115157;PFSE21;2026-04-14 09:26:05.8459;4829.15;6;['F', 'TG', 'LS1', 'SC1', 'DE', 'BB1'];0.05;0.0006;81.95;82.0;4911.0
643668;PSM777;2026-04-14 09:26:05.8714;8215.890000000001;6;['LS1', 'F', 'TG', 'DE', 'SC1', 'BB1'];0.024;0.0058;4.114;4.138;8288.0
1491354;RENK73;2026-04-14 09:26:05.9022;8953.619999999999;6;['SC1', 'LS1', 'F', 'TG', 'DE', 'BB1'];0.0;0.0;53.01;53.01;9010.0
881464;SAFH00;2026-04-14 09:26:05.9283;3621.7999999999997;6;['TG', 'LS1', 'SC1', 'F', 'DE', 'BB1'];0.0;0.0;18.2;18.2;7272.0
2734762;SHA010;2026-04-14 09:26:06.0152;;6;['LS1', 'TG', 'F', 'DE', 'SC1', 'BB1'];0.0;0.0;7.88;7.88;7083.0
873672;SHL100;2026-04-14 09:26:06.0390;;6;['LS1', 'TG', 'F', 'DE', 'SC1', 'BB1'];0.0;0.0;37.99;37.99;45575.99999999999
1576283;SPG100;2026-04-14 09:26:06.0763;4971.78;6;['TG', 'LS1', 'F', 'BB1', 'DE', 'SC1'];0.1;0.0056;17.84;17.94;4310.400000000001
1153992;STAB1L;2026-04-14 09:26:06.1122;6372.740000000001;6;['LS1', 'F', 'TG', 'DE', 'SC1', 'BB1'];0.08;0.0044;18.28;18.36;6391.000000000001
1063606;STRA55;2026-04-14 09:26:06.1382;3146.8199999999997;5;['TG', 'LS1', 'F', 'DE', 'BB1'];0.22;0.0125;17.62;17.84;3404.8
488241;SYM999;2026-04-14 09:26:06.1635;;6;['TG', 'LS1', 'SC1', 'F', 'DE', 'BB1'];0.0;0.0;73.38;73.38;16501.5
4318010;TKMS00;2026-04-14 09:26:06.1977;;6;['TG', 'LS1', 'SC1', 'F', 'DE', 'BB1'];0.0;0.0;84.6;84.6;10128.0
1257632;TLX100;2026-04-14 09:26:06.2295;17075.399999999998;6;['LS1', 'TG', 'F', 'DE', 'SC1', 'BB1'];0.0;0.0;114.8;114.8;17190.0
2975964;TRAT0N;2026-04-14 09:26:06.2599;6610.78;6;['F', 'LS1', 'TG', 'DE', 'SC1', 'BB1'];0.0;0.0;33.24;33.24;5022.259999999999
2192267;TUAG50;2026-04-14 09:26:06.3128;14484.754;6;['LS1', 'F', 'TG', 'SC1', 'DE', 'BB1'];-0.008;-0.0011;7.248;7.24;10875.0
3353466;UNSE02;2026-04-14 09:26:06.3391;5580.849999999999;6;['TG', 'F', 'LS1', 'SC1', 'DE', 'BB1'];0.55;0.0137;40.25;40.8;5621.0
596078;WACK01;2026-04-14 09:26:06.3625;3912.34;6;['LS1', 'TG', 'F', 'SC1', 'DE', 'BB1'];0.04;0.002;19.68;19.72;5898.0
961736;WAF300;2026-04-14 09:26:06.3856;15054.800000000001;6;['LS1', 'TG', 'F', 'DE', 'SC1', 'BB1'];0.1;0.0016;61.8;61.9;6195.0
375484;WCH888;2026-04-14 09:26:06.4204;22596.75;6;['LS1', 'TG', 'F', 'DE', 'SC1', 'BB1'];0.0;0.0;90.85;90.85;22650.0
1595570;WNDL30;2026-04-14 09:26:06.4551;0.0;5;['F', 'TG', 'LS1', 'DE', 'BB1'];0.02;0.0714;0.28;0.3;750.4000000000001
1133256;ZAL111;2026-04-14 09:26:06.4802;;6;['SC1', 'TG', 'LS1', 'F', 'DE', 'BB1'];0.0;0.0;21.91;21.91;15104.1
981120;ZEAL24;2026-04-14 09:26:06.5062;4870.8;6;['F', 'TG', 'LS1', 'SC1', 'DE', 'BB1'];0.2;0.0041;49.2;49.4;4920.0
1318337;854095;2026-04-14 09:26:06.5317;0.0;3;['LS1', 'F', 'BB1'];1.0;0.0081;124.0;125.0;0.0
199202;861061;2026-04-14 09:26:06.5719;40495.2;5;['SC1', 'LS1', 'F', 'TG', 'DE'];0.05;0.0004;112.8;112.85;40608.0
199214;890262;2026-04-14 09:26:06.6180;0.0;3;['LS1', 'F', 'BB1'];20.0;0.024;834.0;854.0;0.0
199212;871970;2026-04-14 09:26:06.6442;5049.894;4;['LS1', 'F', 'TG', 'BB1'];0.036;0.0294;1.226;1.262;5051.12
725030;860885;2026-04-14 09:26:06.6928;9910.699999999999;4;['LS1', 'F', 'TG', 'SC1'];0.15;0.0021;71.3;71.45;9982.0
355315;861929;2026-04-14 09:26:06.7348;12636.0;5;['SC1', 'LS1', 'F', 'TG', 'DE'];2.0;0.0009;2106.0;2108.0;14742.0
301093;861837;2026-04-14 09:26:06.7581;31980.0;5;['LS1', 'SC1', 'F', 'TG', 'DE'];1.0;0.0005;2132.0;2133.0;34112.0
199213;881008;2026-04-14 09:26:06.8105;0.0;1;['LS1'];0.0016;0.0468;0.0342;0.0358;0.0
199219;939166;2026-04-14 09:26:06.8651;0.0;3;['LS1', 'F', 'BB1'];0.2;0.0155;12.9;13.1;0.0
995687;903257;2026-04-14 09:26:06.9147;0.0;2;['LS1', 'F'];0.3;0.0462;6.5;6.8;0.0
199204;565131;2026-04-14 09:26:06.9594;29871.600000000002;5;['SC1', 'LS1', 'F', 'TG', 'DE'];0.0;0.0;241.0;241.0;30112.5
199208;854734;2026-04-14 09:26:07.0082;15718.89;5;['SC1', 'LS1', 'F', 'TG', 'DE'];0.02;0.0015;13.11;13.13;15732.0
199206;850857;2026-04-14 09:26:07.0464;26583.620000000003;5;['SC1', 'LS1', 'F', 'TG', 'DE'];0.03;0.0007;44.38;44.41;26622.0
725238;A0BLGA;2026-04-14 09:26:07.1051;4895.650000000001;3;['LS1', 'F', 'TG'];0.35;0.0128;27.35;27.7;4923.0
602512;861226;2026-04-14 09:26:07.1866;9867.1;5;['LS1', 'SC1', 'F', 'TG', 'DE'];0.1;0.0008;124.9;125.0;9992.0
275605;A0DKMP;2026-04-14 09:26:07.2134;9796.0;5;['SC1', 'LS1', 'F', 'TG', 'DE'];0.1;0.0008;124.0;124.1;9920.0
195351;A0D9FT;2026-04-14 09:26:07.2607;10383.300000000001;4;['SC1', 'LS1', 'F', 'TG'];0.1;0.0013;74.7;74.8;10458.0
199217;917165;2026-04-14 09:26:07.3139;10058.66;5;['LS1', 'SC1', 'F', 'TG', 'DE'];0.02;0.0008;26.54;26.56;10085.199999999999
237855;A0JDT8;2026-04-14 09:26:07.3779;9744.630000000001;3;['LS1', 'F', 'TG'];0.22;0.0232;9.48;9.7;9754.1
116251;A0MS80;2026-04-14 09:26:07.4405;4921.84;4;['SC1', 'LS1', 'F', 'TG'];0.18;0.0043;41.5;41.68;4972.799999999999
895144;A0MRDY;2026-04-14 09:26:07.4712;10833.9;5;['LS1', 'F', 'TG', 'SC1', 'DE'];0.1;0.0005;221.1;221.2;11055.0
809188;A0MQ8K;2026-04-14 09:26:07.5330;9898.98;4;['SC1', 'LS1', 'F', 'TG'];0.2;0.0052;38.26;38.46;9937.199999999999
1276077;A0NBLH;2026-04-14 09:26:07.5569;20098.530000000002;5;['SC1', 'LS1', 'TG', 'F', 'DE'];0.01;0.0005;21.89;21.9;20129.6
978846;A0NB6E;2026-04-14 09:26:07.6151;0.0;2;['F', 'LS1'];1.2;0.0403;29.8;31.0;0.0
705619;A1C6JV;2026-04-14 09:26:07.6593;25113.84;5;['LS1', 'F', 'TG', 'SC1', 'DE'];0.06;0.0009;64.62;64.68;25186.2
323004;A0YJW7;2026-04-14 09:26:07.6847;10150.21;5;['LS1', 'F', 'TG', 'SC1', 'DE'];0.05;0.0013;39.2;39.25;10189.4
799504;A1JP9Y;2026-04-14 09:26:07.7273;36054.42;5;['SC1', 'LS1', 'F', 'TG', 'DE'];0.02;0.0004;51.58;51.6;36092.0
1448600;A1KAGC;2026-04-14 09:26:07.7525;37187.7;5;['LS1', 'F', 'TG', 'SC1', 'DE'];0.04;0.0007;57.32;57.36;37245.0
1138080;A1T85G;2026-04-14 09:26:07.8670;0.0;2;['LS1', 'F'];0.0075;0.0333;0.2255;0.233;0.0
1428537;A1W023;2026-04-14 09:26:07.9341;0.0;4;['F', 'SC1', 'LS1', 'BB1'];0.12;0.0084;14.36;14.48;0.0
1390812;A1W980;2026-04-14 09:26:07.9809;0.0;2;['F', 'LS1'];0.105;0.0376;2.795;2.9;0.0
2035932;A1XE8F;2026-04-14 09:26:08.0772;12927.599999999999;5;['SC1', 'LS1', 'TG', 'F', 'DE'];0.02;0.0006;32.4;32.42;12960.0
2204710;A14MS1;2026-04-14 09:26:08.1162;0.0;2;['LS1', 'F'];0.21;0.0361;5.81;6.02;0.0
431367;A14R8E;2026-04-14 09:26:08.1613;10272.1;4;['LS1', 'F', 'TG', 'SC1'];0.1;0.0014;73.9;74.0;10346.0
122043;A14S5W;2026-04-14 09:26:08.2041;10269.419999999998;5;['SC1', 'F', 'LS1', 'TG', 'DE'];0.02;0.001;20.58;20.6;10290.0
706978;A140P3;2026-04-14 09:26:08.2451;0.0;4;['SC1', 'LS1', 'F', 'BB1'];0.1;0.0065;15.41;15.51;0.0
1606046;A2AD2Q;2026-04-14 09:26:08.3054;5045.3099999999995;4;['LS1', 'F', 'TG', 'SC1'];0.0;0.0;9.19;9.19;5054.5
978853;A2AD7T;2026-04-14 09:26:08.3484;3137.8;5;['SC1', 'LS1', 'TG', 'F', 'BB1'];0.4;0.0037;108.2;108.6;3246.0
800088;A2AKB9;2026-04-14 09:26:08.3940;10103.22;5;['SC1', 'LS1', 'F', 'TG', 'DE'];0.02;0.0007;27.38;27.4;10130.6
2785083;A2DT94;2026-04-14 09:26:08.4394;0.0;2;['LS1', 'F'];0.0004;0.1667;0.0024;0.0028;0.0
133914;A2DSNH;2026-04-14 09:26:08.4790;0.0;4;['LS1', 'SC1', 'F', 'BB1'];0.8;0.0037;214.4;215.2;0.0
553873;A2GSX8;2026-04-14 09:26:08.5636;0.0;3;['LS1', 'F', 'BB1'];0.24;0.013;18.5;18.74;0.0
742950;A2H8WL;2026-04-14 09:26:08.6103;0.0;2;['LS1', 'F'];0.01;0.0645;0.155;0.165;0.0
256516;A2JAHY;2026-04-14 09:26:08.6601;14998.320000000002;4;['LS1', 'SC1', 'F', 'TG'];0.025;0.0028;8.88;8.905;15007.2
519598;A2JM5M;2026-04-14 09:26:08.6868;9989.800000000001;4;['LS1', 'TG', 'SC1', 'F'];0.2;0.004;50.25;50.45;10040.0
992139;A2PLD8;2026-04-14 09:26:08.7468;0.0;4;['SC1', 'LS1', 'F', 'BB1'];0.2;0.008;24.85;25.05;0.0
158798;A2PV11;2026-04-14 09:26:08.7889;0.0;2;['LS1', 'F'];0.38;0.0679;5.6;5.98;0.0
2399033;A2P2PY;2026-04-14 09:26:08.8112;0.0;1;['BB1'];100.0;0.1117;895.0;995.0;0.0
124605;A2QG5D;2026-04-14 09:26:08.8490;3363.385;5;['TG', 'F', 'LS1', 'SC1', 'BB1'];0.01;0.0018;5.615;5.625;3369.0
103465;A3CMNS;2026-04-14 09:26:08.9479;50058.5;5;['LS1', 'F', 'TG', 'SC1', 'DE'];0.0;0.0;26.5;26.5;50066.1
1967493;A3CRXZ;2026-04-14 09:26:09.0400;0.0;2;['LS1', 'F'];0.04;0.0377;1.06;1.1;0.0
1869453;A3DHB1;2026-04-14 09:26:09.0836;0.0;3;['LS1', 'F', 'BB1'];0.14;0.012;11.68;11.82;0.0
2743543;A3DHX9;2026-04-14 09:26:09.1233;0.0;3;['SC1', 'LS1', 'F'];0.06;0.0021;28.68;28.74;0.0
2217250;A3DMBU;2026-04-14 09:26:09.1486;9938.06;3;['LS1', 'TG', 'F'];0.02;0.0044;4.545;4.565;9942.6
2217234;A3DMBV;2026-04-14 09:26:09.2032;9964.24;4;['LS1', 'SC1', 'TG', 'F'];0.015;0.0028;5.37;5.385;9969.6
1961589;A3D9NV;2026-04-14 09:26:09.2612;5328.82;4;['LS1', 'SC1', 'TG', 'F'];0.14;0.0031;44.78;44.92;5373.6
1102681;A3EU6F;2026-04-14 09:26:09.2846;97647.44;6;['F', 'SC1', 'LS1', 'TG', 'BB1', 'DE'];-0.245;-0.0075;32.795;32.55;97620.0
1678744;A3EYNB;2026-04-14 09:26:09.3219;0.0;3;['LS1', 'F', 'BB1'];8.0;0.1006;79.5;87.5;0.0
696516;A41BEB;2026-04-14 09:26:09.3442;10134.599999999999;5;['F', 'LS1', 'TG', 'SC1', 'DE'];0.02;0.0008;25.4;25.42;10160.0
199222;590308;2026-04-14 09:26:09.3994;0.0;3;['LS1', 'F', 'BB1'];0.42;0.0465;9.04;9.46;0.0
294615;A0DKXK;2026-04-14 09:26:09.4486;0.0;1;['LS1'];0.085;0.0756;1.125;1.21;0.0
199221;132962;2026-04-14 09:26:09.5465;0.0;1;['LS1'];0.142;0.2806;0.506;0.648;0.0
199230;913978;2026-04-14 09:26:09.5695;0.0;2;['LS1', 'F'];0.34;0.0584;5.82;6.16;0.0
196909;A0HNKY;2026-04-14 09:26:09.6095;0.0;2;['LS1', 'F'];0.027;0.0443;0.609;0.636;0.0
2065009;579797;2026-04-14 09:26:09.6781;0.0;2;['LS1', 'F'];0.11;0.1294;0.85;0.96;0.0
198310;A0MNR0;2026-04-14 09:26:09.8056;0.0;2;['LS1', 'F'];0.04;0.0336;1.19;1.23;0.0
1372943;A2JNCS;2026-04-14 09:26:09.8544;0.0;3;['LS1', 'F', 'BB1'];0.042;0.0305;1.378;1.42;0.0
331632;A0EQ97;2026-04-14 09:26:09.9324;0.0;2;['LS1', 'F'];0.3;0.0265;11.3;11.6;0.0
198649;A0MUFV;2026-04-14 09:26:09.9697;0.0;2;['LS1', 'F'];0.205;0.1475;1.39;1.595;0.0
2065007;A0Q639;2026-04-14 09:26:10.0649;0.0;2;['LS1', 'F'];0.65;0.0225;28.9;29.55;0.0
907746;A3DQGJ;2026-04-14 09:26:10.0886;0.0;3;['F', 'LS1', 'BB1'];0.07;0.0204;3.435;3.505;0.0
1236266;A3E3N3;2026-04-14 09:26:10.1125;0.0;2;['LS1', 'F'];3.8;0.0824;46.1;49.9;0.0
1995476;A116WC;2026-04-14 09:26:10.1837;10081.83;4;['TG', 'F', 'LS1', 'SC1'];0.02;0.0013;15.07;15.09;10096.9
269473;A117Q0;2026-04-14 09:26:10.2246;11544.92;4;['TG', 'F', 'LS1', 'SC1'];0.04;0.0012;33.08;33.12;11578.0
1465020;A14MDC;2026-04-14 09:26:10.2702;0.0;3;['LS1', 'F', 'BB1'];0.1;0.0455;2.2;2.3;0.0
1081898;A14SCM;2026-04-14 09:26:10.2949;3117.4;4;['TG', 'F', 'LS1', 'BB1'];0.04;0.0153;2.62;2.66;3120.0
1440235;A41B4U;2026-04-14 09:26:10.3284;35112.18;5;['TG', 'F', 'LS1', 'DE', 'SC1'];0.02;0.0008;26.42;26.44;35138.600000000006
995865;A14SE5;2026-04-14 09:26:10.3844;4963.41;3;['F', 'TG', 'LS1'];0.02;0.0072;2.795;2.815;4966.2
998719;A14RZD;2026-04-14 09:26:10.4621;5226.96;5;['TG', 'F', 'LS1', 'SC1', 'DE'];0.02;0.0007;30.04;30.06;5257.0
1728861;A14WGE;2026-04-14 09:26:10.5015;0.0;3;['F', 'LS1', 'SC1'];0.4;0.0033;122.2;122.6;0.0
773611;A2JRNJ;2026-04-14 09:26:10.5327;0.0;2;['LS1', 'F'];0.02;0.0172;1.16;1.18;0.0
2402782;A2JSF7;2026-04-14 09:26:10.5702;5022.5199999999995;4;['SC1', 'TG', 'F', 'LS1'];0.02;0.0016;12.28;12.3;5034.8
2249536;A2AHZ3;2026-04-14 09:26:10.6214;5006.66;4;['SC1', 'TG', 'F', 'LS1'];0.01;0.003;3.34;3.35;5010.0
2173335;A2JJ74;2026-04-14 09:26:10.6649;0.0;2;['F', 'LS1'];0.015;0.005;2.98;2.995;0.0
2063859;A2DNEE;2026-04-14 09:26:10.7146;9981.51;4;['SC1', 'TG', 'LS1', 'F'];0.01;0.0031;3.19;3.2;9984.7
1116385;A2DLP6;2026-04-14 09:26:10.7575;3096.168;4;['SC1', 'TG', 'F', 'LS1'];0.004;0.0063;0.632;0.636;3096.8
1786673;A2DNJB;2026-04-14 09:26:10.7986;5720.110000000001;4;['SC1', 'TG', 'F', 'LS1'];0.03;0.0018;16.39;16.42;5736.5
3792227;A2DXN6;2026-04-14 09:26:10.8543;5047.95;4;['TG', 'LS1', 'SC1', 'F'];0.2;0.0087;23.05;23.25;5071.0
309653;A3CR58;2026-04-14 09:26:10.9950;0.0;2;['F', 'LS1'];0.2;0.0202;9.9;10.1;0.0
1624751;A2PWA0;2026-04-14 09:26:11.0366;0.0;2;['LS1', 'F'];0.13;0.1912;0.68;0.81;0.0
1422075;A2PZ23;2026-04-14 09:26:11.0780;0.0;2;['LS1', 'F'];0.6;0.0789;7.6;8.2;0.0
2173314;A2QGAP;2026-04-14 09:26:11.1171;0.0;1;['F'];1.2;0.0816;14.7;15.9;0.0
1624449;A2QFYY;2026-04-14 09:26:11.1665;0.0;3;['LS1', 'F', 'BB1'];0.015;0.0161;0.93;0.945;0.0
1729641;A3DXTC;2026-04-14 09:26:11.2220;0.0;3;['F', 'LS1', 'BB1'];0.0;0.0;0.65;0.0;0.0
1624750;A3CNQZ;2026-04-14 09:26:11.2718;4958.76;5;['TG', 'SC1', 'F', 'LS1', 'BB1'];0.006;0.0048;1.242;1.248;4960.0
1624718;A3CM95;2026-04-14 09:26:11.3075;0.0;3;['LS1', 'F', 'BB1'];0.06;0.0128;4.7;4.76;0.0
2465199;A3CSLP;2026-04-14 09:26:11.3481;0.0;2;['LS1', 'F'];0.05;0.0397;1.26;1.31;0.0
1640543;A3CS39;2026-04-14 09:26:11.4027;5015.099999999999;4;['TG', 'F', 'LS1', 'SC1'];0.04;0.0018;21.9;21.94;5037.0
2465198;A3CT9Q;2026-04-14 09:26:11.4500;0.0;3;['LS1', 'F', 'BB1'];0.33;0.1075;3.07;3.4;0.0
2074903;A3CUW4;2026-04-14 09:26:11.4950;0.0;1;['F'];0.7;0.1333;5.25;5.95;0.0
3309937;A3DE96;2026-04-14 09:26:11.5257;0.0;3;['LS1', 'F', 'BB1'];0.135;0.0694;1.945;2.08;0.0
1693861;A0J2ML;2026-04-14 09:26:11.5726;5191.0;4;['LS1', 'TG', 'F', 'SC1'];0.2;0.0069;29.0;29.2;5220.0
3309938;A3DGQ9;2026-04-14 09:26:11.6498;0.0;3;['LS1', 'F', 'BB1'];0.04;0.0412;0.97;1.01;0.0
1434648;A3DQE7;2026-04-14 09:26:11.6943;0.0;2;['LS1', 'F'];0.1;0.0217;4.6;4.7;0.0
1943001;A3EVHE;2026-04-14 09:26:11.7324;0.0;2;['F', 'LS1'];0.04;0.2878;0.139;0.179;0.0
114285;A3D396;2026-04-14 09:26:11.7814;0.0;2;['LS1', 'F'];0.08;0.0331;2.42;2.5;0.0
2004629;A3EE0D;2026-04-14 09:26:11.8248;0.0;2;['LS1', 'F'];0.48;0.1368;3.51;3.99;0.0
1807279;A40AE4;2026-04-14 09:26:11.9159;9987.75;4;['TG', 'F', 'LS1', 'SC1'];0.03;0.0017;17.25;17.28;10005.0
1653332;A40UWN;2026-04-14 09:26:11.9860;5260.24;4;['F', 'TG', 'LS1', 'BB1'];0.08;0.0213;3.76;3.84;5264.0
1233723;A40UUC;2026-04-14 09:26:12.0419;0.0;3;['LS1', 'F', 'BB1'];0.29;0.0291;9.96;10.25;0.0
566812;A1CXN0;2026-04-14 09:26:12.0878;25037.71;5;['TG', 'LS1', 'F', 'SC1', 'DE'];0.02;0.0004;49.19;49.21;25086.899999999998
200359;870369;2026-04-14 09:26:12.1481;3079.227;4;['TG', 'F', 'LS1', 'SC1'];0.0006;0.0035;0.1734;0.174;3079.3999999999996
275511;A0EAK5;2026-04-14 09:26:12.1930;10578.960000000001;4;['TG', 'F', 'LS1', 'SC1'];0.01;0.002;5.04;5.05;10584.0
1311396;A0LG7Y;2026-04-14 09:26:12.2250;0.0;1;['LS1'];0.005;0.0032;1.57;1.575;0.0
331654;A0ET9G;2026-04-14 09:26:12.2651;0.0;2;['F', 'LS1'];0.003;0.0092;0.326;0.329;0.0
2173338;A1JA99;2026-04-14 09:26:12.3065;0.0;2;['LS1', 'F'];0.1;0.1042;0.96;1.06;0.0
1953277;875396;2026-04-14 09:26:12.3395;0.0;2;['LS1', 'F'];0.1;0.0102;9.8;9.9;0.0
200383;914506;2026-04-14 09:26:12.3738;5030.3;4;['LS1', 'SC1', 'TG', 'F'];0.02;0.0011;18.7;18.72;5049.0
103918;875773;2026-04-14 09:26:12.4142;31636.215;6;['TG', 'F', 'LS1', 'SC1', 'BB1', 'DE'];-0.025;-0.0013;19.81;19.785;31688.0
202894;A0MW33;2026-04-14 09:26:12.4425;26418.315000000002;4;['SC1', 'TG', 'LS1', 'F'];0.0;0.0;14.695;14.695;24981.5
203779;A0MRD4;2026-04-14 09:26:12.4818;16034.427000000001;5;['TG', 'LS1', 'F', 'SC1', 'DE'];0.0;0.0;3.276;3.276;16052.4
103738;858872;2026-04-14 09:26:12.5060;30445.298000000003;6;['F', 'TG', 'LS1', 'SC1', 'BB1', 'DE'];-0.01;-0.001;10.514;10.504;30484.800000000003
130537;A0H1NM;2026-04-14 09:26:12.5360;0.0;3;['F', 'LS1', 'BB1'];0.058;0.0841;0.69;0.748;0.0
200348;853598;2026-04-14 09:26:12.5828;9940.86;4;['TG', 'F', 'LS1', 'SC1'];0.04;0.0015;26.94;26.98;9967.800000000001
103897;873570;2026-04-14 09:26:12.6340;10172.88;5;['TG', 'F', 'LS1', 'SC1', 'DE'];0.04;0.0008;51.12;51.16;10224.0
130539;A0MNAP;2026-04-14 09:26:12.7288;3091.6;4;['TG', 'LS1', 'F', 'BB1'];0.6;0.0115;52.4;53.0;3144.0
795890;A2DFYS;2026-04-14 09:26:12.7561;5384.5;4;['SC1', 'F', 'TG', 'LS1'];0.2;0.0033;60.5;60.7;5445.0
200376;883790;2026-04-14 09:26:12.8034;5608.76;3;['F', 'TG', 'LS1'];0.1;0.0089;11.24;11.34;5620.0
130540;A0LCRN;2026-04-14 09:26:12.8450;25310.850000000002;4;['TG', 'LS1', 'F', 'SC1'];0.002;0.0005;4.152;4.154;25327.2
644685;A0YBXV;2026-04-14 09:26:12.8852;5111.59;3;['TG', 'F', 'LS1'];0.01;0.0029;3.41;3.42;5115.0
200355;865629;2026-04-14 09:26:12.9434;23720.399999999998;4;['TG', 'F', 'LS1', 'SC1'];0.4;0.0017;239.6;240.0;23960.0
2068766;911377;2026-04-14 09:26:12.9840;0.0;2;['F', 'LS1'];0.1;0.0093;10.7;10.8;0.0
1053674;A411HZ;2026-04-14 09:26:13.0284;4980.150000000001;4;['TG', 'SC1', 'LS1', 'F'];0.15;0.0036;41.9;42.05;5022.0
130541;A0Q249;2026-04-14 09:26:13.0699;5083.44;4;['TG', 'F', 'LS1', 'SC1'];0.03;0.0021;14.16;14.19;5097.6
1693862;A0Q6GA;2026-04-14 09:26:13.1272;5038.75;5;['SC1', 'TG', 'F', 'LS1', 'BB1'];0.1;0.0028;36.25;36.35;5075.0
1693864;A0MQWE;2026-04-14 09:26:13.1698;10100.104;4;['TG', 'F', 'LS1', 'SC1'];0.008;0.0035;2.296;2.304;10102.4
103862;871028;2026-04-14 09:26:13.1921;22803.93;5;['TG', 'F', 'LS1', 'SC1', 'DE'];0.01;0.0003;38.08;38.09;22842.0
200337;662211;2026-04-14 09:26:13.2325;29086.88;4;['TG', 'F', 'LS1', 'SC1'];0.01;0.0006;17.12;17.13;29104.0
275600;A0B7GP;2026-04-14 09:26:13.2611;9969.11;4;['LS1', 'TG', 'F', 'SC1'];0.02;0.0015;13.49;13.51;9982.6
200330;861378;2026-04-14 09:26:13.3003;5212.74;4;['TG', 'SC1', 'F', 'LS1'];0.01;0.0031;3.26;3.27;5216.0
424444;A0MKAC;2026-04-14 09:26:13.4064;4998.195000000001;4;['TG', 'LS1', 'F', 'SC1'];0.015;0.0031;4.905;4.92;5003.1
212828;A0HNCA;2026-04-14 09:26:13.4493;5196.956;4;['F', 'SC1', 'TG', 'LS1'];0.01;0.0069;1.444;1.454;5198.4
469180;A0MZNB;2026-04-14 09:26:13.4933;19985.94;4;['SC1', 'LS1', 'TG', 'F'];0.04;0.0019;21.06;21.1;20007.0
330330;A2ANXU;2026-04-14 09:26:13.5262;10012.335000000001;4;['TG', 'SC1', 'LS1', 'F'];0.005;0.0009;5.415;5.42;10017.75
130544;A0MZR4;2026-04-14 09:26:13.5715;10624.365;5;['TG', 'F', 'LS1', 'SC1', 'DE'];0.0;0.0;10.645;10.645;10645.0
1785155;A2DUYH;2026-04-14 09:26:13.6354;0.0;2;['LS1', 'F'];0.15;0.1053;1.425;1.575;0.0
200375;882667;2026-04-14 09:26:13.7256;3123.9918000000002;4;['TG', 'F', 'LS1', 'SC1'];0.0012;0.0025;0.4886;0.4898;3124.48
130545;A0M46B;2026-04-14 09:26:13.7990;31900.05;6;['TG', 'LS1', 'F', 'SC1', 'BB1', 'DE'];0.0;0.0;19.945;19.945;31904.000000000004
200382;910980;2026-04-14 09:26:13.8458;0.0;2;['F', 'LS1'];0.4;0.0198;20.2;20.6;0.0
397500;A11873;2026-04-14 09:26:13.8947;37005.06;6;['TG', 'LS1', 'F', 'SC1', 'BB1', 'DE'];0.0;0.0;52.98;52.98;37072.0
155533;A3DWG7;2026-04-14 09:26:13.9517;0.0;2;['LS1', 'F'];0.0002;0.037;0.0054;0.0056;0.0
2128882;A0LBGE;2026-04-14 09:26:14.0607;0.0;2;['LS1', 'F'];0.0;0.0;0.0761;0.0;0.0
982875;A0MU8Y;2026-04-14 09:26:14.0946;20943.02;4;['TG', 'F', 'LS1', 'SC1'];0.02;0.0015;13.2;13.22;20988.0
400746;A0M0GQ;2026-04-14 09:26:14.1273;4985.5;4;['TG', 'LS1', 'F', 'SC1'];0.1;0.0012;84.5;84.6;5070.0
1631558;A2PNL7;2026-04-14 09:26:14.1503;0.0;2;['LS1', 'F'];0.0234;0.1444;0.162;0.1854;0.0
469661;903133;2026-04-14 09:26:14.2042;0.0;2;['LS1', 'F'];0.5;0.0361;13.85;14.35;0.0
765680;A140EW;2026-04-14 09:26:14.2592;0.0;3;['F', 'LS1', 'BB1'];0.01;0.004;2.53;2.54;0.0
130548;A0MU98;2026-04-14 09:26:14.3790;6921.849999999999;4;['TG', 'F', 'LS1', 'SC1'];0.03;0.0013;23.15;23.18;6945.0
200373;A0CBA2;2026-04-14 09:26:14.4076;24536.7;4;['SC1', 'TG', 'LS1', 'F'];0.2;0.0016;123.3;123.5;24660.0
585570;A2ACV2;2026-04-14 09:26:14.4528;5109.16;4;['TG', 'F', 'LS1', 'SC1'];0.0;0.0;2.84;2.84;5112.0
200370;876639;2026-04-14 09:26:14.4973;0.0;2;['F', 'LS1'];0.017;0.0656;0.259;0.276;0.0
1403763;A2P9YT;2026-04-14 09:26:14.5500;4851.599999999999;4;['TG', 'F', 'LS1', 'SC1'];0.25;0.0027;93.35;93.6;4944.9
1540021;A0JEEH;2026-04-14 09:26:14.6049;0.0;3;['F', 'LS1', 'BB1'];0.25;0.0195;12.8;13.05;0.0
1219342;A14TF0;2026-04-14 09:26:14.7005;0.0;2;['F', 'LS1'];0.02;0.0683;0.293;0.313;0.0
776935;A2ABUQ;2026-04-14 09:26:14.7850;25459.704;4;['TG', 'LS1', 'SC1', 'F'];0.006;0.0007;9.098;9.104;25468.8
117293;A2ABZN;2026-04-14 09:26:14.8339;4962.9;5;['TG', 'LS1', 'F', 'SC1', 'BB1'];0.02;0.0028;7.11;7.13;4970.0
1415348;A1W97D;2026-04-14 09:26:14.9241;0.0;2;['F', 'LS1'];0.0107;0.1484;0.0721;0.0828;0.0
1096557;A2ANA3;2026-04-14 09:26:14.9689;10582.86;5;['TG', 'F', 'LS1', 'DE', 'SC1'];0.02;0.0013;15.13;15.15;10591.0
1267880;A0Q5CB;2026-04-14 09:26:15.0168;0.0;2;['F', 'LS1'];0.15;0.0079;19.1;19.25;0.0
103925;876845;2026-04-14 09:26:15.0795;51770.42;5;['TG', 'LS1', 'SC1', 'F', 'DE'];0.01;0.0005;21.58;21.59;51791.99999999999
468342;A0MUDW;2026-04-14 09:26:15.1217;0.0;2;['LS1', 'F'];0.063;0.0635;0.992;1.055;0.0
1106256;A1J0XW;2026-04-14 09:26:15.1620;5060.835;4;['TG', 'F', 'LS1', 'SC1'];0.01;0.0038;2.665;2.675;5063.5
1219746;A3D3A0;2026-04-14 09:26:15.2163;0.0;2;['LS1', 'F'];0.4;0.0672;5.95;6.35;0.0
200379;901347;2026-04-14 09:26:15.2755;5439.1;4;['SC1', 'TG', 'F', 'LS1'];0.01;0.0009;10.9;10.91;5450.0
579744;A1H6AJ;2026-04-14 09:26:15.3165;15145.944000000001;5;['TG', 'LS1', 'F', 'DE', 'SC1'];0.002;0.0004;4.461;4.463;15160.599999999999
730507;A0J3MX;2026-04-14 09:26:15.3542;9912.699999999999;4;['SC1', 'TG', 'F', 'LS1'];0.06;0.0017;34.32;34.38;9947.0
103544;850775;2026-04-14 09:26:15.3795;30055.695;5;['TG', 'SC1', 'F', 'LS1', 'DE'];0.003;0.0008;3.805;3.808;30059.5
469558;A0M2MR;2026-04-14 09:26:15.4201;0.0;2;['F', 'LS1'];0.0035;0.0148;0.236;0.2395;0.0
2228925;A1W97N;2026-04-14 09:26:15.4687;10055.606;4;['TG', 'F', 'SC1', 'LS1'];0.0;0.0;2.8;2.8;10080.0
200350;853624;2026-04-14 09:26:15.5316;19973.154;4;['TG', 'F', 'LS1', 'SC1'];0.006;0.0013;4.646;4.652;19977.8
1918969;A2QJQ9;2026-04-14 09:26:15.5770;0.0;2;['LS1', 'F'];0.05;0.0207;2.42;2.47;0.0
1693865;873772;2026-04-14 09:26:15.6193;7830.9;4;['TG', 'F', 'LS1', 'SC1'];0.2;0.0025;79.2;79.4;7909.999999999999
200362;872335;2026-04-14 09:26:15.6640;27164.5;4;['TG', 'LS1', 'F', 'SC1'];0.2;0.0033;60.5;60.7;27225.0
199244;884884;2026-04-14 09:26:15.7555;15096.51;4;['SC1', 'LS1', 'F', 'TG'];0.01;0.0005;19.89;19.9;15116.4
1593415;870557;2026-04-14 09:26:15.8556;0.0;3;['LS1', 'F', 'BB1'];0.07;0.0303;2.31;2.38;0.0
103860;870798;2026-04-14 09:26:15.9051;14950.32;4;['F', 'LS1', 'SC1', 'TG'];0.06;0.0032;18.49;18.55;14968.800000000001
1115816;871059;2026-04-14 09:26:15.9326;0.0;3;['LS1', 'F', 'BB1'];0.08;0.0064;12.58;12.66;0.0
199239;870740;2026-04-14 09:26:15.9789;27080.76;4;['LS1', 'F', 'SC1', 'TG'];0.06;0.0021;28.82;28.88;27090.8
199241;876917;2026-04-14 09:26:16.0166;9941.928;4;['LS1', 'F', 'TG', 'SC1'];0.02;0.0066;3.032;3.052;9944.960000000001
103857;870737;2026-04-14 09:26:16.0497;26079.304;6;['LS1', 'F', 'SC1', 'TG', 'BB1', 'DE'];0.004;0.0005;8.698;8.702;26094.0
199245;885421;2026-04-14 09:26:16.0967;26469.704999999998;4;['LS1', 'F', 'SC1', 'TG'];0.015;0.0028;5.295;5.31;26475.0
199257;899738;2026-04-14 09:26:16.2049;4964.474999999999;4;['LS1', 'F', 'TG', 'BB1'];0.03;0.0108;2.775;2.805;4967.25
199242;881050;2026-04-14 09:26:16.2590;9965.88;4;['F', 'LS1', 'TG', 'SC1'];0.03;0.0008;35.76;35.79;10012.8
199251;893079;2026-04-14 09:26:16.2945;9970.02;4;['LS1', 'F', 'TG', 'SC1'];0.04;0.002;19.98;20.02;9990.0
199259;902564;2026-04-14 09:26:16.3481;0.0;3;['LS1', 'F', 'BB1'];0.5;0.0213;23.5;24.0;0.0
1563553;895780;2026-04-14 09:26:16.3798;25015.375;4;['SC1', 'LS1', 'F', 'TG'];0.01;0.001;9.625;9.635;25025.0
334752;899827;2026-04-14 09:26:16.4196;10106.88;4;['LS1', 'F', 'SC1', 'TG'];0.06;0.002;30.72;30.78;10137.6
103861;871004;2026-04-14 09:26:16.4900;27029.600000000002;4;['SC1', 'LS1', 'F', 'TG'];0.01;0.001;10.405;10.415;27040.0
103956;881026;2026-04-14 09:26:16.5231;21429.18;6;['LS1', 'F', 'SC1', 'TG', 'DE', 'BB1'];-0.07;-0.0026;26.92;26.85;21456.0
199264;912673;2026-04-14 09:26:16.5681;0.0;3;['LS1', 'F', 'BB1'];0.082;0.0441;1.86;1.942;0.0
199267;916660;2026-04-14 09:26:16.5943;26821.63;4;['LS1', 'F', 'SC1', 'TG'];0.02;0.0009;22.38;22.4;26844.0
199266;916295;2026-04-14 09:26:16.6508;0.0;3;['SC1', 'F', 'BB1'];0.1;0.0025;39.25;39.35;0.0
563092;919961;2026-04-14 09:26:16.6958;9973.6;3;['F', 'SC1', 'TG'];0.01;0.001;10.4;10.41;9984.0
1048500;920479;2026-04-14 09:26:16.7496;0.0;3;['LS1', 'F', 'BB1'];0.34;0.0321;10.58;10.92;0.0
1322785;922218;2026-04-14 09:26:16.8103;0.0;3;['LS1', 'F', 'BB1'];0.1;0.0111;9.04;9.14;0.0
199272;919696;2026-04-14 09:26:16.8512;0.0;2;['F', 'LS1'];0.14;0.0417;3.36;3.5;0.0
102588;615402;2026-04-14 09:26:16.9091;33142.52;4;['LS1', 'F', 'TG', 'SC1'];0.04;0.001;41.46;41.5;33168.0
120890;928278;2026-04-14 09:26:16.9922;0.0;3;['LS1', 'F', 'BB1'];0.22;0.0391;5.62;5.84;0.0
120630;928282;2026-04-14 09:26:17.0350;0.0;2;['LS1', 'F'];0.022;0.0669;0.329;0.351;0.0
475269;929400;2026-04-14 09:26:17.1032;0.0;2;['LS1', 'F'];0.24;0.0377;6.36;6.6;0.0
199281;929401;2026-04-14 09:26:17.1325;0.0;1;['LS1'];0.39;0.0878;4.44;4.83;0.0
199236;602290;2026-04-14 09:26:17.2800;0.0;2;['LS1', 'F'];0.1;0.0474;2.11;2.21;0.0
199286;938050;2026-04-14 09:26:17.3219;0.0;2;['LS1', 'F'];0.22;0.0286;7.7;7.92;0.0
199288;938508;2026-04-14 09:26:17.3873;0.0;2;['LS1', 'F'];0.02;0.0356;0.562;0.582;0.0
199237;657298;2026-04-14 09:26:17.4196;0.0;3;['LS1', 'F', 'BB1'];0.058;0.0333;1.742;1.8;0.0
1033962;805985;2026-04-14 09:26:17.4779;15036.84;5;['LS1', 'F', 'TG', 'SC1', 'BB1'];0.1;0.0054;18.38;18.48;15055.199999999999
120646;A0HHHL;2026-04-14 09:26:17.5682;0.0;3;['LS1', 'F', 'BB1'];0.1;0.0079;12.65;12.75;0.0
275609;A0D9U6;2026-04-14 09:26:17.6102;25574.4;4;['F', 'LS1', 'TG', 'SC1'];0.03;0.0012;25.6;25.63;25600.0
1563561;A0ET4X;2026-04-14 09:26:17.6586;32072.58;4;['SC1', 'LS1', 'F', 'TG'];0.04;0.0007;58.42;58.46;32131.0
130550;A0J3QM;2026-04-14 09:26:17.7001;43846.8;4;['SC1', 'LS1', 'F', 'TG'];0.1;0.0014;73.2;73.3;43920.0
130551;A0LBTW;2026-04-14 09:26:17.7441;19948.5;4;['SC1', 'LS1', 'F', 'TG'];0.03;0.0018;16.5;16.53;19965.0
712396;918629;2026-04-14 09:26:17.7983;0.0;3;['LS1', 'F', 'BB1'];0.013;0.0483;0.269;0.282;0.0
286451;906227;2026-04-14 09:26:17.8232;10061.28;2;['F', 'TG'];0.01;0.0037;2.72;2.73;10064.0
199270;918638;2026-04-14 09:26:17.8600;0.0;1;['LS1'];0.16;0.044;3.64;3.8;0.0
199254;898037;2026-04-14 09:26:17.8988;0.0;3;['LS1', 'F', 'BB1'];0.3;0.0089;33.7;34.0;0.0
199248;887689;2026-04-14 09:26:17.9478;0.0;1;['LS1'];0.028;0.052;0.538;0.566;0.0
729693;897122;2026-04-14 09:26:17.9915;0.0;4;['LS1', 'F', 'SC1', 'BB1'];0.3;0.0063;47.7;48.0;0.0
199271;918658;2026-04-14 09:26:18.0350;0.0;2;['LS1', 'F'];1.5;0.0917;16.35;17.85;0.0
110155;A1JR54;2026-04-14 09:26:18.0744;0.0;3;['LS1', 'F', 'BB1'];0.4;0.0344;11.62;12.02;0.0
366486;A110V9;2026-04-14 09:26:18.1175;0.0;3;['LS1', 'F', 'BB1'];0.12;0.0367;3.27;3.39;0.0
1459406;A1XA9J;2026-04-14 09:26:18.1676;20214.7;4;['LS1', 'F', 'TG', 'SC1'];0.04;0.0016;25.3;25.34;20240.0
1788647;A12F05;2026-04-14 09:26:18.2104;0.0;2;['LS1', 'F'];0.002;0.034;0.0588;0.0608;0.0
120546;A14UF2;2026-04-14 09:26:18.2482;5036.38;4;['LS1', 'TG', 'F', 'BB1'];0.08;0.0067;12.02;12.1;5048.4
683861;A14QWU;2026-04-14 09:26:18.2977;3122.94;4;['LS1', 'F', 'TG', 'BB1'];0.04;0.0028;14.26;14.3;3137.2
821676;A2AH6M;2026-04-14 09:26:18.3272;9914.34;4;['LS1', 'SC1', 'F', 'TG'];0.055;0.0074;7.465;7.52;9921.8
3787906;A2AH7G;2026-04-14 09:26:18.3837;0.0;3;['LS1', 'SC1', 'F'];0.05;0.0026;19.21;19.26;0.0
1516030;A2AJ82;2026-04-14 09:26:18.4373;4911.676;4;['LS1', 'F', 'TG', 'BB1'];0.032;0.0186;1.724;1.756;4913.4
120802;A2DS5E;2026-04-14 09:26:18.4766;0.0;3;['F', 'LS1', 'BB1'];0.46;0.0367;12.52;12.98;0.0
394377;A3C8X1;2026-04-14 09:26:18.5189;0.0;3;['LS1', 'F', 'BB1'];0.085;0.07;1.215;1.3;0.0
120815;A2H5NP;2026-04-14 09:26:18.5659;0.0;3;['LS1', 'F', 'BB1'];0.38;0.0282;13.48;13.86;0.0
338284;A2JG1R;2026-04-14 09:26:18.6165;0.0;3;['LS1', 'F', 'BB1'];0.035;0.0086;4.05;4.085;0.0
1219108;A2N6F4;2026-04-14 09:26:18.6895;30469.455;6;['SC1', 'LS1', 'F', 'TG', 'BB1', 'DE'];0.0;0.0;16.06;16.06;30513.999999999996
110227;A2JF1C;2026-04-14 09:26:18.7273;5282.05;4;['LS1', 'F', 'TG', 'SC1'];0.1;0.0028;35.6;35.7;5340.0
2018840;A2JN4W;2026-04-14 09:26:18.7551;10059.61;4;['SC1', 'LS1', 'F', 'TG'];0.02;0.0024;8.39;8.41;10068.0
2415894;A2P5N7;2026-04-14 09:26:18.7995;0.0;3;['LS1', 'F', 'BB1'];0.011;0.0182;0.603;0.614;0.0
1370180;A2PFV6;2026-04-14 09:26:18.8848;0.0;4;['LS1', 'F', 'SC1', 'BB1'];0.01;0.0029;3.48;3.49;0.0
1081026;A2PZ0G;2026-04-14 09:26:18.9273;0.0;3;['LS1', 'F', 'BB1'];0.4;0.0229;17.5;17.9;0.0
1701757;A2QP0S;2026-04-14 09:26:18.9698;0.0;2;['LS1', 'F'];0.55;0.033;16.65;17.2;0.0
1295435;A3CMUG;2026-04-14 09:26:19.0252;0.0;3;['LS1', 'F', 'BB1'];0.32;0.0355;9.02;9.34;0.0
1451795;A3CSVU;2026-04-14 09:26:19.0583;0.0;4;['LS1', 'F', 'SC1', 'BB1'];0.32;0.0245;13.06;13.38;0.0
1048497;A3CS01;2026-04-14 09:26:19.1256;0.0;3;['LS1', 'F', 'BB1'];0.027;0.0609;0.443;0.47;0.0
834008;A3C88G;2026-04-14 09:26:19.1671;1180.946;4;['LS1', 'F', 'TG', 'BB1'];0.046;0.0268;1.714;1.76;1182.66
259791;A3D3XJ;2026-04-14 09:26:19.2262;5083.599999999999;4;['F', 'SC1', 'TG', 'BB1'];0.4;0.0141;28.4;28.8;5112.0
628399;A3C7S5;2026-04-14 09:26:19.2813;0.0;3;['LS1', 'F', 'BB1'];0.26;0.0559;4.65;4.91;0.0
2076498;A3C9H1;2026-04-14 09:26:19.3108;3175.5;5;['LS1', 'F', 'TG', 'SC1', 'BB1'];0.05;0.0034;14.52;14.57;3190.0
542490;A3DHCT;2026-04-14 09:26:19.3349;0.0;2;['LS1', 'F'];0.32;0.128;2.5;2.82;0.0
2156571;A3DQKY;2026-04-14 09:26:19.4089;4942.352;4;['LS1', 'TG', 'F', 'BB1'];0.026;0.0157;1.652;1.678;4944.0
935718;A3DMEA;2026-04-14 09:26:19.5088;0.0;3;['F', 'LS1', 'DE'];0.14;0.0275;5.1;5.24;0.0
1421974;A3D135;2026-04-14 09:26:19.5522;0.0;2;['LS1', 'F'];0.34;0.0364;9.34;9.68;0.0
2845283;A3EWDB;2026-04-14 09:26:19.6001;30391.145999999997;5;['F', 'LS1', 'SC1', 'TG', 'DE'];0.006;0.0006;9.354;9.36;30400.499999999996
813150;A3EWDL;2026-04-14 09:26:19.6508;10345.605;4;['LS1', 'F', 'TG', 'SC1'];0.0;0.0;7.395;7.395;10339.0
1991359;A403WV;2026-04-14 09:26:19.7007;5447.372;4;['SC1', 'F', 'LS1', 'TG'];0.022;0.0073;3.032;3.054;5450.4
3908551;A40BGL;2026-04-14 09:26:19.7364;0.0;3;['LS1', 'F', 'BB1'];0.15;0.0278;5.39;5.54;0.0
100928;A40G0F;2026-04-14 09:26:19.7682;10293.0;4;['LS1', 'F', 'TG', 'SC1'];0.12;0.0026;47.0;47.12;10340.0
134342;A40EG6;2026-04-14 09:26:19.7911;5290.86;4;['SC1', 'LS1', 'F', 'TG'];0.16;0.0033;48.54;48.7;5339.4
316589;A40PU4;2026-04-14 09:26:19.8507;0.0;3;['LS1', 'F', 'BB1'];0.12;0.0246;4.88;5.0;0.0
3528959;A42051;2026-04-14 09:26:19.9188;0.0;2;['LS1', 'F'];0.185;0.0712;2.6;2.785;0.0
306815;A1CVJD;2026-04-14 09:26:19.9690;5379.3;4;['F', 'LS1', 'TG', 'SC1'];0.08;0.0019;41.72;41.8;5421.0
1142260;A0DN9X;2026-04-14 09:26:20.0202;0.0;1;['F'];0.1;0.0962;1.04;1.14;0.0
1294494;872529;2026-04-14 09:26:20.0941;0.0;2;['F', 'BB1'];60.0;0.0719;835.0;895.0;0.0
2689906;850956;2026-04-14 09:26:20.1314;0.0;3;['LS1', 'F', 'BB1'];1.5;0.0065;231.5;233.0;0.0
474638;874929;2026-04-14 09:26:20.1819;10469.0;5;['TG', 'F', 'LS1', 'BB1', 'SC1'];1.5;0.0042;361.0;362.5;10830.0
474632;852366;2026-04-14 09:26:20.2383;15251.399999999998;4;['F', 'TG', 'SC1', 'LS1'];0.2;0.003;66.6;66.8;15317.999999999998
1343916;870481;2026-04-14 09:26:20.2803;0.0;3;['LS1', 'F', 'BB1'];0.13;0.0137;9.49;9.62;0.0
2173900;903714;2026-04-14 09:26:20.3237;0.0;3;['LS1', 'F', 'BB1'];0.1;0.0035;28.3;28.4;0.0
1541938;873839;2026-04-14 09:26:20.3794;0.0;3;['LS1', 'F', 'BB1'];0.01;0.0025;4.0;4.01;0.0
527178;881381;2026-04-14 09:26:20.4270;0.0;4;['LS1', 'SC1', 'F', 'BB1'];0.4;0.0034;118.2;118.6;0.0
1310464;854127;2026-04-14 09:26:20.4504;0.0;3;['LS1', 'F', 'BB1'];0.4;0.0079;50.4;50.8;0.0
1113174;906327;2026-04-14 09:26:20.5130;0.0;0;[];0.0;0.0;5.64;0.0;0.0
2424790;542159;2026-04-14 09:26:20.5392;0.0;1;['F'];30.0;0.184;163.0;193.0;0.0
902517;875606;2026-04-14 09:26:20.5799;0.0;3;['F', 'LS1', 'BB1'];0.15;0.0067;22.45;22.6;0.0
3808344;852507;2026-04-14 09:26:20.6232;0.0;1;['F'];3.0;0.027;111.0;114.0;0.0
807875;850999;2026-04-14 09:26:20.6703;3237.24;4;['F', 'TG', 'LS1', 'SC1'];0.06;0.0029;20.36;20.42;3257.6
130554;882042;2026-04-14 09:26:20.7125;5640.94;4;['TG', 'F', 'SC1', 'LS1'];0.03;0.0042;7.06;7.09;5648.0
2738236;907048;2026-04-14 09:26:20.7925;0.0;3;['LS1', 'F', 'BB1'];0.3;0.0119;25.2;25.5;0.0
1955928;907473;2026-04-14 09:26:20.8394;0.0;3;['F', 'LS1', 'BB1'];0.013;0.0714;0.182;0.195;0.0
622101;930172;2026-04-14 09:26:20.8806;0.0;2;['LS1', 'F'];0.2;0.0035;56.8;57.0;0.0
284054;854219;2026-04-14 09:26:20.9369;0.0;3;['LS1', 'F', 'BB1'];0.02;0.0025;8.04;8.06;0.0
2212046;910292;2026-04-14 09:26:20.9812;4938.45;4;['TG', 'F', 'LS1', 'BB1'];0.1;0.0044;22.6;22.7;4961.0
1348372;910177;2026-04-14 09:26:21.0335;0.0;1;['F'];0.1;0.0235;4.26;4.36;0.0
2003673;909944;2026-04-14 09:26:21.0724;0.0;2;['LS1', 'F'];0.02;0.0047;4.26;4.28;0.0
1343887;868918;2026-04-14 09:26:21.1129;8458.8;3;['TG', 'LS1', 'F'];0.25;0.0118;21.2;21.45;8480.0
1491315;876736;2026-04-14 09:26:21.1587;3420.0;5;['TG', 'F', 'LS1', 'SC1', 'BB1'];5.0;0.0058;855.0;860.0;4275.0
199378;910933;2026-04-14 09:26:21.2018;0.0;3;['F', 'LS1', 'BB1'];0.4;0.0047;85.7;86.1;0.0
568977;853927;2026-04-14 09:26:21.2434;0.0;3;['LS1', 'F', 'BB1'];0.04;0.0068;5.9;5.94;0.0
199337;875558;2026-04-14 09:26:21.2940;19723.068000000003;4;['TG', 'F', 'LS1', 'SC1'];0.01;0.002;4.936;4.946;19728.0
1504075;852488;2026-04-14 09:26:21.3281;8021.64;4;['TG', 'F', 'SC1', 'LS1'];0.12;0.0046;25.96;26.08;8047.6
260376;541817;2026-04-14 09:26:21.3932;0.0;1;['LS1'];0.7;0.005;140.28;140.98;0.0
3578544;792682;2026-04-14 09:26:21.4188;0.0;1;['LS1'];0.9;0.0064;141.1;142.0;0.0
199309;676168;2026-04-14 09:26:21.4452;14769.099999999999;5;['F', 'SC1', 'TG', 'LS1', 'DE'];0.3;0.0023;130.7;131.0;14899.8
199310;676646;2026-04-14 09:26:21.4883;0.0;3;['F', 'LS1', 'BB1'];0.1;0.0099;10.15;10.25;0.0
3532268;A0B55J;2026-04-14 09:26:21.5295;0.0;2;['LS1', 'F'];0.036;0.0206;1.748;1.784;0.0
167347;982285;2026-04-14 09:26:21.5703;20556.855;5;['TG', 'LS1', 'SC1', 'F', 'DE'];0.005;0.0003;17.16;17.165;20592.0
1311401;659141;2026-04-14 09:26:21.6267;0.0;1;['LS1'];1.14;0.0102;111.5;112.64;0.0
1496539;792678;2026-04-14 09:26:21.6814;0.0;1;['LS1'];0.4;0.0041;97.1;97.5;0.0
1348288;766191;2026-04-14 09:26:21.7372;0.0;1;['LS1'];0.5;0.0039;127.0;127.5;0.0
3618464;792686;2026-04-14 09:26:21.7857;0.0;1;['LS1'];1.5;0.0075;200.5;202.0;0.0
1311595;887537;2026-04-14 09:26:21.8308;0.0;1;['LS1'];0.4;0.0036;109.6;110.0;0.0
3618426;792687;2026-04-14 09:26:21.8873;0.0;1;['LS1'];2.46;0.0216;114.02;116.48;0.0
2485477;779287;2026-04-14 09:26:21.9311;0.0;1;['LS1'];84.5;0.1219;693.0;777.5;0.0
1384607;876161;2026-04-14 09:26:22.0177;0.0;3;['LS1', 'F', 'BB1'];0.06;0.0034;17.78;17.84;0.0
1448751;877300;2026-04-14 09:26:22.0642;7860.0;5;['TG', 'F', 'SC1', 'LS1', 'BB1'];0.3;0.005;60.0;60.3;7920.0
199344;880013;2026-04-14 09:26:22.1561;4777.5;4;['SC1', 'TG', 'LS1', 'F'];0.5;0.0041;122.5;123.0;4900.0
319393;853155;2026-04-14 09:26:22.2049;8814.695;4;['TG', 'F', 'LS1', 'SC1'];0.04;0.0041;9.82;9.86;8829.0
1294514;882160;2026-04-14 09:26:22.2495;0.0;3;['LS1', 'F', 'BB1'];1.2;0.0174;69.0;70.2;0.0
199357;889287;2026-04-14 09:26:22.2771;14935.52;5;['F', 'TG', 'LS1', 'SC1', 'DE'];0.1;0.0019;51.68;51.78;14987.2
199353;886670;2026-04-14 09:26:22.3323;26505.0;6;['TG', 'F', 'SC1', 'LS1', 'BB1', 'DE'];0.0;0.0;1768.0;1768.0;28272.0
2703064;889452;2026-04-14 09:26:22.3769;0.0;3;['LS1', 'F', 'BB1'];0.08;0.0085;9.4;9.48;0.0
2603703;893730;2026-04-14 09:26:22.4031;0.0;3;['F', 'LS1', 'BB1'];0.1;0.014;7.16;7.26;0.0
1015237;912895;2026-04-14 09:26:22.4815;0.0;0;[];0.5;0.0054;92.0;92.5;0.0
635786;792657;2026-04-14 09:26:22.5083;0.0;2;['LS1', 'F'];0.1;0.0059;16.9;17.0;0.0
104056;892790;2026-04-14 09:26:22.5503;8513.82;4;['TG', 'LS1', 'F', 'SC1'];0.04;0.0033;12.18;12.22;8526.0
2002079;905176;2026-04-14 09:26:22.5723;4984.95;5;['F', 'TG', 'LS1', 'SC1', 'BB1'];0.1;0.004;25.05;25.15;5010.0
199361;893619;2026-04-14 09:26:22.6385;8836.155;4;['TG', 'F', 'LS1', 'SC1'];0.025;0.0028;8.845;8.87;8845.0
643852;895036;2026-04-14 09:26:22.6857;1116.95;3;['TG', 'LS1', 'F'];0.05;0.004;12.6;12.65;1129.5
2211343;917251;2026-04-14 09:26:22.7255;0.0;1;['LS1'];0.8;0.0338;23.7;24.5;0.0
854883;792669;2026-04-14 09:26:22.7669;0.0;1;['LS1'];1.4;0.1867;7.5;8.9;0.0
329516;899672;2026-04-14 09:26:22.8413;0.0;3;['LS1', 'F', 'BB1'];0.2;0.0066;30.2;30.4;0.0
1111751;904028;2026-04-14 09:26:22.8824;0.0;2;['LS1', 'F'];0.0034;0.0395;0.086;0.0894;0.0
111662;900218;2026-04-14 09:26:22.9141;0.0;3;['LS1', 'F', 'BB1'];0.02;0.0054;3.7;3.72;0.0
1156355;903571;2026-04-14 09:26:22.9505;0.0;2;['LS1', 'F'];0.0002;0.0154;0.013;0.0132;0.0
199367;901581;2026-04-14 09:26:23.0021;9952.448;5;['F', 'TG', 'LS1', 'SC1', 'DE'];0.008;0.0019;4.292;4.3;9952.448
103899;873608;2026-04-14 09:26:23.0644;4983.719999999999;4;['SC1', 'TG', 'LS1', 'F'];0.01;0.0014;7.14;7.15;4990.86
154070;885903;2026-04-14 09:26:23.1073;0.0;3;['LS1', 'F', 'BB1'];0.5;0.0042;118.5;119.0;0.0
1996890;798307;2026-04-14 09:26:23.1913;0.0;3;['LS1', 'F', 'BB1'];0.3;0.0123;24.4;24.7;0.0
1496454;900874;2026-04-14 09:26:23.2360;0.0;2;['LS1', 'F'];22.0;0.0791;278.0;300.0;0.0
2964998;876663;2026-04-14 09:26:23.2657;0.0;1;['LS1'];7.0;0.0427;164.0;171.0;0.0
2188358;869997;2026-04-14 09:26:23.3001;0.0;0;[];1.05;0.0675;15.55;16.6;0.0
199370;904974;2026-04-14 09:26:23.3281;0.0;2;['LS1', 'F'];0.03;0.0111;2.71;2.74;0.0
699752;873532;2026-04-14 09:26:23.3763;0.0;3;['LS1', 'F', 'BB1'];0.5;0.0193;25.9;26.4;0.0
2321875;873741;2026-04-14 09:26:23.4155;0.0;2;['LS1', 'F'];6.0;0.0157;382.0;388.0;0.0
2321663;876074;2026-04-14 09:26:23.4406;0.0;2;['LS1', 'BB1'];0.025;0.054;0.463;0.488;0.0
2684022;908817;2026-04-14 09:26:23.4950;0.0;3;['LS1', 'F', 'BB1'];0.8;0.0096;83.2;84.0;0.0
199348;882352;2026-04-14 09:26:23.5335;0.0;3;['LS1', 'F', 'BB1'];0.2;0.019;10.5;10.7;0.0
3618498;911209;2026-04-14 09:26:23.5833;0.0;1;['LS1'];0.28;0.0614;4.56;4.84;0.0
2485463;861610;2026-04-14 09:26:23.6253;0.0;1;['LS1'];160.0;0.069;2320.0;2480.0;0.0
1459412;662247;2026-04-14 09:26:23.7605;0.0;3;['LS1', 'F', 'BB1'];10.0;0.0074;1354.0;1364.0;0.0
3000194;887983;2026-04-14 09:26:23.8238;0.0;1;['LS1'];0.22;0.0846;2.6;2.82;0.0
1882470;912613;2026-04-14 09:26:23.8650;15232.0;4;['SC1', 'F', 'TG', 'LS1'];0.3;0.0023;128.0;128.3;15360.0
733496;913302;2026-04-14 09:26:23.9655;0.0;3;['LS1', 'F', 'BB1'];0.15;0.0144;10.4;10.55;0.0
2844527;914207;2026-04-14 09:26:24.0597;0.0;3;['LS1', 'F', 'BB1'];0.1;0.0039;25.5;25.6;0.0
199390;915268;2026-04-14 09:26:24.1455;0.0;3;['LS1', 'F', 'BB1'];0.4;0.009;44.6;45.0;0.0
199389;915165;2026-04-14 09:26:24.1935;14775.2;3;['TG', 'F', 'LS1'];0.06;0.0068;8.85;8.91;14784.000000000002
3808350;880958;2026-04-14 09:26:24.2336;0.0;0;[];0.0;0.0;0.0;165.0;0.0
1056944;915284;2026-04-14 09:26:24.2738;0.0;3;['F', 'LS1', 'BB1'];0.2;0.0017;119.8;120.0;0.0
2811932;915169;2026-04-14 09:26:24.3259;0.0;3;['LS1', 'F', 'BB1'];0.01;0.0045;2.2;2.21;0.0
1081027;918957;2026-04-14 09:26:24.3848;0.0;2;['LS1', 'F'];0.15;0.0107;14.05;14.2;0.0
133672;659094;2026-04-14 09:26:24.4279;25023.0;4;['TG', 'F', 'LS1', 'SC1'];0.1;0.0018;57.0;57.1;25080.0
3658154;592453;2026-04-14 09:26:24.4989;0.0;2;['LS1', 'F'];0.001;0.0043;0.23;0.231;0.0
199358;890719;2026-04-14 09:26:24.5443;3165.3999999999996;4;['TG', 'LS1', 'F', 'BB1'];0.7;0.0108;64.6;65.3;3229.9999999999995
2994954;872622;2026-04-14 09:26:24.5891;0.0;1;['LS1'];35.0;0.038;920.0;955.0;0.0
106331;915425;2026-04-14 09:26:24.6721;0.0;2;['LS1', 'F'];0.15;0.0118;12.7;12.85;0.0
493878;900897;2026-04-14 09:26:24.7706;0.0;1;['LS1'];12.0;0.1062;113.0;125.0;0.0
199335;874052;2026-04-14 09:26:24.8005;3059.8199999999997;5;['TG', 'F', 'LS1', 'BB1', 'SC1'];0.1;0.0062;16.02;16.12;3075.84
1414155;810752;2026-04-14 09:26:24.8649;0.0;0;[];0.0;0.0;3.9;3.9;0.0
749609;813308;2026-04-14 09:26:24.9090;0.0;3;['LS1', 'F', 'BB1'];0.2;0.0048;41.8;42.0;0.0
1384541;792655;2026-04-14 09:26:25.0204;0.0;2;['LS1', 'F'];0.4;0.0225;17.75;18.15;0.0
496200;798528;2026-04-14 09:26:25.0628;0.0;3;['LS1', 'F', 'BB1'];0.04;0.005;7.94;7.98;0.0
1696050;792674;2026-04-14 09:26:25.1103;0.0;2;['LS1', 'F'];0.4;0.019;21.0;21.4;0.0
135084;792665;2026-04-14 09:26:25.2071;0.0;3;['LS1', 'F', 'BB1'];0.2;0.0156;12.8;13.0;0.0
403137;632297;2026-04-14 09:26:25.3205;0.0;3;['LS1', 'F', 'BB1'];0.15;0.0045;33.05;33.2;0.0
199397;917556;2026-04-14 09:26:25.3842;1070.8799999999999;4;['TG', 'LS1', 'F', 'BB1'];0.08;0.0206;3.88;3.96;1074.76
199406;923269;2026-04-14 09:26:25.4818;0.0;3;['F', 'LS1', 'BB1'];0.03;0.0136;2.2;2.23;0.0
3658166;918026;2026-04-14 09:26:25.5658;0.0;1;['LS1'];0.54;0.1617;3.34;3.88;0.0
3032698;918337;2026-04-14 09:26:25.6053;0.0;2;['LS1', 'F'];0.2;0.0057;35.3;35.5;0.0
199399;918312;2026-04-14 09:26:25.6689;14850.0;4;['TG', 'LS1', 'SC1', 'F'];0.2;0.0037;54.0;54.2;14904.0
199375;925631;2026-04-14 09:26:25.7709;0.0;3;['LS1', 'F', 'BB1'];0.008;0.0073;1.09;1.098;0.0
893752;922593;2026-04-14 09:26:25.8704;0.0;3;['LS1', 'F', 'BB1'];0.05;0.0032;15.8;15.85;0.0
199405;923268;2026-04-14 09:26:25.9743;2486.82;3;['F', 'TG', 'LS1'];0.008;0.0043;1.86;1.868;2488.6800000000003
199374;924781;2026-04-14 09:26:26.0476;15302.7;6;['F', 'LS1', 'TG', 'SC1', 'BB1', 'DE'];0.0;0.0;312.4;312.4;15615.0
199407;923860;2026-04-14 09:26:26.1418;7343.099999999999;4;['F', 'TG', 'SC1', 'LS1'];0.1;0.0027;36.9;37.0;7380.0
2382086;931084;2026-04-14 09:26:26.3092;0.0;2;['LS1', 'F'];0.0035;0.0125;0.281;0.2845;0.0
199410;928721;2026-04-14 09:26:26.3914;0.0;3;['F', 'LS1', 'BB1'];0.1;0.0022;45.8;45.9;0.0
807741;936375;2026-04-14 09:26:26.4514;0.0;1;['LS1'];0.013;0.1268;0.1025;0.1155;0.0
199414;929082;2026-04-14 09:26:26.5262;0.0;3;['LS1', 'F', 'BB1'];0.13;0.0264;4.93;5.06;0.0
1057384;933769;2026-04-14 09:26:26.6348;0.0;3;['LS1', 'F', 'BB1'];0.1;0.0045;22.0;22.1;0.0
199419;932046;2026-04-14 09:26:26.8061;0.0;3;['LS1', 'F', 'BB1'];0.07;0.0253;2.77;2.84;0.0
1091527;806302;2026-04-14 09:26:26.8925;0.0;1;['LS1'];0.14;0.0293;4.78;4.92;0.0
788950;810855;2026-04-14 09:26:26.9409;0.0;3;['LS1', 'F', 'BB1'];0.14;0.0123;11.34;11.48;0.0
199427;938526;2026-04-14 09:26:26.9858;0.0;3;['LS1', 'F', 'BB1'];0.08;0.0071;11.26;11.34;0.0
2087382;564723;2026-04-14 09:26:27.0333;0.0;2;['LS1', 'F'];0.02;0.0055;3.66;3.68;0.0
1882467;502344;2026-04-14 09:26:27.0858;0.0;1;['LS1'];0.016;0.0187;0.854;0.87;0.0
199299;578972;2026-04-14 09:26:27.1380;11764.36;4;['TG', 'F', 'LS1', 'SC1'];0.03;0.0015;19.65;19.68;11784.0
1015027;589968;2026-04-14 09:26:27.2080;0.0;1;['LS1'];2.25;0.3237;6.95;9.2;0.0
2485430;592210;2026-04-14 09:26:27.2488;0.0;2;['LS1', 'F'];0.2;0.0326;6.14;6.34;0.0
3618444;810902;2026-04-14 09:26:27.3350;0.0;1;['LS1'];0.04;0.0351;1.14;1.18;0.0
180937;850133;2026-04-14 09:26:27.3836;20450.58;6;['TG', 'LS1', 'F', 'SC1', 'BB1', 'DE'];0.0;0.0;187.7;187.7;20644.8
985572;865541;2026-04-14 09:26:27.4184;0.0;3;['F', 'LS1', 'BB1'];0.2;0.0034;58.8;59.0;0.0
103594;852362;2026-04-14 09:26:27.4516;23083.5;5;['F', 'TG', 'LS1', 'SC1', 'DE'];0.005;0.0003;16.5;16.505;23100.0
103542;850727;2026-04-14 09:26:27.4819;63376.67999999999;6;['TG', 'LS1', 'SC1', 'F', 'BB1', 'DE'];0.0;0.0;79.32;79.32;63440.0
103638;853888;2026-04-14 09:26:27.5067;35471.700000000004;6;['TG', 'F', 'LS1', 'SC1', 'BB1', 'DE'];0.0;0.0;358.4;358.4;35830.0
103756;860206;2026-04-14 09:26:27.5395;11192.550000000001;5;['F', 'TG', 'LS1', 'SC1', 'DE'];0.03;0.0007;44.95;44.98;11237.5
103737;858821;2026-04-14 09:26:27.5897;20835.78;4;['F', 'TG', 'LS1', 'SC1'];0.02;0.0004;52.22;52.24;20888.0
809186;919272;2026-04-14 09:26:27.6317;14886.54;4;['TG', 'F', 'LS1', 'SC1'];0.08;0.007;11.46;11.54;14898.000000000002
104267;920657;2026-04-14 09:26:27.6587;63680.3;6;['TG', 'F', 'LS1', 'SC1', 'BB1', 'DE'];0.0;0.0;79.72;79.72;63760.0
103678;855705;2026-04-14 09:26:27.6865;41318.64;6;['TG', 'LS1', 'F', 'SC1', 'BB1', 'DE'];0.0;0.0;41.38;41.38;41360.0
103558;851194;2026-04-14 09:26:27.7133;35063.64;6;['TG', 'F', 'LS1', 'SC1', 'BB1', 'DE'];-0.02;-0.0003;67.58;67.56;35131.200000000004
133673;851011;2026-04-14 09:26:27.7787;10319.35;3;['TG', 'LS1', 'F'];0.45;0.0078;57.7;58.15;10377.0
199321;853373;2026-04-14 09:26:27.8133;30440.879999999997;6;['TG', 'LS1', 'F', 'SC1', 'BB1', 'DE'];0.02;0.0003;66.32;66.34;30507.199999999997
199314;851898;2026-04-14 09:26:27.8411;3245.2200000000003;5;['TG', 'LS1', 'F', 'SC1', 'BB1'];0.02;0.0009;21.78;21.8;3267.0
199289;860804;2026-04-14 09:26:27.8713;10238.800000000001;4;['TG', 'LS1', 'F', 'SC1'];0.2;0.0035;57.2;57.4;10296.0
103616;853292;2026-04-14 09:26:27.8989;46836.9;6;['SC1', 'LS1', 'F', 'TG', 'BB1', 'DE'];0.0;0.0;473.1;473.1;47305.0
1272784;860642;2026-04-14 09:26:27.9596;15160.08;4;['SC1', 'TG', 'LS1', 'F'];0.08;0.0018;44.72;44.8;15204.8
199330;867025;2026-04-14 09:26:28.0133;15055.11;5;['TG', 'F', 'LS1', 'DE', 'SC1'];0.01;0.001;10.39;10.4;15065.5
199312;850709;2026-04-14 09:26:28.0663;4843.0;4;['TG', 'LS1', 'SC1', 'F'];0.1;0.0012;83.5;83.6;4926.5
199333;870935;2026-04-14 09:26:28.1028;19938.24;4;['TG', 'F', 'LS1', 'SC1'];0.06;0.0016;38.64;38.7;19976.88
3808682;855602;2026-04-14 09:26:28.1315;0.0;2;['LS1', 'F'];0.5;0.005;101.0;101.5;0.0
103547;850842;2026-04-14 09:26:28.1846;26254.8;5;['TG', 'LS1', 'F', 'SC1', 'DE'];0.1;0.0004;265.3;265.4;26530.0
103559;851223;2026-04-14 09:26:28.2186;41325.15;6;['TG', 'F', 'LS1', 'SC1', 'BB1', 'DE'];-0.05;-0.0002;277.35;277.3;41602.5
199291;863195;2026-04-14 09:26:28.2449;19641.600000000002;6;['TG', 'LS1', 'F', 'BB1', 'SC1', 'DE'];-0.01;-0.0001;198.45;198.44;19840.0
807872;938989;2026-04-14 09:26:28.3032;0.0;3;['LS1', 'F', 'BB1'];0.06;0.0086;7.0;7.06;0.0
319401;862948;2026-04-14 09:26:28.3421;5218.92;4;['TG', 'F', 'LS1', 'SC1'];0.06;0.0013;47.94;48.0;5266.8
199326;863272;2026-04-14 09:26:28.4048;10062.98;4;['F', 'TG', 'LS1', 'SC1'];0.04;0.0011;34.82;34.86;10097.8
199325;860180;2026-04-14 09:26:28.4328;52346.950000000004;6;['F', 'TG', 'SC1', 'LS1', 'BB1', 'DE'];0.0;0.0;263.3;263.3;52650.0
101931;501451;2026-04-14 09:26:28.4585;31240.25;5;['TG', 'SC1', 'LS1', 'F', 'DE'];0.02;0.0006;34.75;34.77;31275.0
496232;869297;2026-04-14 09:26:28.4865;0.0;3;['LS1', 'F', 'BB1'];0.28;0.1308;2.14;2.42;0.0
854504;871780;2026-04-14 09:26:28.5395;9988.52;4;['TG', 'LS1', 'F', 'SC1'];0.04;0.0025;15.88;15.92;10004.4
180939;872087;2026-04-14 09:26:28.5821;15442.4;6;['TG', 'F', 'LS1', 'SC1', 'BB1', 'DE'];0.0;0.0;77.66;77.66;15528.0
103840;869858;2026-04-14 09:26:28.6198;30692.350000000002;5;['TG', 'F', 'LS1', 'SC1', 'DE'];0.05;0.0005;102.65;102.7;30795.0
199331;867475;2026-04-14 09:26:28.6523;33552.75;6;['F', 'TG', 'LS1', 'SC1', 'BB1', 'DE'];0.0;0.0;134.85;134.85;33700.0
102445;591068;2026-04-14 09:26:28.6994;10068.302;6;['TG', 'F', 'LS1', 'BB1', 'SC1', 'DE'];0.006;0.0029;2.098;2.104;10070.4
103811;866786;2026-04-14 09:26:28.7439;4962.44;3;['F', 'TG', 'LS1'];0.04;0.0021;19.16;19.2;4981.6
199350;883206;2026-04-14 09:26:28.7878;4932.72;4;['F', 'TG', 'LS1', 'SC1'];0.1;0.0025;39.78;39.88;4972.5
199349;883123;2026-04-14 09:26:28.8345;26585.4;5;['TG', 'LS1', 'F', 'DE', 'SC1'];1.6;0.0035;451.0;452.6;27060.0
853897;853452;2026-04-14 09:26:28.8620;24934.7;5;['TG', 'LS1', 'SC1', 'F', 'DE'];0.05;0.0004;139.35;139.4;25074.000000000004
199324;859386;2026-04-14 09:26:28.9033;25888.820000000003;5;['SC1', 'TG', 'LS1', 'F', 'DE'];0.06;0.0008;74.14;74.2;25949.0
1904995;901535;2026-04-14 09:26:28.9562;0.0;3;['F', 'LS1', 'BB1'];0.04;0.0047;8.5;8.54;0.0
103894;873403;2026-04-14 09:26:28.9811;42678.75;4;['TG', 'LS1', 'F', 'DE'];0.01;0.0001;71.23;71.24;42738.0
104017;887771;2026-04-14 09:26:29.0148;31591.48;6;['F', 'TG', 'LS1', 'SC1', 'BB1', 'DE'];-0.02;-0.0002;90.53;90.51;31675.0
853898;892800;2026-04-14 09:26:29.0614;8204.4;5;['F', 'TG', 'LS1', 'SC1', 'DE'];0.1;0.0019;51.6;51.7;8256.0
104057;893113;2026-04-14 09:26:29.0999;25000.71;5;['F', 'TG', 'LS1', 'SC1', 'DE'];0.02;0.0006;31.29;31.31;25032.0
104162;906849;2026-04-14 09:26:29.1263;26389.895;5;['F', 'TG', 'LS1', 'SC1', 'DE'];0.005;0.0003;17.605;17.61;26407.5
1294508;691196;2026-04-14 09:26:29.1596;0.0;3;['LS1', 'F', 'BB1'];0.03;0.0125;2.4;2.43;0.0
2308234;A0B552;2026-04-14 09:26:29.1976;0.0;1;['LS1'];1.7;0.095;17.9;19.6;0.0
3618442;692139;2026-04-14 09:26:29.2542;0.0;1;['LS1'];1.5;0.0115;130.5;132.0;0.0
3578493;722759;2026-04-14 09:26:29.2952;0.0;1;['LS1'];0.1;0.004;24.9;25.0;0.0
133676;934515;2026-04-14 09:26:29.3448;0.0;4;['F', 'SC1', 'LS1', 'BB1'];0.15;0.0052;28.85;29.0;0.0
685376;A0D8Z4;2026-04-14 09:26:29.4799;0.0;3;['LS1', 'F', 'BB1'];0.1;0.0035;28.7;28.8;0.0
154079;A0LE61;2026-04-14 09:26:29.5611;0.0;3;['F', 'LS1', 'BB1'];1.0;0.0211;47.5;48.5;0.0
1904992;907907;2026-04-14 09:26:29.6131;0.0;4;['SC1', 'LS1', 'F', 'BB1'];0.12;0.005;24.1;24.22;0.0
2342330;907084;2026-04-14 09:26:29.6552;0.0;3;['LS1', 'F', 'BB1'];0.1;0.0037;26.9;27.0;0.0
718490;940112;2026-04-14 09:26:29.7050;0.0;3;['LS1', 'F', 'BB1'];0.12;0.0164;7.32;7.44;0.0
2369558;936083;2026-04-14 09:26:29.7632;0.0;2;['LS1', 'BB1'];0.1;0.0435;2.3;2.4;0.0
199418;931114;2026-04-14 09:26:29.8055;0.0;2;['LS1', 'F'];0.75;0.0698;10.75;11.5;0.0
1267002;533963;2026-04-14 09:26:29.8449;0.0;3;['LS1', 'F', 'BB1'];0.08;0.0242;3.31;3.39;0.0
2599410;930081;2026-04-14 09:26:29.9130;0.0;2;['F', 'LS1'];0.1;0.0221;4.53;4.63;0.0
576157;A0J3D7;2026-04-14 09:26:29.9491;9209.199999999999;3;['F', 'TG', 'LS1'];0.0;0.0;11.5;11.5;3105.0
643814;924061;2026-04-14 09:26:29.9931;0.0;3;['F', 'LS1', 'BB1'];0.04;0.0075;5.31;5.35;0.0
199422;935256;2026-04-14 09:26:30.0510;0.0;1;['LS1'];0.12;0.017;7.06;7.18;0.0
1294502;A0LD7X;2026-04-14 09:26:30.0750;0.0;3;['LS1', 'F', 'BB1'];2.0;0.0142;140.5;142.5;0.0
199426;938282;2026-04-14 09:26:30.1565;0.0;3;['LS1', 'F', 'BB1'];0.2;0.0055;36.55;36.75;0.0
3578530;565818;2026-04-14 09:26:30.1802;0.0;1;['LS1'];0.0045;0.1071;0.042;0.0465;0.0
2683997;A0MRJ4;2026-04-14 09:26:30.2531;0.0;3;['LS1', 'F', 'BB1'];0.02;0.0084;2.37;2.39;0.0
133677;A0MVJZ;2026-04-14 09:26:30.2833;15849.358;5;['TG', 'F', 'LS1', 'SC1', 'DE'];0.007;0.0026;2.642;2.649;15852.0
117998;A2N6VA;2026-04-14 09:26:30.3079;3049.56;5;['TG', 'F', 'LS1', 'SC1', 'BB1'];0.1;0.0042;23.68;23.78;3078.4
1111807;A0LCVP;2026-04-14 09:26:30.3389;0.0;2;['LS1', 'F'];0.2;0.0038;53.0;53.2;0.0
930499;A143DP;2026-04-14 09:26:30.3628;34975.8;5;['SC1', 'TG', 'LS1', 'F', 'DE'];0.1;0.0013;76.2;76.3;35052.0
1582663;A0M9ZU;2026-04-14 09:26:30.4006;0.0;2;['F', 'LS1'];0.0002;0.0345;0.0058;0.006;0.0
199409;927122;2026-04-14 09:26:30.4281;0.0;3;['LS1', 'F', 'BB1'];0.002;0.0027;0.742;0.744;0.0
2301641;927106;2026-04-14 09:26:30.4537;0.0;3;['LS1', 'F', 'BB1'];0.005;0.0031;1.59;1.595;0.0
1695976;A0LD7Y;2026-04-14 09:26:30.5242;0.0;2;['LS1', 'F'];0.0001;0.0179;0.0056;0.0057;0.0
603035;938367;2026-04-14 09:26:30.5663;0.0;3;['F', 'LS1', 'BB1'];0.3;0.0068;44.4;44.7;0.0
1897037;550812;2026-04-14 09:26:30.6062;0.0;3;['F', 'LS1', 'BB1'];0.3;0.0088;33.9;34.2;0.0
1690386;A0LGJ2;2026-04-14 09:26:30.6296;9946.71;5;['TG', 'F', 'LS1', 'DE', 'SC1'];0.02;0.0022;9.28;9.3;8397.62
1405145;A0LD70;2026-04-14 09:26:30.6823;0.0;3;['F', 'LS1', 'BB1'];0.3;0.0105;28.6;28.9;0.0
1049917;A0JKUJ;2026-04-14 09:26:30.7301;0.0;2;['LS1', 'BB1'];0.009;0.0268;0.336;0.345;0.0
1168934;A0LD72;2026-04-14 09:26:30.7617;0.0;1;['LS1'];0.04;0.0071;5.6;5.64;0.0
569012;A0LD76;2026-04-14 09:26:30.8113;0.0;3;['LS1', 'F', 'BB1'];0.04;0.0025;16.06;16.1;0.0
3578532;A0LD78;2026-04-14 09:26:30.8368;0.0;1;['LS1'];3.0;0.0364;82.5;85.5;0.0
643822;A0B585;2026-04-14 09:26:30.8946;5080.05;3;['TG', 'F', 'LS1'];0.2;0.0063;32.0;32.2;5112.0
683897;A0LEWB;2026-04-14 09:26:30.9329;0.0;3;['LS1', 'F', 'BB1'];0.6;0.0075;80.3;80.9;0.0
2684001;A0HL4T;2026-04-14 09:26:30.9768;0.0;3;['LS1', 'F', 'BB1'];0.02;0.0098;2.05;2.07;0.0
3796985;907602;2026-04-14 09:26:31.0225;0.0;2;['LS1', 'F'];0.4;0.0125;31.9;32.3;0.0
199380;913048;2026-04-14 09:26:31.0701;0.0;3;['F', 'LS1', 'BB1'];0.017;0.0225;0.755;0.772;0.0
199382;913141;2026-04-14 09:26:31.0961;4743.0;4;['TG', 'F', 'LS1', 'SC1'];0.5;0.0033;153.0;153.5;4896.0
852150;806345;2026-04-14 09:26:31.1335;0.0;1;['LS1'];35.0;0.3333;105.0;140.0;0.0
133679;A0M45W;2026-04-14 09:26:31.2540;29930.16;4;['TG', 'F', 'LS1', 'SC1'];0.02;0.0007;27.56;27.58;29957.719999999998
1252050;923069;2026-04-14 09:26:31.2937;0.0;3;['F', 'LS1', 'BB1'];0.6;0.0071;84.6;85.2;0.0
2643633;889694;2026-04-14 09:26:31.3416;0.0;1;['LS1'];4.5;0.0621;72.5;77.0;0.0
199430;A0BLMY;2026-04-14 09:26:31.3920;25524.899999999998;4;['TG', 'F', 'LS1', 'SC1'];0.1;0.0014;71.1;71.2;25595.999999999996
1427928;A0HMXA;2026-04-14 09:26:31.4344;0.0;1;['LS1'];0.0072;0.0575;0.1252;0.1324;0.0
275458;A0DK2J;2026-04-14 09:26:31.4793;5011.245;4;['TG', 'F', 'LS1', 'SC1'];0.025;0.0029;8.665;8.69;5025.7
2321668;A112C8;2026-04-14 09:26:31.5082;0.0;2;['LS1', 'BB1'];0.0055;0.0117;0.47;0.4755;0.0
2290024;A14U3H;2026-04-14 09:26:31.6040;0.0;3;['F', 'LS1', 'BB1'];0.25;0.0099;25.15;25.4;0.0
774855;A0DPXB;2026-04-14 09:26:31.6302;0.0;2;['LS1', 'F'];0.15;0.0141;10.65;10.8;0.0
3667070;A2PBF1;2026-04-14 09:26:31.7125;0.0;2;['LS1', 'F'];0.08;0.0261;3.06;3.14;0.0
2426168;A0ERJT;2026-04-14 09:26:31.7559;0.0;3;['F', 'LS1', 'BB1'];0.015;0.0064;2.34;2.355;0.0
2622549;A0E9TF;2026-04-14 09:26:31.8626;0.0;3;['LS1', 'F', 'BB1'];0.01;0.0025;3.97;3.98;0.0
1769878;A0LE7Q;2026-04-14 09:26:31.8989;0.0;4;['SC1', 'LS1', 'F', 'BB1'];1.4;0.0089;156.6;158.0;0.0
286258;A0ER6Q;2026-04-14 09:26:31.9214;20208.09;5;['SC1', 'TG', 'F', 'LS1', 'DE'];0.01;0.0003;28.9;28.91;20230.0
2641228;A0ETF5;2026-04-14 09:26:31.9936;0.0;1;['LS1'];0.17;0.1037;1.64;1.81;0.0
1405272;A0HF10;2026-04-14 09:26:32.1035;0.0;3;['LS1', 'F', 'BB1'];0.6;0.0099;60.4;61.0;0.0
331759;A0F7BK;2026-04-14 09:26:32.1499;36585.119999999995;5;['TG', 'LS1', 'F', 'SC1', 'DE'];0.03;0.0013;22.89;22.92;36624.0
133681;A0HGPT;2026-04-14 09:26:32.1794;15051.684;5;['TG', 'LS1', 'F', 'SC1', 'DE'];0.008;0.0035;2.317;2.325;15060.500000000002
331739;A0HFXW;2026-04-14 09:26:32.2594;5011.4400000000005;4;['TG', 'SC1', 'LS1', 'F'];0.02;0.0016;12.56;12.58;5024.0
853899;A0ESMG;2026-04-14 09:26:32.3018;4695.599999999999;4;['TG', 'LS1', 'F', 'SC1'];0.3;0.0018;167.7;168.0;4863.299999999999
1496476;A0HNDR;2026-04-14 09:26:32.4745;0.0;2;['LS1', 'F'];0.4;0.016;25.0;25.4;0.0
733502;A0JC1Z;2026-04-14 09:26:32.5329;7776.3;4;['TG', 'F', 'LS1', 'SC1'];0.4;0.0035;112.7;113.1;7889.0
1508855;A1JTXZ;2026-04-14 09:26:32.5740;0.0;2;['F', 'LS1'];0.002;0.012;0.166;0.168;0.0
133684;A0JJWS;2026-04-14 09:26:32.6290;0.0;3;['F', 'LS1', 'BB1'];0.065;0.0147;4.42;4.485;0.0
133685;A0JKB2;2026-04-14 09:26:32.6555;44595.85;5;['F', 'TG', 'LS1', 'SC1', 'DE'];0.05;0.0003;149.15;149.2;44745.0
3808283;A0JJ3N;2026-04-14 09:26:32.6998;0.0;2;['F', 'LS1'];0.04;0.0082;4.86;4.9;0.0
133686;A0JLZ0;2026-04-14 09:26:32.7393;9896.0;4;['TG', 'F', 'LS1', 'SC1'];0.15;0.0024;61.85;62.0;9957.85
1282077;A0LCUJ;2026-04-14 09:26:32.7658;2926.21;5;['F', 'TG', 'LS1', 'BB1', 'DE'];0.006;0.005;1.204;1.21;2927.4
1348174;A0LGW5;2026-04-14 09:26:32.8056;0.0;1;['LS1'];0.155;0.0896;1.73;1.885;0.0
133687;A0J2WM;2026-04-14 09:26:32.8535;0.0;2;['LS1', 'SC1'];0.2;0.0018;113.1;113.3;0.0
1311359;A0LEPA;2026-04-14 09:26:33.1142;0.0;1;['LS1'];0.12;0.0351;3.42;3.54;0.0
1943263;A0MLBG;2026-04-14 09:26:33.1461;0.0;3;['LS1', 'F', 'BB1'];0.1;0.0029;34.8;34.9;0.0
2570176;A0LHLN;2026-04-14 09:26:33.2041;0.0;3;['F', 'LS1', 'BB1'];0.06;0.0043;13.8;13.86;0.0
1163111;A0LHB8;2026-04-14 09:26:33.2479;0.0;3;['LS1', 'F', 'BB1'];0.004;0.0167;0.24;0.244;0.0
133688;A0LE05;2026-04-14 09:26:33.2921;5159.512000000001;4;['TG', 'F', 'LS1', 'SC1'];0.024;0.0065;3.688;3.712;5163.2
2297903;A12CFH;2026-04-14 09:26:33.3852;2027.274;3;['TG', 'F', 'LS1'];0.005;0.0135;0.37;0.375;2027.6399999999999
3179206;A0LFJ3;2026-04-14 09:26:33.4395;0.0;1;['LS1'];0.11;0.0223;4.94;5.05;0.0
1405313;A0LF6P;2026-04-14 09:26:33.4734;0.0;2;['LS1', 'F'];0.1;0.0114;8.8;8.9;0.0
540050;A0LGQX;2026-04-14 09:26:33.5115;9942.24;5;['TG', 'LS1', 'F', 'SC1', 'DE'];0.06;0.0019;32.26;32.32;9968.34
996745;A1JWB7;2026-04-14 09:26:33.5365;3099.266;5;['TG', 'F', 'LS1', 'BB1', 'DE'];0.022;0.0059;3.698;3.72;3102.96
1111719;A0MKPQ;2026-04-14 09:26:33.5812;0.0;3;['LS1', 'F', 'BB1'];0.058;0.0591;0.982;1.04;0.0
284960;A0MKPR;2026-04-14 09:26:33.6057;1099.124;4;['TG', 'F', 'LS1', 'BB1'];0.032;0.0087;3.678;3.71;1102.8
133690;A0MJ2F;2026-04-14 09:26:33.6590;0.0;2;['LS1', 'BB1'];0.02;0.0112;1.78;1.8;0.0
1882471;A0MMT4;2026-04-14 09:26:33.7467;0.0;2;['LS1', 'F'];0.45;0.033;13.65;14.1;0.0
319399;A0MM7Q;2026-04-14 09:26:33.8312;15198.439999999999;4;['TG', 'LS1', 'F', 'SC1'];0.05;0.0013;37.14;37.19;15227.4
1496560;A0MRKW;2026-04-14 09:26:33.8702;0.0;1;['LS1'];2.39;0.0298;80.1;82.49;0.0
2687274;A0MSNT;2026-04-14 09:26:33.8994;0.0;2;['LS1', 'F'];0.16;0.0567;2.82;2.98;0.0
958072;A0NEZJ;2026-04-14 09:26:33.9435;1505.1776;3;['TG', 'F', 'LS1'];0.0002;0.002;0.1024;0.1026;1505.28
2703417;A0MVRB;2026-04-14 09:26:33.9895;0.0;4;['LS1', 'SC1', 'F', 'BB1'];0.2;0.0033;60.7;60.9;0.0
3578494;A0MUJB;2026-04-14 09:26:34.0349;0.0;1;['LS1'];0.1;0.0036;28.0;28.1;0.0
551624;A0X8WD;2026-04-14 09:26:34.1258;0.0;3;['LS1', 'F', 'BB1'];0.5;0.0053;95.0;95.5;0.0
2002025;A0MWCT;2026-04-14 09:26:34.1565;0.0;3;['F', 'LS1', 'BB1'];0.003;0.0079;0.38;0.383;0.0
3139925;A0N9T5;2026-04-14 09:26:34.2101;0.0;2;['LS1', 'F'];0.01;0.0099;1.01;1.02;0.0
1008643;A0Q665;2026-04-14 09:26:34.2553;0.0;3;['LS1', 'F', 'BB1'];1.4;0.0183;76.4;77.8;0.0
133693;A0M6L1;2026-04-14 09:26:34.2987;4966.4;4;['TG', 'LS1', 'SC1', 'F'];0.03;0.0015;19.4;19.43;4985.799999999999
474960;A1CXBG;2026-04-14 09:26:34.3426;1545.81;3;['F', 'TG', 'LS1'];0.008;0.0067;1.19;1.198;1547.0
3796983;A0QYPA;2026-04-14 09:26:34.3841;0.0;3;['LS1', 'F', 'BB1'];1.4;0.044;31.8;33.2;0.0
1936896;A0QZKU;2026-04-14 09:26:34.4675;0.0;2;['LS1', 'F'];0.005;0.0169;0.295;0.3;0.0
2065603;A1JCLA;2026-04-14 09:26:34.5098;0.0;2;['LS1', 'F'];0.0048;0.0257;0.187;0.1918;0.0
2321880;A1CTQQ;2026-04-14 09:26:34.5513;0.0;2;['F', 'LS1'];0.001;0.0179;0.0558;0.0568;0.0
1311288;A0N9SK;2026-04-14 09:26:34.6129;0.0;1;['LS1'];0.45;0.057;7.9;8.35;0.0
865351;A1XDS6;2026-04-14 09:26:34.6552;14948.88;4;['TG', 'SC1', 'F', 'LS1'];0.02;0.0013;15.93;15.95;14964.8
2641132;A0N9SS;2026-04-14 09:26:34.6952;0.0;1;['LS1'];0.73;0.3862;1.89;2.62;0.0
1908184;A2JNET;2026-04-14 09:26:34.7433;0.0;2;['F', 'BB1'];0.15;0.0312;4.81;4.96;0.0
2005464;A2JHN6;2026-04-14 09:26:34.7947;0.0;3;['LS1', 'F', 'BB1'];0.35;0.0265;13.2;13.55;0.0
2485489;A12CFR;2026-04-14 09:26:34.8444;0.0;1;['LS1'];0.008;0.3265;0.0245;0.0325;0.0
1015129;A110S1;2026-04-14 09:26:34.8889;0.0;1;['LS1'];0.26;0.056;4.64;4.9;0.0
3532259;A12CFV;2026-04-14 09:26:34.9331;0.0;2;['LS1', 'F'];0.3;0.0455;6.6;6.9;0.0
1369034;A1J4UX;2026-04-14 09:26:34.9730;0.0;2;['F', 'LS1'];0.0001;0.1429;0.0007;0.0008;0.0
1911100;A12CFW;2026-04-14 09:26:35.0285;0.0;3;['LS1', 'F', 'BB1'];0.008;0.0046;1.732;1.74;0.0
3578529;A12CFX;2026-04-14 09:26:35.0576;0.0;1;['LS1'];0.016;0.2133;0.075;0.091;0.0
208430;A0YFKD;2026-04-14 09:26:35.0855;0.0;4;['SC1', 'LS1', 'F', 'BB1'];0.04;0.0023;17.36;17.4;0.0
790094;A12CF1;2026-04-14 09:26:35.1784;0.0;2;['LS1', 'F'];0.19;0.1203;1.58;1.77;0.0
897598;A1C0JG;2026-04-14 09:26:35.2226;15073.695000000002;4;['TG', 'LS1', 'F', 'SC1'];0.025;0.0014;18.41;18.435;15092.1
2875889;A1J1JV;2026-04-14 09:26:35.2606;0.0;1;['LS1'];0.022;0.131;0.168;0.19;0.0
2521823;A1JWG9;2026-04-14 09:26:35.3176;4433.0;5;['F', 'TG', 'SC1', 'LS1', 'BB1'];1.5;0.0044;341.0;342.5;4774.0
1425428;A1H8G1;2026-04-14 09:26:35.4137;0.0;3;['LS1', 'F', 'BB1'];0.026;0.0305;0.852;0.878;0.0
3618463;A1JGAJ;2026-04-14 09:26:35.4423;0.0;1;['LS1'];0.1;0.0042;23.9;24.0;0.0
3137946;A12CGC;2026-04-14 09:26:35.4671;0.0;3;['F', 'LS1', 'BB1'];0.5;0.0222;22.5;23.0;0.0
2028439;A1JFY3;2026-04-14 09:26:35.4913;0.0;3;['LS1', 'F', 'BB1'];0.05;0.063;0.794;0.844;0.0
2740979;A1JBGJ;2026-04-14 09:26:35.5454;0.0;3;['LS1', 'F', 'BB1'];0.4;0.012;33.4;33.8;0.0
1936879;A1JCLB;2026-04-14 09:26:35.5899;0.0;3;['LS1', 'F', 'BB1'];0.03;0.0069;4.32;4.35;0.0
288892;A14WL9;2026-04-14 09:26:35.6359;0.0;3;['LS1', 'F', 'BB1'];0.005;0.0059;0.845;0.85;0.0
2413992;A1JG36;2026-04-14 09:26:35.6921;5319.335;5;['TG', 'LS1', 'F', 'SC1', 'BB1'];0.002;0.003;0.667;0.669;5320.0
4656599;A12CGH;2026-04-14 09:26:35.7188;0.0;0;[];0.1;0.013;7.7;7.8;0.0
1014330;A1W6V5;2026-04-14 09:26:35.8167;0.0;2;['LS1', 'F'];0.009;0.0466;0.193;0.202;0.0
1058324;A1JTC2;2026-04-14 09:26:35.8698;1114.736;3;['TG', 'F', 'LS1'];0.034;0.0078;4.332;4.366;1123.2
3578513;A1JUS3;2026-04-14 09:26:35.9212;0.0;1;['F'];0.4;0.087;4.6;5.0;0.0
1547169;A12CGM;2026-04-14 09:26:35.9431;0.0;1;['LS1'];0.06;0.0242;2.48;2.54;0.0
772467;A1103M;2026-04-14 09:26:35.9800;0.0;3;['LS1', 'F', 'BB1'];0.008;0.015;0.534;0.542;0.0
1156108;A1J7EB;2026-04-14 09:26:36.0096;5233.7;4;['TG', 'F', 'LS1', 'SC1'];0.2;0.0076;26.3;26.5;5260.0
2187630;A3CTPN;2026-04-14 09:26:36.0620;0.0;3;['LS1', 'F', 'BB1'];0.15;0.0119;12.6;12.75;0.0
2810219;A1T9RS;2026-04-14 09:26:36.1039;0.0;2;['LS1', 'F'];0.0036;0.0324;0.111;0.1146;0.0
2382088;A1W7NS;2026-04-14 09:26:36.1508;0.0;3;['F', 'LS1', 'BB1'];0.024;0.0121;1.986;2.01;0.0
1247399;A1T95K;2026-04-14 09:26:36.2037;5252.25;5;['TG', 'SC1', 'LS1', 'F', 'BB1'];0.1;0.0028;35.25;35.35;5287.5
683933;A14NWZ;2026-04-14 09:26:36.2479;0.0;3;['LS1', 'F', 'BB1'];0.04;0.0349;1.145;1.185;0.0
2453529;A2PAC3;2026-04-14 09:26:36.2885;0.0;2;['F', 'LS1'];0.34;0.1858;1.83;2.17;0.0
1547175;A12CGT;2026-04-14 09:26:36.3404;0.0;1;['LS1'];0.24;0.055;4.36;4.6;0.0
1915486;A2DUMT;2026-04-14 09:26:36.3979;0.0;3;['LS1', 'F', 'BB1'];0.001;0.0222;0.045;0.046;0.0
1831562;A1XA4J;2026-04-14 09:26:36.4583;5675.879999999999;4;['TG', 'LS1', 'F', 'SC1'];0.11;0.0135;8.12;8.23;5683.999999999999
1609049;A1XBG1;2026-04-14 09:26:36.5682;0.0;3;['F', 'LS1', 'BB1'];0.05;0.0052;9.65;9.7;0.0
2128048;A1XEH4;2026-04-14 09:26:36.6136;2949.898;4;['TG', 'LS1', 'F', 'BB1'];0.014;0.0072;1.952;1.966;2951.84
351275;A1XEHR;2026-04-14 09:26:36.6584;19652.2;4;['TG', 'LS1', 'SC1', 'F'];0.2;0.001;202.6;202.8;19854.8
1694271;A1131S;2026-04-14 09:26:36.7568;0.0;2;['LS1', 'F'];0.08;0.0941;0.85;0.93;0.0
2453535;A2DVBJ;2026-04-14 09:26:36.8368;0.0;2;['LS1', 'F'];0.09;0.0407;2.21;2.3;0.0
1051815;A116CB;2026-04-14 09:26:36.8703;0.0;3;['F', 'LS1', 'BB1'];0.06;0.0086;6.96;7.02;0.0
733758;A115FW;2026-04-14 09:26:36.9033;5163.54;4;['TG', 'SC1', 'F', 'LS1'];0.008;0.0033;2.46;2.468;5166.0
1887898;A116LR;2026-04-14 09:26:36.9453;3166.5564;4;['F', 'TG', 'LS1', 'DE'];0.0009;0.0037;0.245;0.2459;3166.8
1252798;A12AAH;2026-04-14 09:26:36.9861;0.0;3;['LS1', 'F', 'BB1'];0.02;0.0021;9.62;9.64;0.0
1237118;A1161Y;2026-04-14 09:26:37.0326;0.0;4;['LS1', 'SC1', 'F', 'BB1'];0.03;0.0044;6.83;6.86;0.0
1130372;A14QXP;2026-04-14 09:26:37.0826;1104.236;4;['TG', 'LS1', 'F', 'BB1'];0.044;0.0139;3.164;3.208;1107.4
1311384;A12FJM;2026-04-14 09:26:37.1298;0.0;1;['LS1'];0.15;0.021;7.15;7.3;0.0
3618443;A2AMFU;2026-04-14 09:26:37.1673;0.0;2;['LS1', 'F'];-0.005;-0.0037;1.365;1.36;0.0
1748587;A14UQC;2026-04-14 09:26:37.1901;10167.300000000001;5;['TG', 'LS1', 'F', 'SC1', 'DE'];0.2;0.0019;102.8;103.0;10270.0
2728913;A14NXK;2026-04-14 09:26:37.2132;4962.780000000001;4;['TG', 'F', 'LS1', 'BB1'];0.14;0.0098;14.22;14.36;4977.0
1210161;A14M04;2026-04-14 09:26:37.2388;0.0;3;['F', 'LS1', 'BB1'];0.0025;0.0102;0.2455;0.248;0.0
992571;A14M93;2026-04-14 09:26:37.2864;15135.06;4;['TG', 'LS1', 'F', 'SC1'];0.02;0.0008;26.14;26.16;15161.2
946557;A3C5KU;2026-04-14 09:26:37.3254;3190.0499999999997;3;['F', 'TG', 'LS1'];0.5;0.0218;22.95;23.45;3213.0
674025;A14SVV;2026-04-14 09:26:37.3686;0.0;3;['LS1', 'F', 'BB1'];0.0005;0.0013;0.388;0.3885;0.0
617571;A14QF9;2026-04-14 09:26:37.4316;0.0;3;['F', 'LS1', 'BB1'];0.1;0.0056;17.95;18.05;0.0
1866781;A2DQ77;2026-04-14 09:26:37.4838;0.0;2;['F', 'LS1'];0.01;0.0133;0.752;0.762;0.0
652575;A14QR9;2026-04-14 09:26:37.5190;1481.165;4;['TG', 'LS1', 'F', 'BB1'];0.05;0.0141;3.545;3.595;1484.7
2713072;A3C7A5;2026-04-14 09:26:37.5746;0.0;3;['LS1', 'F', 'BB1'];0.06;0.0107;5.6;5.66;0.0
3578543;A2PVJP;2026-04-14 09:26:37.6222;0.0;1;['LS1'];0.02;0.0154;1.3;1.32;0.0
503870;A14UTB;2026-04-14 09:26:37.6924;4906.72;4;['TG', 'LS1', 'F', 'SC1'];0.06;0.0013;47.18;47.24;4953.9
2137502;A14VXU;2026-04-14 09:26:37.7287;0.0;2;['LS1', 'F'];0.1;0.0047;21.2;21.3;0.0
2033156;A14V4C;2026-04-14 09:26:37.7674;0.0;2;['LS1', 'F'];0.03;0.0187;1.6;1.63;0.0
551606;A14V8U;2026-04-14 09:26:37.8097;0.0;3;['LS1', 'F', 'BB1'];0.1;0.0204;4.89;4.99;0.0
1294507;A14XDG;2026-04-14 09:26:37.8414;0.0;3;['LS1', 'F', 'BB1'];0.48;0.1708;2.81;3.29;0.0
721116;A14XZH;2026-04-14 09:26:37.8921;4904.400000000001;4;['TG', 'F', 'LS1', 'BB1'];0.2;0.005;40.2;40.4;4944.6
1678302;A142R6;2026-04-14 09:26:37.9697;0.0;2;['F', 'LS1'];0.042;0.0656;0.64;0.682;0.0
1384546;A14Z92;2026-04-14 09:26:38.0596;0.0;2;['F', 'LS1'];0.1;0.0114;8.8;8.9;0.0
1209027;A143G8;2026-04-14 09:26:38.0907;0.0;3;['F', 'LS1', 'BB1'];0.0025;0.0063;0.3975;0.4;0.0
2338933;A2AA65;2026-04-14 09:26:38.1229;5602.8;4;['TG', 'F', 'LS1', 'BB1'];0.15;0.0037;40.7;40.85;5643.400000000001
1311349;A2ACHN;2026-04-14 09:26:38.1746;0.0;2;['F', 'LS1'];0.04;0.0241;1.66;1.7;0.0
1496572;A2AFKD;2026-04-14 09:26:38.2110;0.0;1;['LS1'];0.38;0.1979;1.92;2.3;0.0
2669454;A2ACQC;2026-04-14 09:26:38.2528;0.0;2;['F', 'LS1'];0.1;0.0043;23.3;23.4;0.0
2599402;A2AGUC;2026-04-14 09:26:38.2947;0.0;3;['LS1', 'F', 'BB1'];0.08;0.0573;1.395;1.475;0.0
1175208;A2AKJL;2026-04-14 09:26:38.3816;1504.983;3;['TG', 'F', 'LS1'];0.003;0.0042;0.717;0.72;1505.7
1356355;A2AJKS;2026-04-14 09:26:38.4398;9707.5;5;['SC1', 'TG', 'LS1', 'F', 'DE'];0.4;0.0023;176.5;176.9;9884.0
1015200;A2ALNH;2026-04-14 09:26:38.5088;0.0;1;['LS1'];3.8;0.131;29.0;32.8;0.0
406183;A2AJ7M;2026-04-14 09:26:38.5347;0.0;3;['LS1', 'F', 'BB1'];0.03;0.0353;0.85;0.88;0.0
100179;A2ALDB;2026-04-14 09:26:38.5734;10962.675000000001;4;['LS1', 'TG', 'SC1', 'F'];0.025;0.0022;11.175;11.2;10973.85
1501128;A2ANGZ;2026-04-14 09:26:38.6428;0.0;2;['F', 'LS1'];0.0003;0.0037;0.0821;0.0824;0.0
344207;A2ASR9;2026-04-14 09:26:38.7153;0.0;3;['LS1', 'F', 'BB1'];0.1;0.0132;7.58;7.68;0.0
2086873;A2H5K5;2026-04-14 09:26:38.7608;7973.82;3;['TG', 'F', 'LS1'];0.015;0.0027;5.59;5.605;7979.400000000001
820618;A2DKAC;2026-04-14 09:26:38.7983;9874.68;3;['TG', 'F', 'SC1'];0.06;0.0009;69.64;69.7;9958.52
1707724;A2DMZM;2026-04-14 09:26:38.8464;0.0;4;['LS1', 'F', 'SC1', 'BB1'];0.06;0.0034;17.52;17.58;0.0
1507105;A40V1B;2026-04-14 09:26:38.9274;1498.6499999999999;4;['TG', 'LS1', 'F', 'BB1'];0.095;0.0196;4.85;4.945;1503.5
1508863;A2DLV9;2026-04-14 09:26:38.9521;1498.3799999999999;6;['TG', 'LS1', 'F', 'SC1', 'BB1', 'DE'];0.02;0.0045;4.42;4.44;1502.8
118001;A2DVTN;2026-04-14 09:26:38.9955;0.0;3;['LS1', 'F', 'BB1'];0.9;0.039;23.1;24.0;0.0
1768295;A2DNQP;2026-04-14 09:26:39.0922;0.0;3;['F', 'LS1', 'BB1'];0.03;0.014;2.14;2.17;0.0
1111754;A2DS5F;2026-04-14 09:26:39.1173;0.0;3;['LS1', 'F', 'BB1'];0.008;0.0077;1.044;1.052;0.0
3532276;A2DYZF;2026-04-14 09:26:39.1709;0.0;2;['LS1', 'F'];10.0;0.036;278.0;288.0;0.0
2028601;A2DSXM;2026-04-14 09:26:39.2372;10789.2;4;['TG', 'F', 'LS1', 'SC1'];0.03;0.0028;10.81;10.84;10800.0
2451094;A2DVBK;2026-04-14 09:26:39.2694;0.0;1;['F'];0.0175;0.049;0.3575;0.375;0.0
1545243;A2DUVQ;2026-04-14 09:26:39.3062;15057.900000000001;4;['TG', 'LS1', 'SC1', 'F'];0.04;0.0011;35.1;35.14;15093.0
1677520;A2DXZH;2026-04-14 09:26:39.3491;4849.2;4;['TG', 'LS1', 'SC1', 'F'];0.1;0.0011;89.8;89.9;4939.0
683925;A2DYPZ;2026-04-14 09:26:39.3952;0.0;3;['LS1', 'F', 'BB1'];0.7;0.0167;41.8;42.5;0.0
2817935;A2H5VB;2026-04-14 09:26:39.4207;0.0;0;[];0.015;0.0242;0.62;0.635;0.0
2128679;A2H6LX;2026-04-14 09:26:39.4633;0.0;3;['LS1', 'F', 'BB1'];0.01;0.0031;3.21;3.22;0.0
2808005;A2JSL8;2026-04-14 09:26:39.4927;3124.2999999999997;3;['TG', 'F', 'LS1'];0.18;0.0115;15.72;15.9;3140.0
1571762;A2H8SU;2026-04-14 09:26:39.5167;0.0;3;['LS1', 'F', 'BB1'];0.008;0.0058;1.382;1.39;0.0
114200;A3CNLG;2026-04-14 09:26:39.5580;0.0;2;['LS1', 'F'];0.01;0.0065;1.55;1.56;0.0
111188;A2JGS9;2026-04-14 09:26:39.5816;0.0;0;[];0.0;0.0;0.18;0.0;0.0
1136691;A2JQPR;2026-04-14 09:26:39.6401;0.0;2;['LS1', 'F'];0.026;0.052;0.5;0.526;0.0
267398;A2JH5S;2026-04-14 09:26:39.6705;20427.350000000002;5;['TG', 'LS1', 'SC1', 'F', 'DE'];0.05;0.0005;102.65;102.7;20530.0
2699789;A2JM7Q;2026-04-14 09:26:39.7004;0.0;2;['LS1', 'F'];0.018;0.0205;0.88;0.898;0.0
674698;A2JMK3;2026-04-14 09:26:39.7224;0.0;2;['LS1', 'F'];0.02;0.0417;0.48;0.5;0.0
641990;A3CRZT;2026-04-14 09:26:39.7782;0.0;3;['F', 'LS1', 'BB1'];0.02;0.0066;3.02;3.04;0.0
963644;A2JLWC;2026-04-14 09:26:39.8200;0.0;3;['LS1', 'F', 'BB1'];0.5;0.0069;72.6;73.1;0.0
118927;A2JN55;2026-04-14 09:26:39.8745;4971.82;4;['TG', 'F', 'LS1', 'BB1'];0.16;0.0038;41.82;41.98;5016.0
1111733;A2JQRU;2026-04-14 09:26:39.9258;0.0;3;['LS1', 'F', 'BB1'];0.2;0.0074;26.9;27.1;0.0
1891370;A2JQPS;2026-04-14 09:26:39.9496;0.0;3;['LS1', 'F', 'BB1'];0.005;0.0037;1.355;1.36;0.0
2699853;A2N7CL;2026-04-14 09:26:40.0077;0.0;2;['LS1', 'F'];0.005;0.0079;0.635;0.64;0.0
917083;A2JSDZ;2026-04-14 09:26:40.0707;0.0;3;['LS1', 'F', 'BB1'];0.4;0.0085;47.05;47.45;0.0
1031376;A2N9LB;2026-04-14 09:26:40.1616;0.0;2;['LS1', 'F'];0.0014;0.018;0.0776;0.079;0.0
854631;A2N8PV;2026-04-14 09:26:40.2036;4944.68;3;['TG', 'F', 'LS1'];0.002;0.0038;0.522;0.524;4945.2
852201;A2PAHY;2026-04-14 09:26:40.2498;0.0;2;['LS1', 'F'];0.2;0.01;20.0;20.2;0.0
2321657;A2PEV8;2026-04-14 09:26:40.2948;0.0;3;['LS1', 'F', 'BB1'];0.02;0.007;2.86;2.88;0.0
2319960;A2P86Q;2026-04-14 09:26:40.3382;0.0;1;['F'];0.0002;0.0417;0.0048;0.005;0.0
1311287;A2PWP4;2026-04-14 09:26:40.3909;0.0;1;['LS1'];0.014;0.0215;0.65;0.664;0.0
530983;A2PLHP;2026-04-14 09:26:40.4683;0.0;3;['F', 'LS1', 'BB1'];0.05;0.0161;3.1;3.15;0.0
1127155;A2PNDC;2026-04-14 09:26:40.5109;0.0;3;['F', 'LS1', 'BB1'];0.006;0.0082;0.73;0.736;0.0
1311405;A2PNH1;2026-04-14 09:26:40.5566;0.0;1;['LS1'];0.12;0.0451;2.66;2.78;0.0
2638833;A3DNW9;2026-04-14 09:26:40.5979;0.0;3;['F', 'LS1', 'BB1'];0.024;0.0516;0.465;0.489;0.0
901512;A2PSEA;2026-04-14 09:26:40.6386;5207.84;4;['F', 'TG', 'LS1', 'SC1'];0.04;0.0021;19.36;19.4;5227.2
480725;A2PTXS;2026-04-14 09:26:40.6823;2009.7900000000002;4;['TG', 'LS1', 'F', 'BB1'];0.025;0.0061;4.11;4.135;2013.9
1761559;A2PU5K;2026-04-14 09:26:40.7337;14995.94;4;['F', 'TG', 'SC1', 'LS1'];0.03;0.0012;25.46;25.49;15021.4
3578511;A2PVJS;2026-04-14 09:26:40.7904;0.0;2;['LS1', 'F'];0.045;0.0375;1.2;1.245;0.0
3808349;A2QEY8;2026-04-14 09:26:40.8312;0.0;2;['LS1', 'F'];0.1;0.0025;39.8;39.9;0.0
3578517;A2P2M9;2026-04-14 09:26:40.8731;0.0;1;['F'];0.008;0.0149;0.536;0.544;0.0
775311;A2PWZL;2026-04-14 09:26:40.9196;0.0;3;['SC1', 'F', 'BB1'];0.6;0.0233;25.8;26.4;0.0
798751;A2PXUH;2026-04-14 09:26:40.9763;0.0;3;['F', 'LS1', 'BB1'];0.004;0.0183;0.218;0.222;0.0
3481054;A2PZ7S;2026-04-14 09:26:41.0668;1458.0664;3;['TG', 'LS1', 'F'];0.0046;0.0264;0.174;0.1786;1458.24
1539025;A2P0XB;2026-04-14 09:26:41.1085;2440.0392;3;['TG', 'LS1', 'F'];0.003;0.0248;0.1208;0.1238;2440.1600000000003
577297;A2P2HK;2026-04-14 09:26:41.1580;0.0;2;['F', 'LS1'];0.0008;0.0088;0.0912;0.092;0.0
1891411;A2P22Y;2026-04-14 09:26:41.1864;15048.45;4;['TG', 'F', 'LS1', 'SC1'];0.02;0.0008;23.55;23.57;15072.0
2424197;A2QE58;2026-04-14 09:26:41.2829;0.0;1;['F'];0.035;0.0184;1.9;1.935;0.0
983199;A2QJCT;2026-04-14 09:26:41.3135;30397.300000000003;5;['SC1', 'TG', 'LS1', 'F', 'DE'];0.06;0.0009;67.68;67.74;30456.000000000004
415256;A2QJ8C;2026-04-14 09:26:41.3419;0.0;2;['F', 'LS1'];0.08;0.0203;3.94;4.02;0.0
1237453;A2QJRR;2026-04-14 09:26:41.4144;0.0;2;['F', 'LS1'];0.108;0.675;0.16;0.268;0.0
2811798;A2QNN5;2026-04-14 09:26:41.4650;2970.2400000000002;4;['TG', 'LS1', 'F', 'BB1'];0.018;0.0115;1.56;1.578;2971.8
531002;A3CQ3Z;2026-04-14 09:26:41.5090;0.0;2;['LS1', 'F'];0.08;0.0302;2.65;2.73;0.0
3808667;A3CMR4;2026-04-14 09:26:41.5480;0.0;2;['LS1', 'F'];2.0;0.008;249.0;251.0;0.0
720102;A3CSTG;2026-04-14 09:26:41.6190;0.0;2;['LS1', 'F'];0.08;0.0092;8.66;8.74;0.0
869023;A3CRC5;2026-04-14 09:26:41.6425;10512.45;5;['TG', 'F', 'SC1', 'LS1', 'DE'];0.01;0.0006;17.555;17.565;10533.0
1718404;A3CSFJ;2026-04-14 09:26:41.6871;3061.3199999999997;4;['TG', 'F', 'LS1', 'BB1'];0.04;0.0103;3.88;3.92;3065.2
1574845;A3DGYT;2026-04-14 09:26:41.7734;0.0;1;['F'];0.7;0.8235;0.85;1.55;0.0
144620;A3CS48;2026-04-14 09:26:41.8171;0.0;3;['F', 'LS1', 'BB1'];0.01;0.0025;3.93;3.94;0.0
2179065;A3CTQ0;2026-04-14 09:26:41.8616;0.0;2;['LS1', 'F'];0.02;0.0185;1.08;1.1;0.0
2699879;A3CY48;2026-04-14 09:26:41.9193;0.0;2;['LS1', 'F'];0.0026;0.008;0.327;0.3296;0.0
1304898;A3C4P7;2026-04-14 09:26:41.9643;0.0;3;['LS1', 'F', 'BB1'];0.05;0.0052;9.6;9.65;0.0
972028;A3CT8Y;2026-04-14 09:26:42.0063;0.0;2;['F', 'BB1'];0.003;0.013;0.23;0.233;0.0
2521907;A3CVR6;2026-04-14 09:26:42.0899;0.0;2;['LS1', 'F'];0.03;0.0214;1.4;1.43;0.0
109417;A3CU5X;2026-04-14 09:26:42.1301;0.0;2;['F', 'LS1'];0.06;0.0101;5.92;5.98;0.0
1997495;A3CVFJ;2026-04-14 09:26:42.2196;0.0;3;['F', 'LS1', 'BB1'];0.5;0.0207;24.2;24.7;0.0
746592;A3C9Y0;2026-04-14 09:26:42.2528;26006.8;4;['SC1', 'TG', 'LS1', 'F'];0.6;0.0018;329.0;329.6;26320.0
1617051;A3CVHY;2026-04-14 09:26:42.2967;0.0;2;['F', 'LS1'];0.0001;0.3333;0.0003;0.0004;0.0
692789;A3C5FU;2026-04-14 09:26:42.3213;0.0;2;['LS1', 'F'];0.04;0.011;3.64;3.68;0.0
1028948;A3C29M;2026-04-14 09:26:42.3723;1474.6;4;['TG', 'F', 'LS1', 'BB1'];0.015;0.0059;2.535;2.55;1477.125
2500253;A3C3AG;2026-04-14 09:26:42.4170;5048.66;3;['F', 'TG', 'LS1'];0.02;0.0019;10.56;10.58;5059.2
2454495;A3C45N;2026-04-14 09:26:42.4827;10193.225;4;['TG', 'SC1', 'F', 'LS1'];0.025;0.0027;9.285;9.31;10202.5
795668;A3DJVB;2026-04-14 09:26:42.5211;0.0;2;['LS1', 'F'];0.04;0.0055;7.24;7.28;0.0
1293021;A3C5NE;2026-04-14 09:26:42.5681;0.0;2;['LS1', 'F'];0.005;0.0205;0.2435;0.2485;0.0
1825752;A3C8TP;2026-04-14 09:26:42.6167;0.0;3;['F', 'LS1', 'BB1'];0.2;0.0752;2.66;2.86;0.0
2570059;A3C9C9;2026-04-14 09:26:42.6632;0.0;2;['LS1', 'F'];0.0014;0.0326;0.043;0.0444;0.0
1351681;A3DE95;2026-04-14 09:26:42.7104;0.0;2;['LS1', 'F'];0.0001;0.0625;0.0016;0.0017;0.0
1331797;A3DFA4;2026-04-14 09:26:42.7505;0.0;3;['LS1', 'F', 'BB1'];0.05;0.0071;7.05;7.1;0.0
2560230;A3DV9T;2026-04-14 09:26:42.8154;2713.882;3;['TG', 'LS1', 'F'];0.0026;0.0211;0.123;0.1256;2714.0
456910;A3DEJR;2026-04-14 09:26:42.8571;0.0;2;['LS1', 'F'];0.0005;0.0092;0.0545;0.055;0.0
3399217;A3DE66;2026-04-14 09:26:42.8988;0.0;3;['LS1', 'F', 'BB1'];0.01;0.0077;1.3;1.31;0.0
2089680;A3DJQ8;2026-04-14 09:26:42.9469;5102.108;3;['TG', 'F', 'LS1'];0.002;0.0015;1.292;1.294;5103.400000000001
544013;A3DK4Z;2026-04-14 09:26:42.9860;1099.805;4;['F', 'TG', 'LS1', 'BB1'];0.015;0.0064;2.355;2.37;1102.15
831049;A3DQA9;2026-04-14 09:26:43.0459;0.0;2;['LS1', 'F'];0.02;0.0039;5.12;5.14;0.0
529707;A3DP0F;2026-04-14 09:26:43.0979;0.0;1;['F'];0.04;0.0063;6.3;6.34;0.0
2641838;A3DL82;2026-04-14 09:26:43.1531;0.0;1;['F'];0.1;0.0362;2.76;2.86;0.0
2745609;A3DL84;2026-04-14 09:26:43.1786;30699.27;5;['TG', 'LS1', 'F', 'SC1', 'DE'];0.01;0.0003;30.74;30.75;30740.0
831050;A3DQCT;2026-04-14 09:26:43.2080;0.0;3;['LS1', 'BB1', 'F'];0.04;0.0112;3.58;3.62;0.0
2525098;A3DNDZ;2026-04-14 09:26:43.2372;0.0;3;['LS1', 'F', 'BB1'];0.07;0.0345;2.03;2.1;0.0
3411541;A3EQSP;2026-04-14 09:26:43.2723;0.0;1;['LS1'];0.04;0.0113;3.54;3.58;0.0
935383;A3DQHC;2026-04-14 09:26:43.3189;0.0;3;['F', 'LS1', 'BB1'];0.01;0.0089;1.12;1.13;0.0
163210;A3DRSF;2026-04-14 09:26:43.3774;0.0;2;['LS1', 'F'];0.01;0.0032;3.12;3.13;0.0
1939006;A3DWF6;2026-04-14 09:26:43.4244;0.0;2;['F', 'LS1'];0.0024;0.0282;0.085;0.0874;0.0
1201773;A3DVNM;2026-04-14 09:26:43.4708;0.0;2;['LS1', 'F'];0.014;0.0298;0.47;0.484;0.0
3190876;A3D6S3;2026-04-14 09:26:43.5312;0.0;2;['LS1', 'F'];0.0034;0.0439;0.0774;0.0808;0.0
2485402;A3D9Z5;2026-04-14 09:26:43.5839;0.0;1;['F'];0.034;0.0846;0.402;0.436;0.0
1329200;A3D69Y;2026-04-14 09:26:43.6154;0.0;2;['LS1', 'BB1'];0.0003;0.0099;0.0302;0.0305;0.0
1398520;A3EF01;2026-04-14 09:26:43.6428;0.0;2;['LS1', 'F'];0.16;0.0362;4.42;4.58;0.0
315962;A3EJFQ;2026-04-14 09:26:43.6904;0.0;2;['LS1', 'F'];0.002;0.0115;0.1735;0.1755;0.0
3312620;A3ENLU;2026-04-14 09:26:43.7324;0.0;2;['F', 'LS1'];0.025;0.0177;1.41;1.435;0.0
3569677;A3EJGH;2026-04-14 09:26:43.7565;3253.8100000000004;5;['TG', 'LS1', 'F', 'SC1', 'DE'];0.008;0.0008;9.888;9.896;25708.8
260377;A3EVME;2026-04-14 09:26:43.8246;0.0;2;['LS1', 'F'];0.14;0.0224;6.26;6.4;0.0
1706543;A3EJHQ;2026-04-14 09:26:43.8673;0.0;2;['F', 'LS1'];0.0002;0.0131;0.0153;0.0155;0.0
3500494;A3EUNY;2026-04-14 09:26:43.9108;0.0;2;['LS1', 'F'];0.0042;0.0223;0.188;0.1922;0.0
555611;A3E2CR;2026-04-14 09:26:43.9504;0.0;3;['LS1', 'F', 'BB1'];0.001;0.0189;0.053;0.054;0.0
555625;A3E2CS;2026-04-14 09:26:43.9973;0.0;3;['LS1', 'F', 'BB1'];0.04;0.0197;2.03;2.07;0.0
3049563;A3E4JL;2026-04-14 09:26:44.0405;10019.46;4;['TG', 'LS1', 'F', 'BB1'];0.46;0.0096;48.08;48.54;10067.4
961983;A400E3;2026-04-14 09:26:44.0922;0.0;3;['F', 'LS1', 'BB1'];0.0016;0.0106;0.151;0.1526;0.0
3007273;A403M5;2026-04-14 09:26:44.1466;5127.87;4;['TG', 'SC1', 'F', 'LS1'];0.04;0.003;13.53;13.57;5141.4
3509639;A40CWP;2026-04-14 09:26:44.1779;2171.2448999999997;3;['TG', 'F', 'LS1'];0.0023;0.0148;0.1555;0.1578;2171.3999999999996
2555417;A403QV;2026-04-14 09:26:44.2008;0.0;2;['F', 'LS1'];0.0005;0.0307;0.0163;0.0168;0.0
100207;A40B0L;2026-04-14 09:26:44.2280;3056.64;5;['TG', 'F', 'LS1', 'SC1', 'BB1'];0.06;0.0039;15.34;15.4;3221.4
914555;A40H3F;2026-04-14 09:26:44.2730;3764.2000000000003;4;['TG', 'SC1', 'F', 'LS1'];0.5;0.0039;129.8;130.3;3894.0000000000005
3401241;A40F75;2026-04-14 09:26:44.3135;4980.95;5;['SC1', 'TG', 'LS1', 'F', 'BB1'];0.2;0.0032;63.1;63.3;5044.0
264528;A40P0F;2026-04-14 09:26:44.3601;0.0;3;['F', 'LS1', 'BB1'];0.0;0.0;4.13;4.13;0.0
1302759;A40QVN;2026-04-14 09:26:44.4126;4841.0;4;['TG', 'LS1', 'F', 'BB1'];1.0;0.0097;103.0;104.0;4944.0
1730919;A40P0Q;2026-04-14 09:26:44.4546;0.0;3;['LS1', 'F', 'BB1'];0.07;0.068;1.03;1.1;0.0
1311368;A40P3C;2026-04-14 09:26:44.4965;0.0;1;['LS1'];5.5;0.0382;144.0;149.5;0.0
1015250;A40P3D;2026-04-14 09:26:44.5525;0.0;1;['F'];5.0;0.05;100.0;105.0;0.0
3839331;A40P4Q;2026-04-14 09:26:44.5832;2455.483;4;['TG', 'F', 'LS1', 'BB1'];0.008;0.0146;0.548;0.556;2456.03
111946;A40UCY;2026-04-14 09:26:44.6373;5073.4619999999995;3;['F', 'LS1', 'TG'];0.052;0.0205;2.542;2.594;5084.0
3890843;A40V35;2026-04-14 09:26:44.6840;5041.361;4;['TG', 'LS1', 'SC1', 'F'];0.001;0.0006;1.744;1.745;5043.1
3578526;A40WZA;2026-04-14 09:26:44.7225;0.0;2;['LS1', 'F'];0.35;0.0137;25.6;25.95;0.0
2491558;A411MH;2026-04-14 09:26:44.7588;4950.66;5;['TG', 'LS1', 'F', 'SC1', 'BB1'];0.04;0.0012;34.62;34.66;4985.28
557662;A41AHG;2026-04-14 09:26:44.7963;0.0;3;['F', 'LS1', 'BB1'];0.11;0.1583;0.695;0.805;0.0
4258705;A41BPL;2026-04-14 09:26:44.8350;0.0;2;['LS1', 'F'];0.0002;0.5;0.0004;0.0006;0.0
1311596;A41CD8;2026-04-14 09:26:44.8897;;2;['TG', 'F'];0.9;0.0198;45.55;46.45;1822.0
384923;A41DG7;2026-04-14 09:26:45.0203;0.0;2;['LS1', 'F'];0.0002;0.0333;0.006;0.0062;0.0
1163385;A41HNM;2026-04-14 09:26:45.0656;0.0;3;['LS1', 'F', 'BB1'];-0.0002;-0.0058;0.0342;0.034;0.0
3218154;A41TQH;2026-04-14 09:26:45.1270;0.0;0;[];0.299;0.0598;5.0;5.299;0.0
1349073;A4205N;2026-04-14 09:26:45.1806;0.0;1;['F'];0.01;0.0114;0.88;0.89;0.0
1486847;852437;2026-04-14 09:26:45.2177;0.0;3;['F', 'LS1', 'BB1'];1.5;0.0068;222.0;223.5;0.0
473277;876004;2026-04-14 09:26:45.2743;0.0;3;['LS1', 'F', 'BB1'];0.4;0.0606;6.6;7.0;0.0
2583138;931062;2026-04-14 09:26:45.3049;0.0;2;['LS1', 'F'];0.07;0.0579;1.21;1.28;0.0
1253071;904647;2026-04-14 09:26:45.3363;0.0;3;['LS1', 'F', 'BB1'];0.7;0.0409;17.1;17.8;0.0
469704;905381;2026-04-14 09:26:45.4063;0.0;3;['LS1', 'F', 'BB1'];0.032;0.1429;0.224;0.256;0.0
1037028;592571;2026-04-14 09:26:45.4591;0.0;2;['LS1', 'F'];0.6;0.0632;9.5;10.1;0.0
2051253;907523;2026-04-14 09:26:45.5119;0.0;2;['LS1', 'F'];0.3;0.1042;2.88;3.18;0.0
199509;867578;2026-04-14 09:26:45.5381;8849.53;4;['TG', 'F', 'LS1', 'SC1'];0.41;0.0092;44.59;45.0;8894.0
1045492;938752;2026-04-14 09:26:45.5912;0.0;2;['LS1', 'F'];0.16;0.0661;2.42;2.58;0.0
472247;854768;2026-04-14 09:26:45.6144;0.0;2;['LS1', 'F'];1.0;0.049;20.4;21.4;0.0
694789;859551;2026-04-14 09:26:45.6579;9897.0;3;['TG', 'LS1', 'F'];0.04;0.0133;3.0;3.04;9900.0
901526;869646;2026-04-14 09:26:45.6878;0.0;2;['F', 'LS1'];0.6;0.0265;22.6;23.2;0.0
199495;855539;2026-04-14 09:26:45.7241;0.0;3;['F', 'LS1', 'BB1'];0.25;0.0269;9.3;9.55;0.0
1592293;579006;2026-04-14 09:26:45.7693;0.0;2;['LS1', 'F'];0.33;0.1658;1.99;2.32;0.0
827176;603036;2026-04-14 09:26:45.8777;0.0;2;['LS1', 'F'];0.13;0.1461;0.89;1.02;0.0
431086;852556;2026-04-14 09:26:45.9244;9867.312;3;['TG', 'LS1', 'F'];0.072;0.0165;4.368;4.44;9871.68
672278;591219;2026-04-14 09:26:45.9640;4931.409500000001;3;['F', 'TG', 'LS1'];0.005;0.0356;0.1405;0.1455;4931.55
1845937;911961;2026-04-14 09:26:46.0179;0.0;2;['LS1', 'F'];0.16;0.1151;1.39;1.55;0.0
1846439;868706;2026-04-14 09:26:46.0658;0.0;2;['LS1', 'F'];0.36;0.1475;2.44;2.8;0.0
2979095;885372;2026-04-14 09:26:46.1155;0.0;3;['LS1', 'F', 'BB1'];0.45;0.0643;7.0;7.45;0.0
1565805;A0Q7CY;2026-04-14 09:26:46.1663;0.0;1;['F'];0.012;0.3636;0.033;0.045;0.0
1791285;865930;2026-04-14 09:26:46.2233;0.0;2;['LS1', 'F'];1.0;0.0185;54.0;55.0;0.0
104529;872295;2026-04-14 09:26:46.3152;0.0;2;['LS1', 'F'];0.05;0.1;0.5;0.55;0.0
1416399;914199;2026-04-14 09:26:46.3624;0.0;1;['F'];0.42;0.1641;2.56;2.98;0.0
1884844;935246;2026-04-14 09:26:46.4074;0.0;1;['LS1'];0.14;0.0511;2.74;2.88;0.0
2979096;930196;2026-04-14 09:26:46.4510;5337.15;3;['TG', 'F', 'LS1'];1.25;0.0162;77.35;78.6;5414.5
332975;911164;2026-04-14 09:26:46.4956;5110.012;3;['F', 'TG', 'LS1'];0.062;0.0164;3.79;3.852;5113.8
236697;928847;2026-04-14 09:26:46.5319;0.0;1;['LS1'];0.34;0.0955;3.56;3.9;0.0
2879334;907637;2026-04-14 09:26:46.5871;0.0;3;['LS1', 'F', 'BB1'];0.15;0.0229;6.55;6.7;0.0
558690;872503;2026-04-14 09:26:46.6796;0.0;3;['LS1', 'F', 'BB1'];1.5;0.0275;54.5;56.0;0.0
1830843;762548;2026-04-14 09:26:46.7241;0.0;2;['LS1', 'F'];1.0;0.0342;29.2;30.2;0.0
2333549;929339;2026-04-14 09:26:46.7644;0.0;2;['LS1', 'F'];0.2;0.0901;2.22;2.42;0.0
2560726;A0B97V;2026-04-14 09:26:46.7921;0.0;2;['F', 'LS1'];0.0285;0.3931;0.0725;0.101;0.0
1981309;911933;2026-04-14 09:26:46.8830;0.0;2;['LS1', 'F'];0.4;0.0404;9.9;10.3;0.0
1253065;882401;2026-04-14 09:26:46.9115;0.0;3;['F', 'LS1', 'BB1'];2.0;0.0331;60.5;62.5;0.0
1046949;875658;2026-04-14 09:26:46.9441;0.0;2;['LS1', 'F'];0.048;0.1905;0.252;0.3;0.0
2052652;A0DJ5X;2026-04-14 09:26:46.9747;0.0;1;['F'];0.06;0.0165;3.64;3.7;0.0
103560;851247;2026-04-14 09:26:47.0166;58993.14;5;['TG', 'F', 'LS1', 'DE', 'SC1'];-0.005;-0.0003;16.9;16.895;59010.0
208392;912541;2026-04-14 09:26:47.0583;0.0;3;['LS1', 'F', 'BB1'];0.08;0.0447;1.79;1.87;0.0
103807;866131;2026-04-14 09:26:47.1008;35786.42;5;['TG', 'F', 'LS1', 'DE', 'SC1'];0.02;0.0008;25.59;25.61;35812.0
834805;897679;2026-04-14 09:26:47.1576;0.0;2;['LS1', 'F'];1.2;0.0642;18.7;19.9;0.0
1016875;539971;2026-04-14 09:26:47.2253;0.0;2;['F', 'LS1'];0.1;0.0098;10.2;10.3;0.0
191504;916018;2026-04-14 09:26:47.2694;39326.78;5;['SC1', 'TG', 'F', 'LS1', 'DE'];-0.01;-0.0002;49.31;49.3;39424.0
1555480;675545;2026-04-14 09:26:47.4102;0.0;2;['LS1', 'F'];0.01;0.0124;0.805;0.815;0.0
469665;876078;2026-04-14 09:26:47.4514;0.0;2;['LS1', 'F'];0.115;0.1949;0.59;0.705;0.0
469405;919028;2026-04-14 09:26:47.5080;0.0;2;['LS1', 'F'];0.1;0.0758;1.32;1.42;0.0
2137297;862727;2026-04-14 09:26:47.5605;5353.3;3;['F', 'TG', 'LS1'];0.1;0.0149;6.7;6.8;5360.0
173484;935051;2026-04-14 09:26:47.5991;0.0;2;['LS1', 'F'];0.0105;0.8077;0.013;0.0235;0.0
1497693;912553;2026-04-14 09:26:47.6982;0.0;2;['LS1', 'F'];0.065;0.0703;0.925;0.99;0.0
199548;897725;2026-04-14 09:26:47.7367;0.0;3;['LS1', 'F', 'BB1'];0.14;0.0631;2.22;2.36;0.0
323839;871184;2026-04-14 09:26:47.7686;0.0;3;['LS1', 'F', 'BB1'];0.4;0.0762;5.25;5.65;0.0
479628;891669;2026-04-14 09:26:47.8111;0.0;3;['F', 'LS1', 'BB1'];0.4;0.0408;9.8;10.2;0.0
884856;896516;2026-04-14 09:26:47.8602;5068.18;3;['TG', 'LS1', 'F'];0.02;0.0099;2.02;2.04;5050.0
672285;874698;2026-04-14 09:26:47.9114;0.0;2;['LS1', 'F'];0.6;0.0414;14.5;15.1;0.0
3171917;883229;2026-04-14 09:26:47.9546;0.0;2;['LS1', 'F'];0.24;0.0706;3.4;3.64;0.0
382983;900512;2026-04-14 09:26:47.9940;10829.0;3;['TG', 'F', 'LS1'];3.8;0.0172;221.0;224.8;11050.0
323843;A0B60R;2026-04-14 09:26:48.0347;0.0;3;['LS1', 'F', 'BB1'];18.0;0.1314;137.0;155.0;0.0
1440791;865047;2026-04-14 09:26:48.0617;5221.099999999999;3;['TG', 'F', 'LS1'];0.74;0.0154;47.92;48.66;5271.2
199503;859123;2026-04-14 09:26:48.1095;9932.595000000001;5;['TG', 'F', 'LS1', 'BB1', 'DE'];0.03;0.0015;20.09;20.12;9952.5
1555073;762554;2026-04-14 09:26:48.1463;0.0;2;['LS1', 'F'];0.018;0.1429;0.126;0.144;0.0
199535;881825;2026-04-14 09:26:48.1823;0.0;2;['LS1', 'F'];0.048;0.15;0.32;0.368;0.0
323864;608307;2026-04-14 09:26:48.3068;0.0;3;['LS1', 'F', 'BB1'];1.4;0.0526;26.6;28.0;0.0
1838086;912567;2026-04-14 09:26:48.3417;0.0;1;['F'];0.063;0.5526;0.114;0.177;0.0
661027;913531;2026-04-14 09:26:48.3919;3658.17;4;['TG', 'F', 'LS1', 'BB1'];0.005;0.0027;1.835;1.84;3128.0
200139;905326;2026-04-14 09:26:48.4443;0.0;2;['LS1', 'F'];0.18;0.0849;2.12;2.3;0.0
794146;867085;2026-04-14 09:26:48.4869;0.0;3;['F', 'LS1', 'BB1'];0.2;0.0348;5.75;5.95;0.0
2304355;912554;2026-04-14 09:26:48.6253;0.0;3;['LS1', 'F', 'BB1'];0.015;0.0246;0.61;0.625;0.0
182231;905598;2026-04-14 09:26:48.6645;0.0;3;['LS1', 'F', 'BB1'];0.06;0.0246;2.44;2.5;0.0
199559;903000;2026-04-14 09:26:48.7159;13330.589999999998;4;['F', 'TG', 'DE', 'SC1'];0.01;0.0003;33.4;33.41;13360.0
612509;864585;2026-04-14 09:26:48.7784;0.0;3;['LS1', 'F', 'BB1'];0.08;0.0385;2.08;2.16;0.0
1497442;935959;2026-04-14 09:26:48.8369;0.0;2;['LS1', 'F'];0.0125;0.5682;0.022;0.0345;0.0
1046944;864483;2026-04-14 09:26:48.9278;0.0;3;['LS1', 'F', 'BB1'];0.09;0.0592;1.52;1.61;0.0
1252060;890808;2026-04-14 09:26:48.9646;0.0;3;['F', 'BB1', 'LS1'];0.8;0.0325;24.6;25.4;0.0
1458530;912542;2026-04-14 09:26:49.0075;0.0;3;['LS1', 'F', 'BB1'];0.06;0.0566;1.06;1.12;0.0
1623967;918585;2026-04-14 09:26:49.0580;0.0;3;['LS1', 'F', 'BB1'];0.14;0.0598;2.34;2.48;0.0
977094;864291;2026-04-14 09:26:49.1098;0.0;3;['LS1', 'F', 'BB1'];0.2;0.0183;10.9;11.1;0.0
104298;923893;2026-04-14 09:26:49.1781;9182.67;5;['TG', 'F', 'LS1', 'DE', 'SC1'];0.006;0.0004;15.34;15.346;9199.2
1045470;905201;2026-04-14 09:26:49.2238;0.0;3;['LS1', 'F', 'BB1'];0.105;0.14;0.75;0.855;0.0
677641;884600;2026-04-14 09:26:49.2657;10495.45;3;['TG', 'F', 'LS1'];0.1;0.0105;9.55;9.65;10505.0
672282;851584;2026-04-14 09:26:49.3180;5420.387;4;['TG', 'F', 'LS1', 'DE'];0.015;0.0049;3.033;3.048;5160.264
2794313;913631;2026-04-14 09:26:49.3577;3018.06;3;['F', 'TG', 'LS1'];0.13;0.0314;4.14;4.27;3022.2
1563330;896261;2026-04-14 09:26:49.4309;0.0;3;['LS1', 'F', 'BB1'];0.05;0.0272;1.84;1.89;0.0
686906;889250;2026-04-14 09:26:49.4635;0.0;3;['LS1', 'F', 'BB1'];0.3;0.0263;11.4;11.7;0.0
2187624;865031;2026-04-14 09:26:49.5437;0.0;2;['F', 'LS1'];0.4;0.0256;15.6;16.0;0.0
1936690;857412;2026-04-14 09:26:49.6260;0.0;3;['LS1', 'F', 'BB1'];0.1;0.0413;2.42;2.52;0.0
1889943;900941;2026-04-14 09:26:49.6730;0.0;1;['F'];0.315;0.3264;0.965;1.28;0.0
661153;888871;2026-04-14 09:26:49.7380;0.0;3;['LS1', 'F', 'BB1'];0.025;0.1029;0.243;0.268;0.0
1501972;895696;2026-04-14 09:26:49.7770;0.0;2;['LS1', 'F'];1.1;0.1038;10.6;11.7;0.0
275730;871733;2026-04-14 09:26:49.8326;5016.023999999999;3;['F', 'TG', 'LS1'];0.03;0.0181;1.656;1.686;5017.679999999999
3273320;913250;2026-04-14 09:26:49.8792;0.0;3;['LS1', 'F', 'BB1'];0.07;0.0476;1.47;1.54;0.0
1010937;916232;2026-04-14 09:26:50.0068;0.0;3;['LS1', 'F', 'BB1'];1.2;0.0286;42.0;43.2;0.0
952628;868366;2026-04-14 09:26:50.0384;0.0;2;['LS1', 'F'];1.0;0.0323;31.0;32.0;0.0
199593;920876;2026-04-14 09:26:50.0682;12938.400000000001;3;['TG', 'F', 'LS1'];0.2;0.0093;21.6;21.8;12960.0
103731;858266;2026-04-14 09:26:50.1097;25508.399999999998;4;['TG', 'F', 'LS1', 'DE'];0.09;0.0078;11.6;11.69;15197.0
1195420;882058;2026-04-14 09:26:50.1633;5256.825000000001;3;['F', 'TG', 'LS1'];0.21;0.0159;13.175;13.385;5270.0
1183342;914859;2026-04-14 09:26:50.2030;0.0;3;['LS1', 'F', 'BB1'];0.12;0.0541;2.22;2.34;0.0
2734211;634811;2026-04-14 09:26:50.2576;5344.65;3;['TG', 'F', 'LS1'];0.05;0.0093;5.35;5.4;5350.0
103589;852069;2026-04-14 09:26:50.3177;12952.035;4;['TG', 'F', 'LS1', 'DE'];0.015;0.0012;12.97;12.985;12965.0
135985;877460;2026-04-14 09:26:50.3597;0.0;2;['LS1', 'F'];0.18;0.0841;2.14;2.32;0.0
103591;852147;2026-04-14 09:26:50.4028;25325.3;5;['TG', 'F', 'LS1', 'DE', 'SC1'];0.04;0.0005;84.75;84.79;25416.0
199514;868884;2026-04-14 09:26:50.4327;5259.8;3;['TG', 'F', 'LS1'];0.6;0.0136;44.2;44.8;5304.0
2628126;878204;2026-04-14 09:26:50.4898;0.0;3;['F', 'LS1', 'BB1'];1.0;0.041;24.4;25.4;0.0
805591;868448;2026-04-14 09:26:50.5275;0.0;3;['F', 'LS1', 'BB1'];0.5;0.0276;18.1;18.6;0.0
2777069;A0BKSX;2026-04-14 09:26:50.6123;0.0;3;['LS1', 'F', 'BB1'];1.4;0.0642;21.8;23.2;0.0
104519;874082;2026-04-14 09:26:50.6503;0.0;3;['LS1', 'F', 'BB1'];0.29;0.0609;4.76;5.05;0.0
2097132;888460;2026-04-14 09:26:50.6860;5865.299999999999;3;['TG', 'F', 'LS1'];0.2;0.0136;14.7;14.9;5880.0
103965;881905;2026-04-14 09:26:50.7290;5255.900000000001;4;['TG', 'F', 'LS1', 'DE'];0.2;0.0064;31.1;31.3;5287.0
733124;852271;2026-04-14 09:26:50.8292;0.0;3;['LS1', 'F', 'BB1'];0.14;0.0432;3.24;3.38;0.0
199551;899328;2026-04-14 09:26:50.9133;5084.608;3;['TG', 'F', 'LS1'];0.064;0.0189;3.392;3.456;5088.0
103530;850517;2026-04-14 09:26:50.9701;66183.381;5;['TG', 'F', 'SC1', 'LS1', 'DE'];0.0;0.0;6.622;6.622;66190.0
860240;888153;2026-04-14 09:26:51.0170;0.0;3;['LS1', 'F', 'BB1'];0.0285;0.3184;0.0895;0.118;0.0
1712186;936287;2026-04-14 09:26:51.1388;0.0;3;['LS1', 'F', 'BB1'];1.5;0.0291;51.5;53.0;0.0
972096;912105;2026-04-14 09:26:51.1682;0.0;3;['LS1', 'F', 'BB1'];0.19;0.1092;1.74;1.93;0.0
1621304;502815;2026-04-14 09:26:51.2365;0.0;1;['F'];0.16;0.1758;0.91;1.07;0.0
199491;854667;2026-04-14 09:26:51.2743;5128.29;3;['TG', 'LS1', 'F'];0.03;0.0175;1.71;1.74;5130.0
103873;871784;2026-04-14 09:26:51.3940;35158.828;5;['TG', 'F', 'DE', 'LS1', 'SC1'];0.003;0.0026;1.172;1.175;35160.0
1671881;881799;2026-04-14 09:26:51.4412;0.0;3;['LS1', 'F', 'BB1'];0.12;0.0902;1.33;1.45;0.0
1486841;852015;2026-04-14 09:26:51.4983;5194.0797999999995;3;['TG', 'F', 'LS1'];0.015;0.0153;0.9804;0.9954;5195.0599999999995
533155;762555;2026-04-14 09:26:51.5538;0.0;3;['LS1', 'F', 'BB1'];0.7;0.0458;15.3;16.0;0.0
269890;794368;2026-04-14 09:26:51.6114;0.0;2;['LS1', 'F'];0.0005;1.0;0.0005;0.001;0.0
662235;931901;2026-04-14 09:26:51.6480;0.0;2;['LS1', 'F'];0.1;0.1282;0.78;0.88;0.0
1204343;A0RG1C;2026-04-14 09:26:51.7019;0.0;1;['F'];0.215;0.2402;0.895;1.11;0.0
2822616;913633;2026-04-14 09:26:51.8201;0.0;2;['LS1', 'F'];0.16;0.0606;2.64;2.8;0.0
199554;900444;2026-04-14 09:26:51.8428;0.0;2;['F', 'LS1'];0.38;0.1195;3.18;3.56;0.0
1432496;885738;2026-04-14 09:26:51.8927;9158.769;3;['TG', 'LS1', 'F'];0.062;0.091;0.681;0.743;9159.45
603458;873350;2026-04-14 09:26:51.9336;0.0;2;['F', 'LS1'];0.65;0.1083;6.0;6.65;0.0
199467;502816;2026-04-14 09:26:51.9574;10135.5;4;['TG', 'F', 'LS1', 'DE'];0.1;0.0069;14.5;14.6;10150.0
2052651;898554;2026-04-14 09:26:52.0282;0.0;2;['LS1', 'F'];0.5;0.0704;7.1;7.6;0.0
2669518;896733;2026-04-14 09:26:52.0836;6193.8;4;['LS1', 'TG', 'F', 'BB1'];0.05;0.008;6.25;6.3;5080.0
615003;857968;2026-04-14 09:26:52.1084;4976.2;3;['TG', 'F', 'LS1'];0.4;0.0112;35.8;36.2;5012.0
1051523;633815;2026-04-14 09:26:52.1578;0.0;1;['F'];0.032;0.5981;0.0535;0.0855;0.0
3500178;913825;2026-04-14 09:26:52.2015;0.0;1;['LS1'];0.12;0.0444;2.7;2.82;0.0
1383552;877431;2026-04-14 09:26:52.2577;5109.360000000001;3;['TG', 'F', 'LS1'];0.25;0.0171;14.64;14.89;5124.0
603570;911547;2026-04-14 09:26:52.3019;0.0;2;['F', 'LS1'];0.09;0.1682;0.535;0.625;0.0
104005;886455;2026-04-14 09:26:52.3912;;3;['TG', 'F', 'LS1'];0.25;0.0015;171.85;172.1;15466.5
1032126;902407;2026-04-14 09:26:52.4198;0.0;3;['F', 'LS1', 'BB1'];0.32;0.0755;4.24;4.56;0.0
104216;915119;2026-04-14 09:26:52.4530;5914.08;5;['F', 'TG', 'SC1', 'LS1', 'BB1'];0.78;0.0142;54.76;55.54;5968.84
1328838;929977;2026-04-14 09:26:52.4938;0.0;3;['LS1', 'F', 'BB1'];-0.04;-0.0141;2.84;2.8;0.0
112155;626538;2026-04-14 09:26:52.5796;0.0;1;['F'];0.14;0.2523;0.555;0.695;0.0
1936454;658848;2026-04-14 09:26:52.6227;0.0;3;['F', 'LS1', 'BB1'];0.13;0.0867;1.5;1.63;0.0
1563316;693492;2026-04-14 09:26:52.6573;0.0;2;['LS1', 'F'];0.04;0.0777;0.515;0.555;0.0
473017;693533;2026-04-14 09:26:52.6881;0.0;1;['F'];0.0;0.0;0.0005;0.0005;0.0
103348;794796;2026-04-14 09:26:52.7173;19773.528;3;['TG', 'F', 'LS1'];0.026;0.0105;2.473;2.499;19776.0
633969;912703;2026-04-14 09:26:52.7504;5132.054999999999;3;['TG', 'LS1', 'F'];0.07;0.0286;2.445;2.515;5134.5
199459;120071;2026-04-14 09:26:52.7776;9340.59;5;['SC1', 'TG', 'F', 'LS1', 'DE'];0.03;0.0013;23.42;23.45;9364.0
1011155;A0EALR;2026-04-14 09:26:52.8055;0.0;2;['F', 'LS1'];0.31;0.0628;4.94;5.25;0.0
199470;534418;2026-04-14 09:26:52.8792;9931.859999999999;3;['TG', 'F', 'LS1'];0.04;0.0097;4.14;4.18;9936.0
103526;850403;2026-04-14 09:26:52.9336;10040.976999999999;5;['F', 'TG', 'DE', 'LS1', 'SC1'];0.003;0.0006;5.024;5.027;10042.0
1168654;912537;2026-04-14 09:26:52.9850;0.0;2;['LS1', 'F'];0.012;1.0;0.012;0.024;0.0
592177;889113;2026-04-14 09:26:53.0287;0.0;2;['LS1', 'F'];1.0;0.0794;12.6;13.6;0.0
390773;622434;2026-04-14 09:26:53.0826;0.0;1;['F'];0.06;0.2308;0.26;0.32;0.0
672279;633526;2026-04-14 09:26:53.1239;5391.14;2;['TG', 'F'];0.74;0.015;49.46;50.2;5440.6
199477;691197;2026-04-14 09:26:53.2023;5270.79;3;['TG', 'F', 'LS1'];0.26;0.0197;13.21;13.47;5284.0
1254753;813713;2026-04-14 09:26:53.2497;0.0;2;['LS1', 'F'];0.039;0.2746;0.142;0.181;0.0
205779;912589;2026-04-14 09:26:53.3059;0.0;1;['F'];0.011;0.3143;0.035;0.046;0.0
467955;135655;2026-04-14 09:26:53.3454;0.0;2;['LS1', 'F'];0.14;0.1373;1.02;1.16;0.0
199481;779551;2026-04-14 09:26:53.4048;5992.35;3;['TG', 'F', 'LS1'];2.6;0.0169;153.65;156.25;6146.0
252489;912588;2026-04-14 09:26:53.5692;0.0;3;['LS1', 'F', 'BB1'];4.3;0.0931;46.2;50.5;0.0
2844196;A0NEEB;2026-04-14 09:26:53.6183;0.0;2;['F', 'LS1'];0.074;0.2056;0.36;0.434;0.0
1846441;812820;2026-04-14 09:26:53.7013;0.0;2;['LS1', 'F'];0.24;0.071;3.38;3.62;0.0
924565;460093;2026-04-14 09:26:53.7281;0.0;3;['LS1', 'F', 'BB1'];0.2;0.0299;6.7;6.9;0.0
199483;812861;2026-04-14 09:26:53.7810;10908.48;4;['F', 'TG', 'LS1', 'DE'];0.02;0.0057;3.53;3.55;10912.0
336032;911670;2026-04-14 09:26:53.8227;0.0;3;['LS1', 'F', 'BB1'];0.004;0.3333;0.012;0.016;0.0
615297;A0BMC4;2026-04-14 09:26:53.8756;0.0;3;['LS1', 'F', 'BB1'];0.0135;0.2571;0.0525;0.066;0.0
1192577;A0B6UC;2026-04-14 09:26:53.9725;0.0;2;['F', 'LS1'];0.018;0.2727;0.066;0.084;0.0
199620;A0BLQP;2026-04-14 09:26:54.0169;9850.3625;3;['TG', 'LS1', 'F'];0.0145;0.0163;0.8875;0.902;9851.25
1524226;A0B6T0;2026-04-14 09:26:54.0569;0.0;3;['LS1', 'F', 'BB1'];0.42;0.1088;3.86;4.28;0.0
1378261;A0B9NW;2026-04-14 09:26:54.1045;5396.625;4;['LS1', 'TG', 'F', 'BB1'];0.07;0.0207;3.38;3.45;5400.0
111318;A0B6TW;2026-04-14 09:26:54.1657;0.0;2;['LS1', 'F'];0.15;0.12;1.25;1.4;0.0
275562;A0CA7J;2026-04-14 09:26:54.2141;0.0;2;['F', 'BB1'];0.0105;0.15;0.07;0.0805;0.0
1263286;A0B59C;2026-04-14 09:26:54.2361;0.0;3;['LS1', 'F', 'BB1'];0.11;0.0675;1.63;1.74;0.0
3306816;A0B5TU;2026-04-14 09:26:54.3320;0.0;3;['LS1', 'F', 'BB1'];0.07;0.0458;1.53;1.6;0.0
382961;A0B57L;2026-04-14 09:26:54.3926;8166.978999999999;5;['F', 'LS1', 'TG', 'DE', 'BB1'];0.011;0.0107;1.024;1.035;8167.999999999999
199507;A0B6G0;2026-04-14 09:26:54.4425;10130.946;3;['TG', 'F', 'LS1'];0.042;0.0104;4.054;4.096;10135.0
113984;A0DLHB;2026-04-14 09:26:54.4820;0.0;2;['LS1', 'F'];0.08;0.0625;1.28;1.36;0.0
717985;A0EASE;2026-04-14 09:26:54.5174;0.0;1;['F'];0.006;0.1165;0.0515;0.0575;0.0
275496;A0DK4Z;2026-04-14 09:26:54.5581;0.0;2;['LS1', 'F'];0.0;0.0;0.0;0.0005;0.0
1253042;A0EAWX;2026-04-14 09:26:54.6030;0.0;3;['LS1', 'F', 'BB1'];0.06;0.0444;1.35;1.41;0.0
1563665;A0B7SL;2026-04-14 09:26:54.6414;2922.3599999999997;4;['LS1', 'F', 'TG', 'BB1'];0.05;0.0595;0.84;0.89;2923.2
671280;A0DJ58;2026-04-14 09:26:54.6953;10958.880000000001;3;['F', 'TG', 'LS1'];0.6;0.0158;37.92;38.52;10996.800000000001
125677;A0EAWN;2026-04-14 09:26:54.7610;0.0;3;['LS1', 'F', 'BB1'];0.02;0.1802;0.111;0.131;0.0
2241406;A0D9NA;2026-04-14 09:26:54.8012;0.0;2;['F', 'LS1'];0.11;0.0853;1.29;1.4;0.0
275799;A0DK6K;2026-04-14 09:26:54.8673;9879.56;3;['TG', 'F', 'LS1'];0.02;0.0082;2.44;2.46;9882.0
593350;A0DPHS;2026-04-14 09:26:54.9130;0.0;3;['LS1', 'F', 'BB1'];0.013;0.0807;0.161;0.174;0.0
519527;A0D9KS;2026-04-14 09:26:54.9405;0.0;1;['F'];0.0075;0.4688;0.016;0.0235;0.0
1563666;A0D9LZ;2026-04-14 09:26:55.0000;0.0;2;['LS1', 'F'];0.052;0.1066;0.488;0.54;0.0
2109580;A0DN8N;2026-04-14 09:26:55.0276;0.0;3;['LS1', 'F', 'BB1'];0.06;0.0306;1.96;2.02;0.0
677589;A0EARV;2026-04-14 09:26:55.0827;5169.71;3;['TG', 'F', 'LS1'];0.24;0.0139;17.29;17.53;5187.0
2010634;A0ET3D;2026-04-14 09:26:55.1594;0.0;3;['F', 'LS1', 'BB1'];0.06;0.0632;0.95;1.01;0.0
672260;A0ET3E;2026-04-14 09:26:55.2024;5713.879999999999;3;['TG', 'F', 'LS1'];0.22;0.0081;27.08;27.3;5740.96
827202;A0JDM7;2026-04-14 09:26:55.2485;0.0;3;['LS1', 'F', 'BB1'];0.34;0.0806;4.22;4.56;0.0
331640;A0EQ3A;2026-04-14 09:26:55.2947;10304.671999999999;4;['F', 'TG', 'LS1', 'DE'];0.02;0.0035;5.758;5.778;10310.4
390746;A0MS1U;2026-04-14 09:26:55.3199;0.0;3;['LS1', 'F', 'BB1'];0.006;0.3;0.02;0.026;0.0
1309976;A0ERTR;2026-04-14 09:26:55.3768;0.0;2;['LS1', 'F'];0.01;0.0952;0.105;0.115;0.0
611712;A0ETZW;2026-04-14 09:26:55.4137;0.0;2;['F', 'LS1'];0.004;0.4211;0.0095;0.0135;0.0
3489433;A0ETYY;2026-04-14 09:26:55.5108;0.0;1;['F'];0.12;0.0488;2.46;2.58;0.0
332808;A0HGYU;2026-04-14 09:26:55.5631;0.0;2;['LS1', 'F'];0.11;0.1571;0.7;0.81;0.0
586735;A0HGPZ;2026-04-14 09:26:55.5907;0.0;3;['LS1', 'F', 'BB1'];0.22;0.0803;2.74;2.96;0.0
236685;A0ETUX;2026-04-14 09:26:55.6600;0.0;2;['F', 'LS1'];0.05;0.2083;0.24;0.29;0.0
101548;A0F664;2026-04-14 09:26:55.6969;0.0;3;['LS1', 'F', 'BB1'];0.044;0.0144;3.066;3.11;0.0
796064;A0F6YF;2026-04-14 09:26:55.7439;3077.438;4;['LS1', 'F', 'TG', 'BB1'];0.025;0.026;0.962;0.987;3078.4
870886;A0F7D5;2026-04-14 09:26:55.7881;0.0;2;['LS1', 'F'];0.1;0.0476;2.1;2.2;0.0
1156533;A0KDV2;2026-04-14 09:26:55.8652;0.0;2;['LS1', 'F'];0.017;0.1049;0.162;0.179;0.0
1629686;A0HFW3;2026-04-14 09:26:55.9078;0.0;2;['LS1', 'F'];0.0165;1.1786;0.014;0.0305;0.0
1207023;A0HL48;2026-04-14 09:26:55.9537;2599.266;3;['LS1', 'TG', 'F'];0.042;0.0242;1.734;1.776;2601.0
176970;A0HG69;2026-04-14 09:26:55.9833;7649.67;3;['TG', 'F', 'LS1'];0.31;0.0202;15.33;15.64;7665.0
1501106;A0JD96;2026-04-14 09:26:56.0845;0.0;2;['LS1', 'F'];0.09;0.0581;1.55;1.64;0.0
390638;A0HHJV;2026-04-14 09:26:56.1706;0.0;1;['F'];0.054;0.2093;0.258;0.312;0.0
1236340;A0MS2G;2026-04-14 09:26:56.2622;0.0;2;['F', 'LS1'];0.07;0.0753;0.93;1.0;0.0
868648;A0HMDY;2026-04-14 09:26:56.3374;0.0;2;['LS1', 'F'];0.25;0.0278;9.0;9.25;0.0
2048770;A0JMXQ;2026-04-14 09:26:56.3676;0.0;2;['LS1', 'F'];0.06;0.0349;1.72;1.78;0.0
114221;A0H0J8;2026-04-14 09:26:56.4883;0.0;2;['LS1', 'F'];0.0235;0.8704;0.027;0.0505;0.0
198262;A0JEJF;2026-04-14 09:26:56.5378;10513.800000000001;5;['TG', 'F', 'LS1', 'DE', 'SC1'];0.9;0.0085;106.2;107.1;10620.0
198272;A0HM5M;2026-04-14 09:26:56.6157;0.0;2;['LS1', 'F'];0.002;0.8;0.0025;0.0045;0.0
472505;A0JDJP;2026-04-14 09:26:56.6878;0.0;1;['F'];0.004;4.0;0.001;0.005;0.0
206378;A0JDDS;2026-04-14 09:26:56.7561;5479.515;4;['F', 'TG', 'LS1', 'BB1'];0.11;0.0201;5.485;5.595;5485.0
1095645;A0JDZC;2026-04-14 09:26:56.7845;0.0;3;['LS1', 'F', 'BB1'];0.7;0.0476;14.7;15.4;0.0
753869;A1JMJR;2026-04-14 09:26:56.8141;0.0;2;['LS1', 'F'];0.0065;0.9286;0.007;0.0135;0.0
109802;A0JJ7Z;2026-04-14 09:26:56.8873;0.0;2;['LS1', 'F'];0.0145;0.5179;0.028;0.0425;0.0
931665;A0JL3L;2026-04-14 09:26:56.9362;0.0;1;['F'];0.107;1.0808;0.099;0.206;0.0
672261;A0JJ28;2026-04-14 09:26:56.9836;0.0;2;['LS1', 'F'];2.1;0.1544;13.6;15.7;0.0
858453;A0JKKZ;2026-04-14 09:26:57.2297;6828.4802;3;['F', 'LS1', 'TG'];0.0145;0.121;0.1198;0.1343;6828.6
111705;A0JKX1;2026-04-14 09:26:57.2957;0.0;3;['F', 'LS1', 'BB1'];0.02;0.0315;0.635;0.655;0.0
948896;A0MWMF;2026-04-14 09:26:57.3243;0.0;1;['F'];0.0075;0.15;0.05;0.0575;0.0
649673;A0LB2S;2026-04-14 09:26:57.3721;5053.472;3;['TG', 'F', 'LS1'];0.052;0.0206;2.53;2.582;5056.0
475320;A0JLZC;2026-04-14 09:26:57.4276;0.0;3;['F', 'LS1', 'BB1'];0.35;0.0376;9.3;9.65;0.0
603333;A0LCUM;2026-04-14 09:26:57.5295;0.0;2;['F', 'LS1'];0.13;0.197;0.66;0.79;0.0
747878;A0J2VP;2026-04-14 09:26:57.5929;3082.59;3;['TG', 'LS1', 'F'];0.1;0.0227;4.415;4.515;3087.0
2734200;A0J37H;2026-04-14 09:26:57.6798;0.0;3;['LS1', 'F', 'BB1'];0.2;0.0147;13.6;13.8;0.0
615008;A0J32R;2026-04-14 09:26:57.7411;0.0;2;['LS1', 'F'];0.2;0.0276;7.25;7.45;0.0
2750680;A0J34G;2026-04-14 09:26:57.7664;0.0;2;['LS1', 'F'];0.008;5.3333;0.0015;0.0095;0.0
1082509;A0J3U3;2026-04-14 09:26:57.7998;0.0;2;['F', 'LS1'];0.105;0.14;0.75;0.855;0.0
1292167;A0KDRM;2026-04-14 09:26:57.8377;0.0;2;['LS1', 'F'];0.04;0.1015;0.394;0.434;0.0
423003;A0MNJ0;2026-04-14 09:26:57.8770;2999.7690000000002;3;['F', 'LS1', 'TG'];0.0042;0.0321;0.131;0.1352;2031.0
601765;A0KDZA;2026-04-14 09:26:57.9204;0.0;2;['F', 'LS1'];0.16;0.1103;1.45;1.61;0.0
173518;A0KDZM;2026-04-14 09:26:58.0077;9935.8;3;['TG', 'F', 'LS1'];0.2;0.0066;30.2;30.4;9966.0
2223570;A0LAV3;2026-04-14 09:26:58.0575;0.0;2;['LS1', 'F'];0.105;0.1148;0.915;1.02;0.0
1408669;A0LCM4;2026-04-14 09:26:58.0974;0.0;3;['LS1', 'F', 'BB1'];0.3;0.0316;9.5;9.8;0.0
767591;A0LAVD;2026-04-14 09:26:58.1493;0.0;2;['LS1', 'F'];0.0005;0.5;0.001;0.0015;0.0
1111678;A1W7RP;2026-04-14 09:26:58.1769;0.0;2;['LS1', 'F'];0.013;0.4483;0.029;0.042;0.0
106772;A0LBHG;2026-04-14 09:26:58.2286;10895.56;3;['TG', 'F', 'LS1'];0.6;0.0164;36.48;37.08;10938.0
734666;A0LCVL;2026-04-14 09:26:58.2722;0.0;2;['LS1', 'F'];0.08;0.0602;1.33;1.41;0.0
2264687;A0LB7F;2026-04-14 09:26:58.3599;0.0;3;['LS1', 'F', 'BB1'];0.12;0.0395;3.04;3.16;0.0
1328094;A0LC9G;2026-04-14 09:26:58.4197;0.0;2;['LS1', 'F'];0.035;0.2756;0.127;0.162;0.0
106773;A0LC38;2026-04-14 09:26:58.4694;5392.785;3;['TG', 'F', 'LS1'];0.155;0.0201;7.715;7.87;5400.5
2170596;A0MKEV;2026-04-14 09:26:58.5091;0.0;3;['LS1', 'F', 'BB1'];0.25;0.0323;7.75;8.0;0.0
472972;A0LGJ6;2026-04-14 09:26:58.6002;0.0;2;['LS1', 'F'];0.05;0.069;0.725;0.775;0.0
1660551;A0LF1L;2026-04-14 09:26:58.6321;0.0;2;['LS1', 'F'];0.22;0.0671;3.28;3.5;0.0
687507;A0LGA4;2026-04-14 09:26:58.6775;5094.8550000000005;3;['TG', 'LS1', 'F'];0.02;0.031;0.645;0.665;5095.5
672264;A0LGB1;2026-04-14 09:26:58.7140;5715.28;3;['TG', 'LS1', 'F'];0.46;0.016;28.72;29.18;5744.0
106774;A0LGPG;2026-04-14 09:26:58.7585;0.0;2;['F', 'LS1'];0.15;0.1485;1.01;1.16;0.0
2127842;A0MLXJ;2026-04-14 09:26:58.8600;0.0;2;['LS1', 'F'];0.35;0.0449;7.8;8.15;0.0
1689544;A0MK5S;2026-04-14 09:26:58.9031;5347.35;3;['F', 'TG', 'LS1'];0.2;0.0261;7.65;7.85;5355.0
290014;A0MR59;2026-04-14 09:26:58.9407;0.0;3;['LS1', 'F', 'BB1'];0.3;0.0513;5.85;6.15;0.0
1882337;A0ML2T;2026-04-14 09:26:58.9646;0.0;1;['F'];0.0065;0.8667;0.0075;0.014;0.0
672265;A0MK9W;2026-04-14 09:26:58.9902;5004.969999999999;3;['F', 'TG', 'LS1'];0.18;0.0179;10.03;10.21;5015.0
1650930;A0MM98;2026-04-14 09:26:59.0318;5047.9800000000005;4;['TG', 'F', 'LS1', 'BB1'];0.045;0.0221;2.04;2.085;5050.0
995702;A0MSCF;2026-04-14 09:26:59.0827;0.0;2;['F', 'LS1'];0.015;0.8333;0.018;0.033;0.0
106781;A0MSHN;2026-04-14 09:26:59.1143;9898.8;3;['TG', 'F', 'LS1'];0.4;0.0137;29.2;29.6;9928.0
734593;A0MUGB;2026-04-14 09:26:59.1456;0.0;2;['LS1', 'F'];0.08;0.16;0.5;0.58;0.0
995704;A0MRG2;2026-04-14 09:26:59.1876;4998.995;3;['LS1', 'TG', 'F'];0.0145;0.0287;0.505;0.5195;4999.5
1936544;A0MV91;2026-04-14 09:26:59.2760;0.0;3;['F', 'LS1', 'BB1'];0.14;0.0504;2.78;2.92;0.0
110420;A0MXAU;2026-04-14 09:26:59.3185;0.0;3;['LS1', 'F', 'BB1'];0.5;0.0662;7.55;8.05;0.0
106784;A0MU9Q;2026-04-14 09:26:59.3669;5337.0199999999995;3;['TG', 'F', 'LS1'];0.48;0.0152;31.59;32.07;5368.599999999999
824253;A0MV90;2026-04-14 09:26:59.4069;4965.21;3;['TG', 'LS1', 'F'];0.06;0.0465;1.29;1.35;4966.5
1428554;A0MW73;2026-04-14 09:26:59.4697;9962.119999999999;3;['TG', 'F', 'LS1'];0.02;0.0106;1.88;1.9;9964.0
109785;A0YH55;2026-04-14 09:26:59.5132;0.0;2;['LS1', 'F'];0.0005;1.0;0.0005;0.001;0.0
788562;A0MS3H;2026-04-14 09:26:59.5497;0.0;3;['LS1', 'F', 'BB1'];0.2;0.0123;16.3;16.5;0.0
1967490;A0M10S;2026-04-14 09:26:59.6535;0.0;1;['F'];0.118;0.4538;0.26;0.378;0.0
604029;A0M5AJ;2026-04-14 09:26:59.6984;0.0;3;['LS1', 'F', 'BB1'];0.4;0.0299;13.4;13.8;0.0
3306819;A0M8FT;2026-04-14 09:26:59.7396;0.0;2;['LS1', 'F'];0.44;0.1272;3.46;3.9;0.0
672270;A0M95J;2026-04-14 09:26:59.7713;15092.519999999999;5;['TG', 'F', 'LS1', 'DE', 'SC1'];0.02;0.0007;29.12;29.14;15142.4
1523680;A0NBNJ;2026-04-14 09:26:59.8049;0.0;2;['LS1', 'F'];0.5;0.0541;9.25;9.75;0.0
106792;A0NBD6;2026-04-14 09:26:59.8444;0.0;2;['LS1', 'F'];0.25;0.0279;8.95;9.2;0.0
1191991;A0NCXL;2026-04-14 09:26:59.8655;0.0;3;['LS1', 'F', 'BB1'];0.3;0.0444;6.75;7.05;0.0
253936;A0QZ9D;2026-04-14 09:27:00.0228;0.0;2;['LS1', 'F'];0.034;0.1043;0.326;0.36;0.0
672267;A0MVZE;2026-04-14 09:27:00.0657;8238.6;4;['TG', 'F', 'LS1', 'SC1'];0.72;0.0174;41.4;42.12;8280.0
995716;A0Q4EC;2026-04-14 09:27:00.1125;6212.43;3;['TG', 'LS1', 'F'];0.16;0.0103;15.57;15.73;6228.0
1323610;A0Q9SF;2026-04-14 09:27:00.1382;0.0;1;['F'];0.24;0.2286;1.05;1.29;0.0
1891560;A0RDUF;2026-04-14 09:27:00.1729;0.0;3;['LS1', 'F', 'BB1'];0.045;0.0492;0.915;0.96;0.0
842216;A0RDRL;2026-04-14 09:27:00.2175;0.0;3;['LS1', 'F', 'BB1'];0.25;0.0316;7.9;8.15;0.0
868639;A1C2GZ;2026-04-14 09:27:00.2695;5192.922;3;['TG', 'LS1', 'F'];0.046;0.0221;2.078;2.124;5195.0
590867;A1C4Q5;2026-04-14 09:27:00.3173;0.0;2;['LS1', 'F'];0.6;0.1176;5.1;5.7;0.0
765606;A1C209;2026-04-14 09:27:00.3626;0.0;2;['LS1', 'F'];0.0355;0.5635;0.063;0.0985;0.0
423568;A1H6LT;2026-04-14 09:27:00.4033;0.0;3;['LS1', 'F', 'BB1'];0.02;0.0396;0.505;0.525;0.0
1976543;A0YAV3;2026-04-14 09:27:00.4445;0.0;3;['LS1', 'F', 'BB1'];0.12;0.026;4.62;4.74;0.0
3306310;A1JVA0;2026-04-14 09:27:00.4771;0.0;2;['LS1', 'F'];0.002;2.0;0.001;0.003;0.0
811634;A1JFNS;2026-04-14 09:27:00.5228;3158.67;3;['TG', 'F', 'LS1'];0.11;0.0174;6.335;6.445;3165.0
133697;A0X8UX;2026-04-14 09:27:00.5636;0.0;2;['LS1', 'F'];0.0225;0.4018;0.056;0.0785;0.0
1641969;A113DD;2026-04-14 09:27:00.6116;0.0;3;['LS1', 'F', 'BB1'];1.6;0.0777;20.6;22.2;0.0
323875;A1JET3;2026-04-14 09:27:00.6853;0.0;1;['F'];0.0105;0.1875;0.056;0.0665;0.0
870839;A1C37D;2026-04-14 09:27:00.7307;5244.214;4;['F', 'TG', 'LS1', 'BB1'];0.034;0.0156;2.186;2.22;5246.4
661902;A1JJGH;2026-04-14 09:27:00.8027;0.0;2;['LS1', 'F'];0.0004;0.0952;0.0042;0.0046;0.0
102559;A0YF88;2026-04-14 09:27:00.8399;0.0;3;['LS1', 'F', 'BB1'];0.035;0.0363;0.965;1.0;0.0
581460;A1CSN7;2026-04-14 09:27:00.9010;3118.44;3;['TG', 'F', 'LS1'];0.02;0.0129;1.55;1.57;3100.0
2097390;A1JA3L;2026-04-14 09:27:00.9697;0.0;3;['LS1', 'F', 'BB1'];0.04;0.0421;0.95;0.99;0.0
1834559;A1CYK3;2026-04-14 09:27:01.0234;0.0;2;['LS1', 'F'];0.0015;0.3;0.005;0.0065;0.0
635777;A1C0S3;2026-04-14 09:27:01.0723;0.0;3;['LS1', 'F', 'BB1'];0.05;0.0275;1.82;1.87;0.0
2370412;A0RPMU;2026-04-14 09:27:01.1144;0.0;2;['F', 'LS1'];0.024;0.189;0.127;0.151;0.0
840480;A1CWVZ;2026-04-14 09:27:01.1802;0.0;3;['LS1', 'F', 'BB1'];0.046;0.1484;0.31;0.356;0.0
852285;A1C055;2026-04-14 09:27:01.2313;0.0;2;['F', 'LS1'];0.1;0.0362;2.76;2.86;0.0
2843283;A1C8J2;2026-04-14 09:27:01.2860;0.0;2;['F', 'LS1'];0.0055;11.0;0.0005;0.006;0.0
835624;A0N9B0;2026-04-14 09:27:01.3282;0.0;2;['F', 'LS1'];0.2;0.025;8.0;8.2;0.0
2493858;A1CYM5;2026-04-14 09:27:01.3621;0.0;3;['LS1', 'F', 'BB1'];0.074;0.2761;0.268;0.342;0.0
1187856;A1CWUA;2026-04-14 09:27:01.4109;0.0;2;['LS1', 'F'];0.25;0.0275;9.1;9.35;0.0
824464;A1CUUR;2026-04-14 09:27:01.4490;0.0;3;['LS1', 'F', 'BB1'];0.08;0.0519;1.54;1.62;0.0
1710079;A1CWBW;2026-04-14 09:27:01.4968;0.0;3;['F', 'LS1', 'BB1'];0.14;0.0427;3.28;3.42;0.0
1254297;A1CTAH;2026-04-14 09:27:01.5636;0.0;3;['LS1', 'F', 'BB1'];0.036;0.1714;0.21;0.246;0.0
171262;A1H81L;2026-04-14 09:27:01.5911;16232.23;5;['TG', 'F', 'LS1', 'DE', 'SC1'];-0.036;-0.0024;14.824;14.788;16247.0
100262;A1C8NE;2026-04-14 09:27:01.6140;0.0;2;['LS1', 'F'];0.046;0.25;0.184;0.23;0.0
983976;A0RMZD;2026-04-14 09:27:01.6404;9912.210000000001;3;['TG', 'F', 'LS1'];0.4;0.0217;18.4;18.8;9930.6
612548;A1C8XS;2026-04-14 09:27:01.6830;0.0;3;['F', 'LS1', 'BB1'];0.013;0.2453;0.053;0.066;0.0
1346718;A1CUSQ;2026-04-14 09:27:01.7263;0.0;3;['LS1', 'F', 'BB1'];0.12;0.0541;2.22;2.34;0.0
3241779;A1JHAB;2026-04-14 09:27:01.7627;0.0;3;['LS1', 'F', 'BB1'];0.34;0.0806;4.22;4.56;0.0
741156;A1C6T4;2026-04-14 09:27:01.8060;0.0;3;['F', 'LS1', 'BB1'];0.13;0.0751;1.73;1.86;0.0
2127844;A1JXU7;2026-04-14 09:27:01.8530;3692.6000000000004;4;['TG', 'LS1', 'F', 'BB1'];0.1;0.0135;7.4;7.5;3700.0
125135;A1JTC1;2026-04-14 09:27:01.8871;0.0;4;['TG', 'F', 'LS1', 'DE'];0.011;0.0025;4.431;4.442;10186.7
439184;A1JWNB;2026-04-14 09:27:01.9275;0.0;3;['LS1', 'F', 'BB1'];0.08;0.036;2.22;2.3;0.0
1212484;A1KC94;2026-04-14 09:27:02.0295;0.0;2;['F', 'LS1'];0.15;0.1181;1.27;1.42;0.0
947098;A1J7UJ;2026-04-14 09:27:02.0712;0.0;3;['LS1', 'F', 'BB1'];0.29;0.0597;4.86;5.15;0.0
904574;A1J7F7;2026-04-14 09:27:02.1201;0.0;1;['F'];0.012;3.4286;0.0035;0.0155;0.0
1081901;A1WYUL;2026-04-14 09:27:02.1594;0.0;2;['LS1', 'F'];0.081;0.1784;0.454;0.535;0.0
943370;A1WYYZ;2026-04-14 09:27:02.2211;10660.3;3;['TG', 'F', 'LS1'];0.1;0.0103;9.7;9.8;10670.0
1744600;A1T9LW;2026-04-14 09:27:02.3033;0.0;2;['LS1', 'F'];0.064;0.1553;0.412;0.476;0.0
2241317;A1T7LK;2026-04-14 09:27:02.3484;0.0;2;['LS1', 'F'];0.0045;3.0;0.0015;0.006;0.0
1362040;A1T7LN;2026-04-14 09:27:02.4042;0.0;3;['F', 'LS1', 'BB1'];0.03;0.025;1.2;1.23;0.0
466472;A1KCZN;2026-04-14 09:27:02.4538;5122.78;3;['TG', 'LS1', 'F'];0.02;0.0164;1.22;1.24;5124.0
462835;A1KAME;2026-04-14 09:27:02.5864;0.0;2;['F', 'BB1'];0.03;0.3896;0.077;0.107;0.0
2045453;A1KA04;2026-04-14 09:27:02.6246;0.0;1;['F'];0.012;24.0;0.0005;0.0125;0.0
3478588;A1W4DC;2026-04-14 09:27:02.6512;0.0;2;['LS1', 'F'];0.09;0.1176;0.765;0.855;0.0
600563;A1W36D;2026-04-14 09:27:02.6951;0.0;2;['LS1', 'F'];1.2;0.093;12.9;14.1;0.0
2532105;A1W5Z9;2026-04-14 09:27:02.7417;0.0;2;['LS1', 'F'];0.22;0.0909;2.42;2.64;0.0
1174933;A1W2VW;2026-04-14 09:27:02.7665;0.0;2;['LS1', 'F'];0.03;0.0877;0.342;0.372;0.0
1811435;A1W2R3;2026-04-14 09:27:02.8159;0.0;2;['LS1', 'F'];0.16;0.0379;4.22;4.38;0.0
327299;A1W4X9;2026-04-14 09:27:02.8790;0.0;3;['LS1', 'F', 'BB1'];0.014;0.0341;0.41;0.424;0.0
2992014;A1W16J;2026-04-14 09:27:02.9343;0.0;2;['F', 'LS1'];0.044;0.0944;0.466;0.51;0.0
2109577;A1W5AS;2026-04-14 09:27:02.9732;0.0;3;['LS1', 'F', 'BB1'];0.034;0.0714;0.476;0.51;0.0
1191936;A2ACT7;2026-04-14 09:27:03.0657;0.0;2;['F', 'LS1'];0.2;0.0735;2.72;2.92;0.0
1740371;A2ASCD;2026-04-14 09:27:03.1224;0.0;2;['F', 'LS1'];0.1;0.0333;3.0;3.1;0.0
989772;A2AJ6G;2026-04-14 09:27:03.1724;0.0;3;['LS1', 'F', 'BB1'];0.23;0.1631;1.41;1.64;0.0
108089;A2DJ2T;2026-04-14 09:27:03.2990;1910.1200000000001;4;['F', 'TG', 'LS1', 'BB1'];0.06;0.0279;2.15;2.21;1912.24
771775;A2AUD3;2026-04-14 09:27:03.3603;5357.320000000001;3;['TG', 'F', 'LS1'];0.02;0.0075;2.68;2.7;5360.0
2529798;A2JE64;2026-04-14 09:27:03.4022;0.0;3;['LS1', 'F', 'BB1'];0.26;0.0714;3.64;3.9;0.0
942116;A2AS63;2026-04-14 09:27:03.4387;0.0;2;['LS1', 'F'];0.0035;0.3333;0.0105;0.014;0.0
399598;A2DH0R;2026-04-14 09:27:03.4851;0.0;2;['LS1', 'F'];0.002;1.3333;0.0015;0.0035;0.0
2111096;A2JQYV;2026-04-14 09:27:03.5273;0.0;2;['LS1', 'F'];0.0125;1.9231;0.0065;0.019;0.0
493018;A2DR6K;2026-04-14 09:27:03.5971;5269.29;5;['TG', 'F', 'LS1', 'DE', 'SC1'];0.19;0.0083;23.01;23.2;5292.3
1827741;A2AF17;2026-04-14 09:27:03.6416;0.0;1;['F'];0.06;0.2239;0.268;0.328;0.0
1357511;A1W64P;2026-04-14 09:27:03.7089;0.0;1;['F'];0.025;0.2427;0.103;0.128;0.0
3434027;A2AQK3;2026-04-14 09:27:03.7530;0.0;2;['LS1', 'F'];0.045;0.0539;0.835;0.88;0.0
1516179;A2DL1A;2026-04-14 09:27:03.8199;0.0;2;['LS1', 'F'];0.0035;0.2414;0.0145;0.018;0.0
720236;A2DQKJ;2026-04-14 09:27:03.9677;0.0;2;['LS1', 'F'];0.032;0.2207;0.145;0.177;0.0
1381425;A2JCGV;2026-04-14 09:27:04.0248;9763.2;3;['TG', 'LS1', 'BB1'];0.395;0.0183;21.605;22.0;9784.800000000001
924593;A2H9XM;2026-04-14 09:27:04.0518;0.0;3;['LS1', 'F', 'BB1'];0.024;0.087;0.276;0.3;0.0
638958;A2AM0X;2026-04-14 09:27:04.1873;0.0;2;['F', 'LS1'];0.032;0.2443;0.131;0.163;0.0
854684;A2AQ51;2026-04-14 09:27:04.2366;0.0;2;['LS1', 'F'];0.07;0.0848;0.825;0.895;0.0
540932;A2AJ8Q;2026-04-14 09:27:04.2656;9840.0;4;['F', 'TG', 'SC1', 'LS1'];0.3;0.0036;82.6;82.9;9922.0
1829491;A2DLV1;2026-04-14 09:27:04.3094;0.0;3;['LS1', 'F', 'BB1'];0.08;0.0227;3.52;3.6;0.0
1233805;A2JLRX;2026-04-14 09:27:04.3606;0.0;3;['LS1', 'F', 'BB1'];0.35;0.0534;6.55;6.9;0.0
595630;A2JND8;2026-04-14 09:27:04.4249;0.0;2;['F', 'LS1'];0.024;0.1778;0.135;0.159;0.0
1354740;A2DN3S;2026-04-14 09:27:04.4545;0.0;3;['LS1', 'F', 'BB1'];0.045;0.0573;0.785;0.83;0.0
924589;A2H5P6;2026-04-14 09:27:04.5033;0.0;2;['F', 'LS1'];0.017;0.2394;0.071;0.088;0.0
2122153;A2DSNR;2026-04-14 09:27:04.5488;0.0;2;['LS1', 'F'];0.1;0.0592;1.69;1.79;0.0
2034058;A2DQWX;2026-04-14 09:27:04.6250;36248.89;5;['F', 'TG', 'LS1', 'DE', 'SC1'];0.03;0.002;15.12;15.15;36252.0
1563402;A2DG6B;2026-04-14 09:27:04.6526;0.0;2;['LS1', 'F'];0.004;0.7273;0.0055;0.0095;0.0
313299;A2DJQK;2026-04-14 09:27:04.6895;7952.5;4;['TG', 'F', 'LS1', 'SC1'];0.29;0.0046;63.7;63.99;8016.12
599708;A2DNAP;2026-04-14 09:27:04.7208;0.0;2;['F', 'LS1'];0.212;1.1522;0.184;0.396;0.0
348338;A2DN5Y;2026-04-14 09:27:04.7682;0.0;2;['LS1', 'F'];0.065;0.125;0.52;0.585;0.0
1223969;A2H5UP;2026-04-14 09:27:04.8054;0.0;2;['F', 'LS1'];0.12;0.0984;1.22;1.34;0.0
870925;A2DVHX;2026-04-14 09:27:05.0037;0.0;3;['LS1', 'F', 'BB1'];0.055;0.0595;0.925;0.98;0.0
1523400;A2JN6Q;2026-04-14 09:27:05.0602;0.0;1;['F'];0.0135;1.0;0.0135;0.027;0.0
596610;A2DW60;2026-04-14 09:27:05.1051;0.0;2;['LS1', 'F'];0.0065;0.1884;0.0345;0.041;0.0
2620956;A2JHMB;2026-04-14 09:27:05.1350;0.0;3;['F', 'LS1', 'BB1'];4.0;0.0323;124.0;128.0;0.0
2666273;A2JH0G;2026-04-14 09:27:05.1896;0.0;3;['F', 'LS1', 'BB1'];1.0;0.0209;47.8;48.8;0.0
927155;A2JAFN;2026-04-14 09:27:05.2167;0.0;1;['F'];0.0;0.0;0.0;0.0005;0.0
1008471;A2JFRE;2026-04-14 09:27:05.2710;0.0;2;['LS1', 'F'];0.22;0.0629;3.5;3.72;0.0
2643783;A2JQ4Y;2026-04-14 09:27:05.3258;0.0;2;['F', 'LS1'];0.052;0.1111;0.468;0.52;0.0
972831;A2QJ8Y;2026-04-14 09:27:05.3832;0.0;2;['LS1', 'F'];0.095;0.1407;0.675;0.77;0.0
168680;A2N7PB;2026-04-14 09:27:05.4195;5283.102;3;['TG', 'F', 'LS1'];0.032;0.0138;2.314;2.346;5280.799999999999
1187020;A2DYRC;2026-04-14 09:27:05.4718;0.0;2;['F', 'LS1'];0.0275;0.3642;0.0755;0.103;0.0
867118;A1W8Q8;2026-04-14 09:27:05.5590;0.0;2;['LS1', 'F'];0.0025;0.2632;0.0095;0.012;0.0
3273292;A2JK6F;2026-04-14 09:27:05.6048;0.0;3;['LS1', 'F', 'BB1'];0.18;0.0891;2.02;2.2;0.0
390670;A2JCN9;2026-04-14 09:27:05.6358;0.0;2;['F', 'LS1'];0.0045;0.1607;0.028;0.0325;0.0
1638569;A2JES0;2026-04-14 09:27:05.6607;6787.040000000001;4;['F', 'TG', 'LS1', 'BB1'];0.925;0.0283;32.685;33.61;6819.670000000001
839924;A2DWS6;2026-04-14 09:27:05.7310;0.0;2;['LS1', 'F'];0.002;0.0298;0.0672;0.0692;0.0
371619;A110ZQ;2026-04-14 09:27:05.8184;0.0;2;['LS1', 'F'];0.06;0.0822;0.73;0.79;0.0
886485;A1W658;2026-04-14 09:27:05.8724;0.0;2;['LS1', 'F'];0.0105;2.625;0.004;0.0145;0.0
1074882;A2N478;2026-04-14 09:27:05.9061;0.0;2;['LS1', 'F'];0.0145;0.1871;0.0775;0.092;0.0
447444;A2JCPL;2026-04-14 09:27:05.9486;0.0;2;['F', 'LS1'];0.09;0.0506;1.78;1.87;0.0
2624782;A2QK6L;2026-04-14 09:27:05.9919;0.0;1;['F'];0.007;0.4828;0.0145;0.0215;0.0
2581573;A2NB01;2026-04-14 09:27:06.0362;0.0;2;['LS1', 'F'];0.03;0.038;0.79;0.82;0.0
2932965;A2N6NH;2026-04-14 09:27:06.0754;0.0;2;['LS1', 'F'];0.011;0.2895;0.038;0.049;0.0
2659092;A2PAS5;2026-04-14 09:27:06.1078;0.0;2;['LS1', 'F'];0.45;0.0756;5.95;6.4;0.0
3018390;A2N6F1;2026-04-14 09:27:06.1383;1949.9759999999999;3;['TG', 'LS1', 'F'];0.012;0.0283;0.424;0.436;1950.3999999999999
2441131;A2N6WD;2026-04-14 09:27:06.1803;0.0;3;['F', 'LS1', 'BB1'];0.12;0.0741;1.62;1.74;0.0
1538615;A2PW5T;2026-04-14 09:27:06.2129;0.0;2;['F', 'LS1'];0.125;0.1572;0.795;0.92;0.0
2459225;A2JGLJ;2026-04-14 09:27:06.2360;4965.295;3;['TG', 'LS1', 'F'];0.225;0.0229;9.815;10.04;4975.05
870860;A1XF2N;2026-04-14 09:27:06.3290;0.0;3;['F', 'LS1', 'BB1'];0.08;0.0471;1.7;1.78;0.0
567661;A2NB49;2026-04-14 09:27:06.3822;6255.718;3;['F', 'TG', 'LS1'];0.044;0.012;3.682;3.726;6259.4
2323987;A2JMGK;2026-04-14 09:27:06.4295;0.0;3;['F', 'LS1', 'BB1'];0.26;0.071;3.66;3.92;0.0
105296;A2PDL4;2026-04-14 09:27:06.4715;0.0;3;['F', 'LS1', 'BB1'];0.16;0.0762;2.1;2.26;0.0
331619;A1W9RR;2026-04-14 09:27:06.5002;0.0;1;['F'];0.044;0.1849;0.238;0.282;0.0
1314678;A2NB0W;2026-04-14 09:27:06.5472;5497.197999999999;3;['TG', 'F', 'LS1'];0.08;0.016;5.002;5.082;5502.2
1202390;A2PALA;2026-04-14 09:27:06.5869;0.0;3;['LS1', 'F', 'BB1'];0.044;0.1272;0.346;0.39;0.0
1359626;A1XCMM;2026-04-14 09:27:06.6316;5151.599999999999;3;['TG', 'LS1', 'F'];0.4;0.0123;32.4;32.8;5184.0
1674124;A2N7KW;2026-04-14 09:27:06.6786;0.0;1;['F'];0.063;0.1335;0.472;0.535;0.0
2324172;A2N805;2026-04-14 09:27:06.7301;10593.345;3;['TG', 'F', 'LS1'];0.085;0.0104;8.155;8.24;7778.56
2187628;A1XBMR;2026-04-14 09:27:06.7826;0.0;1;['F'];0.0035;1.1667;0.003;0.0065;0.0
1622074;A1XA83;2026-04-14 09:27:06.8282;55942.668000000005;5;['F', 'TG', 'LS1', 'DE', 'SC1'];0.001;0.0008;1.3325;1.3335;55944.0
2218504;A2PA4R;2026-04-14 09:27:06.8887;10635.5;4;['TG', 'F', 'LS1', 'DE'];0.25;0.0021;119.75;120.0;10755.0
2490035;A3CYVZ;2026-04-14 09:27:06.9463;0.0;2;['LS1', 'F'];0.038;0.1624;0.234;0.272;0.0
687429;A2PA71;2026-04-14 09:27:07.0212;0.0;2;['LS1', 'F'];0.16;0.0635;2.52;2.68;0.0
2913834;A2PKX2;2026-04-14 09:27:07.0523;5065.775;4;['TG', 'LS1', 'F', 'BB1'];0.105;0.0249;4.225;4.33;5070.0
1366347;A1XFE7;2026-04-14 09:27:07.1134;9961.880000000001;3;['TG', 'F', 'LS1'];0.052;0.0245;2.12;2.172;9964.0
1160551;A2PLJE;2026-04-14 09:27:07.1598;0.0;2;['LS1', 'F'];0.135;0.0236;5.715;5.85;0.0
111219;A2PLC1;2026-04-14 09:27:07.2091;0.0;2;['LS1', 'F'];0.0;0.0;0.0;0.0005;0.0
105166;A2PF9D;2026-04-14 09:27:07.2479;5086.86;3;['F', 'TG', 'LS1'];0.58;0.017;34.2;34.78;5130.0
1242957;A116ZH;2026-04-14 09:27:07.3029;0.0;2;['LS1', 'F'];0.065;0.066;0.985;1.05;0.0
3445802;A2PW4P;2026-04-14 09:27:07.3452;0.0;3;['LS1', 'F', 'BB1'];0.18;0.0738;2.44;2.62;0.0
1944836;A2PEAK;2026-04-14 09:27:07.4022;0.0;2;['F', 'LS1'];0.068;0.1899;0.358;0.426;0.0
1827478;A2PEDJ;2026-04-14 09:27:07.4445;0.0;2;['LS1', 'F'];0.0095;0.2111;0.045;0.0545;0.0
726685;A2PK8A;2026-04-14 09:27:07.4920;0.0;2;['LS1', 'F'];0.03;0.1667;0.18;0.21;0.0
2280749;A2PFJ2;2026-04-14 09:27:07.5329;0.0;3;['LS1', 'F', 'BB1'];0.06;0.0426;1.41;1.47;0.0
2829670;A3DWGX;2026-04-14 09:27:07.5733;0.0;2;['LS1', 'F'];0.039;0.3197;0.122;0.161;0.0
2472660;A2PRBH;2026-04-14 09:27:07.6386;0.0;2;['F', 'LS1'];0.0155;0.3298;0.047;0.0625;0.0
2282633;A2PX3J;2026-04-14 09:27:07.6726;0.0;2;['LS1', 'F'];0.0095;0.1727;0.055;0.0645;0.0
2077135;A1XEY8;2026-04-14 09:27:07.7675;0.0;2;['LS1', 'F'];0.08;0.0748;1.07;1.15;0.0
2166746;A2PGGB;2026-04-14 09:27:07.8127;0.0;4;['TG', 'LS1', 'SC1', 'BB1'];0.325;0.0413;7.875;8.2;5717.25
2060800;A1XEN9;2026-04-14 09:27:07.8549;0.0;3;['LS1', 'F', 'BB1'];0.04;0.0381;1.05;1.09;0.0
2360392;A2PRQQ;2026-04-14 09:27:07.8817;0.0;2;['LS1', 'F'];0.28;0.1077;2.6;2.88;0.0
1830756;A1XFBM;2026-04-14 09:27:07.9199;0.0;2;['LS1', 'F'];0.08;0.128;0.625;0.705;0.0
3254532;A2P1D6;2026-04-14 09:27:07.9657;0.0;2;['LS1', 'F'];0.002;0.3636;0.0055;0.0075;0.0
600573;A2PYPE;2026-04-14 09:27:08.0237;0.0;2;['LS1', 'F'];0.048;0.1071;0.448;0.496;0.0
1677177;A2PTUX;2026-04-14 09:27:08.0840;4921.21;3;['TG', 'LS1', 'F'];0.035;0.0153;2.29;2.325;4923.5
1204364;A2PW88;2026-04-14 09:27:08.1169;0.0;1;['F'];0.155;0.2793;0.555;0.71;0.0
2070934;A1XFA0;2026-04-14 09:27:08.1608;0.0;2;['LS1', 'F'];0.024;0.12;0.2;0.224;0.0
1353249;A2PQ6Q;2026-04-14 09:27:08.2038;0.0;2;['F', 'LS1'];0.1;0.1695;0.59;0.69;0.0
2427385;A3CN01;2026-04-14 09:27:08.2276;0.0;2;['F', 'LS1'];0.2;0.0301;6.65;6.85;0.0
2487650;A2PM3F;2026-04-14 09:27:08.2748;5182.078;3;['LS1', 'F', 'TG'];0.086;0.0199;4.322;4.408;5186.4
2283062;A2PMMM;2026-04-14 09:27:08.3173;0.0;3;['F', 'LS1', 'BB1'];0.08;0.0296;2.7;2.78;0.0
2546227;A2PSZW;2026-04-14 09:27:08.4024;10106.630000000001;3;['TG', 'F', 'LS1'];0.05;0.0148;3.37;3.42;10110.0
976592;A2PV81;2026-04-14 09:27:08.4405;0.0;3;['LS1', 'F', 'BB1'];0.07;0.0782;0.895;0.965;0.0
2018663;A2P0AB;2026-04-14 09:27:08.5101;0.0;2;['LS1', 'F'];0.003;1.5;0.002;0.005;0.0
2913896;A2PZ54;2026-04-14 09:27:08.5329;0.0;2;['LS1', 'F'];0.14;0.0526;2.66;2.8;0.0
2334648;A2PZ3W;2026-04-14 09:27:08.5877;4930.128000000001;4;['TG', 'F', 'LS1', 'BB1'];0.032;0.0299;1.072;1.104;4931.200000000001
825368;A2PWSG;2026-04-14 09:27:08.6532;0.0;2;['LS1', 'F'];0.0025;0.5556;0.0045;0.007;0.0
1637711;A3CS5Y;2026-04-14 09:27:08.7335;7487.860000000001;4;['F', 'TG', 'LS1', 'BB1'];0.04;0.0187;2.14;2.18;7490.0
2265050;A3CREE;2026-04-14 09:27:08.7723;0.0;3;['LS1', 'F', 'BB1'];0.1;0.0323;3.1;3.2;0.0
1301324;A3CVN5;2026-04-14 09:27:08.8262;0.0;1;['F'];0.0195;0.4815;0.0405;0.06;0.0
247864;A3C9EL;2026-04-14 09:27:08.9223;0.0;3;['LS1', 'F', 'BB1'];0.035;0.0556;0.63;0.665;0.0
769899;A1113H;2026-04-14 09:27:08.9442;0.0;3;['LS1', 'F', 'BB1'];0.1;0.0287;3.48;3.58;0.0
1698084;A112AM;2026-04-14 09:27:09.0293;0.0;3;['LS1', 'F', 'BB1'];0.14;0.0588;2.38;2.52;0.0
1629692;A113GL;2026-04-14 09:27:09.0599;0.0;1;['F'];0.074;0.5441;0.136;0.21;0.0
2625891;A2PRX8;2026-04-14 09:27:09.1086;0.0;2;['LS1', 'F'];0.046;0.1075;0.428;0.474;0.0
2815142;A2PS6S;2026-04-14 09:27:09.1470;0.0;2;['LS1', 'F'];0.014;0.4058;0.0345;0.0485;0.0
119277;A11193;2026-04-14 09:27:09.1922;0.0;3;['F', 'LS1', 'BB1'];0.001;0.2857;0.0035;0.0045;0.0
2848090;A2QEG7;2026-04-14 09:27:09.2351;0.0;2;['LS1', 'F'];0.01;1.3333;0.0075;0.0175;0.0
1366876;A111FF;2026-04-14 09:27:09.3191;0.0;2;['F', 'LS1'];0.0385;0.616;0.0625;0.101;0.0
1905881;A2PXFJ;2026-04-14 09:27:09.3983;0.0;3;['LS1', 'F', 'BB1'];0.15;0.0254;5.9;6.05;0.0
2267903;A3CUC1;2026-04-14 09:27:09.4397;0.0;2;['F', 'BB1'];0.2;0.0813;2.46;2.66;0.0
1221810;A3CSCF;2026-04-14 09:27:09.4880;9603.359999999999;3;['TG', 'F', 'LS1'];0.42;0.0074;56.4;56.82;9662.96
904201;A3CWKE;2026-04-14 09:27:09.5362;0.0;3;['F', 'LS1', 'BB1'];0.01;0.146;0.0685;0.0785;0.0
175148;A2QNAR;2026-04-14 09:27:09.6304;4997.265;3;['TG', 'LS1', 'F'];0.015;0.0204;0.735;0.75;4998.0
3272834;A3CTRN;2026-04-14 09:27:09.6693;0.0;2;['LS1', 'F'];0.0025;1.0;0.0025;0.005;0.0
2519214;A3C31Y;2026-04-14 09:27:09.7239;0.0;1;['F'];0.019;1.7273;0.011;0.03;0.0
1500331;A3CWBL;2026-04-14 09:27:09.7637;0.0;2;['LS1', 'F'];0.036;0.1208;0.298;0.334;0.0
1220071;A2P0DW;2026-04-14 09:27:09.8199;0.0;2;['F', 'LS1'];0.15;0.119;1.26;1.41;0.0
2177372;A3CTVY;2026-04-14 09:27:09.8673;10779.01;3;['F', 'TG', 'LS1'];0.18;0.015;12.0;12.18;10791.0
311987;A3D02Q;2026-04-14 09:27:09.9057;0.0;2;['LS1', 'F'];0.0105;0.3231;0.0325;0.043;0.0
2235940;A3C4C0;2026-04-14 09:27:09.9569;0.0;2;['F', 'LS1'];0.02;0.4819;0.0415;0.0615;0.0
695662;A2QFHP;2026-04-14 09:27:10.0242;0.0;2;['LS1', 'F'];0.2;0.032;6.25;6.45;0.0
146488;A115BA;2026-04-14 09:27:10.0795;9909.895;3;['TG', 'LS1', 'F'];0.185;0.0117;15.76;15.945;7972.5
1080572;A3C482;2026-04-14 09:27:10.1082;0.0;3;['LS1', 'F', 'BB1'];0.05;0.0376;1.33;1.38;0.0
618545;A3C3BX;2026-04-14 09:27:10.2090;0.0;2;['LS1', 'F'];0.03;0.0718;0.418;0.448;0.0
2820531;A2QQMK;2026-04-14 09:27:10.2650;14979.449999999999;5;['TG', 'LS1', 'DE', 'F', 'SC1'];0.05;0.009;5.55;5.6;14985.0
2699847;A2P1SH;2026-04-14 09:27:10.2869;0.0;1;['F'];0.0085;17.0;0.0005;0.009;0.0
1506395;A2QQQV;2026-04-14 09:27:10.3304;0.0;2;['LS1', 'F'];0.015;0.4478;0.0335;0.0485;0.0
1217514;A3CQX3;2026-04-14 09:27:10.3765;0.0;2;['LS1', 'F'];0.022;0.1497;0.147;0.169;0.0
2736451;A2QSET;2026-04-14 09:27:10.4040;0.0;2;['F', 'LS1'];0.32;0.1455;2.2;2.52;0.0
101240;A3C8HH;2026-04-14 09:27:10.4463;0.0;2;['LS1', 'F'];0.35;0.0648;5.4;5.75;0.0
155567;A3DH8E;2026-04-14 09:27:10.5399;0.0;1;['F'];0.0945;1.3404;0.0705;0.165;0.0
1205541;A3C6DM;2026-04-14 09:27:10.5826;0.0;3;['LS1', 'F', 'BB1'];0.05;0.0391;1.28;1.33;0.0
594858;A2P886;2026-04-14 09:27:10.6243;0.0;3;['LS1', 'F', 'BB1'];0.3;0.038;7.9;8.2;0.0
181694;A2QKU4;2026-04-14 09:27:10.6646;0.0;2;['F', 'LS1'];0.029;0.2132;0.136;0.165;0.0
1206467;A3CM42;2026-04-14 09:27:10.7273;0.0;1;['F'];0.078;0.2653;0.294;0.372;0.0
1598199;A3CVR7;2026-04-14 09:27:10.7605;0.0;2;['LS1', 'F'];0.05;0.0775;0.645;0.695;0.0
2111160;A115LD;2026-04-14 09:27:10.8044;0.0;1;['F'];0.261;0.6304;0.414;0.675;0.0
386852;A116TF;2026-04-14 09:27:10.8589;0.0;3;['LS1', 'F', 'BB1'];0.07;0.0631;1.11;1.18;0.0
1366350;A114CM;2026-04-14 09:27:10.9181;4823.28;3;['TG', 'LS1', 'F'];0.037;0.0514;0.72;0.757;4824.0
1678616;A114T7;2026-04-14 09:27:10.9659;0.0;1;['F'];0.146;0.3288;0.444;0.59;0.0
1702428;A3DR4M;2026-04-14 09:27:11.0354;0.0;2;['LS1', 'F'];0.55;0.0924;5.95;6.5;0.0
2940873;A2QGXF;2026-04-14 09:27:11.0817;0.0;2;['LS1', 'F'];0.001;0.2;0.005;0.006;0.0
1725308;A3EESQ;2026-04-14 09:27:11.1076;10132.380000000001;4;['LS1', 'TG', 'F', 'BB1'];0.06;0.0166;3.62;3.68;10136.0
100370;A3DS0H;2026-04-14 09:27:11.1449;35572.884;5;['TG', 'F', 'LS1', 'DE', 'SC1'];0.008;0.0011;7.12;7.128;35600.0
1351099;A3D01Y;2026-04-14 09:27:11.1966;0.0;3;['LS1', 'F', 'BB1'];0.08;0.1524;0.525;0.605;0.0
496196;A3C480;2026-04-14 09:27:11.2596;5123.146;3;['TG', 'F', 'LS1'];0.016;0.0187;0.854;0.87;5124.0
2909137;A2QELW;2026-04-14 09:27:11.3694;0.0;1;['F'];0.069;0.5267;0.131;0.2;0.0
942625;A3CVQA;2026-04-14 09:27:11.4133;0.0;2;['LS1', 'F'];0.057;0.2953;0.193;0.25;0.0
1578301;A3DTUQ;2026-04-14 09:27:11.4554;;3;['LS1', 'TG', 'DE'];0.01;0.0189;0.53;0.54;553.85
2848089;A2QEGT;2026-04-14 09:27:11.4859;0.0;2;['LS1', 'F'];0.045;0.075;0.6;0.645;0.0
2015568;A3CRBA;2026-04-14 09:27:11.5421;5135.988;3;['TG', 'F', 'LS1'];0.064;0.0199;3.214;3.278;5139.200000000001
1015335;A3DSJF;2026-04-14 09:27:11.5796;0.0;1;['F'];0.0085;0.8095;0.0105;0.019;0.0
774219;A3CTPM;2026-04-14 09:27:11.6395;0.0;2;['LS1', 'F'];0.024;0.0816;0.294;0.318;0.0
866145;A3DWCH;2026-04-14 09:27:11.6722;0.0;2;['LS1', 'F'];0.031;0.1713;0.181;0.212;0.0
2579803;A3CWA4;2026-04-14 09:27:11.6963;0.0;4;['LS1', 'F', 'BB1', 'DE'];0.3;0.0545;5.5;5.8;0.0
833983;A3EP8Y;2026-04-14 09:27:11.7497;0.0;2;['F', 'LS1'];0.17;0.1889;0.9;1.07;0.0
1785327;A2QCGN;2026-04-14 09:27:11.7869;0.0;3;['LS1', 'F', 'BB1'];0.07;0.0483;1.45;1.52;0.0
2529102;A3DCC0;2026-04-14 09:27:11.8088;0.0;2;['LS1', 'F'];0.0025;1.25;0.002;0.0045;0.0
976859;A3CTJH;2026-04-14 09:27:11.8508;0.0;2;['LS1', 'F'];0.066;0.2773;0.238;0.304;0.0
2138400;A3C4CU;2026-04-14 09:27:11.9041;0.0;2;['F', 'LS1'];0.32;0.0874;3.66;3.98;0.0
852336;A2P3LN;2026-04-14 09:27:11.9691;0.0;2;['LS1', 'F'];0.0005;0.5;0.001;0.0015;0.0
720134;A2QR1Y;2026-04-14 09:27:11.9991;0.0;2;['LS1', 'F'];0.012;0.5581;0.0215;0.0335;0.0
1193427;A2P42W;2026-04-14 09:27:12.0857;0.0;2;['LS1', 'F'];0.065;0.1032;0.63;0.695;0.0
1908083;A3CS23;2026-04-14 09:27:12.1200;0.0;2;['LS1', 'F'];0.22;0.0611;3.6;3.82;0.0
765770;A2QQGW;2026-04-14 09:27:12.1817;0.0;2;['F', 'LS1'];0.013;0.2524;0.0515;0.0645;0.0
145185;A3DVGD;2026-04-14 09:27:12.2097;0.0;2;['LS1', 'F'];0.001;0.5;0.002;0.003;0.0
1620624;A3DCBN;2026-04-14 09:27:12.2509;0.0;1;['F'];0.033;1.2941;0.0255;0.0585;0.0
2114591;A403N7;2026-04-14 09:27:12.2988;0.0;2;['LS1', 'BB1'];0.019;0.1284;0.148;0.167;0.0
155778;A3DH6R;2026-04-14 09:27:12.3572;0.0;1;['F'];0.012;1.3333;0.009;0.021;0.0
744514;A2QJA8;2026-04-14 09:27:12.5536;0.0;2;['LS1', 'F'];0.003;0.25;0.012;0.015;0.0
1949898;A2QKSG;2026-04-14 09:27:12.5975;0.0;2;['F', 'LS1'];0.42;0.1329;3.16;3.58;0.0
751113;A2QJES;2026-04-14 09:27:12.6333;2967.7999999999997;4;['TG', 'LS1', 'F', 'BB1'];0.6;0.0423;14.2;14.8;2982.0
1595474;A3DE64;2026-04-14 09:27:12.6868;0.0;2;['LS1', 'F'];0.068;0.3434;0.198;0.266;0.0
1594757;A3C67V;2026-04-14 09:27:12.7590;0.0;3;['LS1', 'F', 'BB1'];0.08;0.0533;1.5;1.58;0.0
1622318;A414N7;2026-04-14 09:27:12.7837;7883.9400000000005;6;['F', 'SC1', 'LS1', 'TG', 'BB1', 'DE'];0.14;0.0118;11.82;11.96;7895.76
919600;A3DA9T;2026-04-14 09:27:12.8190;0.0;1;['F'];0.052;0.2031;0.256;0.308;0.0
713389;A114PL;2026-04-14 09:27:12.8428;5297.85;3;['TG', 'LS1', 'F'];0.1;0.0109;9.15;9.25;5307.0
772470;A2QLNV;2026-04-14 09:27:12.8978;0.0;1;['LS1'];0.0005;1.0;0.0005;0.001;0.0
168186;A1156F;2026-04-14 09:27:12.9514;0.0;2;['LS1', 'F'];0.4;0.0755;5.3;5.7;0.0
855072;A2QNEN;2026-04-14 09:27:13.0035;0.0;3;['LS1', 'F', 'BB1'];0.08;0.032;2.5;2.58;0.0
251215;A2QCFV;2026-04-14 09:27:13.0316;5079.2265;3;['TG', 'F', 'LS1'];0.0095;0.0254;0.3735;0.383;5079.6
2160353;A3EUL4;2026-04-14 09:27:13.0908;0.0;1;['F'];0.0475;95.0;0.0005;0.048;0.0
3347055;A3ES86;2026-04-14 09:27:13.1257;0.0;2;['F', 'LS1'];0.048;0.142;0.338;0.386;0.0
1325276;A3DH8H;2026-04-14 09:27:13.1472;0.0;2;['LS1', 'F'];0.24;0.0543;4.42;4.66;0.0
1301652;A2P62D;2026-04-14 09:27:13.1712;0.0;3;['TG', 'LS1', 'SC1'];0.675;0.0166;40.745;41.42;5908.025
184700;A2QP3Y;2026-04-14 09:27:13.2163;0.0;3;['LS1', 'F', 'BB1'];0.28;0.0722;3.88;4.16;0.0
3020716;A2P748;2026-04-14 09:27:13.2714;0.0;2;['LS1', 'F'];0.011;1.2222;0.009;0.02;0.0
219126;A3E2FD;2026-04-14 09:27:13.3143;10090.0;3;['LS1', 'TG', 'F'];0.1;0.01;10.0;10.1;10100.0
1811001;A3DW2P;2026-04-14 09:27:13.3614;0.0;2;['LS1', 'F'];0.001;0.4;0.0025;0.0035;0.0
1516053;A3CRY2;2026-04-14 09:27:13.4086;0.0;2;['LS1', 'F'];0.125;0.1786;0.7;0.825;0.0
1493903;A2QEBZ;2026-04-14 09:27:13.4563;0.0;1;['F'];0.011;1.2941;0.0085;0.0195;0.0
1854569;A3D662;2026-04-14 09:27:13.4902;0.0;3;['LS1', 'F', 'BB1'];0.04;0.0247;1.62;1.66;0.0
2777336;A2QESG;2026-04-14 09:27:13.5173;9803.460000000001;3;['F', 'TG', 'LS1'];0.15;0.0229;6.54;6.69;9810.0
3043831;A3DNZQ;2026-04-14 09:27:13.5606;10348.359;4;['TG', 'F', 'LS1', 'DE'];0.008;0.0019;4.142;4.15;10352.5
1842242;A3C6A1;2026-04-14 09:27:13.5878;0.0;1;['F'];0.27;0.0954;2.83;3.1;0.0
1997533;A3DV8N;2026-04-14 09:27:13.6431;0.0;4;['TG', 'F', 'LS1', 'SC1'];1.2;0.029;41.4;42.6;9729.0
1505119;A3CU46;2026-04-14 09:27:13.6986;0.0;2;['LS1', 'F'];0.038;0.2289;0.166;0.204;0.0
198615;A4122L;2026-04-14 09:27:13.7547;3113.17;3;['F', 'TG', 'LS1'];0.04;0.0054;7.45;7.49;3120.6
418135;A3CVRU;2026-04-14 09:27:13.8703;0.0;3;['LS1', 'F', 'BB1'];0.0;0.0;1.1;1.1;0.0
737441;A2QQCB;2026-04-14 09:27:13.9131;0.0;1;['F'];0.179;0.3609;0.496;0.675;0.0
1830822;A116RY;2026-04-14 09:27:13.9620;0.0;3;['LS1', 'F', 'BB1'];0.25;0.0347;7.2;7.45;0.0
2187917;A3CTL3;2026-04-14 09:27:14.0139;0.0;3;['F', 'LS1', 'BB1'];0.06;0.0263;2.28;2.34;0.0
1805543;A3EJG1;2026-04-14 09:27:14.0734;0.0;2;['LS1', 'F'];0.14;0.0359;3.9;4.04;0.0
1811847;A2QJSR;2026-04-14 09:27:14.1039;0.0;2;['LS1', 'F'];0.014;0.5957;0.0235;0.0375;0.0
1581827;A3DWJ9;2026-04-14 09:27:14.1321;0.0;2;['LS1', 'F'];0.04;0.101;0.396;0.436;0.0
1952286;A2QA1Z;2026-04-14 09:27:14.1575;0.0;2;['LS1', 'F'];0.105;0.1944;0.54;0.645;0.0
2095941;A3CMK7;2026-04-14 09:27:14.2000;0.0;2;['LS1', 'F'];0.017;0.2931;0.058;0.075;0.0
976594;A3CRV7;2026-04-14 09:27:14.2415;0.0;2;['LS1', 'F'];0.104;0.4602;0.226;0.33;0.0
3367620;A3D77C;2026-04-14 09:27:14.2844;0.0;2;['LS1', 'F'];0.0055;2.2;0.0025;0.008;0.0
2910087;A2QFET;2026-04-14 09:27:14.3223;0.0;3;['LS1', 'F', 'BB1'];0.0;0.0;1.97;1.97;0.0
2265474;A2QJD4;2026-04-14 09:27:14.3488;6840.8348000000005;3;['F', 'TG', 'LS1'];0.012;0.0247;0.4858;0.4978;6841.320000000001
157048;A401WG;2026-04-14 09:27:14.3955;0.0;2;['LS1', 'F'];0.004;2.6667;0.0015;0.0055;0.0
1416021;A3DNGR;2026-04-14 09:27:14.4480;0.0;1;['F'];0.115;0.2212;0.52;0.635;0.0
2357666;A2QKKA;2026-04-14 09:27:14.4980;0.0;1;['F'];0.105;0.1391;0.755;0.86;0.0
2503720;A3D686;2026-04-14 09:27:14.5401;0.0;2;['F', 'LS1'];0.047;0.6351;0.074;0.121;0.0
723908;A3DMB5;2026-04-14 09:27:14.5855;24994.98;5;['TG', 'F', 'LS1', 'DE', 'SC1'];0.03;0.0012;25.03;25.06;25020.0
2251075;A3CPAJ;2026-04-14 09:27:14.6298;0.0;2;['LS1', 'F'];0.015;0.4762;0.0315;0.0465;0.0
2838769;A3C8RH;2026-04-14 09:27:14.6777;0.0;2;['F', 'LS1'];0.044;0.3034;0.145;0.189;0.0
1325330;A3C7AP;2026-04-14 09:27:14.7049;0.0;2;['LS1', 'F'];0.0035;0.1029;0.034;0.0375;0.0
2423003;A3CU5W;2026-04-14 09:27:14.7833;0.0;2;['LS1', 'F'];0.14;0.05;2.8;2.94;0.0
2598407;A3C5J3;2026-04-14 09:27:14.8055;0.0;2;['LS1', 'F'];0.003;0.2609;0.0115;0.0145;0.0
2095945;A3CNLK;2026-04-14 09:27:14.8584;0.0;3;['F', 'LS1', 'BB1'];0.12;0.0745;1.61;1.73;0.0
1908133;A3CNYX;2026-04-14 09:27:14.9376;0.0;3;['F', 'LS1', 'BB1'];0.15;0.0227;6.6;6.75;0.0
1620832;A3DLJU;2026-04-14 09:27:14.9752;0.0;1;['F'];0.0075;7.5;0.001;0.0085;0.0
3443004;A3DVNT;2026-04-14 09:27:15.0032;0.0;2;['LS1', 'F'];0.11;0.125;0.88;0.99;0.0
991868;A41BR5;2026-04-14 09:27:15.0459;0.0;1;['F'];0.0375;75.0;0.0005;0.038;0.0
2133305;A3D648;2026-04-14 09:27:15.0853;5503.678;3;['TG', 'F', 'LS1'];0.102;0.0167;6.122;6.224;5509.8
1772038;A3DHCS;2026-04-14 09:27:15.1444;0.0;3;['F', 'LS1', 'BB1'];0.08;0.0377;2.12;2.2;0.0
2065990;A2QRZ2;2026-04-14 09:27:15.2953;9802.35;3;['F', 'TG', 'LS1'];0.07;0.0264;2.65;2.72;9805.0
3148278;A403SD;2026-04-14 09:27:15.3322;5176.3;3;['TG', 'LS1', 'F'];0.08;0.0215;3.72;3.8;5180.0
2879343;A117ZX;2026-04-14 09:27:15.3916;0.0;3;['LS1', 'F', 'BB1'];0.15;0.0893;1.68;1.83;0.0
549559;A3C8YQ;2026-04-14 09:27:15.4234;0.0;2;['LS1', 'F'];0.035;0.0619;0.565;0.6;0.0
1721692;A3EH2H;2026-04-14 09:27:15.4651;0.0;2;['LS1', 'F'];0.009;6.0;0.0015;0.0105;0.0
105606;A3CR1T;2026-04-14 09:27:15.5191;0.0;2;['LS1', 'F'];0.003;2.0;0.0015;0.0045;0.0
2145878;A3CR01;2026-04-14 09:27:15.5753;5029.705;3;['F', 'TG', 'LS1'];0.1;0.0159;6.295;6.395;5036.0
2745142;A3CSZZ;2026-04-14 09:27:15.6311;5780.759999999999;4;['TG', 'SC1', 'F', 'LS1'];0.14;0.0347;4.03;4.17;5784.78
2029952;A3CWWW;2026-04-14 09:27:15.6891;0.0;3;['LS1', 'F', 'BB1'];0.029;0.2042;0.142;0.171;0.0
1351262;A3C7FC;2026-04-14 09:27:15.7296;0.0;3;['LS1', 'F', 'BB1'];0.046;0.1085;0.424;0.47;0.0
919610;A3DB1Q;2026-04-14 09:27:15.7889;0.0;1;['F'];0.0195;39.0;0.0005;0.02;0.0
901975;A3CNAB;2026-04-14 09:27:15.8615;0.0;3;['SC1', 'F', 'LS1'];0.01;0.0012;8.545;8.555;0.0
318697;A3EUL7;2026-04-14 09:27:15.9293;5084.4349999999995;3;['LS1', 'TG', 'F'];0.025;0.0442;0.565;0.59;5084.999999999999
1470428;A3EEQY;2026-04-14 09:27:16.0755;0.0;2;['F', 'LS1'];0.0245;1.2564;0.0195;0.044;0.0
403664;A3CWEQ;2026-04-14 09:27:16.2257;0.0;2;['LS1', 'F'];0.032;0.2065;0.155;0.187;0.0
2015567;A3CST9;2026-04-14 09:27:16.2871;0.0;1;['F'];0.135;0.1742;0.775;0.91;0.0
169655;A411B0;2026-04-14 09:27:16.3376;5010.42;5;['TG', 'F', 'LS1', 'SC1', 'BB1'];0.025;0.0037;6.785;6.81;5017.2
976854;A3CTJV;2026-04-14 09:27:16.4083;0.0;2;['LS1', 'F'];0.047;0.241;0.195;0.242;0.0
2583834;A3CRQ8;2026-04-14 09:27:16.4865;0.0;1;['LS1'];0.038;0.1203;0.316;0.354;0.0
2244671;A3C48E;2026-04-14 09:27:16.5354;0.0;3;['LS1', 'F', 'BB1'];0.065;0.0743;0.875;0.94;0.0
573675;A3C9WK;2026-04-14 09:27:16.6360;0.0;2;['F', 'LS1'];0.17;0.1683;1.01;1.18;0.0
2332530;A3DB91;2026-04-14 09:27:16.6679;0.0;2;['LS1', 'F'];0.013;0.1048;0.124;0.137;0.0
2016854;A40H9N;2026-04-14 09:27:16.7139;5082.599999999999;2;['TG', 'LS1'];0.4;0.0102;39.4;39.8;5122.0
1133620;A118S6;2026-04-14 09:27:16.7668;0.0;2;['LS1', 'F'];0.0095;0.1583;0.06;0.0695;0.0
1737526;A3DCSM;2026-04-14 09:27:16.7958;0.0;2;['LS1', 'F'];0.003;0.1395;0.0215;0.0245;0.0
1595555;A3DE63;2026-04-14 09:27:16.8424;0.0;2;['LS1', 'F'];0.0405;0.7864;0.0515;0.092;0.0
1314471;A3CVK0;2026-04-14 09:27:16.8818;0.0;3;['LS1', 'F', 'BB1'];0.16;0.0383;4.18;4.34;0.0
742465;A118Z6;2026-04-14 09:27:16.9995;0.0;2;['F', 'LS1'];0.015;0.1887;0.0795;0.0945;0.0
1658881;A3C9CR;2026-04-14 09:27:17.0490;0.0;1;['F'];0.305;0.3609;0.845;1.15;0.0
1657815;A3C7TB;2026-04-14 09:27:17.0857;0.0;2;['LS1', 'F'];0.022;0.0482;0.456;0.478;0.0
3103257;A3C99G;2026-04-14 09:27:17.1117;119135.27500000001;5;['TG', 'SC1', 'LS1', 'F', 'DE'];0.01;0.0003;39.73;39.74;119189.99999999999
946581;A3C53L;2026-04-14 09:27:17.2112;0.0;3;['F', 'LS1', 'BB1'];0.022;0.0458;0.48;0.502;0.0
112143;A3C307;2026-04-14 09:27:17.2504;5107.354;3;['F', 'TG', 'LS1'];0.026;0.0208;1.251;1.277;5000.0
403669;A3CUTT;2026-04-14 09:27:17.2953;0.0;2;['LS1', 'F'];0.0005;0.0147;0.034;0.0345;0.0
3141131;A3D2WU;2026-04-14 09:27:17.3857;0.0;1;['F'];0.42;0.1429;2.94;3.36;0.0
155809;A3DKAB;2026-04-14 09:27:17.4750;5126.76;3;['TG', 'LS1', 'F'];0.04;0.0099;4.04;4.08;5130.8
107778;A3DRRR;2026-04-14 09:27:17.5415;5168.665;3;['F', 'LS1', 'TG'];0.105;0.0158;6.635;6.74;5175.3
782778;A3D7LX;2026-04-14 09:27:17.5732;0.0;2;['LS1', 'F'];0.018;0.1957;0.092;0.11;0.0
3197494;A4189D;2026-04-14 09:27:17.6119;9740.955;4;['TG', 'LS1', 'F', 'BB1'];0.08;0.0263;3.045;3.125;9744.0
143590;A403PA;2026-04-14 09:27:17.6652;0.0;2;['F', 'LS1'];0.05;0.1042;0.48;0.53;0.0
3752175;A401UF;2026-04-14 09:27:17.6886;0.0;1;['F'];0.1005;1.2331;0.0815;0.182;0.0
2828347;A3DSJD;2026-04-14 09:27:17.7149;0.0;1;['F'];0.018;1.2414;0.0145;0.0325;0.0
196638;A3D066;2026-04-14 09:27:17.7629;9836.706;3;['LS1', 'TG', 'F'];0.054;0.0186;2.896;2.95;9839.6
940234;A3ETYD;2026-04-14 09:27:17.8882;0.0;2;['F', 'LS1'];0.18;0.1565;1.15;1.33;0.0
2443632;A41DDZ;2026-04-14 09:27:17.9514;0.0;1;['F'];0.064;0.8767;0.073;0.137;0.0
1015548;A3DT3B;2026-04-14 09:27:18.0082;0.0;1;['F'];0.725;1.3303;0.545;1.27;0.0
3184548;A3DN4Q;2026-04-14 09:27:18.0894;0.0;2;['LS1', 'F'];0.34;0.1683;2.02;2.36;0.0
2886337;A3DJ6W;2026-04-14 09:27:18.1182;5050.974;5;['TG', 'LS1', 'F', 'DE', 'SC1'];0.03;0.0041;7.25;7.28;5059.599999999999
1981677;A3EF1U;2026-04-14 09:27:18.2136;0.0;2;['LS1', 'F'];0.36;0.1246;2.89;3.25;0.0
1265395;A41YMA;2026-04-14 09:27:18.2582;0.0;2;['LS1', 'F'];0.018;0.4615;0.039;0.057;0.0
2612839;A403LG;2026-04-14 09:27:18.2967;0.0;2;['LS1', 'F'];0.11;0.0553;1.99;2.1;0.0
3315312;A40STX;2026-04-14 09:27:18.3523;;3;['TG', 'LS1', 'F'];0.06;0.0229;2.62;2.68;5004.2
3708471;A40CXK;2026-04-14 09:27:18.4542;0.0;1;['F'];0.095;5.9375;0.016;0.111;0.0
3443066;A402VW;2026-04-14 09:27:18.5642;0.0;2;['LS1', 'F'];0.03;0.0522;0.575;0.605;0.0
986665;A40QPV;2026-04-14 09:27:18.6561;0.0;1;['F'];0.155;0.2422;0.64;0.795;0.0
834414;A40GZT;2026-04-14 09:27:18.7004;0.0;4;['TG', 'SC1', 'F', 'LS1'];0.04;0.0183;2.185;2.225;8920.0
393837;A12A7G;2026-04-14 09:27:18.7306;3040.076;4;['LS1', 'F', 'TG', 'BB1'];0.001;0.0014;0.725;0.726;3040.7999999999997
181989;A12DHG;2026-04-14 09:27:18.7670;4988.200000000001;4;['TG', 'LS1', 'F', 'BB1'];0.2;0.0204;9.8;10.0;4998.0
3117160;A3D67W;2026-04-14 09:27:18.8095;0.0;1;['F'];0.024;3.2;0.0075;0.0315;0.0
3890850;A40WGA;2026-04-14 09:27:18.8947;0.0;2;['F', 'LS1'];1.5;0.1471;10.2;11.7;0.0
1756839;A3D7M4;2026-04-14 09:27:18.9264;0.0;1;['F'];1.35;0.2547;5.3;6.65;0.0
836783;A3D693;2026-04-14 09:27:18.9661;0.0;1;['F'];0.0055;0.9167;0.006;0.0115;0.0
1906190;A3EJFU;2026-04-14 09:27:18.9882;0.0;1;['F'];0.215;0.235;0.915;1.13;0.0
2534453;A40JS4;2026-04-14 09:27:19.0414;0.0;3;['F', 'LS1', 'BB1'];0.3;0.0476;6.3;6.6;0.0
3576309;A3ETTB;2026-04-14 09:27:19.0922;0.0;1;['LS1'];0.02;2.0;0.01;0.03;0.0
303751;A403PX;2026-04-14 09:27:19.1300;0.0;2;['LS1', 'F'];0.0245;0.5385;0.0455;0.07;0.0
3589563;A3ETYE;2026-04-14 09:27:19.1841;0.0;1;['LS1'];0.018;5.1429;0.0035;0.0215;0.0
1533331;A12EXX;2026-04-14 09:27:19.2355;9888.25;4;['F', 'TG', 'LS1', 'BB1'];0.155;0.0167;9.29;9.445;9897.5
1342702;A40H9M;2026-04-14 09:27:19.3182;5148.320000000001;3;['LS1', 'TG', 'F'];0.06;0.0163;3.68;3.74;5152.0
1084148;A3EUPU;2026-04-14 09:27:19.3833;0.0;1;['F'];0.095;0.1056;0.9;0.995;0.0
1587748;A3EERG;2026-04-14 09:27:19.4240;0.0;1;['F'];0.071;0.6228;0.114;0.185;0.0
188799;A40QNP;2026-04-14 09:27:19.4674;0.0;2;['LS1', 'F'];0.24;0.1212;1.98;2.22;0.0
2318614;A3EQAK;2026-04-14 09:27:19.5497;0.0;4;['SC1', 'TG', 'LS1', 'F'];1.04;0.0111;93.48;94.52;2976.0
2360714;A40WFB;2026-04-14 09:27:19.6241;0.0;2;['F', 'LS1'];0.023;0.3622;0.0635;0.0865;0.0
3443070;A40FLP;2026-04-14 09:27:19.6846;5013.345;4;['TG', 'F', 'LS1', 'BB1'];0.08;0.0135;5.915;5.995;5019.25
2833296;A40X5T;2026-04-14 09:27:19.7412;0.0;3;['LS1', 'F', 'BB1'];0.02;0.098;0.204;0.224;0.0
1027362;A403SC;2026-04-14 09:27:19.7821;0.0;3;['F', 'LS1', 'BB1'];0.02;0.0081;2.46;2.48;0.0
2147351;A12GLU;2026-04-14 09:27:19.8085;0.0;3;['LS1', 'F', 'BB1'];0.21;0.1055;1.99;2.2;0.0
2851270;A411MD;2026-04-14 09:27:19.9157;0.0;2;['LS1', 'F'];0.0165;1.32;0.0125;0.029;0.0
157925;A420TB;2026-04-14 09:27:19.9408;;4;['F', 'TG', 'LS1', 'DE'];0.06;0.001;58.88;58.94;20012.4
900049;A12GNL;2026-04-14 09:27:19.9615;0.0;1;['F'];0.0;0.0;0.0;0.001;0.0
1186634;A14NPR;2026-04-14 09:27:19.9896;0.0;2;['LS1', 'F'];0.12;0.0833;1.44;1.56;0.0
2493855;A14Q5A;2026-04-14 09:27:20.0550;0.0;3;['LS1', 'F', 'BB1'];0.03;0.1;0.3;0.33;0.0
213812;A41BF3;2026-04-14 09:27:20.1023;10253.82;4;['TG', 'F', 'LS1', 'DE'];0.05;0.0012;41.2;41.25;10297.5
1974967;A41CD0;2026-04-14 09:27:20.1459;5406.0;4;['LS1', 'TG', 'F', 'BB1'];0.58;0.017;34.02;34.6;5440.0
977075;A41GSJ;2026-04-14 09:27:20.2036;0.0;1;['F'];0.033;1.3469;0.0245;0.0575;0.0
583524;A41MEH;2026-04-14 09:27:20.2600;0.0;2;['LS1', 'F'];0.32;0.0964;3.32;3.64;0.0
1057729;A41BFC;2026-04-14 09:27:20.2985;0.0;2;['LS1', 'F'];0.015;0.3333;0.045;0.06;0.0
4187026;A41DF5;2026-04-14 09:27:20.4208;0.0;2;['LS1', 'F'];0.005;1.25;0.004;0.009;0.0
1846445;A14NH6;2026-04-14 09:27:20.4643;5004.0;3;['TG', 'F', 'LS1'];0.6;0.0167;36.0;36.6;5040.0
1523682;A14NG2;2026-04-14 09:27:20.5206;4885.8615;4;['TG', 'LS1', 'F', 'BB1'];0.015;0.0168;0.891;0.906;4886.75
715517;A14M50;2026-04-14 09:27:20.5860;0.0;2;['LS1', 'F'];0.0285;0.6867;0.0415;0.07;0.0
1430925;A14RF2;2026-04-14 09:27:20.6266;0.0;2;['F', 'LS1'];0.1;0.0263;3.8;3.9;0.0
746836;A14QUY;2026-04-14 09:27:20.6704;5876.0;3;['TG', 'LS1', 'BB1'];0.2;0.0192;10.4;10.6;5300.0
2108720;A14QNY;2026-04-14 09:27:20.7173;6099.599999999999;4;['TG', 'F', 'LS1', 'BB1'];0.3;0.0147;20.4;20.7;6120.0
436495;A41MLK;2026-04-14 09:27:20.7767;3336.44;4;['LS1', 'F', 'TG', 'BB1'];0.085;0.0089;9.56;9.645;3346.0
730220;A41MQP;2026-04-14 09:27:20.8170;3120.55;3;['TG', 'F', 'LS1'];0.1;0.0144;6.95;7.05;3127.5
4830455;A41YQG;2026-04-14 09:27:20.8544;0.0;2;['LS1', 'F'];0.0147;0.3196;0.046;0.0607;0.0
1297396;A41XLB;2026-04-14 09:27:20.9043;0.0;1;['TG'];0.05;0.0467;1.07;1.12;1903.5300000000002
638908;A1W9PL;2026-04-14 09:27:21.0058;0.0;3;['LS1', 'F', 'BB1'];0.19;0.1545;1.23;1.42;0.0
2222538;A14PY2;2026-04-14 09:27:21.0485;0.0;2;['F', 'LS1'];0.05;0.0092;5.45;5.5;0.0
1087919;A41NM1;2026-04-14 09:27:21.0840;24770.36;5;['SC1', 'F', 'LS1', 'TG', 'DE'];-0.01;-0.0002;49.655;49.645;24827.5
1207335;A14R8M;2026-04-14 09:27:21.1402;0.0;2;['F', 'LS1'];0.34;0.1269;2.68;3.02;0.0
3029154;A14Q02;2026-04-14 09:27:21.1852;0.0;2;['F', 'LS1'];0.009;3.0;0.003;0.012;0.0
473453;A14Q5B;2026-04-14 09:27:21.2291;0.0;2;['F', 'LS1'];1.0;0.0116;86.5;87.5;0.0
469595;A14TLH;2026-04-14 09:27:21.2755;0.0;2;['LS1', 'F'];0.13;0.1745;0.745;0.875;0.0
2192952;A14T00;2026-04-14 09:27:21.3356;0.0;1;['F'];0.144;0.6;0.24;0.384;0.0
2123864;A14VK6;2026-04-14 09:27:21.3598;0.0;3;['LS1', 'F', 'DE'];0.03;0.0196;1.53;1.56;0.0
1328949;A143MK;2026-04-14 09:27:21.3890;0.0;3;['LS1', 'F', 'BB1'];0.35;0.0631;5.55;5.9;0.0
2546150;A140YS;2026-04-14 09:27:21.4470;;3;['TG', 'F', 'LS1'];0.1;0.0515;1.94;2.04;4850.0
403662;A2DHJQ;2026-04-14 09:27:21.4817;0.0;2;['F', 'LS1'];0.28;0.1207;2.32;2.6;0.0
1269412;A2AHL0;2026-04-14 09:27:21.5518;0.0;3;['LS1', 'F', 'BB1'];0.08;0.0396;2.02;2.1;0.0
508182;A14XHW;2026-04-14 09:27:21.5927;0.0;3;['LS1', 'F', 'BB1'];0.12;0.0923;1.3;1.42;0.0
2045607;A2JHFL;2026-04-14 09:27:21.6394;0.0;2;['LS1', 'F'];0.005;0.1471;0.034;0.039;0.0
2689528;A2AF7G;2026-04-14 09:27:21.6865;5102.38;3;['TG', 'F', 'LS1'];0.07;0.0048;14.62;14.69;5117.0
2469947;A142J2;2026-04-14 09:27:21.7521;0.0;3;['F', 'LS1', 'BB1'];0.02;0.0183;1.09;1.11;0.0
687445;A2AC4V;2026-04-14 09:27:21.7957;0.0;2;['LS1', 'F'];0.14;0.0511;2.74;2.88;0.0
574140;A2DTV9;2026-04-14 09:27:21.8431;0.0;2;['LS1', 'F'];0.008;1.0667;0.0075;0.0155;0.0
1366994;A2AJGM;2026-04-14 09:27:21.8735;0.0;2;['F', 'LS1'];0.23;0.1307;1.76;1.99;0.0
2264650;A2ALSB;2026-04-14 09:27:21.9143;0.0;3;['LS1', 'F', 'BB1'];2.0;0.0364;55.0;57.0;0.0
196319;A2AMU0;2026-04-14 09:27:21.9591;0.0;2;['F', 'LS1'];0.5;0.0258;19.4;19.9;0.0
1016616;A2AMHJ;2026-04-14 09:27:21.9997;0.0;1;['F'];0.0275;0.4508;0.061;0.0885;0.0
2129429;A14Z94;2026-04-14 09:27:22.0722;0.0;2;['LS1', 'F'];0.057;0.3184;0.179;0.236;0.0
771704;A2AE98;2026-04-14 09:27:22.1253;0.0;2;['F', 'LS1'];0.012;0.1176;0.102;0.114;0.0
725719;A2JMDY;2026-04-14 09:27:22.1652;0.0;3;['LS1', 'F', 'BB1'];0.04;0.0137;2.92;2.96;0.0
1634950;A2DW9E;2026-04-14 09:27:22.2097;5123.25;3;['TG', 'F', 'LS1'];0.105;0.0156;6.75;6.855;5130.0
1032642;A2ACR3;2026-04-14 09:27:22.2584;2853.576;4;['TG', 'LS1', 'SC1', 'BB1'];0.16;0.0442;3.62;3.78;2857.179
131051;A141LG;2026-04-14 09:27:22.2972;0.0;1;['LS1'];0.0025;2.5;0.001;0.0035;0.0
468167;A2N765;2026-04-14 09:27:22.4307;0.0;2;['LS1', 'F'];0.002;0.093;0.0215;0.0235;0.0
1207678;A2PAY7;2026-04-14 09:27:22.4827;0.0;1;['F'];0.261;0.5283;0.494;0.755;0.0
1702427;A2H8SX;2026-04-14 09:27:22.5293;0.0;3;['LS1', 'F', 'BB1'];0.05;0.0272;1.84;1.89;0.0
1660454;A2JBMJ;2026-04-14 09:27:22.5807;0.0;1;['F'];0.104;0.2723;0.382;0.486;0.0
834276;A2AA8G;2026-04-14 09:27:22.6198;0.0;1;['F'];0.0125;25.0;0.0005;0.013;0.0
296030;A2DT3N;2026-04-14 09:27:22.6793;0.0;2;['LS1', 'F'];0.2;0.0282;7.1;7.3;0.0
1223564;A2AT5V;2026-04-14 09:27:22.7246;0.0;1;['F'];0.09;0.1682;0.535;0.625;0.0
1563485;A2DJW0;2026-04-14 09:27:22.7825;0.0;3;['LS1', 'F', 'BB1'];0.04;0.0278;1.44;1.48;0.0
638820;A2DM0C;2026-04-14 09:27:22.8353;0.0;1;['F'];0.171;0.3851;0.444;0.615;0.0
504887;A142QY;2026-04-14 09:27:22.8798;0.0;3;['LS1', 'F', 'BB1'];0.08;0.0656;1.22;1.3;0.0
1674134;A14Z3U;2026-04-14 09:27:22.9221;0.0;2;['LS1', 'F'];0.003;1.0;0.003;0.006;0.0
1022804;A2DGMM;2026-04-14 09:27:22.9623;0.0;2;['LS1', 'F'];0.004;2.6667;0.0015;0.0055;0.0
2339453;A14Z8Q;2026-04-14 09:27:23.0065;0.0;2;['LS1', 'F'];0.3;0.0938;3.2;3.5;0.0
173071;A142E9;2026-04-14 09:27:23.0478;0.0;3;['LS1', 'F', 'BB1'];0.02;0.0172;1.16;1.18;0.0
1143662;A2ALCX;2026-04-14 09:27:23.0897;0.0;2;['LS1', 'F'];0.0275;0.3642;0.0755;0.103;0.0
864119;A2AG67;2026-04-14 09:27:23.1305;0.0;2;['F', 'BB1'];0.02;0.0107;1.87;1.89;0.0
658454;A2ADP0;2026-04-14 09:27:23.1770;0.0;3;['LS1', 'F', 'BB1'];0.065;0.0861;0.755;0.82;0.0
247573;A2AF9K;2026-04-14 09:27:23.2207;0.0;3;['LS1', 'F', 'BB1'];0.6;0.0368;16.3;16.9;0.0
1077440;A1430G;2026-04-14 09:27:23.2717;9855.9;3;['TG', 'F', 'LS1'];0.3;0.0213;14.1;14.4;9870.0
948813;A2AGW0;2026-04-14 09:27:23.3186;0.0;2;['LS1', 'F'];0.09;0.0549;1.64;1.73;0.0
630363;A2DKXS;2026-04-14 09:27:23.3595;0.0;2;['F', 'LS1'];0.16;0.0455;3.52;3.68;0.0
725761;A2JM83;2026-04-14 09:27:23.4178;0.0;2;['F', 'LS1'];0.023;0.4423;0.052;0.075;0.0
2027592;A2DR8V;2026-04-14 09:27:23.4633;0.0;2;['LS1', 'F'];0.013;0.0747;0.174;0.187;0.0
104500;A14WHA;2026-04-14 09:27:23.5081;0.0;3;['F', 'LS1', 'BB1'];0.25;0.0284;8.8;9.05;0.0
2480941;A2H8R1;2026-04-14 09:27:23.5462;0.0;2;['LS1', 'F'];0.13;0.0695;1.87;2.0;0.0
1505770;A2DT95;2026-04-14 09:27:23.5832;0.0;1;['F'];0.0205;2.5625;0.008;0.0285;0.0
1879441;A2DH40;2026-04-14 09:27:23.7186;0.0;2;['LS1', 'F'];0.028;0.2295;0.122;0.15;0.0
1001972;A2PAFG;2026-04-14 09:27:23.7856;0.0;2;['LS1', 'F'];0.011;1.1579;0.0095;0.0205;0.0
376055;A2AGBV;2026-04-14 09:27:23.8271;9966.18;4;['LS1', 'F', 'TG', 'SC1'];0.1;0.0039;25.52;25.62;9945.0
1296100;A2ABB6;2026-04-14 09:27:23.8864;5080.8;3;['TG', 'F', 'LS1'];0.4;0.0172;23.2;23.6;5104.0
1598135;A2AGHV;2026-04-14 09:27:23.9176;0.0;1;['F'];0.0;0.0;0.0;0.0005;0.0
1529903;A143NH;2026-04-14 09:27:23.9693;0.0;3;['LS1', 'F', 'BB1'];0.1;0.0515;1.94;2.04;0.0
997313;A2ARR1;2026-04-14 09:27:24.0197;0.0;3;['LS1', 'F', 'BB1'];0.01;0.0228;0.438;0.448;0.0
935526;A2ATVM;2026-04-14 09:27:24.0620;0.0;3;['LS1', 'F', 'BB1'];0.1;0.0435;2.3;2.4;0.0
1574840;A2DHPK;2026-04-14 09:27:24.1083;0.0;3;['LS1', 'F', 'BB1'];0.11;0.0719;1.53;1.64;0.0
827762;A0LGE6;2026-04-14 09:27:24.1505;0.0;1;['LS1'];0.02;0.0036;5.58;5.6;0.0
392545;A0MQ7T;2026-04-14 09:27:24.1954;5014.86;4;['LS1', 'F', 'TG', 'BB1'];0.01;0.0088;1.14;1.15;5016.0
497389;A0MW4C;2026-04-14 09:27:24.2461;0.0;3;['LS1', 'F', 'BB1'];0.9;0.0476;18.9;19.8;0.0
3546672;A0MXLB;2026-04-14 09:27:24.2864;0.0;3;['F', 'LS1', 'BB1'];0.4;0.0245;16.3;16.7;0.0
1342379;A0M5MA;2026-04-14 09:27:24.3329;3008.3799999999997;4;['LS1', 'F', 'TG', 'BB1'];0.32;0.037;8.66;8.98;3016.9999999999995
228784;A0Q17M;2026-04-14 09:27:24.3839;0.0;2;['LS1', 'F'];0.008;0.5;0.016;0.024;0.0
1362091;A1W50T;2026-04-14 09:27:24.4586;0.0;3;['LS1', 'F', 'BB1'];0.055;0.0585;0.94;0.995;0.0
1367483;A1W2S8;2026-04-14 09:27:24.5352;4920.831;3;['F', 'TG', 'LS1'];0.018;0.0234;0.769;0.787;4921.6
1453411;A2DLC1;2026-04-14 09:27:24.5779;0.0;2;['F', 'LS1'];0.032;0.1212;0.264;0.296;0.0
2396662;A2H7EL;2026-04-14 09:27:24.6709;0.0;2;['LS1', 'F'];0.0095;0.2533;0.0375;0.047;0.0
2047926;A2JRRP;2026-04-14 09:27:24.7177;0.0;2;['LS1', 'F'];0.024;0.5714;0.042;0.066;0.0
2437631;A2PGLY;2026-04-14 09:27:24.7764;0.0;2;['F', 'LS1'];0.0175;0.2756;0.0635;0.081;0.0
371664;A2N806;2026-04-14 09:27:24.8402;0.0;2;['LS1', 'F'];0.05;0.0521;0.96;1.01;0.0
1678650;A2PGG5;2026-04-14 09:27:24.8851;0.0;2;['LS1', 'F'];0.12;0.0759;1.58;1.7;0.0
1675571;A113A2;2026-04-14 09:27:24.9332;0.0;2;['LS1', 'F'];0.065;0.1287;0.505;0.57;0.0
1822451;A2PE3T;2026-04-14 09:27:24.9623;0.0;3;['LS1', 'F', 'BB1'];0.18;0.0429;4.2;4.38;0.0
106886;A3C9R5;2026-04-14 09:27:24.9960;0.0;1;['F'];0.016;0.9143;0.0175;0.0335;0.0
2099077;A2PUQN;2026-04-14 09:27:25.0652;0.0;3;['LS1', 'F', 'BB1'];0.12;0.0706;1.7;1.82;0.0
2257443;A2QPSH;2026-04-14 09:27:25.1955;0.0;2;['F', 'LS1'];0.09;0.0763;1.18;1.27;0.0
2250589;A2QN5A;2026-04-14 09:27:25.2249;0.0;2;['F', 'LS1'];0.24;0.055;4.36;4.6;0.0
145449;A2QE5M;2026-04-14 09:27:25.2556;5133.75;4;['F', 'TG', 'LS1', 'BB1'];0.06;0.016;3.75;3.81;5137.5
2673113;A3C5NJ;2026-04-14 09:27:25.3039;0.0;2;['LS1', 'F'];0.06;0.0594;1.01;1.07;0.0
1584339;A2QADF;2026-04-14 09:27:25.3676;0.0;2;['LS1', 'F'];0.009;0.4286;0.021;0.03;0.0
2211166;A3CMSC;2026-04-14 09:27:25.4616;0.0;2;['F', 'LS1'];0.2;0.0833;2.4;2.6;0.0
100070;A12C4S;2026-04-14 09:27:25.5104;10052.9;3;['TG', 'F', 'LS1'];0.1;0.0021;48.1;48.2;10101.0
2072611;A3D58Q;2026-04-14 09:27:25.5433;5165.3;4;['LS1', 'F', 'TG', 'BB1'];0.02;0.0043;4.7;4.72;5170.0
2424793;A3D8TJ;2026-04-14 09:27:25.5857;7976.400000000001;4;['F', 'LS1', 'TG', 'SC1'];0.15;0.0054;27.6;27.75;8004.0
348340;A12C4N;2026-04-14 09:27:25.6317;0.0;2;['LS1', 'F'];2.2;0.0625;35.2;37.4;0.0
1745919;A12D3K;2026-04-14 09:27:25.6737;0.0;2;['LS1', 'F'];0.01;0.4;0.025;0.035;0.0
4362760;A41H9J;2026-04-14 09:27:25.7194;0.0;1;['BB1'];0.55;0.0598;9.2;9.75;0.0
1349033;A41YPB;2026-04-14 09:27:25.8226;0.0;2;['F', 'LS1'];0.075;0.1056;0.71;0.785;0.0
498857;A1428J;2026-04-14 09:27:25.8780;5454.54;3;['F', 'TG', 'LS1'];0.12;0.022;5.46;5.58;5460.0
2699506;A14U5L;2026-04-14 09:27:25.9907;0.0;2;['LS1', 'F'];0.026;0.0897;0.29;0.316;0.0
106798;A0F640;2026-04-14 09:27:26.1283;5197.153499999999;3;['TG', 'LS1', 'F'];0.0125;0.0361;0.3465;0.359;5197.5
601005;A2P2W4;2026-04-14 09:27:26.2134;0.0;2;['F', 'LS1'];0.027;0.8182;0.033;0.06;0.0
264527;A2N40X;2026-04-14 09:27:26.3242;4914.7;3;['TG', 'LS1', 'F'];0.15;0.0104;14.455;14.605;4929.155
199452;910622;2026-04-14 09:27:26.3813;0.0;1;['LS1'];0.65;0.0432;15.05;15.7;0.0
2217259;A2N5ZT;2026-04-14 09:27:26.5867;0.0;2;['LS1', 'F'];0.095;0.0326;2.91;3.005;0.0
1354716;766652;2026-04-14 09:27:26.6277;0.0;1;['LS1'];0.325;0.0749;4.34;4.665;0.0
1013935;A0B6AU;2026-04-14 09:27:26.7286;0.0;2;['LS1', 'F'];1.24;0.0324;38.28;39.52;0.0
2855720;894865;2026-04-14 09:27:26.8763;0.0;1;['LS1'];0.325;0.2063;1.575;1.9;0.0
199446;906021;2026-04-14 09:27:26.9463;0.0;3;['LS1', 'F', 'BB1'];0.124;0.1018;1.218;1.342;0.0
995727;675696;2026-04-14 09:27:27.0502;0.0;2;['LS1', 'BB1'];0.2;0.013;15.44;15.64;0.0
275454;924112;2026-04-14 09:27:27.1053;0.0;2;['LS1', 'F'];0.4;0.1406;2.845;3.245;0.0
225757;590257;2026-04-14 09:27:27.3110;0.0;1;['LS1'];0.105;0.0292;3.6;3.705;0.0
995715;A0JC3P;2026-04-14 09:27:27.3871;0.0;1;['LS1'];0.57;0.1606;3.55;4.12;0.0
886294;691513;2026-04-14 09:27:27.4814;0.0;2;['LS1', 'F'];0.22;0.0371;5.935;6.155;0.0
104142;903465;2026-04-14 09:27:27.5638;0.0;3;['TG', 'LS1', 'BB1'];0.1;0.0056;17.91;18.01;1110.42
120800;A2PU7D;2026-04-14 09:27:27.6058;0.0;1;['LS1'];0.35;0.0922;3.795;4.145;0.0
1155418;925529;2026-04-14 09:27:27.6825;1056.8799999999999;4;['TG', 'LS1', 'BB1', 'F'];0.18;0.0075;24.02;24.2;1080.9
199455;914999;2026-04-14 09:27:27.7726;0.0;2;['LS1', 'BB1'];0.075;0.0076;9.87;9.945;0.0
1128167;A1XA84;2026-04-14 09:27:27.8211;0.0;1;['LS1'];0.53;0.0832;6.37;6.9;0.0
273091;A3EFZU;2026-04-14 09:27:27.8660;0.0;3;['LS1', 'BB1', 'F'];0.115;0.0376;3.055;3.17;0.0
1834573;A2JAUK;2026-04-14 09:27:27.9692;0.0;2;['LS1', 'F'];2.0;0.155;12.9;14.9;0.0
1480160;A1W67M;2026-04-14 09:27:27.9980;0.0;1;['LS1'];0.52;0.0449;11.58;12.1;0.0
399883;928980;2026-04-14 09:27:28.0403;0.0;1;['TG'];0.007;0.0073;0.9605;0.9675;1094.0095000000001
275437;931894;2026-04-14 09:27:28.0657;0.0;3;['TG', 'LS1', 'BB1'];0.03;0.0033;9.21;9.24;1105.2
275453;941206;2026-04-14 09:27:28.1203;0.0;3;['LS1', 'BB1', 'F'];0.01;0.0014;7.02;7.03;0.0
520181;A1C4BZ;2026-04-14 09:27:28.1687;0.0;1;['LS1'];0.7;0.3608;1.94;2.64;0.0
199435;765974;2026-04-14 09:27:28.2084;0.0;2;['LS1', 'BB1'];0.06;0.004;14.845;14.905;0.0
275624;794038;2026-04-14 09:27:28.2573;0.0;2;['LS1', 'BB1'];0.7;0.0177;39.54;40.24;0.0
1075095;691532;2026-04-14 09:27:28.3066;0.0;1;['LS1'];1.2;0.0342;35.1;36.3;0.0
635410;691519;2026-04-14 09:27:28.3375;0.0;1;['LS1'];0.64;0.1808;3.54;4.18;0.0
1793369;A2DVTU;2026-04-14 09:27:28.4104;0.0;1;['LS1'];0.13;0.0131;9.95;10.08;0.0
199458;982549;2026-04-14 09:27:28.4584;0.0;4;['TG', 'LS1', 'BB1', 'F'];0.05;0.0026;19.57;19.62;1095.92
202612;A1W3NH;2026-04-14 09:27:28.5032;0.0;2;['F', 'LS1'];0.7;0.0315;22.25;22.95;0.0
275716;121488;2026-04-14 09:27:28.5515;0.0;2;['TG', 'LS1'];-0.1;-0.0026;38.9;38.8;1128.1
3684586;A0DNWZ;2026-04-14 09:27:28.5997;0.0;1;['LS1'];0.13;0.0602;2.16;2.29;0.0
106804;A0MWBR;2026-04-14 09:27:28.6438;0.0;4;['TG', 'LS1', 'F', 'BB1'];0.1;0.0081;12.41;12.51;1092.08
2211363;A2DTKD;2026-04-14 09:27:28.6946;0.0;2;['LS1', 'F'];0.11;0.037;2.975;3.085;0.0
773287;A3E2RR;2026-04-14 09:27:28.7481;0.0;2;['LS1', 'BB1'];0.25;0.0284;8.79;9.04;0.0
115711;A401RW;2026-04-14 09:27:28.7902;0.0;4;['TG', 'F', 'LS1', 'BB1'];0.07;0.0065;10.77;10.84;1098.54
321122;A41XCJ;2026-04-14 09:27:28.8368;;2;['TG', 'LS1'];0.038;0.0102;3.715;3.753;1092.21
1285697;A41BU7;2026-04-14 09:27:28.8813;1105.952;4;['TG', 'LS1', 'BB1', 'F'];0.012;0.0033;3.638;3.65;1109.59
102807;A41XFW;2026-04-14 09:27:28.9187;;2;['TG', 'LS1'];0.136;0.0174;7.822;7.958;1095.08
528044;A0YA1F;2026-04-14 09:27:28.9489;0.0;3;['F', 'LS1', 'BB1'];0.06;0.0248;2.42;2.48;0.0
174397;A1CXQA;2026-04-14 09:27:29.0684;0.0;3;['LS1', 'TG', 'BB1'];0.06;0.0227;2.64;2.7;9741.6
876098;A1C04K;2026-04-14 09:27:29.0981;0.0;2;['F', 'LS1'];0.011;0.0873;0.126;0.137;0.0
1212589;A1C1P5;2026-04-14 09:27:29.1923;;3;['TG', 'F', 'LS1'];0.06;0.2326;0.258;0.318;4050.6
774309;A1C7F3;2026-04-14 09:27:29.2598;12213.197999999999;3;['TG', 'F', 'LS1'];0.113;0.012;9.427;9.54;12222.599999999999
1212593;A1H8K9;2026-04-14 09:27:29.2959;0.0;2;['F', 'LS1'];0.04;0.0506;0.79;0.83;0.0
1126857;A1JCNU;2026-04-14 09:27:29.3393;0.0;3;['TG', 'F', 'LS1'];0.0094;0.0598;0.1571;0.1665;1694.1375
635691;A1JC1K;2026-04-14 09:27:29.3819;0.0;2;['F', 'LS1'];0.027;1.2;0.0225;0.0495;0.0
324090;A1JPLQ;2026-04-14 09:27:29.4383;0.0;1;['TG'];0.06;0.0462;1.3;1.36;7280.0
332867;A1KCXX;2026-04-14 09:27:29.5446;0.0;2;['F', 'LS1'];0.062;0.2153;0.288;0.35;0.0
1967509;A1W9UY;2026-04-14 09:27:29.6004;0.0;1;['TG'];0.0105;0.1273;0.0825;0.093;8852.25
1068107;A1XCDJ;2026-04-14 09:27:29.6915;0.0;3;['F', 'TG', 'LS1'];0.015;0.0217;0.69;0.705;9798.0
1336644;A12DNQ;2026-04-14 09:27:29.7285;19440.274999999998;4;['F', 'TG', 'LS1', 'BB1'];0.151;0.0155;9.76;9.911;19450.0
483422;A2ATTU;2026-04-14 09:27:29.8648;0.0;1;['BB1'];0.02;0.0301;0.665;0.685;0.0
2128868;A2PLQ6;2026-04-14 09:27:29.9582;0.0;3;['TG', 'F', 'LS1'];0.012;0.0465;0.258;0.27;2725.0
124389;A2PQST;2026-04-14 09:27:30.0196;0.0;1;['F'];0.0185;0.9737;0.019;0.0375;0.0
1068506;A2PWA4;2026-04-14 09:27:30.0507;0.0;4;['TG', 'BB1', 'F', 'LS1'];0.0156;0.1382;0.1129;0.1285;4064.4
552594;A2P276;2026-04-14 09:27:30.0937;0.0;2;['F', 'LS1'];0.058;0.3625;0.16;0.218;0.0
2455965;A2P7NH;2026-04-14 09:27:30.1270;0.0;4;['F', 'LS1', 'TG', 'BB1'];0.035;0.037;0.945;0.98;9639.0
1778461;A2QD9S;2026-04-14 09:27:30.1844;0.0;4;['F', 'LS1', 'TG', 'BB1'];0.04;0.0272;1.47;1.51;8496.0
1243538;A3CRFD;2026-04-14 09:27:30.2364;0.0;2;['F', 'LS1'];0.028;0.0718;0.39;0.418;0.0
104749;A3CPA6;2026-04-14 09:27:30.3262;0.0;4;['F', 'TG', 'BB1', 'LS1'];0.04;0.0233;1.72;1.76;12728.0
2082690;A400CJ;2026-04-14 09:27:30.3814;0.0;2;['LS1', 'F'];0.008;0.3636;0.022;0.03;0.0
2539400;A41CMU;2026-04-14 09:27:30.4038;0.0;2;['F', 'LS1'];0.079;1.1127;0.071;0.15;0.0
2226335;A41KPF;2026-04-14 09:27:30.4428;0.0;4;['F', 'TG', 'LS1', 'BB1'];0.59;0.0304;19.408;19.998;12611.300000000001
199100;861336;2026-04-14 09:27:30.5136;0.0;3;['F', 'LS1', 'BB1'];0.3;0.0375;8.0;8.3;0.0
199122;864603;2026-04-14 09:27:30.5625;9554.669399999999;4;['TG', 'F', 'LS1', 'BB1'];0.032;0.0412;0.776;0.808;9555.439999999999
199101;861691;2026-04-14 09:27:30.6031;11625.72;4;['F', 'BB1', 'TG', 'LS1'];0.06;0.0263;2.28;2.34;11627.999999999998
103772;861981;2026-04-14 09:27:30.6513;0.0;3;['BB1', 'F', 'LS1'];0.1;0.0145;6.9;7.0;0.0
100300;165235;2026-04-14 09:27:30.6832;8669.3625;4;['TG', 'F', 'LS1', 'BB1'];0.02;0.0312;0.641;0.661;8670.0
199099;861145;2026-04-14 09:27:30.7103;0.0;2;['F', 'LS1'];0.15;0.0829;1.81;1.96;0.0
199126;867157;2026-04-14 09:27:30.8036;0.0;4;['TG', 'LS1', 'F', 'BB1'];0.046;0.014;3.282;3.328;14629.5
199124;866600;2026-04-14 09:27:30.8485;0.0;2;['F', 'LS1'];0.02;0.0093;2.14;2.16;0.0
103765;861270;2026-04-14 09:27:30.8909;14685.3;1;['TG'];0.3;0.0204;14.7;15.0;14700.0
103760;860990;2026-04-14 09:27:30.9552;14870.7;4;['F', 'TG', 'LS1', 'BB1'];0.115;0.0123;9.32;9.435;14880.000000000002
199128;868943;2026-04-14 09:27:30.9811;11905.53;4;['TG', 'LS1', 'F', 'BB1'];0.01;0.0068;1.48;1.49;11907.0
556308;A0HHH9;2026-04-14 09:27:31.0243;0.0;0;[];0.0;0.0;0.0;0.0;0.0
199111;579779;2026-04-14 09:27:31.0891;0.0;0;[];0.0;0.0;0.0;0.0;0.0
199123;866305;2026-04-14 09:27:31.1442;9623.75;4;['F', 'LS1', 'TG', 'BB1'];0.05;0.04;1.25;1.3;9625.0
199130;874111;2026-04-14 09:27:31.3111;8442.4982;4;['TG', 'LS1', 'BB1', 'F'];0.072;0.0733;0.982;1.054;8443.48
452285;885546;2026-04-14 09:27:31.3518;0.0;2;['F', 'LS1'];0.031;0.1574;0.197;0.228;0.0
199144;885558;2026-04-14 09:27:31.3881;0.0;2;['F', 'LS1'];0.02;0.5882;0.034;0.054;0.0
199139;884558;2026-04-14 09:27:31.5292;4915.361;4;['TG', 'F', 'LS1', 'BB1'];0.068;0.0414;1.641;1.709;4917.0
199145;885573;2026-04-14 09:27:31.6536;0.0;2;['F', 'LS1'];0.03;0.0438;0.685;0.715;0.0
331656;A0ET8T;2026-04-14 09:27:31.7571;8045.972;4;['F', 'TG', 'BB1', 'LS1'];0.042;0.0972;0.432;0.474;8046.4
862305;885610;2026-04-14 09:27:31.9224;0.0;2;['LS1', 'F'];0.01;0.0167;0.598;0.608;0.0
103856;870564;2026-04-14 09:27:31.9648;20829.199999999997;3;['TG', 'LS1', 'F'];0.015;0.0108;1.385;1.4;10220.0
199137;883168;2026-04-14 09:27:32.0083;8584.4128;3;['F', 'TG', 'LS1'];0.0434;0.05;0.8672;0.9106;8585.279999999999
164810;A0M0HG;2026-04-14 09:27:32.0523;12004.998;4;['LS1', 'SC1', 'TG', 'F'];0.026;0.0086;3.008;3.034;12008.0
199140;884684;2026-04-14 09:27:32.0971;10709.381;3;['F', 'TG', 'LS1'];0.115;0.0408;2.82;2.935;10712.199999999999
165199;870986;2026-04-14 09:27:32.1539;9600.569000000001;4;['TG', 'LS1', 'F', 'BB1'];0.023;0.0185;1.246;1.269;9601.800000000001
199154;888263;2026-04-14 09:27:32.1993;0.0;1;['BB1'];0.013;0.1092;0.119;0.132;0.0
199164;900868;2026-04-14 09:27:32.2418;0.0;3;['F', 'LS1', 'BB1'];0.02;0.0131;1.53;1.55;0.0
112567;A0NJY9;2026-04-14 09:27:32.2977;13147.029999999999;3;['TG', 'F', 'LS1'];0.285;0.0065;44.03;44.315;13191.0
106813;A0NEXK;2026-04-14 09:27:32.3559;0.0;4;['TG', 'LS1', 'F', 'BB1'];0.06;0.0181;3.32;3.38;10956.0
106814;875831;2026-04-14 09:27:32.4467;0.0;2;['F', 'LS1'];0.0245;0.3828;0.064;0.0885;0.0
995734;885549;2026-04-14 09:27:32.4787;0.0;3;['F', 'LS1', 'BB1'];0.22;0.0495;4.44;4.66;0.0
199109;551188;2026-04-14 09:27:32.6091;0.0;3;['TG', 'LS1', 'F'];0.004;0.0485;0.0825;0.0865;4531.25
995740;A0MVLL;2026-04-14 09:27:32.6524;8620.246799999999;3;['F', 'LS1', 'TG'];0.0158;0.0365;0.4332;0.449;8620.68
106819;A0B5GC;2026-04-14 09:27:32.7018;15607.485;3;['F', 'TG', 'LS1'];0.18;0.0149;12.06;12.24;15619.5
199141;884705;2026-04-14 09:27:32.7671;8758.942500000001;3;['LS1', 'TG', 'F'];0.021;0.0159;1.322;1.343;8760.25
957764;A0HL3P;2026-04-14 09:27:32.8047;14827.880000000001;3;['F', 'LS1', 'TG'];0.0915;0.0222;4.125;4.2165;14832.0
199119;784581;2026-04-14 09:27:32.8567;11886.485;3;['F', 'TG', 'LS1'];0.041;0.0203;2.015;2.056;11888.5
1377975;A0NBLJ;2026-04-14 09:27:32.9228;0.0;4;['LS1', 'TG', 'F', 'BB1'];0.016;0.0734;0.218;0.234;4040.0000000000005
199183;911150;2026-04-14 09:27:32.9721;0.0;2;['F', 'LS1'];0.036;0.1475;0.244;0.28;0.0
104074;894983;2026-04-14 09:27:33.0445;14835.676000000001;3;['LS1', 'SC1', 'TG'];0.004;0.0036;1.124;1.128;14836.800000000001
199108;548183;2026-04-14 09:27:33.0877;7764.717;3;['TG', 'LS1', 'F'];0.031;0.0315;0.983;1.014;7765.7
199189;929341;2026-04-14 09:27:33.1275;0.0;2;['F', 'LS1'];0.0035;0.875;0.004;0.0075;0.0
106822;A0H0EH;2026-04-14 09:27:33.1605;0.0;2;['F', 'LS1'];0.015;0.2344;0.064;0.079;0.0
995746;A0BLUG;2026-04-14 09:27:33.1995;0.0;3;['F', 'LS1', 'TG'];0.0276;0.0303;0.9102;0.9378;8909.1
1121578;A0MM9J;2026-04-14 09:27:33.2550;0.0;2;['LS1', 'BB1'];0.036;0.1277;0.282;0.318;0.0
173287;A0B6A1;2026-04-14 09:27:33.3148;0.0;3;['F', 'LS1', 'BB1'];0.03;0.0221;1.36;1.39;0.0
275493;A0DKTC;2026-04-14 09:27:33.3646;0.0;3;['TG', 'F', 'LS1'];0.015;0.0447;0.3355;0.3505;4797.650000000001
182062;661725;2026-04-14 09:27:33.3974;10047.913;3;['TG', 'F', 'LS1'];0.061;0.0127;4.788;4.849;10054.800000000001
106823;A0M734;2026-04-14 09:27:33.5418;0.0;3;['F', 'LS1', 'TG'];0.06;0.0123;4.88;4.94;9272.0
104083;896068;2026-04-14 09:27:33.5809;0.0;3;['F', 'LS1', 'BB1'];1.1;0.0091;121.35;122.45;0.0
106826;A0B7AP;2026-04-14 09:27:33.6352;0.0;3;['LS1', 'F', 'BB1'];1.07;0.1316;8.13;9.2;0.0
273555;A0B8TQ;2026-04-14 09:27:33.6671;0.0;3;['F', 'LS1', 'BB1'];0.08;0.0123;6.515;6.595;0.0
275430;A0DK5W;2026-04-14 09:27:33.7047;0.0;2;['LS1', 'F'];3.7;0.0382;96.8;100.5;0.0
331670;A0ET25;2026-04-14 09:27:33.7515;0.0;2;['LS1', 'F'];0.205;0.1547;1.325;1.53;0.0
106828;A0KFCC;2026-04-14 09:27:33.7941;0.0;2;['LS1', 'F'];1.65;0.117;14.1;15.75;0.0
106830;A0M6P5;2026-04-14 09:27:33.8372;0.0;2;['LS1', 'F'];0.22;0.0394;5.58;5.8;0.0
949138;A0Q483;2026-04-14 09:27:33.8889;0.0;1;['LS1'];0.87;0.0444;19.58;20.45;0.0
1281035;A1C5VC;2026-04-14 09:27:33.9155;0.0;2;['F', 'LS1'];0.076;0.0534;1.422;1.498;0.0
1540167;A2AA8F;2026-04-14 09:27:33.9533;0.0;2;['LS1', 'F'];0.35;0.0288;12.15;12.5;0.0
270945;A1W16N;2026-04-14 09:27:34.0576;0.0;3;['F', 'LS1', 'BB1'];0.58;0.0163;35.62;36.2;0.0
539313;A2H5RL;2026-04-14 09:27:34.0832;0.0;2;['F', 'LS1'];0.0235;0.243;0.0967;0.1202;0.0
841439;A2DW9C;2026-04-14 09:27:34.1149;0.0;3;['LS1', 'F', 'BB1'];0.26;0.022;11.84;12.1;0.0
2003868;A2H8SJ;2026-04-14 09:27:34.1598;0.0;2;['LS1', 'F'];0.55;0.0474;11.6;12.15;0.0
2853028;A2PUCL;2026-04-14 09:27:34.1925;0.0;2;['LS1', 'F'];0.102;0.1683;0.606;0.708;0.0
325631;A2QJCK;2026-04-14 09:27:34.2332;0.0;1;['F'];0.42;0.4828;0.87;1.29;0.0
3400786;A3DWFN;2026-04-14 09:27:34.2754;0.0;2;['LS1', 'F'];0.15;0.0519;2.89;3.04;0.0
311508;893028;2026-04-14 09:27:34.3147;0.0;3;['BB1', 'F', 'LS1'];0.019;0.2568;0.074;0.093;0.0
199631;891724;2026-04-14 09:27:34.3914;0.0;1;['BB1'];0.04;0.1258;0.318;0.358;0.0
314941;888037;2026-04-14 09:27:34.4351;0.0;3;['LS1', 'F', 'BB1'];0.18;0.1241;1.45;1.63;0.0
313437;888939;2026-04-14 09:27:34.6339;0.0;3;['F', 'LS1', 'BB1'];0.038;0.1557;0.244;0.282;0.0
315930;889570;2026-04-14 09:27:34.6594;0.0;3;['F', 'LS1', 'BB1'];0.039;0.0837;0.466;0.505;0.0
199640;911507;2026-04-14 09:27:34.7006;0.0;3;['BB1', 'F', 'LS1'];0.05;0.1351;0.37;0.42;0.0
199628;887246;2026-04-14 09:27:34.8675;0.0;3;['BB1', 'F', 'LS1'];0.05;0.0725;0.69;0.74;0.0
678986;893645;2026-04-14 09:27:34.9566;0.0;2;['F', 'LS1'];0.0395;0.7596;0.052;0.0915;0.0
232977;A0LAUE;2026-04-14 09:27:35.2276;0.0;2;['F', 'LS1'];0.0155;0.5345;0.029;0.0445;0.0
1137148;887670;2026-04-14 09:27:35.3187;0.0;3;['BB1', 'F', 'LS1'];0.02;0.1786;0.112;0.132;0.0
641637;887944;2026-04-14 09:27:35.3790;0.0;2;['F', 'LS1'];0.03;0.7317;0.041;0.071;0.0
333872;885817;2026-04-14 09:27:35.4653;0.0;2;['F', 'LS1'];0.0075;0.5357;0.014;0.0215;0.0
199634;894090;2026-04-14 09:27:35.5570;0.0;2;['F', 'LS1'];0.0135;0.3214;0.042;0.0555;0.0
690709;120468;2026-04-14 09:27:35.6450;0.0;3;['F', 'BB1', 'LS1'];0.02;0.1754;0.114;0.134;0.0
484501;A0B7AJ;2026-04-14 09:27:35.6973;0.0;1;['F'];0.079;2.8214;0.028;0.107;0.0
866631;A1JUQA;2026-04-14 09:27:35.7316;0.0;1;['F'];0.0145;0.7632;0.019;0.0335;0.0
878702;813177;2026-04-14 09:27:35.8271;0.0;2;['LS1', 'BB1'];0.05;0.2404;0.208;0.258;0.0
1355172;358693;2026-04-14 09:27:35.9217;0.0;1;['F'];0.0405;0.5436;0.0745;0.115;0.0
678939;A0BK9S;2026-04-14 09:27:35.9581;0.0;3;['F', 'LS1', 'BB1'];0.027;0.1579;0.171;0.198;0.0
199643;A0B9VZ;2026-04-14 09:27:36.0749;0.0;2;['F', 'LS1'];0.039;0.4432;0.088;0.127;0.0
275798;A0CA1P;2026-04-14 09:27:36.1239;0.0;1;['BB1'];0.032;0.4267;0.075;0.107;0.0
576705;A0B7A8;2026-04-14 09:27:36.2169;0.0;1;['F'];0.012;0.1387;0.0865;0.0985;0.0
854438;A0F66H;2026-04-14 09:27:36.5178;0.0;2;['F', 'LS1'];0.064;0.3048;0.21;0.274;0.0
329465;A0HFV0;2026-04-14 09:27:36.5647;0.0;3;['BB1', 'F', 'LS1'];0.04;0.2878;0.139;0.179;0.0
1275730;A0LA4E;2026-04-14 09:27:36.7273;0.0;2;['F', 'LS1'];0.017;0.3778;0.045;0.062;0.0
1244846;A0MQAV;2026-04-14 09:27:36.7661;0.0;0;[];0.008;2.0;0.004;0.012;0.0
315274;A0M7Q8;2026-04-14 09:27:36.8081;0.0;1;['LS1'];0.034;1.4167;0.024;0.058;0.0
746975;A0MU3P;2026-04-14 09:27:36.8417;0.0;2;['F', 'LS1'];0.024;0.1034;0.232;0.256;0.0
753668;A0MU4M;2026-04-14 09:27:36.8855;0.0;2;['F', 'LS1'];0.0105;1.4;0.0075;0.018;0.0
106831;A0MW2K;2026-04-14 09:27:36.9334;0.0;3;['F', 'LS1', 'BB1'];0.03;0.1685;0.178;0.208;0.0
392422;A0MXR0;2026-04-14 09:27:36.9662;0.0;0;[];0.036;0.6792;0.053;0.089;0.0
106832;A0MYD2;2026-04-14 09:27:37.0137;0.0;2;['F', 'LS1'];0.039;0.398;0.098;0.137;0.0
818860;A0M9CW;2026-04-14 09:27:37.1069;0.0;2;['F', 'LS1'];0.0095;0.3958;0.024;0.0335;0.0
655785;A0M7KN;2026-04-14 09:27:37.1981;0.0;3;['F', 'LS1', 'BB1'];0.02;0.125;0.16;0.18;0.0
315244;A0M9BF;2026-04-14 09:27:37.2882;0.0;3;['F', 'BB1', 'LS1'];0.1;0.0769;1.3;1.4;0.0
106834;A0NA9H;2026-04-14 09:27:37.3582;0.0;2;['F', 'BB1'];0.03;0.0987;0.304;0.334;0.0
106835;A0NBWE;2026-04-14 09:27:37.4252;0.0;3;['BB1', 'F', 'LS1'];0.04;0.1282;0.312;0.352;0.0
956107;A0Q3ZA;2026-04-14 09:27:37.5159;0.0;3;['F', 'BB1', 'LS1'];0.019;0.1092;0.174;0.193;0.0
315858;A0Q51G;2026-04-14 09:27:37.5671;0.0;1;['BB1'];0.014;0.1217;0.115;0.129;0.0
963550;A0Q7FY;2026-04-14 09:27:37.6058;0.0;3;['BB1', 'F', 'LS1'];0.019;0.2317;0.082;0.101;0.0
143842;A0Q7TW;2026-04-14 09:27:37.6500;0.0;1;['BB1'];0.12;0.2182;0.55;0.67;0.0
965186;A0Q7SR;2026-04-14 09:27:37.7433;0.0;3;['F', 'LS1', 'BB1'];0.018;0.0978;0.184;0.202;0.0
749156;A0YGL1;2026-04-14 09:27:37.8388;0.0;1;['F'];0.414;207.0;0.002;0.416;0.0
735833;A0YGYC;2026-04-14 09:27:37.8691;0.0;1;['LS1'];0.028;0.5283;0.053;0.081;0.0
609350;A1C6JM;2026-04-14 09:27:38.1574;0.0;1;['F'];0.02;0.4878;0.041;0.061;0.0
1065530;A1C6JN;2026-04-14 09:27:38.1854;0.0;3;['F', 'LS1', 'BB1'];0.026;0.0734;0.354;0.38;0.0
309982;A1C7YZ;2026-04-14 09:27:38.2442;0.0;2;['F', 'LS1'];0.015;0.1875;0.08;0.095;0.0
862220;A1CXJV;2026-04-14 09:27:38.4317;0.0;2;['F', 'LS1'];0.01;0.5;0.02;0.03;0.0
197673;A1C4XA;2026-04-14 09:27:38.5243;0.0;2;['F', 'BB1'];0.0055;0.141;0.039;0.0445;0.0
121311;A0YGX8;2026-04-14 09:27:38.6203;0.0;1;['BB1'];0.04;0.2062;0.194;0.234;0.0
469641;A1H5MK;2026-04-14 09:27:38.6666;0.0;2;['BB1', 'LS1'];0.04;0.2632;0.152;0.192;0.0
116231;A1JFJ6;2026-04-14 09:27:38.7780;0.0;3;['F', 'LS1', 'BB1'];0.0195;0.2806;0.0695;0.089;0.0
485286;A1JVXS;2026-04-14 09:27:38.9865;0.0;1;['F'];0.0055;0.3793;0.0145;0.02;0.0
414901;A1JZAG;2026-04-14 09:27:39.0259;0.0;3;['BB1', 'F', 'LS1'];0.03;0.1034;0.29;0.32;0.0
1345498;A1J5FB;2026-04-14 09:27:39.0760;0.0;2;['F', 'LS1'];0.0065;0.25;0.026;0.0325;0.0
1454884;A1J5U9;2026-04-14 09:27:39.1173;0.0;1;['BB1'];0.018;0.45;0.04;0.058;0.0
1573995;A1J7PD;2026-04-14 09:27:39.2235;0.0;2;['F', 'LS1'];0.0155;1.55;0.01;0.0255;0.0
1037082;A1T9DM;2026-04-14 09:27:39.2688;0.0;1;['F'];0.019;0.1545;0.123;0.142;0.0
1034298;A1W4LG;2026-04-14 09:27:39.3661;0.0;1;['BB1'];0.03;0.2113;0.142;0.172;0.0
1585214;A1XBJL;2026-04-14 09:27:39.4108;0.0;2;['F', 'LS1'];0.016;0.128;0.125;0.141;0.0
336875;883867;2026-04-14 09:27:39.6115;5094.96;4;['SC1', 'TG', 'LS1', 'F'];0.27;0.0158;17.04;17.31;5112.0
199646;694395;2026-04-14 09:27:39.7013;0.0;1;['LS1'];0.003;0.3333;0.009;0.012;0.0
199648;864684;2026-04-14 09:27:39.7474;0.0;3;['TG', 'LS1', 'SC1'];0.54;0.0054;99.12;99.66;9912.0
912192;903840;2026-04-14 09:27:39.8306;0.0;2;['F', 'LS1'];1.5;0.0256;58.5;60.0;0.0
2869348;A40C7D;2026-04-14 09:27:39.8773;0.0;4;['F', 'SC1', 'LS1', 'BB1'];0.6;0.0169;35.4;36.0;0.0
158525;872577;2026-04-14 09:27:39.9217;0.0;1;['LS1'];0.01;0.5;0.02;0.03;0.0
1473164;932239;2026-04-14 09:27:39.9646;0.0;2;['LS1', 'F'];0.6;0.0361;16.6;17.2;0.0
538482;881630;2026-04-14 09:27:40.0085;0.0;3;['LS1', 'F', 'BB1'];0.06;0.0213;2.82;2.88;0.0
1607733;A3CWBW;2026-04-14 09:27:40.0527;4862.0;2;['TG', 'LS1'];0.3;0.0231;13.0;13.3;4875.0
912195;886291;2026-04-14 09:27:40.0986;5273.25;4;['TG', 'LS1', 'F', 'SC1'];0.3;0.0045;66.8;67.1;5344.0
489567;905605;2026-04-14 09:27:40.1428;5361.3;4;['TG', 'SC1', 'LS1', 'F'];0.55;0.0071;77.7;78.25;5439.0
916461;932242;2026-04-14 09:27:40.1880;9881.32;4;['TG', 'LS1', 'SC1', 'F'];0.96;0.0103;93.38;94.34;3113.2200000000003
2153251;A3E3UF;2026-04-14 09:27:40.2358;0.0;1;['F'];0.0;0.0;0.0;0.0005;0.0
1939169;A3DA9W;2026-04-14 09:27:40.2795;0.0;4;['TG', 'LS1', 'BB1', 'F'];0.25;0.0255;9.81;10.06;1018.0
2051911;A3CUAZ;2026-04-14 09:27:40.3260;0.0;3;['LS1', 'SC1', 'BB1'];0.5;0.0368;13.6;14.1;0.0
2732409;A40R4H;2026-04-14 09:27:40.3756;0.0;2;['BB1', 'F'];2.7;0.0137;197.3;200.0;0.0
512584;A41CN7;2026-04-14 09:27:40.4099;0.0;1;['TG'];0.1;0.0056;17.8;17.9;8846.6
1156675;A3D7VW;2026-04-14 09:27:40.4491;21138.6;6;['TG', 'LS1', 'SC1', 'DE', 'F', 'BB1'];0.0;0.0;431.8;431.8;21570.0
957499;A411MG;2026-04-14 09:27:40.4753;0.0;2;['LS1', 'F'];0.004;0.1702;0.0235;0.0275;0.0
912193;A0B5PL;2026-04-14 09:27:40.5189;0.0;2;['LS1', 'F'];0.1;0.0096;10.4;10.5;0.0
275597;A0CA07;2026-04-14 09:27:40.5667;0.0;2;['F', 'LS1'];0.1;0.0735;1.36;1.46;0.0
1273439;A0MRA0;2026-04-14 09:27:40.6185;1944.6;4;['F', 'TG', 'LS1', 'BB1'];0.075;0.0162;4.63;4.705;1949.23
431078;A0YAQA;2026-04-14 09:27:40.7016;0.0;5;['F', 'SC1', 'TG', 'LS1', 'BB1'];0.55;0.0034;162.85;163.4;10084.300000000001
1282708;A1JS1K;2026-04-14 09:27:40.7401;0.0;5;['F', 'TG', 'LS1', 'SC1', 'BB1'];3.3;0.02;165.0;168.3;4926.0
680989;A1JKVH;2026-04-14 09:27:40.8294;0.0;3;['TG', 'LS1', 'F'];0.57;0.0201;28.38;28.95;5903.04
323364;A1J88N;2026-04-14 09:27:40.8733;0.0;4;['TG', 'LS1', 'SC1', 'F'];1.6;0.0047;343.0;344.6;15092.0
794127;A1KAVV;2026-04-14 09:27:40.9055;0.0;4;['TG', 'F', 'LS1', 'BB1'];0.17;0.0196;8.692;8.862;3936.5699999999997
148942;A2G9M4;2026-04-14 09:27:41.0378;0.0;2;['LS1', 'F'];0.002;0.3077;0.0065;0.0085;0.0
2237705;A2DR6L;2026-04-14 09:27:41.0824;9961.369999999999;4;['SC1', 'TG', 'LS1', 'DE'];0.17;0.0102;16.63;16.8;9978.0
756012;A2DJ8V;2026-04-14 09:27:41.1336;0.0;2;['LS1', 'F'];0.77;0.0947;8.13;8.9;0.0
1505173;A1W5BS;2026-04-14 09:27:41.1777;0.0;2;['F', 'LS1'];0.195;0.3421;0.57;0.765;0.0
2228073;A2DXB7;2026-04-14 09:27:41.2649;0.0;3;['LS1', 'F', 'BB1'];0.08;0.041;1.95;2.03;0.0
972347;A2AT0H;2026-04-14 09:27:41.3189;0.0;4;['TG', 'LS1', 'BB1', 'F'];0.248;0.0142;17.432;17.68;5922.8
1056327;A2AC3K;2026-04-14 09:27:41.3838;0.0;3;['TG', 'LS1', 'F'];1.9;0.0078;243.6;245.5;9987.6
226274;A2ALC1;2026-04-14 09:27:41.4342;0.0;3;['F', 'LS1', 'BB1'];0.1;0.0407;2.46;2.56;0.0
439236;A2DW7N;2026-04-14 09:27:41.4856;3558.636;3;['TG', 'LS1', 'F'];0.148;0.0153;9.648;9.796;3569.7599999999998
797168;A2DT7F;2026-04-14 09:27:41.5315;0.0;1;['F'];0.001;0.3333;0.003;0.004;0.0
2265422;A2DTQZ;2026-04-14 09:27:41.6058;3061.071;4;['LS1', 'F', 'TG', 'BB1'];0.012;0.0164;0.73;0.742;3061.7999999999997
1056004;A1W869;2026-04-14 09:27:41.6519;0.0;3;['TG', 'F', 'LS1'];2.0;0.0161;124.1;126.1;5944.799999999999
2265416;A2JE29;2026-04-14 09:27:41.6913;0.0;2;['LS1', 'F'];0.0015;1.0;0.0015;0.003;0.0
1447118;A1XAEY;2026-04-14 09:27:41.7437;8949.588000000002;5;['TG', 'LS1', 'SC1', 'BB1', 'F'];0.041;0.0043;9.582;9.623;5035.212
2471405;A1XEQV;2026-04-14 09:27:41.7901;0.0;2;['F', 'LS1'];0.07;0.068;1.03;1.1;0.0
1704211;A2PNWJ;2026-04-14 09:27:41.8381;0.0;3;['F', 'LS1', 'BB1'];0.075;0.0193;3.89;3.965;0.0
3237953;A2P09K;2026-04-14 09:27:41.9170;0.0;4;['TG', 'F', 'LS1', 'SC1'];3.2;0.008;399.5;402.7;9970.0
800154;A3CQU7;2026-04-14 09:27:41.9668;43758.0;4;['TG', 'F', 'LS1', 'BB1'];3.0;0.0068;442.0;445.0;44200.0
1146031;A2PWHR;2026-04-14 09:27:42.0082;0.0;4;['TG', 'LS1', 'F', 'BB1'];0.75;0.0114;66.05;66.8;6087.900000000001
1347925;A116P6;2026-04-14 09:27:42.0680;0.0;5;['SC1', 'TG', 'LS1', 'F', 'BB1'];2.46;0.0283;86.88;89.34;4943.04
2442542;A2P2JR;2026-04-14 09:27:42.1070;9903.6;4;['TG', 'LS1', 'SC1', 'F'];2.5;0.0091;275.1;277.6;10178.7
588753;A112M8;2026-04-14 09:27:42.1775;0.0;3;['LS1', 'F', 'BB1'];0.66;0.1115;5.92;6.58;0.0
1552584;A115FG;2026-04-14 09:27:42.2013;9879.04;4;['F', 'TG', 'LS1', 'SC1'];0.52;0.0067;77.24;77.76;9956.220000000001
2116235;A14M2J;2026-04-14 09:27:42.2380;22269.52;5;['F', 'TG', 'LS1', 'SC1', 'DE'];0.28;0.0038;74.54;74.82;22344.0
661288;A14P7U;2026-04-14 09:27:42.3098;0.0;2;['F', 'LS1'];0.16;0.0541;2.96;3.12;0.0
1150019;A14RX5;2026-04-14 09:27:42.3669;0.0;3;['F', 'LS1', 'BB1'];2.5;0.0282;88.5;91.0;0.0
2217238;A14UTJ;2026-04-14 09:27:42.4454;0.0;3;['LS1', 'F', 'BB1'];0.07;0.0318;2.2;2.27;0.0
639171;A2AQCA;2026-04-14 09:27:42.4918;0.0;5;['F', 'TG', 'SC1', 'LS1', 'DE'];1.47;0.0122;120.48;121.95;8891.1
469312;A1401Z;2026-04-14 09:27:42.5325;36150.159999999996;4;['TG', 'LS1', 'DE', 'F'];0.07;0.0027;25.84;25.91;36162.0
851895;A2ABB5;2026-04-14 09:27:42.5780;0.0;2;['F', 'LS1'];0.024;0.1983;0.121;0.145;0.0
112534;904218;2026-04-14 09:27:42.6230;0.0;4;['F', 'TG', 'LS1', 'SC1'];8.0;0.0101;792.0;800.0;7905.0
910101;893169;2026-04-14 09:27:42.6823;0.0;4;['SC1', 'LS1', 'TG', 'BB1'];1.5;0.0084;178.5;180.0;4998.0
199655;901638;2026-04-14 09:27:42.7280;0.0;4;['F', 'TG', 'LS1', 'SC1'];0.9;0.0075;120.05;120.95;6000.0
685476;886167;2026-04-14 09:27:42.7730;0.0;3;['F', 'LS1', 'BB1'];0.9;0.0592;15.2;16.1;0.0
1488271;897517;2026-04-14 09:27:42.8299;0.0;1;['LS1'];1.4;0.0686;20.4;21.8;0.0
453492;909554;2026-04-14 09:27:42.8844;0.0;1;['BB1'];0.7;0.0707;9.9;10.6;0.0
101942;898666;2026-04-14 09:27:42.9273;0.0;3;['F', 'LS1', 'BB1'];1.1;0.057;19.3;20.4;0.0
657886;922683;2026-04-14 09:27:43.0007;0.0;5;['TG', 'SC1', 'F', 'LS1', 'BB1'];0.15;0.0201;7.45;7.6;3911.25
507559;920474;2026-04-14 09:27:43.0435;0.0;4;['F', 'BB1', 'LS1', 'TG'];0.18;0.0251;7.18;7.36;3560.0
104330;928179;2026-04-14 09:27:43.0857;8858.0;1;['TG'];0.2;0.0097;20.6;20.8;8878.6
910100;937092;2026-04-14 09:27:43.1330;;5;['TG', 'LS1', 'F', 'SC1', 'BB1'];2.6;0.006;436.3;438.9;10329.599999999999
1822892;901876;2026-04-14 09:27:43.1730;0.0;2;['F', 'LS1'];0.047;0.3701;0.127;0.174;0.0
1432522;941230;2026-04-14 09:27:43.2080;0.0;3;['TG', 'LS1', 'BB1'];0.072;0.0363;1.986;2.058;2968.5
902524;A0H0YX;2026-04-14 09:27:43.2706;0.0;4;['TG', 'LS1', 'SC1', 'BB1'];4.9;0.0333;147.05;151.95;5796.0
173218;A0JC7P;2026-04-14 09:27:43.3149;0.0;5;['TG', 'F', 'SC1', 'LS1', 'BB1'];0.06;0.0073;8.27;8.33;4970.2699999999995
2009967;A0JEQ2;2026-04-14 09:27:43.3750;0.0;2;['F', 'LS1'];0.065;0.0884;0.735;0.8;0.0
1424803;A0LE7C;2026-04-14 09:27:43.4309;0.0;3;['SC1', 'F', 'LS1'];0.15;0.0256;5.85;6.0;0.0
112548;A0MKP2;2026-04-14 09:27:43.4600;0.0;2;['F', 'LS1'];0.4;0.0421;9.5;9.9;0.0
2340437;A14RF6;2026-04-14 09:27:43.5402;0.0;1;['TG'];0.5;0.0368;13.6;14.1;3848.7999999999997
1281829;A1JV50;2026-04-14 09:27:43.5656;0.0;4;['TG', 'F', 'LS1', 'BB1'];0.04;0.0308;1.3;1.34;2871.54
421270;A1J5UR;2026-04-14 09:27:43.6015;6912.928;4;['TG', 'F', 'SC1', 'LS1'];0.092;0.0127;7.216;7.308;6920.144
1787972;A1W3GY;2026-04-14 09:27:43.6417;5323.56;3;['LS1', 'F', 'TG'];0.16;0.0033;48.84;49.0;5372.400000000001
492083;A1W7AU;2026-04-14 09:27:43.6678;0.0;3;['F', 'SC1', 'LS1'];0.4;0.0073;55.0;55.4;0.0
2344361;A119KH;2026-04-14 09:27:43.7707;0.0;3;['TG', 'LS1', 'F'];0.0;0.0;0.7;0.7;1902.33
2480939;A14QUF;2026-04-14 09:27:43.8196;0.0;3;['TG', 'F', 'BB1'];0.04;0.0256;1.56;1.6;1928.16
2396531;A2DTCV;2026-04-14 09:27:43.8774;0.0;4;['TG', 'BB1', 'F', 'LS1'];0.685;0.0406;16.89;17.575;5776.38
795208;A2JDHD;2026-04-14 09:27:43.9077;0.0;1;['F'];2.5;0.0403;62.0;64.5;0.0
2653832;A2JQXP;2026-04-14 09:27:43.9464;0.0;3;['TG', 'LS1', 'F'];0.065;0.0707;0.92;0.985;2333.12
2108377;A2PLX6;2026-04-14 09:27:43.9948;0.0;4;['TG', 'LS1', 'SC1', 'F'];0.115;0.013;8.88;8.995;2939.2000000000003
2097783;A2PP3A;2026-04-14 09:27:44.0354;5819.870000000001;5;['SC1', 'TG', 'LS1', 'F', 'BB1'];0.305;0.026;11.71;12.015;5831.580000000001
3441346;A2QCJN;2026-04-14 09:27:44.0784;0.0;5;['TG', 'F', 'LS1', 'SC1', 'BB1'];2.34;0.0626;37.4;39.74;2831.7599999999998
2006037;A2QMMU;2026-04-14 09:27:44.1249;0.0;3;['LS1', 'TG', 'BB1'];0.2;0.0274;7.3;7.5;5832.7
810993;A3CPL6;2026-04-14 09:27:44.1539;2898.735;5;['LS1', 'TG', 'F', 'SC1', 'BB1'];0.059;0.0294;2.005;2.064;2900.73
154650;A3CTML;2026-04-14 09:27:44.2416;0.0;3;['F', 'LS1', 'BB1'];0.168;0.0599;2.806;2.974;0.0
2669824;A3CR1P;2026-04-14 09:27:44.2782;0.0;4;['TG', 'LS1', 'F', 'SC1'];0.7;0.0131;53.5;54.2;2996.0
4110088;A3CWBA;2026-04-14 09:27:44.3919;4875.2;2;['LS1', 'TG'];0.08;0.0227;3.52;3.6;4878.72
3163859;A3D00S;2026-04-14 09:27:44.4360;0.0;4;['TG', 'LS1', 'BB1', 'F'];0.204;0.0206;9.896;10.1;9767.352
856872;A3DV8W;2026-04-14 09:27:44.5987;0.0;1;['TG'];0.04;0.0315;1.27;1.31;5806.4400000000005
3205590;A3ESFC;2026-04-14 09:27:44.6389;;2;['TG', 'LS1'];0.0305;0.0489;0.624;0.6545;4850.2065
486598;A3EQCL;2026-04-14 09:27:44.6748;9711.52;4;['LS1', 'TG', 'SC1', 'BB1'];0.315;0.0262;12.0;12.315;9723.480000000001
759601;A411KE;2026-04-14 09:27:44.7066;0.0;1;['F'];0.55;0.0957;5.75;6.3;0.0
2887323;A2QNF3;2026-04-14 09:27:44.7554;9811.650000000001;4;['TG', 'F', 'LS1', 'SC1'];0.4;0.0179;22.35;22.75;9834.0
2592772;A0LGDU;2026-04-14 09:27:44.8012;953.47;3;['LS1', 'F', 'TG'];0.04;0.0755;0.53;0.57;954.0
112557;A0NBXP;2026-04-14 09:27:44.8320;0.0;2;['LS1', 'F'];0.03;0.12;0.25;0.28;0.0
940181;A0QZWA;2026-04-14 09:27:44.8941;0.0;2;['LS1', 'F'];0.002;0.1379;0.0145;0.0165;0.0
1228276;A1H49P;2026-04-14 09:27:44.9300;0.0;1;['F'];0.1;0.0529;1.89;1.99;0.0
793551;A1CWWN;2026-04-14 09:27:45.0015;9978.92;3;['TG', 'LS1', 'F'];0.018;0.0029;6.28;6.298;9985.2
1353158;A12AS6;2026-04-14 09:27:45.0437;0.0;2;['LS1', 'F'];0.024;0.3664;0.0655;0.0895;0.0
1295106;A1J0S4;2026-04-14 09:27:45.0842;5424.276;3;['LS1', 'F', 'TG'];0.022;0.0049;4.53;4.552;5433.599999999999
2699291;A3CR5P;2026-04-14 09:27:45.1339;0.0;2;['LS1', 'F'];0.005;0.6667;0.0075;0.0125;0.0
1854614;A2DVHY;2026-04-14 09:27:45.1769;0.0;2;['LS1', 'F'];0.042;0.0946;0.444;0.486;0.0
2735146;A2ALYW;2026-04-14 09:27:45.3241;0.0;2;['LS1', 'F'];0.0215;1.0238;0.021;0.0425;0.0
1556511;A2DR6R;2026-04-14 09:27:45.3740;0.0;1;['F'];0.0;0.0;0.0;0.0005;0.0
103525;850312;2026-04-14 09:27:45.4616;32516.83;5;['LS1', 'F', 'TG', 'SC1', 'DE'];0.01;0.0003;36.17;36.18;32553.0
103574;851715;2026-04-14 09:27:45.5043;30811.365;5;['SC1', 'F', 'LS1', 'TG', 'DE'];0.01;0.0006;18.14;18.15;30838.0
112561;897832;2026-04-14 09:27:45.5713;10062.234;5;['F', 'LS1', 'SC1', 'TG', 'DE'];0.004;0.0003;12.29;12.294;10077.8
199723;883394;2026-04-14 09:27:45.6149;0.0;1;['LS1'];0.002;0.0263;0.076;0.078;0.0
1928584;A116MH;2026-04-14 09:27:45.6656;19957.47;5;['F', 'LS1', 'SC1', 'TG', 'DE'];0.01;0.0005;21.04;21.05;19988.0
103535;850605;2026-04-14 09:27:45.6960;45103.29;6;['F', 'SC1', 'LS1', 'TG', 'BB1', 'DE'];0.0;0.0;5.711;5.711;45116.9
607903;868988;2026-04-14 09:27:45.7374;0.0;4;['F', 'LS1', 'SC1', 'BB1'];0.35;0.0053;65.85;66.2;0.0
1508257;875920;2026-04-14 09:27:45.8070;5088.842;4;['F', 'LS1', 'TG', 'BB1'];0.014;0.0071;1.962;1.976;5090.8
100782;918561;2026-04-14 09:27:45.8542;10099.75;4;['F', 'LS1', 'TG', 'SC1'];0.03;0.0017;17.77;17.8;3207.6
1873900;A14WKT;2026-04-14 09:27:45.9027;0.0;2;['LS1', 'F'];0.08;0.0088;9.04;9.12;0.0
112569;A0LCVJ;2026-04-14 09:27:45.9477;5090.099999999999;4;['F', 'LS1', 'TG', 'SC1'];0.1;0.0018;54.15;54.25;5144.25
199760;929285;2026-04-14 09:27:45.9819;0.0;2;['F', 'LS1'];0.05;0.0067;7.41;7.46;0.0
199749;918471;2026-04-14 09:27:46.0232;0.0;2;['LS1', 'F'];0.07;0.0077;9.15;9.22;0.0
199751;918614;2026-04-14 09:27:46.0520;0.0;2;['LS1', 'BB1'];0.15;0.0111;13.55;13.7;0.0
199737;924693;2026-04-14 09:27:46.1086;0.0;3;['LS1', 'F', 'BB1'];-0.0012;-0.0074;0.1612;0.16;0.0
199731;904351;2026-04-14 09:27:46.1472;0.0;1;['LS1'];0.03;0.0147;2.04;2.07;0.0
1028816;904257;2026-04-14 09:27:46.2124;0.0;3;['F', 'LS1', 'SC1'];0.04;0.0011;37.96;38.0;0.0
2082457;911069;2026-04-14 09:27:46.2473;0.0;4;['F', 'LS1', 'SC1', 'BB1'];0.2;0.0027;74.3;74.5;0.0
1224744;909581;2026-04-14 09:27:46.3043;3077.46;4;['LS1', 'F', 'TG', 'SC1'];0.04;0.0018;22.14;22.18;3099.6
199744;915322;2026-04-14 09:27:46.3481;3451.5;5;['SC1', 'LS1', 'F', 'TG', 'BB1'];0.2;0.0034;58.5;58.7;3510.0
104307;924293;2026-04-14 09:27:46.4028;5107.08;5;['F', 'LS1', 'TG', 'BB1', 'SC1'];0.06;0.0026;23.32;23.38;5130.4
1453496;A40J6K;2026-04-14 09:27:46.4584;0.0;2;['F', 'LS1'];0.3;0.0115;26.2;26.5;0.0
331777;915445;2026-04-14 09:27:46.5069;15015.497000000001;4;['LS1', 'F', 'TG', 'SC1'];0.001;0.0004;2.504;2.505;15024.0
199753;918616;2026-04-14 09:27:46.5570;0.0;2;['F', 'LS1'];0.015;0.0173;0.869;0.884;0.0
1322769;471473;2026-04-14 09:27:46.6025;9982.284;4;['LS1', 'F', 'SC1', 'TG'];0.004;0.001;4.196;4.2;9986.48
1340164;A0MXCK;2026-04-14 09:27:46.6468;0.0;2;['F', 'LS1'];0.05;0.0042;12.0;12.05;0.0
199739;925963;2026-04-14 09:27:46.6928;5295.22;5;['LS1', 'SC1', 'F', 'TG', 'DE'];0.05;0.001;48.58;48.63;5343.8
112578;A0MW4X;2026-04-14 09:27:46.7533;0.0;3;['F', 'LS1', 'BB1'];0.011;0.0507;0.217;0.228;0.0
199763;934585;2026-04-14 09:27:46.8073;0.0;2;['F', 'LS1'];0.002;0.0042;0.478;0.48;0.0
199681;615213;2026-04-14 09:27:46.8536;0.0;2;['F', 'LS1'];0.0009;0.0184;0.049;0.0499;0.0
199672;502721;2026-04-14 09:27:46.8909;0.0;4;['F', 'SC1', 'LS1', 'BB1'];0.15;0.0049;30.8;30.95;0.0
275610;874533;2026-04-14 09:27:46.9417;0.0;3;['F', 'LS1', 'BB1'];0.005;0.0024;2.065;2.07;0.0
975807;588267;2026-04-14 09:27:46.9890;0.0;3;['LS1', 'F', 'BB1'];0.13;0.0135;9.64;9.77;0.0
384252;502374;2026-04-14 09:27:47.0350;0.0;1;['LS1'];0.01;0.0052;1.91;1.92;0.0
894991;591767;2026-04-14 09:27:47.1348;5245.376;5;['F', 'LS1', 'TG', 'SC1', 'BB1'];0.002;0.0008;2.632;2.634;5000.8
112587;871485;2026-04-14 09:27:47.1600;0.0;2;['F', 'LS1'];0.01;0.0141;0.71;0.72;0.0
112588;A0H0Y6;2026-04-14 09:27:47.2068;10104.021;4;['F', 'LS1', 'TG', 'SC1'];0.007;0.0044;1.579;1.586;10105.6
199684;675689;2026-04-14 09:27:47.2514;0.0;3;['LS1', 'F', 'BB1'];0.04;0.0068;5.85;5.89;0.0
199688;694642;2026-04-14 09:27:47.2955;3425.4;4;['LS1', 'F', 'TG', 'SC1'];0.06;0.0017;34.54;34.6;3454.0
1887940;866464;2026-04-14 09:27:47.3383;0.0;4;['LS1', 'SC1', 'F', 'BB1'];0.03;0.0019;15.43;15.46;0.0
199721;879496;2026-04-14 09:27:47.3896;0.0;3;['LS1', 'F', 'BB1'];0.06;0.0066;9.13;9.19;0.0
136217;928624;2026-04-14 09:27:47.4144;55144.551;6;['F', 'TG', 'LS1', 'SC1', 'BB1', 'DE'];0.0;0.0;9.851;9.851;55160.0
104094;897791;2026-04-14 09:27:47.4400;73818.18000000001;6;['SC1', 'LS1', 'F', 'TG', 'BB1', 'DE'];0.0;0.0;23.83;23.83;73857.5
199689;764545;2026-04-14 09:27:47.4835;20159.278000000002;4;['F', 'SC1', 'LS1', 'TG'];-0.004;-0.0006;6.728;6.724;20184.0
3034355;A0HG7H;2026-04-14 09:27:47.5236;0.0;4;['F', 'LS1', 'SC1', 'BB1'];0.02;0.0024;8.26;8.28;0.0
1640405;A14V3M;2026-04-14 09:27:47.5744;0.0;3;['LS1', 'F', 'BB1'];0.008;0.0047;1.712;1.72;0.0
329585;764940;2026-04-14 09:27:47.6158;5138.76;4;['F', 'SC1', 'LS1', 'TG'];0.04;0.0018;22.44;22.48;5161.200000000001
199752;918615;2026-04-14 09:27:47.6694;0.0;2;['LS1', 'F'];0.05;0.0048;10.4;10.45;0.0
275595;A0B5N8;2026-04-14 09:27:47.6985;10239.75;4;['LS1', 'F', 'SC1', 'TG'];0.005;0.0005;10.255;10.26;10255.0
275694;A0B6Q3;2026-04-14 09:27:47.7453;10187.25;4;['SC1', 'LS1', 'F', 'TG'];0.02;0.0006;35.24;35.26;10219.6
106639;215601;2026-04-14 09:27:47.7846;0.0;3;['F', 'LS1', 'BB1'];0.03;0.0038;7.86;7.89;0.0
1322773;A0ERXE;2026-04-14 09:27:47.8196;0.0;4;['LS1', 'F', 'SC1', 'BB1'];0.03;0.0036;8.37;8.4;0.0
112599;A0MTB2;2026-04-14 09:27:47.8487;10379.98;4;['LS1', 'F', 'TG', 'SC1'];0.06;0.001;61.46;61.52;10448.2
103600;120470;2026-04-14 09:27:47.8881;10042.2636;5;['F', 'LS1', 'TG', 'SC1', 'DE'];0.0004;0.0006;0.6564;0.6568;10042.92
743550;120471;2026-04-14 09:27:47.9344;9981.438;4;['SC1', 'LS1', 'F', 'TG'];0.0006;0.0008;0.7632;0.7638;9997.92
120104;A2PV7P;2026-04-14 09:27:47.9894;3251.1600000000003;5;['LS1', 'F', 'TG', 'SC1', 'BB1'];0.1;0.003;32.84;32.94;3284.0000000000005
199776;A0BMUB;2026-04-14 09:27:48.0382;3147.375;4;['F', 'LS1', 'TG', 'BB1'];0.015;0.0109;1.375;1.39;3176.25
275722;A0DNCF;2026-04-14 09:27:48.0807;7962.923500000001;3;['F', 'LS1', 'TG'];0.002;0.0072;0.277;0.279;7949.900000000001
174919;A14V64;2026-04-14 09:27:48.1270;22087.89;5;['F', 'LS1', 'TG', 'SC1', 'DE'];0.01;0.0005;22.11;22.12;22110.0
733456;A0EABR;2026-04-14 09:27:48.1764;10178.300000000001;4;['SC1', 'F', 'LS1', 'TG'];0.04;0.0008;48.7;48.74;10227.0
2005673;A0EQ3J;2026-04-14 09:27:48.2212;0.0;3;['F', 'LS1', 'BB1'];0.015;0.0026;5.725;5.74;0.0
331774;A0ETQX;2026-04-14 09:27:48.2640;22762.949999999997;5;['LS1', 'SC1', 'F', 'TG', 'DE'];0.02;0.0004;57.03;57.05;22812.0
559073;A0ET41;2026-04-14 09:27:48.3028;5085.456;5;['SC1', 'F', 'LS1', 'TG', 'BB1'];0.004;0.0016;2.544;2.548;5088.0
1030674;A0NDNB;2026-04-14 09:27:48.3416;14796.695;3;['F', 'TG', 'LS1'];0.04;0.0099;4.06;4.1;5131.250000000001
1477879;A0HL7K;2026-04-14 09:27:48.3885;0.0;3;['F', 'LS1', 'BB1'];0.009;0.0096;0.942;0.951;0.0
967779;A0JMQC;2026-04-14 09:27:48.4214;0.0;3;['LS1', 'F', 'BB1'];0.04;0.0077;5.22;5.26;0.0
112605;A0JMJX;2026-04-14 09:27:48.4628;9989.91;5;['F', 'LS1', 'TG', 'SC1', 'DE'];0.006;0.0007;9.094;9.1;10003.4
112607;A0LF39;2026-04-14 09:27:48.4882;0.0;2;['F', 'LS1'];0.01;0.0029;3.485;3.495;0.0
112612;A0LFL3;2026-04-14 09:27:48.5538;0.0;3;['SC1', 'F', 'LS1'];0.02;0.0032;6.28;6.3;0.0
640957;A14V7C;2026-04-14 09:27:48.5887;0.0;2;['LS1', 'F'];0.1;0.0248;4.04;4.14;0.0
1264287;A0LF18;2026-04-14 09:27:48.6363;;5;['LS1', 'SC1', 'TG', 'F', 'DE'];0.2;0.0113;17.65;17.85;3529.9999999999995
112625;A0MSP6;2026-04-14 09:27:48.6616;0.0;4;['LS1', 'F', 'SC1', 'BB1'];0.01;0.0014;7.18;7.19;0.0
112626;A0MP84;2026-04-14 09:27:48.6855;11855.25;5;['LS1', 'F', 'TG', 'SC1', 'DE'];0.0;0.0;119.9;119.9;11980.0
112629;A0MUDJ;2026-04-14 09:27:48.7442;0.0;4;['LS1', 'F', 'SC1', 'BB1'];0.15;0.0046;32.55;32.7;0.0
2063425;A0M55D;2026-04-14 09:27:48.7889;0.0;2;['F', 'LS1'];0.07;0.0276;2.54;2.61;0.0
112641;A0NEXV;2026-04-14 09:27:48.8451;0.0;3;['F', 'LS1', 'BB1'];0.01;0.0038;2.66;2.67;0.0
993767;A0RA4Y;2026-04-14 09:27:48.8971;0.0;2;['F', 'LS1'];0.015;0.0114;1.32;1.335;0.0
1953393;A1XEPB;2026-04-14 09:27:48.9197;0.0;2;['LS1', 'F'];0.024;0.0135;1.774;1.798;0.0
247414;A1CSQF;2026-04-14 09:27:48.9568;0.0;2;['LS1', 'BB1'];0.01;0.0112;0.89;0.9;0.0
752149;A1CYET;2026-04-14 09:27:49.0030;5238.4929999999995;4;['F', 'LS1', 'TG', 'SC1'];0.007;0.0039;1.809;1.816;5240.3
904556;A143VH;2026-04-14 09:27:49.0464;0.0;2;['LS1', 'F'];0.005;0.0318;0.157;0.162;0.0
1054106;A1JB7F;2026-04-14 09:27:49.0725;4995.22;4;['F', 'LS1', 'TG', 'SC1'];0.02;0.0026;7.58;7.6;5002.8
1160819;A1JAJM;2026-04-14 09:27:49.1105;0.0;3;['LS1', 'F', 'BB1'];0.15;0.006;24.9;25.05;0.0
729271;A1JCG0;2026-04-14 09:27:49.1584;9811.550000000001;5;['F', 'LS1', 'SC1', 'TG', 'BB1'];0.2;0.0024;82.45;82.65;9894.0
270478;A1JWYK;2026-04-14 09:27:49.2018;16341.880000000001;4;['SC1', 'LS1', 'F', 'TG'];0.08;0.001;82.24;82.32;16448.0
725332;A2ACT1;2026-04-14 09:27:49.2612;11204.294999999998;5;['SC1', 'F', 'LS1', 'TG', 'BB1'];0.015;0.0008;18.71;18.725;11226.0
1250568;A1JWCF;2026-04-14 09:27:49.2984;9969.48;5;['F', 'LS1', 'TG', 'SC1', 'DE'];0.02;0.0009;21.72;21.74;9991.199999999999
1037142;A1W0E6;2026-04-14 09:27:49.3628;0.0;4;['LS1', 'F', 'SC1', 'BB1'];0.03;0.002;14.93;14.96;0.0
109644;A1WZXW;2026-04-14 09:27:49.4072;0.0;3;['F', 'LS1', 'BB1'];0.006;0.0062;0.963;0.969;0.0
923374;A1W66W;2026-04-14 09:27:49.4463;32310.059999999998;5;['SC1', 'LS1', 'F', 'TG', 'DE'];0.04;0.0007;53.96;54.0;32376.0
1843667;A1W96K;2026-04-14 09:27:49.5022;0.0;4;['F', 'SC1', 'LS1', 'BB1'];0.025;0.0026;9.745;9.77;0.0
653482;A110YL;2026-04-14 09:27:49.5453;0.0;4;['SC1', 'F', 'LS1', 'BB1'];0.02;0.003;6.73;6.75;0.0
1862299;A1XFKC;2026-04-14 09:27:49.6323;0.0;2;['LS1', 'F'];0.011;0.0291;0.378;0.389;0.0
1408477;A1187N;2026-04-14 09:27:49.6733;0.0;2;['LS1', 'F'];0.02;0.0061;3.28;3.3;0.0
1512539;A119H6;2026-04-14 09:27:49.7261;5098.5599999999995;5;['F', 'SC1', 'TG', 'LS1', 'BB1'];0.04;0.0027;15.04;15.08;5113.599999999999
2159485;A14PJ1;2026-04-14 09:27:49.7682;0.0;4;['SC1', 'F', 'LS1', 'BB1'];0.014;0.0028;4.92;4.934;0.0
2596547;A14NBX;2026-04-14 09:27:49.8131;0.0;3;['LS1', 'F', 'BB1'];0.3;0.0154;19.46;19.76;0.0
1389123;A14UAV;2026-04-14 09:27:49.8599;5162.115;4;['F', 'SC1', 'TG', 'LS1'];0.01;0.0014;7.385;7.395;5169.5
1040340;A14WDG;2026-04-14 09:27:49.9102;0.0;2;['F', 'LS1'];0.1;0.0022;46.5;46.6;0.0
593458;A14UJ4;2026-04-14 09:27:50.0012;0.0;2;['LS1', 'F'];0.006;0.0424;0.1415;0.1475;0.0
390561;A14XKE;2026-04-14 09:27:50.0438;9944.49;5;['LS1', 'TG', 'F', 'BB1', 'SC1'];0.05;0.0015;34.35;34.4;9961.5
1142762;A2AHWL;2026-04-14 09:27:50.0935;5797.610000000001;5;['F', 'LS1', 'TG', 'SC1', 'BB1'];0.03;0.0015;19.4;19.43;5820.0
205857;A2ANNA;2026-04-14 09:27:50.1394;5231.81;5;['F', 'LS1', 'SC1', 'TG', 'BB1'];0.01;0.0019;5.29;5.3;5237.1
1345538;A3DK0W;2026-04-14 09:27:50.1855;5096.685;5;['TG', 'LS1', 'SC1', 'F', 'BB1'];0.01;0.0017;5.865;5.875;5102.55
834233;A2APNH;2026-04-14 09:27:50.2268;0.0;1;['LS1'];0.02;0.0044;4.58;4.6;0.0
1174797;A2DF66;2026-04-14 09:27:50.2636;10050.32;4;['SC1', 'LS1', 'F', 'TG'];0.01;0.001;10.48;10.49;10060.800000000001
1113951;A2DJF1;2026-04-14 09:27:50.3472;10083.38;5;['LS1', 'SC1', 'F', 'TG', 'DE'];0.005;0.0004;12.62;12.625;10096.0
1001409;A2DJV6;2026-04-14 09:27:50.3940;62013.020000000004;6;['F', 'LS1', 'TG', 'SC1', 'BB1', 'DE'];0.0;0.0;69.0;69.0;62082.0
404020;A2DPVN;2026-04-14 09:27:50.4414;4966.62;4;['F', 'TG', 'LS1', 'BB1'];0.01;0.0072;1.38;1.39;4968.0
856373;A2DM29;2026-04-14 09:27:50.4754;5200.86;5;['LS1', 'TG', 'SC1', 'F', 'BB1'];0.004;0.0023;1.723;1.727;5203.46
2121213;A2DR76;2026-04-14 09:27:50.5145;0.0;2;['F', 'LS1'];0.25;0.0131;19.05;19.3;0.0
1839758;A2PFNM;2026-04-14 09:27:50.5544;0.0;4;['LS1', 'F', 'SC1', 'BB1'];0.4;0.0086;46.3;46.7;0.0
1866352;A2DRQR;2026-04-14 09:27:50.5977;3144.65;5;['LS1', 'F', 'TG', 'SC1', 'BB1'];0.05;0.0017;28.9;28.95;3173.5
690589;A2DX1M;2026-04-14 09:27:50.6468;10380.890000000001;4;['SC1', 'F', 'LS1', 'TG'];0.01;0.0016;6.11;6.12;10387.0
2372897;A2G9K9;2026-04-14 09:27:50.6781;3324.75;4;['SC1', 'LS1', 'F', 'TG'];0.1;0.0012;85.25;85.35;3410.0
110238;A2G8X2;2026-04-14 09:27:50.7070;0.0;3;['LS1', 'F', 'BB1'];0.035;0.0172;2.04;2.075;0.0
2869781;A2JECK;2026-04-14 09:27:50.7405;0.0;2;['F', 'LS1'];0.025;0.0059;4.23;4.255;0.0
707481;A2JRFR;2026-04-14 09:27:50.8254;0.0;2;['LS1', 'F'];0.1;0.0111;9.0;9.1;0.0
2523746;A2N88G;2026-04-14 09:27:50.9232;0.0;3;['SC1', 'F', 'LS1'];0.02;0.0007;28.98;29.0;0.0
105066;A2PF9H;2026-04-14 09:27:51.0395;10292.568;4;['SC1', 'LS1', 'TG', 'F'];0.002;0.0006;3.434;3.436;10302.0
3013529;A2PME7;2026-04-14 09:27:51.0787;0.0;3;['LS1', 'F', 'BB1'];0.02;0.0063;3.19;3.21;0.0
2367028;A2QQB6;2026-04-14 09:27:51.1107;0.0;3;['LS1', 'F', 'SC1'];0.15;0.0075;20.05;20.2;0.0
3400211;A2PSY9;2026-04-14 09:27:51.1570;0.0;2;['F', 'LS1'];0.014;0.0034;4.086;4.1;0.0
1301057;A2PSR9;2026-04-14 09:27:51.1849;4946.67;5;['F', 'LS1', 'TG', 'SC1', 'BB1'];0.08;0.0045;17.75;17.83;4964.400000000001
2064901;A2P5NE;2026-04-14 09:27:51.2319;0.0;4;['LS1', 'F', 'SC1', 'BB1'];0.015;0.0036;4.21;4.225;0.0
239804;A2P7FV;2026-04-14 09:27:51.2715;0.0;3;['LS1', 'F', 'BB1'];0.001;0.0054;0.184;0.185;0.0
1598205;A2P7NA;2026-04-14 09:27:51.3246;0.0;3;['F', 'LS1', 'SC1'];0.04;0.0054;7.39;7.43;0.0
2558748;A2QEVF;2026-04-14 09:27:51.4135;4903.976;3;['F', 'LS1', 'TG'];0.002;0.0065;0.31;0.312;4904.284
157688;A2QLGE;2026-04-14 09:27:51.5027;0.0;2;['LS1', 'F'];0.05;0.0442;1.13;1.18;0.0
2643818;A3CN3X;2026-04-14 09:27:51.5692;0.0;4;['F', 'LS1', 'SC1', 'BB1'];0.015;0.0052;2.9;2.915;0.0
1259489;A3CQXD;2026-04-14 09:27:51.6194;4712.643;4;['F', 'LS1', 'TG', 'BB1'];0.015;0.017;0.882;0.897;4724.5
705395;A3CRAT;2026-04-14 09:27:51.6497;5023.349999999999;5;['SC1', 'F', 'TG', 'LS1', 'BB1'];0.2;0.0073;27.45;27.65;5050.8
3750254;A3C33K;2026-04-14 09:27:51.7167;0.0;2;['LS1', 'F'];0.13;0.016;8.11;8.24;0.0
2338944;A3CUMB;2026-04-14 09:27:51.7707;4860.4;2;['TG', 'F'];0.3;0.0259;11.6;11.9;4872.0
2609210;A3CWAH;2026-04-14 09:27:51.8174;3092.66;4;['SC1', 'F', 'TG', 'LS1'];0.05;0.0039;12.94;12.99;3105.6
142294;A3CWNP;2026-04-14 09:27:51.8639;0.0;3;['LS1', 'F', 'BB1'];0.06;0.0174;3.44;3.5;0.0
815889;A3C6FY;2026-04-14 09:27:51.9110;0.0;3;['SC1', 'LS1', 'F'];0.08;0.0066;12.14;12.22;0.0
2003865;A3C67T;2026-04-14 09:27:51.9555;0.0;3;['LS1', 'F', 'BB1'];0.09;0.02;4.5;4.59;0.0
2159516;A3DDU6;2026-04-14 09:27:51.9841;0.0;2;['LS1', 'F'];0.06;0.0085;7.08;7.14;0.0
786299;A3DES7;2026-04-14 09:27:52.0100;4975.360000000001;5;['F', 'LS1', 'TG', 'SC1', 'BB1'];0.03;0.0018;16.63;16.66;4989.0
2489584;A3DN68;2026-04-14 09:27:52.0547;5363.570999999999;5;['F', 'SC1', 'LS1', 'TG', 'DE'];0.002;0.0005;4.129;4.131;5367.7
2112168;A3DN4R;2026-04-14 09:27:52.1140;0.0;3;['LS1', 'F', 'BB1'];0.06;0.0055;10.96;11.02;0.0
1756455;A3DNT1;2026-04-14 09:27:52.1603;0.0;2;['F', 'LS1'];0.005;0.061;0.082;0.087;0.0
367137;A3DP30;2026-04-14 09:27:52.1878;0.0;2;['F', 'LS1'];0.08;0.0286;2.8;2.88;0.0
2141452;A3DRE2;2026-04-14 09:27:52.2472;0.0;2;['LS1', 'F'];0.025;0.035;0.715;0.74;0.0
1067795;A3D1Z7;2026-04-14 09:27:52.2764;0.0;2;['LS1', 'F'];0.07;0.0276;2.54;2.61;0.0
487419;A3DRZU;2026-04-14 09:27:52.3479;0.0;3;['LS1', 'F', 'BB1'];0.024;0.0331;0.724;0.748;0.0
2107722;A3DU7S;2026-04-14 09:27:52.3949;10564.766999999998;5;['LS1', 'SC1', 'TG', 'DE', 'F'];0.0;0.0;8.133;8.133;10570.300000000001
3463422;A3D8N4;2026-04-14 09:27:52.4521;0.0;4;['F', 'LS1', 'BB1', 'DE'];0.23;0.0804;2.86;3.09;0.0
705830;A3D6PC;2026-04-14 09:27:52.4952;0.0;4;['LS1', 'F', 'SC1', 'BB1'];0.007;0.0063;1.115;1.122;0.0
104613;A3D88U;2026-04-14 09:27:52.5625;0.0;2;['F', 'LS1'];0.3;0.0294;10.2;10.5;0.0
1556919;A3D6C0;2026-04-14 09:27:52.6091;0.0;1;['F'];0.044;0.2115;0.208;0.252;0.0
2922999;A3EDET;2026-04-14 09:27:52.6541;10051.08;4;['F', 'LS1', 'TG', 'SC1'];0.02;0.0008;26.54;26.56;10081.4
3400795;A3EHBH;2026-04-14 09:27:52.6973;0.0;2;['LS1', 'F'];0.02;0.0196;1.02;1.04;0.0
2296323;A3ESZN;2026-04-14 09:27:52.7422;0.0;1;['LS1'];0.045;0.0268;1.68;1.725;0.0
2845280;A3EVZ7;2026-04-14 09:27:52.7830;0.0;2;['LS1', 'F'];0.11;0.0246;4.48;4.59;0.0
3176985;A401NW;2026-04-14 09:27:52.8752;10150.728000000001;4;['F', 'LS1', 'TG', 'SC1'];0.008;0.0039;2.072;2.08;10152.800000000001
2940267;A40HJX;2026-04-14 09:27:52.9752;0.0;3;['LS1', 'F', 'BB1'];0.05;0.011;4.55;4.6;0.0
185090;A40H69;2026-04-14 09:27:53.0192;10078.425;5;['F', 'LS1', 'TG', 'SC1', 'DE'];0.015;0.0011;13.825;13.84;10092.25
506434;A40P08;2026-04-14 09:27:53.0612;0.0;4;['F', 'LS1', 'SC1', 'BB1'];0.006;0.0029;2.062;2.068;0.0
3583616;A40P5W;2026-04-14 09:27:53.1068;0.0;3;['F', 'LS1', 'BB1'];0.056;0.0709;0.79;0.846;0.0
418875;A41B0T;2026-04-14 09:27:53.1478;0.0;2;['F', 'LS1'];0.0;0.0;0.012;0.012;0.0
603321;A0MWXE;2026-04-14 09:27:53.1958;0.0;1;['F'];0.026;0.2222;0.117;0.143;0.0
3478589;A14UST;2026-04-14 09:27:53.2847;0.0;2;['LS1', 'F'];0.08;0.0428;1.87;1.95;0.0
803107;A1CVXV;2026-04-14 09:27:53.3291;0.0;3;['TG', 'BB1', 'F'];0.022;0.084;0.262;0.284;7254.0
938303;A1JAGV;2026-04-14 09:27:53.3707;24997.420000000002;3;['TG', 'F', 'LS1'];0.01;0.0015;6.58;6.59;25004.0
856194;A1JBXU;2026-04-14 09:27:53.4193;3029.394;3;['LS1', 'F', 'TG'];0.02;0.033;0.606;0.626;3030.0
2686244;A1JY9Y;2026-04-14 09:27:53.4698;0.0;3;['LS1', 'F', 'BB1'];0.041;0.2595;0.158;0.199;0.0
241182;A1J2BZ;2026-04-14 09:27:53.5160;14973.119999999999;3;['F', 'TG', 'LS1'];0.04;0.0139;2.88;2.92;14976.0
1713627;A1W7EX;2026-04-14 09:27:53.5708;0.0;2;['LS1', 'F'];0.045;0.0604;0.745;0.79;0.0
2437633;A2DSS6;2026-04-14 09:27:53.6179;0.0;1;['F'];0.014;28.0;0.0005;0.0145;0.0
574141;A2DY13;2026-04-14 09:27:53.6444;0.0;2;['LS1', 'SC1'];1.0;0.0476;21.0;22.0;0.0
648186;A2JEX5;2026-04-14 09:27:53.6834;0.0;2;['F', 'LS1'];0.07;0.0101;6.945;7.015;0.0
1206539;A2LQHH;2026-04-14 09:27:53.7439;0.0;2;['F', 'LS1'];0.12;0.0302;3.98;4.1;0.0
1594248;A2JMXK;2026-04-14 09:27:53.7828;0.0;2;['LS1', 'F'];0.015;0.4688;0.032;0.047;0.0
2046628;A1XFBJ;2026-04-14 09:27:53.8378;0.0;3;['LS1', 'F', 'BB1'];0.025;0.1351;0.185;0.21;0.0
305136;A2PG8B;2026-04-14 09:27:53.8683;3220.07;3;['TG', 'F', 'LS1'];0.03;0.0102;2.93;2.96;3223.0
2864475;A2PLSH;2026-04-14 09:27:53.8994;0.0;5;['TG', 'LS1', 'SC1', 'BB1', 'F'];0.08;0.0419;1.91;1.99;3812.0
3186386;A2PMGV;2026-04-14 09:27:53.9513;0.0;2;['LS1', 'F'];0.2;0.0282;7.1;7.3;0.0
3260656;A3DABL;2026-04-14 09:27:54.0199;0.0;1;['F'];0.018;0.4186;0.043;0.061;0.0
1781550;A3CVT3;2026-04-14 09:27:54.0611;0.0;5;['TG', 'LS1', 'F', 'BB1', 'SC1'];0.038;0.0123;3.1;3.138;5888.214
1733176;A2QJTQ;2026-04-14 09:27:54.1551;0.0;3;['LS1', 'F', 'BB1'];0.07;0.1386;0.505;0.575;0.0
1187257;A2QQ9P;2026-04-14 09:27:54.1866;0.0;2;['LS1', 'F'];0.02;0.1042;0.192;0.212;0.0
2130242;A3CUCW;2026-04-14 09:27:54.2629;0.0;2;['F', 'LS1'];0.045;0.9574;0.047;0.092;0.0
641960;A2QMAV;2026-04-14 09:27:54.3064;0.0;3;['F', 'LS1', 'BB1'];0.12;0.0359;3.34;3.46;0.0
322905;A14NPS;2026-04-14 09:27:54.3514;9942.94;3;['LS1', 'F', 'TG'];0.06;0.0054;11.06;11.12;9954.0
208799;A12DSX;2026-04-14 09:27:54.3788;0.0;1;['F'];0.017;6.8;0.0025;0.0195;0.0
3173929;A40B55;2026-04-14 09:27:54.4317;24943.5;4;['LS1', 'F', 'TG', 'SC1'];0.02;0.0017;11.51;11.53;24955.0
1726147;A3EXD1;2026-04-14 09:27:54.5041;9885.0;3;['TG', 'LS1', 'SC1'];0.3;0.0091;32.95;33.25;5054.0
866422;A40HZN;2026-04-14 09:27:54.5538;0.0;2;['LS1', 'F'];0.24;0.0577;4.16;4.4;0.0
2003934;A417CC;2026-04-14 09:27:54.5941;0.0;2;['SC1', 'LS1'];1.0;0.0198;50.5;51.5;0.0
3045474;A40WEL;2026-04-14 09:27:54.6376;0.0;2;['LS1', 'F'];0.0365;0.4966;0.0735;0.11;0.0
3956363;A41YMQ;2026-04-14 09:27:54.6900;;2;['F', 'TG'];0.4;0.0116;34.4;34.8;2992.7999999999997
1557149;A140ML;2026-04-14 09:27:54.7763;0.0;5;['TG', 'LS1', 'SC1', 'F', 'BB1'];0.242;0.0269;9.002;9.244;5831.799999999999
274766;A2DGJL;2026-04-14 09:27:54.8285;9943.038;3;['F', 'LS1', 'TG'];0.014;0.0065;2.162;2.176;9945.199999999999
898115;A2JEGB;2026-04-14 09:27:54.9072;0.0;2;['LS1', 'F'];0.15;0.1014;1.48;1.63;0.0
112647;798197;2026-04-14 09:27:54.9565;9555.0;2;['TG', 'LS1'];10.0;0.0136;735.0;745.0;10290.0
2179096;A0F54T;2026-04-14 09:27:55.0410;0.0;1;['F'];42.0;0.1329;316.0;358.0;0.0
1364430;863680;2026-04-14 09:27:55.2805;0.0;3;['F', 'LS1', 'BB1'];0.4;0.0331;12.1;12.5;0.0
1048667;A0NFRJ;2026-04-14 09:27:55.3299;4860.0;4;['TG', 'BB1', 'LS1', 'F'];0.3;0.0166;18.1;18.4;4878.0
104700;A0NEU2;2026-04-14 09:27:55.3759;0.0;1;['F'];0.08;0.0576;1.39;1.47;0.0
3434029;A0B6JK;2026-04-14 09:27:55.4627;4865.5;3;['TG', 'BB1', 'LS1'];0.3;0.0162;18.5;18.8;4884.0
199810;857993;2026-04-14 09:27:55.5132;4849.736;4;['LS1', 'TG', 'F', 'BB1'];0.146;0.0176;8.278;8.424;4859.186000000001
199789;853783;2026-04-14 09:27:55.5681;4795.2;2;['TG', 'BB1'];0.4;0.0133;30.0;30.4;4824.8
103634;853764;2026-04-14 09:27:55.5993;4960.14;5;['SC1', 'TG', 'LS1', 'BB1', 'F'];0.022;0.0025;8.702;8.724;4411.0
2899872;A1W9Q3;2026-04-14 09:27:55.6455;4870.599999999999;1;['TG'];0.15;0.0211;7.1;7.25;4877.7
112678;860398;2026-04-14 09:27:55.6850;4888.4;4;['TG', 'LS1', 'F', 'BB1'];0.37;0.0153;24.23;24.6;4912.599999999999
468829;853681;2026-04-14 09:27:55.7352;4892.0;5;['LS1', 'TG', 'F', 'SC1', 'BB1'];0.42;0.0171;24.53;24.95;4916.46
103830;868805;2026-04-14 09:27:55.8438;3024.8399999999997;4;['LS1', 'TG', 'SC1', 'F'];0.16;0.0011;144.28;144.44;7924.400000000001
212221;858465;2026-04-14 09:27:55.8940;4870.8;3;['TG', 'BB1', 'F'];0.3;0.0227;13.2;13.5;4884.0
1253211;916069;2026-04-14 09:27:55.9316;0.0;2;['F', 'LS1'];0.2;0.0515;3.88;4.08;0.0
199844;920376;2026-04-14 09:27:55.9719;0.0;3;['F', 'LS1', 'BB1'];0.6;0.0333;18.0;18.6;0.0
103691;856461;2026-04-14 09:27:56.0007;4878.9;1;['TG'];0.2;0.0171;11.7;11.9;4890.599999999999
1420485;779518;2026-04-14 09:27:56.0293;0.0;4;['TG', 'LS1', 'BB1', 'F'];0.004;0.0134;0.298;0.302;1857.12
150661;A1W6W5;2026-04-14 09:27:56.1297;4852.099999999999;1;['TG'];0.3;0.0248;12.1;12.4;4864.2
402400;854347;2026-04-14 09:27:56.2570;4847.904;5;['LS1', 'TG', 'SC1', 'F', 'BB1'];0.112;0.0064;17.548;17.66;4865.280000000001
468828;858329;2026-04-14 09:27:56.3018;4852.31;3;['LS1', 'TG', 'BB1'];0.28;0.0226;12.415;12.695;4854.264999999999
1174175;A0LB29;2026-04-14 09:27:56.3432;4851.9;4;['TG', 'F', 'LS1', 'BB1'];0.15;0.0184;8.15;8.3;4851.9
973113;855471;2026-04-14 09:27:56.4015;9871.95;4;['TG', 'F', 'LS1', 'SC1'];0.03;0.0028;10.615;10.645;5372.5
2876077;864350;2026-04-14 09:27:56.4496;0.0;2;['LS1', 'F'];0.5;0.0476;10.5;11.0;0.0
199790;854866;2026-04-14 09:27:56.4972;0.0;5;['TG', 'SC1', 'F', 'LS1', 'BB1'];1.5;0.0286;52.5;54.0;52500.0
684306;851298;2026-04-14 09:27:56.5427;4902.8;1;['TG'];0.1;0.0097;10.3;10.4;4913.1
2821215;580665;2026-04-14 09:27:56.6345;4860.0;3;['TG', 'F', 'LS1'];0.4;0.0267;15.0;15.4;4875.0
199842;925295;2026-04-14 09:27:56.7378;4801.8;4;['F', 'TG', 'LS1', 'BB1'];0.6;0.0377;15.9;16.5;4817.7
1368048;A0ERP8;2026-04-14 09:27:56.8150;4833.0;3;['F', 'TG', 'LS1'];0.4;0.0296;13.5;13.9;4846.5
199817;859490;2026-04-14 09:27:56.9184;4902.400000000001;2;['TG', 'BB1'];0.2;0.0156;12.8;13.0;4902.400000000001
199791;855526;2026-04-14 09:27:56.9629;0.0;4;['TG', 'LS1', 'F', 'BB1'];0.31;0.0121;25.68;25.99;4866.68
384057;874794;2026-04-14 09:27:57.1908;4524.0;5;['TG', 'LS1', 'F', 'SC1', 'BB1'];7.0;0.0186;377.0;384.0;4901.0
1004880;A2N6WF;2026-04-14 09:27:57.2638;0.0;1;['F'];1.3;0.1193;10.9;12.2;0.0
705147;887293;2026-04-14 09:27:57.4289;4896.0;2;['TG', 'BB1'];0.18;0.0132;13.62;13.8;4909.599999999999
199781;812960;2026-04-14 09:27:57.5482;5009.16;5;['F', 'LS1', 'SC1', 'TG', 'BB1'];0.04;0.0027;14.82;14.86;5023.9800000000005
453883;A1CTAF;2026-04-14 09:27:57.6186;;3;['TG', 'F', 'LS1'];0.78;0.025;31.21;31.99;4899.97
468822;854088;2026-04-14 09:27:57.7153;4764.6;4;['TG', 'F', 'LS1', 'BB1'];0.08;0.0444;1.8;1.88;4764.6
468821;858656;2026-04-14 09:27:57.8452;4875.42;4;['LS1', 'TG', 'F', 'BB1'];0.39;0.0142;27.52;27.91;4904.599999999999
2521822;932299;2026-04-14 09:27:57.9182;0.0;3;['F', 'BB1', 'LS1'];0.22;0.0629;3.5;3.72;0.0
2455971;A1W458;2026-04-14 09:27:58.0335;0.0;0;[];0.0;0.0;0.0;0.0;0.0
468815;859846;2026-04-14 09:27:58.0702;4899.679999999999;4;['F', 'TG', 'BB1', 'LS1'];0.02;0.0044;4.54;4.56;4904.2
468701;858464;2026-04-14 09:27:58.1062;4854.4;4;['TG', 'BB1', 'F', 'LS1'];0.6;0.0182;33.0;33.6;4887.2
287031;A0B9K6;2026-04-14 09:27:58.1440;4827.8;2;['TG', 'BB1'];0.2;0.0196;10.2;10.4;4837.9
1030240;502503;2026-04-14 09:27:58.1927;4866.400000000001;4;['TG', 'F', 'BB1', 'LS1'];0.4;0.0253;15.8;16.2;4882.2
212699;A1C9KC;2026-04-14 09:27:58.2578;0.0;4;['TG', 'LS1', 'F', 'BB1'];1.0;0.018;55.5;56.5;4884.0
199812;858426;2026-04-14 09:27:58.2865;4851.0;4;['TG', 'BB1', 'F', 'LS1'];0.4;0.0202;19.8;20.2;4870.8
199803;857207;2026-04-14 09:27:58.3731;0.0;1;['BB1'];0.4;0.025;16.0;16.4;0.0
828716;859650;2026-04-14 09:27:58.4985;0.0;3;['LS1', 'TG', 'BB1'];0.195;0.0149;13.075;13.27;2829.39
219003;856877;2026-04-14 09:27:58.5476;4848.0;4;['LS1', 'TG', 'BB1', 'F'];0.25;0.0099;25.27;25.52;4875.18
490470;851769;2026-04-14 09:27:58.5843;4921.0;5;['TG', 'LS1', 'BB1', 'F', 'SC1'];0.2;0.0075;26.6;26.8;4947.6
199796;856840;2026-04-14 09:27:58.6367;4917.28;5;['F', 'LS1', 'TG', 'SC1', 'BB1'];0.128;0.0152;8.42;8.548;4925.7
199799;857031;2026-04-14 09:27:58.6846;4929.54;5;['LS1', 'TG', 'SC1', 'F', 'BB1'];0.2;0.0062;32.02;32.22;3042.7799999999997
2490778;A0B6VG;2026-04-14 09:27:58.7113;0.0;1;['BB1'];0.2;0.018;11.1;11.3;0.0
2868672;873874;2026-04-14 09:27:58.7599;0.0;2;['F', 'LS1'];1.0;0.0472;21.2;22.2;0.0
3722515;864681;2026-04-14 09:27:58.8436;0.0;1;['BB1'];0.6;0.0411;14.6;15.2;0.0
103748;859901;2026-04-14 09:27:58.8906;4869.2699999999995;4;['TG', 'LS1', 'BB1', 'F'];0.095;0.0104;9.175;9.27;4881.1
199798;857003;2026-04-14 09:27:58.9488;4857.400000000001;4;['TG', 'F', 'LS1', 'BB1'];0.6;0.0184;32.6;33.2;4890.0
1062607;886135;2026-04-14 09:27:59.0314;4934.8;4;['TG', 'F', 'SC1', 'BB1'];0.16;0.0084;19.0;19.16;4959.0
468700;862868;2026-04-14 09:27:59.1578;0.0;1;['LS1'];0.26;0.0183;14.195;14.455;0.0
109242;858920;2026-04-14 09:27:59.2004;2967.192;5;['LS1', 'F', 'SC1', 'TG', 'BB1'];0.138;0.0075;18.35;18.488;2987.138
468699;853264;2026-04-14 09:27:59.2344;4808.4400000000005;2;['TG', 'LS1'];0.335;0.0253;13.215;13.55;4823.475
2868461;862928;2026-04-14 09:27:59.2668;0.0;2;['F', 'LS1'];1.6;0.0485;33.0;34.6;0.0
722195;A14Z8K;2026-04-14 09:27:59.2953;4878.6;4;['TG', 'F', 'LS1', 'BB1'];0.15;0.0173;8.65;8.8;4878.6
1164485;A0D8WH;2026-04-14 09:27:59.3415;0.0;1;['BB1'];0.8;0.0615;13.0;13.8;0.0
384052;874827;2026-04-14 09:27:59.3802;7707.3;4;['LS1', 'TG', 'SC1', 'F'];0.1;0.0003;335.1;335.2;3041.1
2755949;A2QB8W;2026-04-14 09:27:59.4291;11900.7;5;['LS1', 'TG', 'SC1', 'F', 'BB1'];0.24;0.0013;188.9;189.14;12089.6
199797;856983;2026-04-14 09:27:59.4816;4846.77;4;['TG', 'LS1', 'BB1', 'F'];0.186;0.0237;7.838;8.024;4851.722
103608;853055;2026-04-14 09:27:59.5130;9910.67;5;['TG', 'LS1', 'SC1', 'F', 'BB1'];0.04;0.0017;23.21;23.25;9933.880000000001
437493;862858;2026-04-14 09:27:59.5603;4846.400000000001;2;['TG', 'F'];0.6;0.0288;20.8;21.4;4867.2
722641;856180;2026-04-14 09:27:59.5944;4841.85;3;['F', 'LS1', 'TG'];0.25;0.0262;9.55;9.8;4851.400000000001
705578;A2ASC1;2026-04-14 09:27:59.6438;4865.9;4;['TG', 'F', 'BB1', 'LS1'];0.3;0.0152;19.7;20.0;4885.599999999999
103758;860614;2026-04-14 09:27:59.6849;4887.33;5;['TG', 'F', 'LS1', 'SC1', 'BB1'];0.265;0.0193;13.7;13.965;4904.599999999999
2899866;896181;2026-04-14 09:27:59.7228;0.0;1;['F'];0.6;0.0444;13.5;14.1;0.0
468698;858523;2026-04-14 09:27:59.7582;4857.599999999999;2;['TG', 'BB1'];0.2;0.0152;13.2;13.4;4870.8
103630;853682;2026-04-14 09:27:59.7989;4844.925;3;['TG', 'LS1', 'BB1'];0.3;0.0218;13.73;14.03;4860.42
2308982;859960;2026-04-14 09:27:59.8709;4850.0;4;['F', 'LS1', 'TG', 'BB1'];1.0;0.0258;38.8;39.8;4888.799999999999
103719;857751;2026-04-14 09:27:59.9137;4925.255;5;['TG', 'LS1', 'F', 'SC1', 'BB1'];0.195;0.0133;14.64;14.835;4926.94
468696;858272;2026-04-14 09:27:59.9801;4859.849999999999;1;['TG'];0.2;0.0223;8.95;9.15;4868.799999999999
442217;851119;2026-04-14 09:28:00.0057;4902.16;5;['TG', 'LS1', 'SC1', 'F', 'BB1'];0.38;0.009;42.28;42.66;4946.76
2899863;859182;2026-04-14 09:28:00.1957;0.0;2;['F', 'LS1'];0.2;0.0167;12.0;12.2;0.0
2660253;A0RLRP;2026-04-14 09:28:00.2808;4872.0;4;['TG', 'F', 'LS1', 'BB1'];0.2;0.023;8.7;8.9;4872.0
1645831;931250;2026-04-14 09:28:00.3272;4897.2;4;['TG', 'LS1', 'BB1', 'F'];0.4;0.013;30.8;31.2;4928.0
2377810;A0DJ87;2026-04-14 09:28:00.3747;0.0;2;['F', 'LS1'];0.4;0.053;7.55;7.95;0.0
1214472;858737;2026-04-14 09:28:00.4161;4868.679999999999;4;['TG', 'F', 'LS1', 'BB1'];0.239;0.0231;10.325;10.564;4883.724999999999
1347547;A3EWFS;2026-04-14 09:28:00.4692;4826.0;5;['SC1', 'TG', 'F', 'LS1', 'BB1'];0.4;0.0104;38.4;38.8;4864.0
468673;A0JD4G;2026-04-14 09:28:00.5062;4839.900000000001;5;['LS1', 'TG', 'F', 'SC1', 'BB1'];0.11;0.0049;22.25;22.36;4864.2
2868447;850889;2026-04-14 09:28:00.5553;0.0;1;['F'];0.3;0.0658;4.56;4.86;0.0
1089220;A14Z3E;2026-04-14 09:28:00.5979;4830.0;3;['TG', 'F', 'LS1'];0.6;0.0261;23.0;23.6;4853.0
103849;870269;2026-04-14 09:28:00.6431;4837.5;4;['TG', 'LS1', 'F', 'BB1'];1.5;0.0139;108.1;109.6;4949.599999999999
199808;857929;2026-04-14 09:28:00.6847;4851.904;4;['TG', 'F', 'LS1', 'BB1'];0.031;0.0102;3.038;3.069;4853.517
103654;854658;2026-04-14 09:28:00.7356;4944.72;4;['TG', 'F', 'LS1', 'SC1'];0.03;0.0008;37.69;37.72;4984.839999999999
788153;358654;2026-04-14 09:28:00.7810;4849.8;2;['TG', 'LS1'];0.6;0.0217;27.6;28.2;4912.8
708027;860475;2026-04-14 09:28:00.8313;0.0;1;['LS1'];0.2;0.0217;9.2;9.4;0.0
539121;936388;2026-04-14 09:28:00.8712;4878.900000000001;4;['F', 'TG', 'LS1', 'BB1'];0.15;0.0216;6.95;7.1;4885.85
1715673;A3CM5S;2026-04-14 09:28:00.9285;0.0;2;['F', 'LS1'];0.1;0.0161;6.2;6.3;0.0
948801;A1XFZ0;2026-04-14 09:28:00.9984;4841.01;4;['TG', 'LS1', 'F', 'BB1'];0.042;0.0282;1.49;1.532;4841.01
199782;851177;2026-04-14 09:28:01.0460;4910.400000000001;3;['TG', 'LS1', 'BB1'];0.1;0.0101;9.9;10.0;4920.3
468672;A0HGFA;2026-04-14 09:28:01.0880;4909.599999999999;4;['LS1', 'TG', 'F', 'BB1'];0.046;0.004;11.602;11.648;3054.48
2689423;861095;2026-04-14 09:28:01.1106;0.0;2;['F', 'LS1'];1.0;0.0207;48.4;49.4;0.0
1667807;887064;2026-04-14 09:28:01.1600;4820.400000000001;4;['LS1', 'TG', 'F', 'BB1'];0.3;0.0291;10.3;10.6;4830.700000000001
199811;858419;2026-04-14 09:28:01.2091;0.0;4;['F', 'LS1', 'TG', 'BB1'];1.2;0.0268;44.8;46.0;4838.4
1276419;864318;2026-04-14 09:28:01.2547;0.0;4;['TG', 'LS1', 'F', 'BB1'];0.25;0.0262;9.55;9.8;4880.05
3513508;859579;2026-04-14 09:28:01.2989;0.0;2;['F', 'LS1'];0.07;0.0745;0.94;1.01;0.0
1461294;A1WZT4;2026-04-14 09:28:01.3400;4897.42;5;['TG', 'F', 'LS1', 'SC1', 'BB1'];0.36;0.0145;24.88;25.24;4926.24
420924;866933;2026-04-14 09:28:01.3818;4870.48;5;['SC1', 'LS1', 'TG', 'F', 'BB1'];0.007;0.0013;5.344;5.351;4875.773999999999
799760;851742;2026-04-14 09:28:01.4370;4836.0;2;['TG', 'LS1'];0.4;0.0204;19.6;20.0;4880.400000000001
468659;855648;2026-04-14 09:28:01.4647;0.0;3;['LS1', 'TG', 'F'];0.265;0.0149;17.77;18.035;4887.665
1715857;897966;2026-04-14 09:28:01.5156;4820.8;5;['SC1', 'TG', 'LS1', 'F', 'BB1'];0.242;0.0329;7.364;7.606;4830.784
103643;854002;2026-04-14 09:28:01.5742;0.0;5;['TG', 'F', 'SC1', 'LS1', 'BB1'];0.24;0.0141;17.08;17.32;4936.12
199794;856503;2026-04-14 09:28:01.6183;4864.0;4;['TG', 'BB1', 'LS1', 'F'];0.2;0.0211;9.5;9.7;4873.5
2733288;A12D58;2026-04-14 09:28:01.6587;0.0;3;['LS1', 'F', 'BB1'];0.02;0.0063;3.2;3.22;0.0
199828;865682;2026-04-14 09:28:01.7178;9861.6;4;['TG', 'F', 'SC1', 'LS1'];-0.1;-0.0011;88.1;88.0;9955.3
468600;857801;2026-04-14 09:28:01.7618;;1;['TG'];0.3;0.0197;15.2;15.5;4894.4
103669;855383;2026-04-14 09:28:01.7995;4873.344;4;['TG', 'LS1', 'F', 'BB1'];0.078;0.0251;3.11;3.188;4876.48
2650835;565214;2026-04-14 09:28:01.8311;4830.0;1;['TG'];0.3;0.03;10.0;10.3;4840.0
241211;862503;2026-04-14 09:28:01.8652;4910.400000000001;3;['TG', 'LS1', 'F'];0.51;0.015;34.11;34.62;4945.95
474615;859554;2026-04-14 09:28:01.9380;0.0;4;['TG', 'F', 'LS1', 'BB1'];1.0;0.0139;72.0;73.0;35750.0
103741;859118;2026-04-14 09:28:01.9823;7865.39;4;['LS1', 'TG', 'SC1', 'F'];0.275;0.0077;35.61;35.885;7905.42
474621;724563;2026-04-14 09:28:02.0287;0.0;4;['F', 'TG', 'BB1', 'LS1'];0.2;0.0072;27.6;27.8;4868.8
720371;A0BMJN;2026-04-14 09:28:02.0730;0.0;1;['LS1'];0.35;0.0446;7.85;8.2;0.0
103742;859164;2026-04-14 09:28:02.1227;4936.1359999999995;5;['LS1', 'TG', 'F', 'SC1', 'BB1'];0.0075;0.0024;3.1805;3.188;3040.152
628248;A0B9FC;2026-04-14 09:28:02.1642;4900.0;5;['LS1', 'TG', 'F', 'BB1', 'SC1'];0.48;0.0137;35.0;35.48;4935.0
1922940;A0EQZ2;2026-04-14 09:28:02.2168;4833.6;4;['TG', 'LS1', 'BB1', 'F'];1.0;0.0219;45.6;46.6;4879.2
474622;724564;2026-04-14 09:28:02.2562;4848.0;4;['LS1', 'TG', 'F', 'BB1'];0.1;0.0104;9.65;9.75;4882.900000000001
836850;A0Q89Q;2026-04-14 09:28:02.3124;4861.150000000001;4;['TG', 'F', 'LS1', 'BB1'];0.15;0.0226;6.65;6.8;4867.8
305356;A1CS9H;2026-04-14 09:28:02.3390;7896.4;5;['TG', 'LS1', 'BB1', 'F', 'SC1'];0.1;0.0132;7.6;7.7;5089.7
3411748;A3ENZQ;2026-04-14 09:28:02.3804;4869.56;2;['TG', 'LS1'];0.08;0.0253;3.16;3.24;4869.56
103778;863094;2026-04-14 09:28:02.4380;4859.4;3;['TG', 'SC1', 'BB1'];0.15;0.0165;9.1;9.25;4868.5
2650837;920339;2026-04-14 09:28:02.4673;0.0;2;['F', 'LS1'];0.4;0.0213;18.8;19.2;0.0
2059818;A1XEEQ;2026-04-14 09:28:02.5007;0.0;2;['F', 'LS1'];0.087;0.1986;0.438;0.525;0.0
104016;887715;2026-04-14 09:28:02.5514;4847.85;4;['TG', 'LS1', 'F', 'BB1'];0.36;0.0301;11.98;12.34;4863.88
474637;A0MMJB;2026-04-14 09:28:02.5942;;3;['TG', 'LS1', 'F'];0.2;0.0118;16.9;17.1;4876.4
2510774;938979;2026-04-14 09:28:02.6275;0.0;3;['TG', 'LS1', 'F'];0.3;0.0168;17.9;18.2;4886.7
1469027;A2DMGY;2026-04-14 09:28:02.6779;0.0;2;['F', 'LS1'];2.0;0.04;50.0;52.0;0.0
103711;857310;2026-04-14 09:28:02.7207;4893.1939999999995;5;['TG', 'LS1', 'F', 'SC1', 'BB1'];0.092;0.0094;9.806;9.898;4903.0
137960;A0M0A8;2026-04-14 09:28:02.8053;4873.049999999999;5;['TG', 'F', 'LS1', 'SC1', 'BB1'];0.1;0.0171;5.85;5.95;4878.9
586877;857803;2026-04-14 09:28:02.8388;4904.200000000001;4;['TG', 'F', 'LS1', 'BB1'];0.2;0.0088;22.6;22.8;4926.8
199784;853490;2026-04-14 09:28:02.9081;4849.155;4;['LS1', 'TG', 'F', 'BB1'];0.038;0.0138;2.753;2.791;4853.664000000001
736191;859470;2026-04-14 09:28:02.9558;14537.9;4;['LS1', 'TG', 'BB1', 'F'];0.86;0.0157;54.92;55.78;14603.4
720314;868271;2026-04-14 09:28:02.9841;0.0;1;['BB1'];0.7;0.0648;10.8;11.5;0.0
474644;860364;2026-04-14 09:28:03.0126;4908.08;5;['TG', 'SC1', 'F', 'LS1', 'BB1'];0.48;0.0149;32.3;32.78;4941.9
474645;859555;2026-04-14 09:28:03.0990;4840.0;5;['TG', 'F', 'LS1', 'BB1', 'SC1'];0.74;0.0268;27.6;28.34;4869.27
199807;857716;2026-04-14 09:28:03.1427;14608.23;5;['TG', 'LS1', 'SC1', 'BB1', 'F'];0.82;0.0152;53.87;54.69;6453.42
112691;855211;2026-04-14 09:28:03.1705;4864.0;5;['LS1', 'SC1', 'TG', 'F', 'BB1'];0.6;0.0234;25.6;26.2;4889.6
647615;471496;2026-04-14 09:28:03.2618;0.0;3;['F', 'BB1', 'TG'];0.11;0.0101;10.885;10.995;5497.5
2733226;863769;2026-04-14 09:28:03.2944;0.0;1;['LS1'];0.4;0.0305;13.1;13.5;0.0
994731;A110N4;2026-04-14 09:28:03.3415;4918.4;1;['TG'];0.2;0.0094;21.2;21.4;4939.599999999999
275612;A0B799;2026-04-14 09:28:03.3997;4896.99;4;['TG', 'LS1', 'F', 'BB1'];0.195;0.015;12.965;13.16;4900.7699999999995
504894;855112;2026-04-14 09:28:03.4600;0.0;4;['TG', 'LS1', 'F', 'BB1'];0.3;0.0214;14.0;14.3;4886.0
103518;850022;2026-04-14 09:28:03.5240;4795.5599999999995;4;['TG', 'LS1', 'F', 'BB1'];0.085;0.0046;18.425;18.51;4816.375
2868448;A0BK3K;2026-04-14 09:28:03.5639;0.0;3;['F', 'LS1', 'BB1'];0.3;0.0227;13.2;13.5;0.0
1292269;863529;2026-04-14 09:28:03.6069;4803.2;4;['F', 'LS1', 'TG', 'BB1'];0.4;0.0126;31.8;32.2;4834.8
331772;A0F7DY;2026-04-14 09:28:03.6539;4947.8550000000005;5;['LS1', 'F', 'SC1', 'TG', 'BB1'];0.01;0.001;10.505;10.515;3033.03
103771;861920;2026-04-14 09:28:03.7434;4847.099999999999;1;['TG'];0.4;0.0265;15.1;15.5;4862.2
2583140;A0B7EK;2026-04-14 09:28:03.7944;0.0;3;['F', 'LS1', 'BB1'];0.2;0.0377;5.3;5.5;0.0
103633;853687;2026-04-14 09:28:03.8544;15856.812;3;['TG', 'LS1', 'SC1'];0.098;0.0056;17.51;17.608;3037.864
1841115;A0M06N;2026-04-14 09:28:03.8803;4690.782;3;['LS1', 'TG', 'F'];0.0021;0.0027;0.7684;0.7705;4691.8216
2754088;A0B8RE;2026-04-14 09:28:03.9454;4849.42;4;['TG', 'F', 'SC1', 'BB1'];0.232;0.0276;8.4;8.632;4858.968
104048;891624;2026-04-14 09:28:03.9901;9776.625;4;['LS1', 'F', 'SC1', 'TG'];0.035;0.0015;22.685;22.72;9780.975
449593;591037;2026-04-14 09:28:04.0356;4838.0;4;['LS1', 'TG', 'F', 'BB1'];0.075;0.0045;16.495;16.57;4855.88
1621411;A2DN9S;2026-04-14 09:28:04.0896;0.0;1;['F'];0.043;0.2739;0.157;0.2;0.0
474646;857627;2026-04-14 09:28:04.1382;4840.0;3;['F', 'LS1', 'TG'];1.5;0.017;88.0;89.5;4928.0
474652;859172;2026-04-14 09:28:04.1737;4822.2;4;['BB1', 'TG', 'F', 'LS1'];0.4;0.0284;14.1;14.5;4836.3
474656;858354;2026-04-14 09:28:04.2086;4860.8;4;['TG', 'F', 'LS1', 'BB1'];0.4;0.0204;19.6;20.0;4880.400000000001
474657;863428;2026-04-14 09:28:04.2779;4844.0;1;['TG'];0.6;0.0214;28.0;28.6;4872.0
199785;853496;2026-04-14 09:28:04.3297;4876.0;3;['LS1', 'TG', 'BB1'];0.1;0.0094;10.6;10.7;4876.0
103787;864062;2026-04-14 09:28:04.3697;4857.599999999999;4;['TG', 'F', 'LS1', 'BB1'];0.15;0.0163;9.2;9.35;4866.799999999999
523676;A0DNGL;2026-04-14 09:28:04.4020;0.0;2;['BB1', 'F'];0.35;0.0588;5.95;6.3;0.0
103636;853849;2026-04-14 09:28:04.4427;9896.92;4;['TG', 'SC1', 'F', 'LS1'];0.25;0.0084;29.81;30.06;9926.73
331801;A0F57T;2026-04-14 09:28:04.5048;0.0;4;['LS1', 'SC1', 'TG', 'F'];0.058;0.004;14.544;14.602;4925.67
315083;A1CS49;2026-04-14 09:28:04.5454;0.0;5;['LS1', 'F', 'TG', 'SC1', 'BB1'];0.208;0.0266;7.814;8.022;4852.494
2542091;A0DNH7;2026-04-14 09:28:04.5865;0.0;2;['LS1', 'SC1'];0.0054;0.0031;1.7596;1.765;0.0
474658;857771;2026-04-14 09:28:04.6271;9859.5;3;['TG', 'F', 'SC1'];0.6;0.0055;109.55;110.15;3316.5
383698;878928;2026-04-14 09:28:04.7058;4895.099999999999;2;['TG', 'BB1'];0.1;0.0053;18.9;19.0;4914.0
199826;864407;2026-04-14 09:28:04.7422;4860.8;4;['TG', 'BB1', 'LS1', 'F'];0.3;0.0153;19.6;19.9;4880.400000000001
474666;856615;2026-04-14 09:28:04.7859;4789.400000000001;2;['TG', 'BB1'];0.3;0.0194;15.5;15.8;4820.5
199821;859619;2026-04-14 09:28:04.8316;0.0;3;['LS1', 'F', 'BB1'];0.64;0.0107;59.6;60.24;0.0
474671;858257;2026-04-14 09:28:04.8721;0.0;4;['LS1', 'TG', 'F', 'BB1'];0.128;0.0119;10.752;10.88;4765.5
104014;887603;2026-04-14 09:28:04.9228;5926.76;4;['TG', 'LS1', 'SC1', 'F'];0.035;0.0025;13.89;13.925;5944.92
2821197;857887;2026-04-14 09:28:04.9693;4837.2;3;['LS1', 'TG', 'BB1'];0.8;0.023;34.8;35.6;4872.0
2899886;872699;2026-04-14 09:28:05.0125;4820.2;1;['TG'];0.25;0.0325;7.7;7.95;4827.900000000001
199780;766461;2026-04-14 09:28:05.0811;4856.05;4;['TG', 'F', 'LS1', 'BB1'];0.2;0.0202;9.9;10.1;4865.9
103703;857092;2026-04-14 09:28:05.1425;4879.0;4;['TG', 'LS1', 'BB1', 'F'];0.1;0.0122;8.2;8.3;4879.0
199795;856805;2026-04-14 09:28:05.1852;4824.6;5;['LS1', 'F', 'SC1', 'BB1', 'TG'];0.4;0.0155;25.8;26.2;4850.400000000001
787976;869440;2026-04-14 09:28:05.2315;4873.400000000001;2;['TG', 'LS1'];0.3;0.0254;11.8;12.1;4885.200000000001
103708;857216;2026-04-14 09:28:05.2645;0.0;5;['LS1', 'TG', 'SC1', 'F', 'BB1'];0.71;0.0157;45.13;45.84;4919.17
735266;853840;2026-04-14 09:28:05.2995;2930.4;2;['TG', 'LS1'];0.1;0.0067;15.0;15.1;2945.2000000000003
329592;603165;2026-04-14 09:28:05.3473;0.0;1;['BB1'];0.3;0.0504;5.95;6.25;0.0
103699;857032;2026-04-14 09:28:05.4679;4900.28;5;['LS1', 'SC1', 'F', 'TG', 'BB1'];0.11;0.0091;12.084;12.194;4901.094
474691;A0B9FA;2026-04-14 09:28:05.5127;4881.6;4;['LS1', 'TG', 'F', 'BB1'];0.4;0.0185;21.6;22.0;4903.200000000001
1645832;887915;2026-04-14 09:28:05.5707;0.0;1;['F'];1.4;0.047;29.8;31.2;0.0
103664;855254;2026-04-14 09:28:05.6089;4900.0;2;['TG', 'BB1'];0.1;0.0114;8.75;8.85;4908.75
474838;867003;2026-04-14 09:28:05.6708;4799.68;5;['TG', 'LS1', 'SC1', 'F', 'BB1'];0.385;0.034;11.33;11.715;4815.25
124279;A0DQUH;2026-04-14 09:28:05.6989;4872.696;4;['TG', 'LS1', 'F', 'BB1'];0.262;0.0187;14.002;14.264;3080.52
2862931;A0KEPP;2026-04-14 09:28:05.7414;0.0;2;['LS1', 'F'];0.05;0.006;8.3;8.35;0.0
474869;858463;2026-04-14 09:28:05.9056;4846.2;2;['TG', 'LS1'];0.5;0.0254;19.7;20.2;4865.9
199815;858734;2026-04-14 09:28:05.9511;4920.63;5;['LS1', 'F', 'SC1', 'TG', 'BB1'];0.1;0.0098;10.24;10.34;4935.68
474871;763961;2026-04-14 09:28:05.9987;4857.400000000001;3;['TG', 'BB1', 'F'];0.4;0.0245;16.3;16.7;4857.400000000001
2733279;905280;2026-04-14 09:28:06.0359;4791.424;4;['TG', 'LS1', 'F', 'BB1'];0.3;0.0202;14.848;15.148;4808.006
736202;862859;2026-04-14 09:28:06.0829;4860.0;2;['TG', 'LS1'];0.15;0.0278;5.4;5.55;4865.400000000001
735265;908593;2026-04-14 09:28:06.1134;4884.0;5;['LS1', 'SC1', 'F', 'TG', 'BB1'];0.43;0.0194;22.2;22.63;4906.2
103803;865510;2026-04-14 09:28:06.1434;7660.95;4;['LS1', 'TG', 'F', 'SC1'];0.95;0.0041;232.9;233.85;7898.200000000001
474916;855664;2026-04-14 09:28:06.2101;4847.0;5;['TG', 'BB1', 'F', 'LS1', 'SC1'];0.6;0.0161;37.2;37.8;4884.0
736356;864105;2026-04-14 09:28:06.2474;4806.8;2;['TG', 'BB1'];0.25;0.0254;9.85;10.1;4806.8
112714;850796;2026-04-14 09:28:06.2751;4865.9;3;['TG', 'F', 'BB1'];0.3;0.0152;19.7;20.0;4885.599999999999
280120;A40S1G;2026-04-14 09:28:06.3146;4873.696;4;['LS1', 'TG', 'BB1', 'F'];0.036;0.0042;8.496;8.532;4877.164000000001
103649;854307;2026-04-14 09:28:06.3530;4849.8;4;['LS1', 'TG', 'F', 'SC1'];0.0095;0.0027;3.469;3.4785;4853.224999999999
1056166;857990;2026-04-14 09:28:06.4001;0.0;1;['F'];0.9;0.06;15.0;15.9;0.0
199819;859557;2026-04-14 09:28:06.4449;4851.0;4;['TG', 'F', 'LS1', 'BB1'];0.3;0.0238;12.6;12.9;4863.599999999999
474926;868112;2026-04-14 09:28:06.4695;0.0;3;['F', 'BB1', 'LS1'];0.1;0.0118;8.45;8.55;0.0
2821251;860809;2026-04-14 09:28:06.5984;4846.200000000001;4;['TG', 'F', 'LS1', 'BB1'];0.05;0.0081;6.2;6.25;4891.8
199806;857636;2026-04-14 09:28:06.6647;4867.2;1;['TG'];0.4;0.0192;20.8;21.2;4888.0
474927;860369;2026-04-14 09:28:06.7155;4867.5;2;['TG', 'BB1'];0.4;0.0226;17.7;18.1;4867.5
103855;870540;2026-04-14 09:28:06.7572;0.0;2;['F', 'LS1'];0.25;0.0278;9.0;9.25;0.0
474940;860856;2026-04-14 09:28:06.8442;0.0;3;['F', 'BB1', 'LS1'];0.4;0.0513;7.8;8.2;0.0
474975;853974;2026-04-14 09:28:06.9282;4897.012;4;['TG', 'LS1', 'F', 'BB1'];0.094;0.0154;6.108;6.202;4904.724
331603;860381;2026-04-14 09:28:06.9728;4848.0;2;['F', 'TG'];0.4;0.0198;20.2;20.6;4868.2
1071114;872998;2026-04-14 09:28:07.0218;4776.2;3;['TG', 'F', 'BB1'];0.1;0.0118;8.5;8.6;4813.2
475014;857049;2026-04-14 09:28:07.0493;4864.2;4;['TG', 'F', 'LS1', 'BB1'];0.4;0.0165;24.2;24.6;4888.4
103621;853510;2026-04-14 09:28:07.0873;9897.804;5;['LS1', 'TG', 'SC1', 'F', 'BB1'];-0.036;-0.002;17.836;17.8;9920.014
2178130;863567;2026-04-14 09:28:07.1330;4851.0;4;['TG', 'LS1', 'F', 'BB1'];1.5;0.0139;108.0;109.5;4963.400000000001
475015;866920;2026-04-14 09:28:07.1702;0.0;4;['F', 'LS1', 'BB1', 'TG'];0.17;0.005;34.21;34.38;4960.45
103992;885021;2026-04-14 09:28:07.2139;0.0;2;['F', 'LS1'];1.0;0.0481;20.8;21.8;0.0
104223;915793;2026-04-14 09:28:07.2444;4898.56;4;['TG', 'SC1', 'F', 'BB1'];0.38;0.0133;28.49;28.87;4928.7699999999995
475016;858423;2026-04-14 09:28:07.2844;;2;['TG', 'LS1'];1.0;0.0187;53.5;54.5;4922.0
983257;914702;2026-04-14 09:28:07.3235;4827.8;2;['TG', 'BB1'];0.1;0.0196;5.1;5.2;4832.849999999999
103225;940070;2026-04-14 09:28:07.3695;0.0;2;['F', 'LS1'];0.5;0.0336;14.9;15.4;0.0
2899890;860458;2026-04-14 09:28:07.4136;0.0;2;['F', 'LS1'];0.4;0.0432;9.25;9.65;0.0
1180508;251734;2026-04-14 09:28:07.4508;0.0;3;['F', 'LS1', 'BB1'];0.6;0.0244;24.6;25.2;0.0
103618;853326;2026-04-14 09:28:07.5191;4849.02;4;['TG', 'F', 'LS1', 'BB1'];0.16;0.0156;10.28;10.44;4861.625
104139;903186;2026-04-14 09:28:07.5791;4894.400000000001;1;['TG'];0.2;0.0124;16.1;16.3;4910.5
475021;255124;2026-04-14 09:28:07.6074;2884.6400000000003;4;['TG', 'LS1', 'F', 'BB1'];0.77;0.0233;32.98;33.75;2918.31
475022;856386;2026-04-14 09:28:07.6492;4875.599999999999;1;['TG'];0.2;0.0196;10.2;10.4;4885.799999999999
735269;859157;2026-04-14 09:28:07.7039;4847.7;3;['TG', 'LS1', 'BB1'];0.2;0.0139;14.4;14.6;4862.0
475023;859269;2026-04-14 09:28:07.7391;4856.400000000001;4;['F', 'LS1', 'TG', 'BB1'];0.4;0.0116;34.4;34.8;4890.6
103632;853686;2026-04-14 09:28:07.7870;18708.129;4;['TG', 'LS1', 'SC1', 'F'];0.0118;0.0063;1.8782;1.89;10151.189999999999
199813;858470;2026-04-14 09:28:07.8353;4924.8;1;['TG'];0.2;0.0123;16.2;16.4;4941.0
475024;859590;2026-04-14 09:28:07.8805;0.0;0;[];0.0;0.0;0.0;0.0;0.0
475027;853942;2026-04-14 09:28:07.9233;0.0;1;['BB1'];0.4;0.046;8.7;9.1;0.0
129677;862930;2026-04-14 09:28:07.9793;4796.22;4;['TG', 'LS1', 'F', 'BB1'];0.22;0.0129;16.99;17.21;4815.860000000001
475028;863674;2026-04-14 09:28:08.0279;0.0;2;['BB1', 'LS1'];2.0;0.0127;157.0;159.0;0.0
103794;864743;2026-04-14 09:28:08.1152;4825.8;1;['TG'];0.08;0.0317;2.52;2.6;4825.8
104247;918470;2026-04-14 09:28:08.1712;4848.0;2;['TG', 'BB1'];1.4;0.0292;48.0;49.4;4896.0
199777;862417;2026-04-14 09:28:08.2292;4861.6;4;['TG', 'LS1', 'F', 'BB1'];0.4;0.0169;23.6;24.0;4885.200000000001
105162;864398;2026-04-14 09:28:08.3192;0.0;3;['F', 'LS1', 'BB1'];0.3;0.0199;15.1;15.4;0.0
513879;880957;2026-04-14 09:28:08.4208;4920.6;2;['TG', 'LS1'];0.4;0.0144;27.8;28.2;4920.6
909355;855181;2026-04-14 09:28:08.4716;4942.83;5;['LS1', 'TG', 'SC1', 'F', 'BB1'];-0.005;-0.0004;13.52;13.515;3068.48
2650838;864074;2026-04-14 09:28:08.5214;0.0;2;['F', 'LS1'];0.3;0.0234;12.8;13.1;0.0
1362309;A0LCLC;2026-04-14 09:28:08.5862;4856.4;2;['TG', 'F'];0.3;0.021;14.3;14.6;4870.599999999999
978698;857546;2026-04-14 09:28:08.6460;4898.0;4;['TG', 'F', 'LS1', 'BB1'];0.56;0.0177;31.62;32.18;4932.72
788482;854348;2026-04-14 09:28:08.6879;4858.05;3;['TG', 'LS1', 'BB1'];0.1;0.0144;6.95;7.05;4858.05
199788;853685;2026-04-14 09:28:08.7372;4869.9;4;['TG', 'LS1', 'BB1', 'F'];0.1;0.0157;6.35;6.45;4876.2
475036;858684;2026-04-14 09:28:08.7829;4850.7;5;['TG', 'F', 'LS1', 'SC1', 'BB1'];0.6;0.0116;51.94;52.54;4901.76
103319;864936;2026-04-14 09:28:08.8224;4862.0;4;['TG', 'BB1', 'LS1', 'F'];0.3;0.021;14.3;14.6;4862.0
2821258;863859;2026-04-14 09:28:08.8818;0.0;1;['BB1'];0.4;0.0423;9.45;9.85;0.0
104059;893151;2026-04-14 09:28:08.9221;4887.41;4;['LS1', 'F', 'SC1', 'TG'];0.09;0.0029;31.35;31.44;4918.54
2136882;A2N9LF;2026-04-14 09:28:08.9648;4900.8525;4;['LS1', 'TG', 'F', 'SC1'];0.005;0.0043;1.16;1.165;4900.665
2378011;855278;2026-04-14 09:28:09.0210;4847.200000000001;4;['F', 'BB1', 'TG', 'LS1'];0.4;0.0241;16.6;17.0;4863.8
103628;853675;2026-04-14 09:28:09.0789;0.0;5;['LS1', 'TG', 'F', 'SC1', 'BB1'];0.13;0.006;21.83;21.96;4923.63
549140;878403;2026-04-14 09:28:09.1123;4918.188;5;['TG', 'LS1', 'SC1', 'F', 'BB1'];0.13;0.011;11.816;11.946;4934.982
103888;873029;2026-04-14 09:28:09.1478;5888.575000000001;2;['TG', 'SC1'];0.015;0.0186;0.805;0.82;5889.38
199824;863460;2026-04-14 09:28:09.1960;4838.4;4;['TG', 'LS1', 'F', 'BB1'];0.6;0.0133;45.0;45.6;4883.2
199818;859493;2026-04-14 09:28:09.2240;4850.8;2;['TG', 'BB1'];0.2;0.0148;13.5;13.7;4887.0
475037;853946;2026-04-14 09:28:09.2670;0.0;2;['LS1', 'SC1'];0.6;0.0163;36.8;37.4;0.0
978702;858541;2026-04-14 09:28:09.2967;4849.5;4;['TG', 'F', 'BB1', 'LS1'];0.1;0.0187;5.35;5.45;4895.25
220017;906582;2026-04-14 09:28:09.3196;0.0;4;['F', 'LS1', 'BB1', 'TG'];0.5;0.0074;67.5;68.0;33500.0
1449549;693608;2026-04-14 09:28:09.3711;4899.0;2;['TG', 'LS1'];0.8;0.0188;42.6;43.4;4941.6
713183;A14Z74;2026-04-14 09:28:09.4156;4909.8;3;['TG', 'SC1', 'BB1'];0.13;0.0133;9.8;9.93;4919.6
475062;859849;2026-04-14 09:28:09.4614;4895.42;4;['SC1', 'TG', 'LS1', 'F'];0.59;0.0182;32.44;33.03;4930.879999999999
104183;929131;2026-04-14 09:28:09.5014;0.0;2;['LS1', 'F'];0.2;0.0196;10.2;10.4;0.0
103785;864009;2026-04-14 09:28:09.6049;9945.130000000001;4;['SC1', 'TG', 'F', 'LS1'];0.08;0.0018;44.04;44.12;3047.04
336204;A1JPFB;2026-04-14 09:28:09.6559;4845.7300000000005;4;['TG', 'F', 'LS1', 'BB1'];0.36;0.0257;14.015;14.375;4863.205
103701;857054;2026-04-14 09:28:09.7267;9843.406;5;['LS1', 'TG', 'F', 'SC1', 'BB1'];0.029;0.0041;7.041;7.07;9851.814
199778;630026;2026-04-14 09:28:09.7657;4910.400000000001;4;['F', 'LS1', 'TG', 'BB1'];0.4;0.0161;24.8;25.2;4935.2
2024843;912928;2026-04-14 09:28:09.8104;4839.75;4;['TG', 'LS1', 'BB1', 'F'];0.55;0.0254;21.64;22.19;4863.5199999999995
516758;860797;2026-04-14 09:28:09.8499;4833.400000000001;3;['LS1', 'F', 'TG'];0.3;0.021;14.3;14.6;4847.7
2899877;877372;2026-04-14 09:28:09.9398;4895.0;1;['TG'];0.2;0.0182;11.0;11.2;4895.0
2899889;863383;2026-04-14 09:28:09.9817;0.0;2;['F', 'LS1'];0.45;0.0529;8.5;8.95;0.0
331754;A0F6LZ;2026-04-14 09:28:10.0194;4892.33;5;['TG', 'LS1', 'SC1', 'BB1', 'F'];0.36;0.0176;20.48;20.84;4915.2
2733289;905986;2026-04-14 09:28:10.0604;0.0;2;['LS1', 'BB1'];0.7;0.068;10.3;11.0;0.0
104107;899393;2026-04-14 09:28:10.0968;0.0;4;['TG', 'LS1', 'F', 'BB1'];4.0;0.0189;212.0;216.0;4876.0
104022;887942;2026-04-14 09:28:10.1264;4914.155;5;['LS1', 'TG', 'SC1', 'F', 'BB1'];0.175;0.0094;18.685;18.86;4932.839999999999
2842583;864341;2026-04-14 09:28:10.1655;0.0;3;['F', 'LS1', 'BB1'];2.0;0.0641;31.2;33.2;0.0
475066;869254;2026-04-14 09:28:10.2212;4862.29;4;['TG', 'F', 'LS1', 'BB1'];0.67;0.0224;29.85;30.52;4895.400000000001
103611;853219;2026-04-14 09:28:10.2598;14701.7;4;['TG', 'SC1', 'LS1', 'F'];0.15;0.0057;26.45;26.6;14728.0
475076;858468;2026-04-14 09:28:10.3207;4903.725;4;['F', 'LS1', 'TG', 'BB1'];0.115;0.0177;6.495;6.61;4903.725
2217829;A0LGD6;2026-04-14 09:28:10.3791;0.0;1;['F'];1.6;0.1032;15.5;17.1;0.0
1486621;A0KD08;2026-04-14 09:28:10.4195;0.0;3;['F', 'LS1', 'BB1'];0.4;0.0442;9.05;9.45;0.0
104088;890849;2026-04-14 09:28:10.4638;0.0;2;['F', 'LS1'];0.25;0.0289;8.65;8.9;0.0
475078;891638;2026-04-14 09:28:10.5138;4740.0;4;['TG', 'SC1', 'BB1', 'F'];7.7;0.0195;395.2;402.9;5136.3
103784;863731;2026-04-14 09:28:10.5535;9860.820000000002;4;['LS1', 'SC1', 'TG', 'F'];0.18;0.0054;33.32;33.5;9893.910000000002
475098;859317;2026-04-14 09:28:10.6106;11725.255;4;['LS1', 'TG', 'SC1', 'F'];0.045;0.0014;31.75;31.795;11732.715
103653;854607;2026-04-14 09:28:10.6544;0.0;5;['TG', 'F', 'LS1', 'SC1', 'BB1'];0.325;0.0197;16.485;16.81;4912.53
199809;857977;2026-04-14 09:28:10.6823;4817.545;5;['F', 'LS1', 'TG', 'BB1', 'SC1'];0.385;0.0287;13.4;13.785;4834.51
103662;855182;2026-04-14 09:28:10.7142;9783.855000000001;5;['LS1', 'TG', 'SC1', 'F', 'BB1'];0.155;0.0083;18.575;18.73;9818.189999999999
104179;908432;2026-04-14 09:28:10.8292;0.0;2;['F', 'LS1'];0.4;0.018;22.2;22.6;0.0
103716;857726;2026-04-14 09:28:10.8601;0.0;4;['TG', 'F', 'LS1', 'BB1'];0.94;0.0151;62.14;63.08;31070.0
103768;861451;2026-04-14 09:28:10.9237;0.0;3;['F', 'BB1', 'LS1'];1.0;0.0391;25.6;26.6;0.0
1623734;A0HL8C;2026-04-14 09:28:10.9480;0.0;2;['F', 'LS1'];0.8;0.0497;16.1;16.9;0.0
103656;854857;2026-04-14 09:28:11.0026;14882.75;5;['LS1', 'SC1', 'F', 'TG', 'BB1'];0.75;0.003;252.25;253.0;15135.0
864857;857451;2026-04-14 09:28:11.0481;4846.1;1;['TG'];0.4;0.0248;16.1;16.5;4862.200000000001
103709;857226;2026-04-14 09:28:11.1122;4943.6;5;['TG', 'F', 'LS1', 'SC1', 'BB1'];0.11;0.0061;18.175;18.285;4961.775000000001
187073;856625;2026-04-14 09:28:11.2405;4839.099999999999;5;['TG', 'LS1', 'F', 'SC1', 'BB1'];1.2;0.0077;156.45;157.65;4995.2
475102;875974;2026-04-14 09:28:11.3141;0.0;3;['F', 'LS1', 'BB1'];0.14;0.0295;4.74;4.88;0.0
2899896;854609;2026-04-14 09:28:11.3499;0.0;1;['F'];0.2;0.0354;5.65;5.85;0.0
1486705;A0RD5X;2026-04-14 09:28:11.4049;4872.0;2;['TG', 'BB1'];0.4;0.0143;28.0;28.4;4900.0
2861085;863779;2026-04-14 09:28:11.4641;0.0;1;['BB1'];0.4;0.0276;14.5;14.9;0.0
434312;864348;2026-04-14 09:28:11.5069;0.0;3;['LS1', 'SC1', 'BB1'];3.0;0.0265;113.0;116.0;0.0
103612;853226;2026-04-14 09:28:11.5629;9804.771;3;['LS1', 'TG', 'F'];0.005;0.0007;6.761;6.766;6794.0
864859;856907;2026-04-14 09:28:11.6045;4943.2;4;['SC1', 'TG', 'BB1', 'LS1'];0.14;0.0047;29.6;29.74;4972.8
103626;853666;2026-04-14 09:28:11.6392;9917.784;4;['TG', 'LS1', 'SC1', 'F'];0.146;0.0094;15.594;15.74;9933.377999999999
103647;854131;2026-04-14 09:28:11.6663;9797.984;5;['LS1', 'TG', 'SC1', 'F', 'BB1'];0.03;0.0053;5.7;5.73;9803.628
2303121;A2DXY2;2026-04-14 09:28:11.6930;0.0;2;['LS1', 'F'];0.8;0.0392;20.4;21.2;0.0
2445008;A0B7CU;2026-04-14 09:28:11.7452;4863.04;4;['TG', 'F', 'LS1', 'BB1'];0.02;0.0055;3.64;3.66;4863.04
735273;855670;2026-04-14 09:28:11.7793;4908.599999999999;2;['TG', 'LS1'];0.2;0.0123;16.2;16.4;4924.8
475110;860414;2026-04-14 09:28:11.8761;4946.48;4;['LS1', 'SC1', 'TG', 'F'];0.24;0.0075;32.14;32.38;4981.7
2660333;A1XFEN;2026-04-14 09:28:11.9192;0.0;2;['F', 'LS1'];0.4;0.0893;4.48;4.88;0.0
2660336;896803;2026-04-14 09:28:11.9700;0.0;4;['TG', 'LS1', 'F', 'BB1'];0.0;0.0;354.0;354.0;17700.0
102293;200455;2026-04-14 09:28:12.0997;4923.200000000001;5;['TG', 'F', 'LS1', 'SC1', 'BB1'];0.2;0.0055;36.2;36.4;4959.400000000001
199814;858586;2026-04-14 09:28:12.1456;4851.3;3;['TG', 'LS1', 'SC1'];0.1;0.0097;10.3;10.4;4861.6
475171;860971;2026-04-14 09:28:12.1889;14702.4;4;['TG', 'LS1', 'F', 'BB1'];1.2;0.0059;204.2;205.4;14906.599999999999
201113;778924;2026-04-14 09:28:12.2437;7907.34;5;['LS1', 'TG', 'SC1', 'F', 'BB1'];0.075;0.0025;29.615;29.69;7939.535
475474;858575;2026-04-14 09:28:12.2737;4825.08;5;['LS1', 'TG', 'SC1', 'F', 'BB1'];0.295;0.0095;31.135;31.43;4858.365
475479;529969;2026-04-14 09:28:12.3193;4878.63;4;['TG', 'LS1', 'BB1', 'F'];0.4;0.014;28.55;28.95;4910.6
103725;858019;2026-04-14 09:28:12.3617;4892.5;4;['LS1', 'TG', 'BB1', 'SC1'];0.1;0.0105;9.55;9.65;4902.0
199786;853656;2026-04-14 09:28:12.4001;7871.0599999999995;4;['TG', 'LS1', 'F', 'SC1'];0.15;0.0046;32.77;32.92;3042.44
735267;A0NFRG;2026-04-14 09:28:12.4475;4859.7;4;['F', 'TG', 'LS1', 'BB1'];0.2;0.012;16.7;16.9;4876.4
2860059;862289;2026-04-14 09:28:12.4951;4860.799999999999;1;['TG'];0.4;0.0179;22.4;22.8;4883.2
331766;A0F6CH;2026-04-14 09:28:12.5471;4899.15;5;['LS1', 'TG', 'F', 'SC1', 'BB1'];0.016;0.0031;5.134;5.15;4902.97
103704;857124;2026-04-14 09:28:12.5903;9898.58;4;['LS1', 'TG', 'F', 'SC1'];-0.01;-0.0004;27.805;27.795;3027.2400000000002
103631;853684;2026-04-14 09:28:12.6391;4860.8;4;['TG', 'F', 'BB1', 'LS1'];0.4;0.0161;24.8;25.2;4885.6
199831;876551;2026-04-14 09:28:12.6794;7839.5992;4;['TG', 'SC1', 'LS1', 'F'];0.0284;0.017;1.672;1.7004;7840.008
103617;853314;2026-04-14 09:28:12.7321;14752.815;5;['LS1', 'SC1', 'TG', 'F', 'BB1'];0.135;0.0053;25.305;25.44;9764.1
103692;856532;2026-04-14 09:28:12.7884;0.0;4;['LS1', 'SC1', 'F', 'BB1'];0.5;0.016;31.18;31.68;0.0
102751;657892;2026-04-14 09:28:12.8293;14767.788;4;['LS1', 'TG', 'F', 'SC1'];0.006;0.0004;15.234;15.24;14782.95
475482;857634;2026-04-14 09:28:12.8804;4797.8;3;['TG', 'F', 'BB1'];0.4;0.0132;30.2;30.6;4860.0
103580;851838;2026-04-14 09:28:12.9815;4864.0;1;['TG'];0.3;0.0197;15.2;15.5;4879.2
810932;542064;2026-04-14 09:28:13.0743;4903.045;4;['TG', 'F', 'LS1', 'SC1'];0.31;0.0084;37.0;37.31;3062.7000000000003
103625;853657;2026-04-14 09:28:13.1142;4931.63;5;['TG', 'LS1', 'SC1', 'F', 'BB1'];0.235;0.0102;23.085;23.32;4954.675
736153;A0RL1S;2026-04-14 09:28:13.1621;4875.599999999999;2;['TG', 'BB1'];0.2;0.0098;20.4;20.6;4896.0
736138;864751;2026-04-14 09:28:13.2123;4883.2;4;['TG', 'LS1', 'F', 'BB1'];0.4;0.0088;45.2;45.6;4928.0
136296;915913;2026-04-14 09:28:13.2612;0.0;3;['F', 'BB1', 'LS1'];1.2;0.0254;47.2;48.4;0.0
1267954;867191;2026-04-14 09:28:13.3536;0.0;3;['F', 'LS1', 'BB1'];0.6;0.0423;14.2;14.8;0.0
2667235;857223;2026-04-14 09:28:13.3933;0.0;1;['LS1'];0.4;0.0155;25.8;26.2;0.0
171818;865331;2026-04-14 09:28:13.4375;4851.1;2;['TG', 'F'];0.2;0.0144;13.9;14.1;4865.0
913326;857658;2026-04-14 09:28:13.4843;4904.599999999999;5;['TG', 'F', 'SC1', 'LS1', 'BB1'];0.1;0.0036;27.4;27.5;4932.0
104226;916008;2026-04-14 09:28:13.5356;4891.92;4;['TG', 'F', 'LS1', 'BB1'];0.02;0.0092;2.18;2.2;4891.92
2821260;A0LAVU;2026-04-14 09:28:13.5767;0.0;2;['F', 'LS1'];0.4;0.0282;14.2;14.6;0.0
384210;894372;2026-04-14 09:28:13.6281;4884.48;1;['TG'];0.06;0.0208;2.88;2.94;4881.599999999999
103688;856273;2026-04-14 09:28:13.6712;0.0;4;['TG', 'F', 'LS1', 'BB1'];0.085;0.0063;13.415;13.5;4917.8
109241;855314;2026-04-14 09:28:13.7206;4945.428;4;['TG', 'LS1', 'BB1', 'F'];0.064;0.0101;6.322;6.386;4950.126
866059;857690;2026-04-14 09:28:13.7652;4896.6320000000005;5;['LS1', 'TG', 'SC1', 'F', 'BB1'];0.038;0.0061;6.242;6.28;4906.002
2733761;925637;2026-04-14 09:28:13.8103;4857.599999999999;2;['TG', 'LS1'];0.25;0.0272;9.2;9.45;4866.799999999999
233629;A2AH3Y;2026-04-14 09:28:13.9013;0.0;1;['F'];0.3;0.2098;1.43;1.73;0.0
722182;A14Z8L;2026-04-14 09:28:13.9600;5858.0;3;['TG', 'BB1', 'F'];0.2;0.0138;14.5;14.7;3063.6000000000004
737486;862874;2026-04-14 09:28:14.0074;0.0;2;['BB1', 'F'];0.3;0.0259;11.6;11.9;0.0
384209;863807;2026-04-14 09:28:14.0605;4878.3;2;['TG', 'BB1'];0.05;0.0099;5.05;5.1;4878.3
475490;856912;2026-04-14 09:28:14.0983;4857.400000000001;4;['F', 'BB1', 'TG', 'LS1'];0.6;0.0201;29.8;30.4;4887.2
475495;858091;2026-04-14 09:28:14.1413;4862.200000000001;2;['TG', 'LS1'];0.6;0.0186;32.2;32.8;4894.400000000001
172088;858569;2026-04-14 09:28:14.1821;4841.849999999999;2;['LS1', 'TG'];0.1;0.0118;8.5;8.6;4841.849999999999
541680;A0JKE7;2026-04-14 09:28:14.2234;0.0;2;['F', 'LS1'];0.16;0.0447;3.58;3.74;0.0
867944;927128;2026-04-14 09:28:14.2623;0.0;3;['LS1', 'F', 'SC1'];0.0455;0.0111;4.111;4.1565;0.0
1505344;A3D9Y7;2026-04-14 09:28:14.3290;4896.0;4;['TG', 'F', 'LS1', 'BB1'];0.4;0.0111;36.0;36.4;4932.0
993121;A12BJJ;2026-04-14 09:28:14.3791;5908.410000000001;5;['TG', 'LS1', 'SC1', 'F', 'BB1'];0.465;0.0124;37.425;37.89;5950.575
103648;854279;2026-04-14 09:28:14.4239;4852.8;4;['TG', 'F', 'LS1', 'BB1'];0.2;0.0278;7.2;7.4;4860.0
2225923;896506;2026-04-14 09:28:14.5229;4889.76;5;['LS1', 'SC1', 'F', 'TG', 'BB1'];0.24;0.0119;20.115;20.355;4912.25
103834;869082;2026-04-14 09:28:14.6102;9783.175000000001;3;['TG', 'LS1', 'F'];0.115;0.0058;19.925;20.04;9803.1
104767;A3C4Y0;2026-04-14 09:28:14.6617;0.0;2;['F', 'LS1'];0.08;0.0576;1.39;1.47;0.0
645054;A3CYF9;2026-04-14 09:28:14.7033;0.0;4;['TG', 'F', 'LS1', 'BB1'];0.06;0.048;1.25;1.31;10500.0
1041362;A2PM8D;2026-04-14 09:28:14.7396;0.0;4;['F', 'LS1', 'SC1', 'BB1'];0.7;0.0543;12.9;13.6;0.0
112722;A0ES62;2026-04-14 09:28:14.7981;;3;['F', 'TG', 'LS1'];0.017;0.9714;0.0175;0.0345;4565.75
2896392;A2P200;2026-04-14 09:28:14.8997;0.0;4;['TG', 'LS1', 'F', 'BB1'];0.49;0.0331;14.79;15.28;7360.0
103951;A2PVFU;2026-04-14 09:28:14.9258;30944.54;4;['F', 'TG', 'LS1', 'SC1'];0.025;0.0018;13.525;13.55;3032.7999999999997
497615;A400P6;2026-04-14 09:28:15.0251;;4;['TG', 'LS1', 'F', 'SC1'];0.4;0.0134;29.8;30.2;4913.6
849898;A2PWDV;2026-04-14 09:28:15.0763;0.0;4;['F', 'TG', 'LS1', 'BB1'];0.05;0.042;1.19;1.24;8687.0
903554;A1J58B;2026-04-14 09:28:15.1218;0.0;4;['TG', 'LS1', 'SC1', 'F'];1.11;0.0243;45.67;46.78;5890.139999999999
1418901;A2QHCZ;2026-04-14 09:28:15.1518;0.0;3;['F', 'TG', 'LS1'];0.045;0.0709;0.635;0.68;7995.0
1204865;A0MVDZ;2026-04-14 09:28:15.1766;17798.268;3;['TG', 'LS1', 'F'];0.044;0.0048;9.175;9.219;17807.399999999998
2428523;A2PUCQ;2026-04-14 09:28:15.2188;0.0;2;['F', 'LS1'];0.3;0.0571;5.25;5.55;0.0
1109587;A2JRKN;2026-04-14 09:28:15.2691;0.0;4;['F', 'TG', 'LS1', 'BB1'];0.09;0.0489;1.84;1.93;4758.0
1207917;A0M6UB;2026-04-14 09:28:15.3015;0.0;3;['F', 'LS1', 'BB1'];0.135;0.0099;13.59;13.725;0.0
1282107;A0QZUD;2026-04-14 09:28:15.3679;0.0;2;['F', 'BB1'];0.01;0.0442;0.226;0.236;0.0
3283553;A40P0P;2026-04-14 09:28:15.4269;0.0;5;['TG', 'F', 'LS1', 'BB1', 'SC1'];0.115;0.0103;11.2;11.315;9861.019999999999
693008;A1W93S;2026-04-14 09:28:15.4727;0.0;2;['F', 'BB1'];0.005;0.0013;3.775;3.78;0.0
1603784;A0YCQ6;2026-04-14 09:28:15.5178;0.0;4;['F', 'LS1', 'TG', 'SC1'];0.052;0.0043;12.032;12.084;5908.704000000001
1159529;A2QR0D;2026-04-14 09:28:15.5735;0.0;3;['F', 'LS1', 'BB1'];0.04;0.0519;0.77;0.81;0.0
1030649;A14S6Z;2026-04-14 09:28:15.6015;0.0;4;['F', 'LS1', 'TG', 'BB1'];0.046;0.0655;0.702;0.748;2878.2
930583;A114UE;2026-04-14 09:28:15.6406;0.0;3;['LS1', 'F', 'BB1'];0.02;0.0671;0.298;0.318;0.0
3001252;A2QRS0;2026-04-14 09:28:15.6673;0.0;5;['F', 'LS1', 'TG', 'BB1', 'SC1'];0.285;0.0139;20.5;20.785;20470.0
436691;A2PTXR;2026-04-14 09:28:15.7262;0.0;3;['F', 'LS1', 'BB1'];0.028;0.0581;0.482;0.51;0.0
2632490;A3ECU9;2026-04-14 09:28:15.7697;0.0;5;['TG', 'LS1', 'BB1', 'F', 'SC1'];0.095;0.0098;9.725;9.82;4668.552000000001
515924;A1C64L;2026-04-14 09:28:15.8398;0.0;1;['F'];0.0235;0.5222;0.045;0.0685;0.0
2131833;A1W79C;2026-04-14 09:28:15.8913;0.0;4;['F', 'TG', 'LS1', 'BB1'];0.012;0.0395;0.304;0.316;4864.0
111686;A3CTND;2026-04-14 09:28:15.9886;0.0;3;['F', 'TG', 'BB1'];0.016;0.1111;0.144;0.16;3220.161
2920590;A2PNDZ;2026-04-14 09:28:16.0523;0.0;3;['LS1', 'F', 'TG'];0.045;0.0566;0.795;0.84;10414.5
896815;A1JSAT;2026-04-14 09:28:16.1471;0.0;4;['F', 'LS1', 'TG', 'BB1'];0.018;0.0405;0.444;0.462;8613.6
781320;A1C1F2;2026-04-14 09:28:16.1863;0.0;3;['LS1', 'F', 'BB1'];0.017;0.1;0.17;0.187;0.0
259054;A0Q2Q0;2026-04-14 09:28:16.2342;0.0;1;['F'];0.0095;19.0;0.0005;0.01;0.0
199857;903621;2026-04-14 09:28:16.3310;8798.74;4;['TG', 'F', 'LS1', 'BB1'];0.14;0.0427;3.28;3.42;8802.0
275708;A0B5T9;2026-04-14 09:28:16.3632;11422.215;4;['TG', 'LS1', 'F', 'BB1'];0.111;0.0621;1.787;1.898;11424.0
1818248;A1W9X0;2026-04-14 09:28:16.4022;0.0;2;['F', 'LS1'];0.001;0.0385;0.026;0.027;0.0
378910;A1JLYP;2026-04-14 09:28:16.4505;0.0;4;['TG', 'LS1', 'F', 'BB1'];0.06;0.04;1.5;1.56;7200.0
332244;A0DNLW;2026-04-14 09:28:16.4882;0.0;3;['F', 'LS1', 'TG'];0.04;0.0381;1.05;1.09;4830.0
1217405;A0M189;2026-04-14 09:28:16.6319;0.0;1;['F'];0.005;0.1176;0.0425;0.0475;0.0
624495;A0YA4J;2026-04-14 09:28:16.7303;0.0;4;['TG', 'BB1', 'F', 'LS1'];0.009;0.0556;0.162;0.171;7581.6
1901366;A1JQKP;2026-04-14 09:28:16.7771;0.0;4;['TG', 'LS1', 'F', 'BB1'];0.05;0.0424;1.18;1.23;8614.0
123819;A40XVT;2026-04-14 09:28:16.8201;0.0;1;['F'];0.003;0.0706;0.0425;0.0455;0.0
171977;A1H6UR;2026-04-14 09:28:16.9125;12129.416000000001;3;['F', 'TG', 'LS1'];0.046;0.011;4.19;4.236;12133.6
244858;A117DL;2026-04-14 09:28:17.0619;0.0;2;['F', 'LS1'];0.0015;0.0429;0.035;0.0365;0.0
478982;A1C4XD;2026-04-14 09:28:17.1061;0.0;3;['TG', 'LS1', 'F'];0.02;0.0339;0.59;0.61;4366.0
1050090;A14U8U;2026-04-14 09:28:17.1523;3271.3644;3;['F', 'TG', 'LS1'];0.0068;0.0581;0.117;0.1238;3271.48
2137842;A1W98X;2026-04-14 09:28:17.3028;0.0;4;['TG', 'BB1', 'F', 'LS1'];0.02;0.1653;0.121;0.141;9450.1
1243682;A2N461;2026-04-14 09:28:17.4390;0.0;2;['F', 'BB1'];0.034;0.0895;0.38;0.414;0.0
1487997;A2H5WZ;2026-04-14 09:28:17.4841;14141.28;3;['TG', 'F', 'LS1'];0.18;0.0662;2.72;2.9;14144.000000000002
3386387;A41E9M;2026-04-14 09:28:17.5269;0.0;4;['TG', 'F', 'LS1', 'BB1'];0.06;0.017;3.52;3.58;3273.6
170167;A2DHMW;2026-04-14 09:28:17.5668;0.0;4;['F', 'TG', 'LS1', 'BB1'];0.01;0.0329;0.304;0.314;6867.2
2000329;A1J8V1;2026-04-14 09:28:17.6562;0.0;1;['F'];0.006;1.3333;0.0045;0.0105;0.0
938304;A1C9HR;2026-04-14 09:28:17.7090;0.0;4;['TG', 'F', 'LS1', 'BB1'];0.012;0.0811;0.148;0.16;5535.2
867946;A1J025;2026-04-14 09:28:17.8450;0.0;2;['F', 'LS1'];0.013;0.1102;0.118;0.131;0.0
2879888;A2DQEM;2026-04-14 09:28:17.8841;0.0;3;['F', 'LS1', 'BB1'];0.0045;0.0566;0.0795;0.084;0.0
1897742;A14QAZ;2026-04-14 09:28:17.9198;10316.118;3;['F', 'LS1', 'TG'];0.058;0.0084;6.914;6.972;10323.0
189244;662762;2026-04-14 09:28:17.9759;0.0;2;['F', 'LS1'];0.003;0.0385;0.078;0.081;0.0
1717940;A2GSU2;2026-04-14 09:28:18.0173;6220.411999999999;4;['F', 'TG', 'LS1', 'BB1'];0.05;0.0096;5.208;5.258;6225.599999999999
1627386;A0N9P2;2026-04-14 09:28:18.0626;0.0;2;['TG', 'BB1'];0.05;0.0446;1.12;1.17;7040.000000000001
794359;A117Q6;2026-04-14 09:28:18.1452;0.0;2;['F', 'LS1'];0.018;0.075;0.24;0.258;0.0
935957;A2ATX5;2026-04-14 09:28:18.1932;0.0;4;['TG', 'BB1', 'LS1', 'F'];0.009;0.0616;0.146;0.155;4248.599999999999
156460;A1C04L;2026-04-14 09:28:18.2418;0.0;3;['F', 'LS1', 'BB1'];0.013;0.0844;0.154;0.167;0.0
1363970;913867;2026-04-14 09:28:18.3002;0.0;4;['TG', 'LS1', 'BB1', 'SC1'];0.64;0.0225;28.42;29.06;5870.5199999999995
189245;A0MNX4;2026-04-14 09:28:18.3495;0.0;3;['TG', 'F', 'LS1'];0.0041;0.1358;0.0302;0.0343;4403.16
2551819;A2PEFW;2026-04-14 09:28:18.4092;0.0;4;['F', 'TG', 'LS1', 'BB1'];0.0385;0.0375;1.0265;1.065;4794.0
1476434;A0M8U5;2026-04-14 09:28:18.5502;0.0;4;['LS1', 'TG', 'F', 'BB1'];0.04;0.0312;1.28;1.32;9652.0
201410;A0Q8Q2;2026-04-14 09:28:18.6337;0.0;2;['F', 'LS1'];0.001;0.0225;0.0445;0.0455;0.0
3027336;A40PU6;2026-04-14 09:28:18.6900;0.0;3;['TG', 'F', 'LS1'];0.0128;0.0284;0.4502;0.463;2573.7236
1025243;A1J083;2026-04-14 09:28:18.7202;0.0;3;['F', 'LS1', 'BB1'];0.087;0.0222;3.922;4.009;0.0
2585328;A2DQXB;2026-04-14 09:28:18.7691;0.0;4;['TG', 'F', 'BB1', 'LS1'];0.01;0.1136;0.088;0.098;4350.0
636579;A1C593;2026-04-14 09:28:18.8468;10346.098;3;['TG', 'LS1', 'F'];0.102;0.0147;6.92;7.022;5705.599999999999
894427;A0EQWV;2026-04-14 09:28:18.9957;0.0;2;['F', 'LS1'];0.01;0.1176;0.085;0.095;0.0
379981;A2QD66;2026-04-14 09:28:19.0741;0.0;4;['LS1', 'F', 'TG', 'BB1'];0.12;0.0294;4.08;4.2;12585.999999999998
174957;879370;2026-04-14 09:28:19.1147;0.0;2;['F', 'LS1'];0.04;0.625;0.064;0.104;0.0
3723852;A0YDC6;2026-04-14 09:28:19.1682;0.0;2;['F', 'LS1'];0.0045;0.6923;0.0065;0.011;0.0
1215822;A0Q2S5;2026-04-14 09:28:19.2256;0.0;4;['TG', 'BB1', 'SC1', 'F'];2.8;0.0047;595.6;598.4;4169.2
1003830;A419P0;2026-04-14 09:28:19.2928;0.0;4;['F', 'BB1', 'LS1', 'TG'];0.06;0.0254;2.36;2.42;4956.0
1715887;A1W50E;2026-04-14 09:28:19.3388;0.0;1;['F'];0.0085;0.1111;0.0765;0.085;0.0
112754;910307;2026-04-14 09:28:19.3919;0.0;4;['TG', 'LS1', 'SC1', 'BB1'];0.6;0.0169;35.4;36.0;3929.3999999999996
1979207;A1CZF7;2026-04-14 09:28:19.4339;0.0;3;['F', 'LS1', 'BB1'];0.03;0.0408;0.735;0.765;0.0
474431;A0M61Y;2026-04-14 09:28:19.4680;0.0;2;['F', 'LS1'];0.003;0.0297;0.101;0.104;0.0
767624;A0CACX;2026-04-14 09:28:19.5167;15996.3335;4;['SC1', 'TG', 'LS1', 'F'];0.0135;0.005;2.676;2.6895;15999.0
1841632;A2ACSB;2026-04-14 09:28:19.5590;0.0;4;['F', 'BB1', 'TG', 'LS1'];0.022;0.0161;1.368;1.39;5848.0
584627;A3C3E0;2026-04-14 09:28:19.6062;0.0;3;['F', 'TG', 'LS1'];0.014;0.0422;0.332;0.346;9762.6
1795732;A2DF4S;2026-04-14 09:28:19.6324;0.0;4;['F', 'TG', 'LS1', 'BB1'];0.025;0.0056;4.45;4.475;9636.0
112755;657093;2026-04-14 09:28:19.6776;0.0;2;['LS1', 'F'];0.007;2.3333;0.003;0.01;0.0
2486936;A3C6AF;2026-04-14 09:28:19.7184;9926.865;4;['F', 'SC1', 'LS1', 'TG'];0.26;0.0062;41.685;41.945;9968.4
1894131;A1C9EU;2026-04-14 09:28:19.8077;0.0;2;['TG', 'F'];0.013;0.1275;0.102;0.115;10352.5
898178;A3D1KF;2026-04-14 09:28:19.8995;0.0;3;['TG', 'LS1', 'BB1'];0.08;0.0526;1.52;1.6;951.52
2763680;A2DT6V;2026-04-14 09:28:19.9392;10271.144;4;['F', 'TG', 'LS1', 'BB1'];0.01;0.0117;0.856;0.866;3055.5
447475;A0J3T1;2026-04-14 09:28:20.0639;0.0;3;['F', 'LS1', 'BB1'];0.015;0.0151;0.995;1.01;0.0
547451;A3C8H0;2026-04-14 09:28:20.1433;0.0;4;['LS1', 'TG', 'SC1', 'F'];0.032;0.01;3.193;3.225;8949.979
693252;A3DWKK;2026-04-14 09:28:20.2161;0.0;2;['LS1', 'F'];0.045;0.0577;0.78;0.825;0.0
757736;A2N5TQ;2026-04-14 09:28:20.2762;6280.4295;3;['LS1', 'F', 'TG'];0.0315;0.0198;1.588;1.6195;6282.0
2182317;A2DTAJ;2026-04-14 09:28:20.3185;0.0;4;['TG', 'F', 'LS1', 'BB1'];0.07;0.0538;1.3;1.37;10400.0
394379;A0YJE8;2026-04-14 09:28:20.3476;7477.008;4;['F', 'TG', 'LS1', 'BB1'];0.05;0.0167;2.99;3.04;7475.000000000001
275598;A0DNX7;2026-04-14 09:28:20.3826;5881.5;5;['TG', 'LS1', 'SC1', 'F', 'BB1'];0.24;0.0183;13.08;13.32;5894.57
1134238;A14PX6;2026-04-14 09:28:20.4805;0.0;3;['TG', 'LS1', 'F'];0.035;0.0402;0.87;0.905;4872.0
1627364;A0NFGQ;2026-04-14 09:28:20.5514;0.0;1;['F'];0.0025;0.1316;0.019;0.0215;0.0
1334186;A1W6PU;2026-04-14 09:28:20.5991;0.0;2;['F', 'LS1'];0.0135;0.8437;0.016;0.0295;0.0
3195948;A40QBS;2026-04-14 09:28:20.6518;0.0;2;['F', 'LS1'];0.018;0.0236;0.762;0.78;0.0
104970;A3CSNS;2026-04-14 09:28:20.7839;0.0;4;['LS1', 'F', 'BB1', 'TG'];0.12;0.0274;4.38;4.5;12644.000000000002
1014826;A0RMZE;2026-04-14 09:28:20.8288;0.0;2;['F', 'LS1'];0.026;0.2281;0.114;0.14;0.0
690602;A2PJ5B;2026-04-14 09:28:20.8734;0.0;3;['F', 'LS1', 'BB1'];0.06;0.0234;2.56;2.62;0.0
514592;A2P65T;2026-04-14 09:28:20.9303;0.0;3;['F', 'LS1', 'TG'];0.05;0.0385;1.3;1.35;7800.0
529108;A2PMJW;2026-04-14 09:28:20.9972;0.0;1;['TG'];0.01;0.0098;1.02;1.03;7446.0
1387937;A2DJD8;2026-04-14 09:28:21.0716;9758.4;4;['TG', 'F', 'LS1', 'BB1'];0.8;0.0155;51.56;52.36;9809.76
1930494;A1402U;2026-04-14 09:28:21.1112;0.0;3;['TG', 'F', 'LS1'];0.035;0.0435;0.805;0.84;7003.5
701618;A2PVC2;2026-04-14 09:28:21.1628;0.0;4;['F', 'TG', 'LS1', 'BB1'];0.04;0.025;1.6;1.64;8635.0
3047474;A2N7N8;2026-04-14 09:28:21.1965;9155.835;4;['TG', 'F', 'LS1', 'BB1'];0.284;0.0307;9.257;9.541;9165.0
1331102;A3DF90;2026-04-14 09:28:21.2508;0.0;2;['LS1', 'F'];0.055;0.3216;0.171;0.226;0.0
2308983;A2QK1R;2026-04-14 09:28:21.2973;0.0;3;['F', 'TG', 'LS1'];0.08;0.1013;0.79;0.87;4740.0
592160;A3EV9A;2026-04-14 09:28:21.3336;0.0;4;['F', 'TG', 'LS1', 'BB1'];0.06;0.0545;1.1;1.16;8580.0
1569078;A2QJHB;2026-04-14 09:28:21.3962;28888.231;3;['TG', 'F', 'LS1'];0.135;0.0264;5.117;5.252;28893.3
1320884;A3CPT6;2026-04-14 09:28:21.4490;0.0;4;['TG', 'F', 'LS1', 'BB1'];0.04;0.0245;1.63;1.67;4890.0
3012231;A2PL6U;2026-04-14 09:28:21.4768;0.0;4;['F', 'TG', 'LS1', 'BB1'];0.012;0.0472;0.254;0.266;7137.400000000001
2824186;A2PXTE;2026-04-14 09:28:21.5182;0.0;4;['TG', 'F', 'BB1', 'LS1'];0.051;0.2787;0.183;0.234;8601.0
1505642;A2QCW8;2026-04-14 09:28:21.5758;0.0;3;['TG', 'F', 'BB1'];0.004;0.3077;0.013;0.017;3276.0
244856;A117DF;2026-04-14 09:28:21.6295;0.0;3;['F', 'TG', 'LS1'];0.008;0.1081;0.074;0.082;3983.7
781312;A0MURV;2026-04-14 09:28:21.6859;0.0;2;['F', 'LS1'];0.009;0.3214;0.028;0.037;0.0
703776;A3CSB7;2026-04-14 09:28:21.7373;0.0;2;['F', 'LS1'];0.05;0.009;5.55;5.6;0.0
1989012;A0DK62;2026-04-14 09:28:21.7742;0.0;3;['F', 'LS1', 'BB1'];0.04;0.0092;4.36;4.4;0.0
112759;A0QZ4D;2026-04-14 09:28:21.8149;0.0;2;['TG', 'F'];0.0294;0.0323;0.9105;0.9399;3913.4300000000003
447488;A0LF44;2026-04-14 09:28:21.8517;0.0;2;['F', 'LS1'];0.014;0.1045;0.134;0.148;0.0
1379253;A0LENM;2026-04-14 09:28:21.9104;0.0;4;['TG', 'F', 'LS1', 'BB1'];0.06;0.0227;2.64;2.7;8908.0
1576239;A3D4D9;2026-04-14 09:28:21.9496;0.0;3;['F', 'LS1', 'BB1'];0.02;0.0213;0.94;0.96;0.0
447489;A0M160;2026-04-14 09:28:22.0079;0.0;4;['BB1', 'TG', 'F', 'LS1'];0.14;0.0565;2.48;2.62;6696.0
447491;A0MUW7;2026-04-14 09:28:22.0554;0.0;1;['F'];0.0295;8.4286;0.0035;0.033;0.0
1566103;A2QNAP;2026-04-14 09:28:22.0875;13816.634;3;['TG', 'LS1', 'F'];0.0895;0.0186;4.823;4.9125;13821.4
1282100;A0YH2V;2026-04-14 09:28:22.1498;0.0;3;['LS1', 'F', 'BB1'];0.02;0.0559;0.358;0.378;0.0
2015549;A12CU5;2026-04-14 09:28:22.2115;0.0;1;['F'];0.022;0.1833;0.12;0.142;0.0
2932060;A1T72E;2026-04-14 09:28:22.2604;0.0;1;['F'];0.0115;0.92;0.0125;0.024;0.0
2252788;A2QACD;2026-04-14 09:28:22.2921;0.0;3;['F', 'LS1', 'TG'];0.115;0.0146;7.86;7.975;5835.0
1317478;A14M4J;2026-04-14 09:28:22.3446;0.0;2;['F', 'LS1'];0.031;0.1676;0.185;0.216;0.0
2053433;A2PLRC;2026-04-14 09:28:22.3734;0.0;4;['LS1', 'F', 'TG', 'BB1'];0.106;0.0258;4.101;4.207;2605.31
112763;A0M0Z9;2026-04-14 09:28:22.4146;8965.64;3;['TG', 'F', 'LS1'];0.032;0.0135;2.375;2.407;8968.0
628921;A0LB38;2026-04-14 09:28:22.4523;0.0;4;['F', 'BB1', 'TG', 'LS1'];0.018;0.0588;0.306;0.324;7448.0
2759544;A1XA8H;2026-04-14 09:28:22.4978;0.0;4;['TG', 'F', 'LS1', 'BB1'];0.01;0.0741;0.135;0.145;9261.0
2647140;A2QSJU;2026-04-14 09:28:22.5727;0.0;4;['F', 'LS1', 'BB1', 'TG'];0.016;0.0696;0.23;0.246;8372.0
2274313;A0YDPN;2026-04-14 09:28:22.6174;12311.145;3;['TG', 'F', 'LS1'];0.045;0.0526;0.855;0.9;12312.0
447492;A0Q9YC;2026-04-14 09:28:22.6645;0.0;3;['F', 'LS1', 'BB1'];0.028;0.08;0.35;0.378;0.0
514566;A3C80G;2026-04-14 09:28:22.7165;0.0;4;['F', 'TG', 'LS1', 'BB1'];0.012;0.0571;0.21;0.222;8526.0
269342;A1J2MK;2026-04-14 09:28:22.8743;5883.92;4;['LS1', 'TG', 'SC1', 'BB1'];0.16;0.0107;15.01;15.17;2048.8599999999997
1256256;A2PCAW;2026-04-14 09:28:22.9232;0.0;3;['F', 'LS1', 'BB1'];0.02;0.032;0.625;0.645;0.0
469885;A2JGHF;2026-04-14 09:28:22.9501;0.0;2;['TG', 'BB1'];0.35;0.0435;8.05;8.4;4789.75
2510539;A2N5NR;2026-04-14 09:28:23.0363;12837.224;4;['TG', 'LS1', 'F', 'SC1'];0.071;0.0077;9.203;9.274;12846.4
1163940;A2DJD5;2026-04-14 09:28:23.0953;0.0;2;['TG', 'LS1'];0.0196;0.0433;0.4524;0.472;7238.400000000001
554291;A1JA42;2026-04-14 09:28:23.1380;9543.849999999999;2;['TG', 'BB1'];0.04;0.0342;1.17;1.21;9545.0
241114;A0YD5G;2026-04-14 09:28:23.1778;0.0;2;['F', 'LS1'];0.039;0.2;0.195;0.234;0.0
197772;A1C5AB;2026-04-14 09:28:23.2309;0.0;4;['F', 'TG', 'LS1', 'BB1'];0.03;0.0306;0.98;1.01;7252.0
1017936;A0HNNB;2026-04-14 09:28:23.3391;0.0;3;['F', 'LS1', 'BB1'];0.04;0.0098;4.08;4.12;0.0
3914779;A2QF4D;2026-04-14 09:28:23.3613;0.0;3;['TG', 'LS1', 'BB1'];0.075;0.0227;3.3;3.375;8680.5
112765;A0JC7N;2026-04-14 09:28:23.4062;0.0;2;['LS1', 'BB1'];0.003;0.375;0.008;0.011;0.0
1363802;A2AB5H;2026-04-14 09:28:23.4431;0.0;4;['TG', 'LS1', 'F', 'BB1'];0.035;0.053;0.66;0.695;4752.0
108955;A2PQ1U;2026-04-14 09:28:23.4677;0.0;3;['F', 'LS1', 'BB1'];0.05;0.0439;1.14;1.19;0.0
773257;A0LB2X;2026-04-14 09:28:23.5221;7061.410199999999;3;['TG', 'LS1', 'F'];0.029;0.0644;0.45;0.479;7061.86
1751627;A2P5NF;2026-04-14 09:28:23.6062;0.0;4;['F', 'TG', 'LS1', 'BB1'];0.562;0.0299;18.782;19.344;13147.4
459817;A0M620;2026-04-14 09:28:23.6522;4849.03;4;['TG', 'F', 'LS1', 'BB1'];0.03;0.0309;0.97;1.0;4850.0
821715;A2QQTB;2026-04-14 09:28:23.6931;0.0;4;['TG', 'LS1', 'F', 'BB1'];0.16;0.0335;4.78;4.94;10038.0
459823;A0MV9X;2026-04-14 09:28:23.7346;0.0;1;['F'];0.014;0.5091;0.0275;0.0415;0.0
895425;A1W6CU;2026-04-14 09:28:23.7899;0.0;3;['F', 'LS1', 'BB1'];0.03;0.0522;0.575;0.605;0.0
3781392;A1JG0Q;2026-04-14 09:28:23.8367;0.0;1;['LS1'];0.014;0.5;0.028;0.042;0.0
778792;A2N4PC;2026-04-14 09:28:23.8901;8349.43;4;['LS1', 'SC1', 'TG', 'F'];0.01;0.0018;5.6;5.61;8355.0
2200771;A3C82G;2026-04-14 09:28:23.9317;14719.775;4;['TG', 'LS1', 'SC1', 'F'];0.2;0.0158;12.68;12.88;14732.41
2141810;A2P723;2026-04-14 09:28:23.9872;0.0;4;['F', 'TG', 'LS1', 'BB1'];0.045;0.0539;0.835;0.88;10437.5
1891263;A0MRJK;2026-04-14 09:28:24.0324;0.0;3;['F', 'LS1', 'BB1'];0.021;0.1892;0.111;0.132;0.0
1485977;A2P4JC;2026-04-14 09:28:24.0817;0.0;4;['F', 'TG', 'LS1', 'BB1'];0.025;0.0333;0.75;0.775;7725.0
3391854;A3DQJA;2026-04-14 09:28:24.1381;0.0;4;['TG', 'LS1', 'F', 'BB1'];0.048;0.0348;1.38;1.428;2886.7740000000003
112782;A0JEEL;2026-04-14 09:28:24.1830;0.0;3;['LS1', 'F', 'BB1'];0.018;0.0692;0.26;0.278;0.0
1928719;A2JKHM;2026-04-14 09:28:24.2315;0.0;3;['TG', 'F', 'LS1'];0.0404;0.0321;1.2574;1.2978;5406.820000000001
2357652;A2QKKF;2026-04-14 09:28:24.2711;0.0;4;['TG', 'LS1', 'F', 'SC1'];0.4;0.0231;17.3;17.7;27680.0
618564;A0YBL8;2026-04-14 09:28:24.3070;0.0;2;['F', 'LS1'];0.0015;0.0588;0.0255;0.027;0.0
1188366;A3E3BG;2026-04-14 09:28:24.3629;0.0;1;['LS1'];0.002;0.0426;0.047;0.049;0.0
3781393;A3C82F;2026-04-14 09:28:24.4300;0.0;2;['LS1', 'F'];0.464;2.7135;0.171;0.635;0.0
3240943;A40WJT;2026-04-14 09:28:24.4687;0.0;2;['F', 'LS1'];0.75;0.0769;9.75;10.5;0.0
1930495;A14ZYZ;2026-04-14 09:28:24.5016;0.0;2;['F', 'LS1'];0.018;0.0857;0.21;0.228;0.0
3813234;A40M38;2026-04-14 09:28:24.5878;0.0;2;['F', 'LS1'];0.004;0.1333;0.03;0.034;0.0
520388;A0YFEW;2026-04-14 09:28:24.6276;9845.0765;3;['TG', 'LS1', 'F'];0.042;0.023;1.828;1.87;9846.9
1126122;907440;2026-04-14 09:28:24.6614;0.0;2;['TG', 'F'];0.009;0.104;0.0865;0.0955;4334.400000000001
177146;A0YEQ6;2026-04-14 09:28:24.7167;4347.321;4;['TG', 'LS1', 'F', 'BB1'];0.025;0.0194;1.288;1.313;4348.599999999999
843348;A2P60F;2026-04-14 09:28:24.7595;0.0;2;['LS1', 'BB1'];0.014;0.0631;0.222;0.236;0.0
1336555;A0HL4U;2026-04-14 09:28:24.8163;8579.949999999999;3;['F', 'TG', 'LS1'];0.25;0.049;5.1;5.35;8585.0
2259569;A3CN0W;2026-04-14 09:28:24.8580;0.0;2;['F', 'LS1'];0.014;0.0693;0.202;0.216;0.0
647774;A0J3E1;2026-04-14 09:28:24.9086;0.0;2;['TG', 'F'];0.0105;0.7778;0.0135;0.024;3348.0
112786;A0J3NL;2026-04-14 09:28:24.9470;;1;['TG'];0.0065;0.1193;0.0545;0.061;3994.85
307411;A0YGKV;2026-04-14 09:28:25.0121;0.0;2;['F', 'LS1'];0.002;0.3077;0.0065;0.0085;0.0
1068088;A0YB0D;2026-04-14 09:28:25.0773;0.0;2;['F', 'LS1'];0.001;0.05;0.02;0.021;0.0
1043500;A3CRCM;2026-04-14 09:28:25.1410;0.0;3;['LS1', 'F', 'BB1'];0.035;0.0127;2.755;2.79;0.0
348937;A0CBDJ;2026-04-14 09:28:25.1826;0.0;3;['F', 'TG', 'LS1'];0.024;0.0386;0.6224;0.6464;5788.32
895413;A1C6AA;2026-04-14 09:28:25.2836;0.0;4;['TG', 'LS1', 'F', 'BB1'];0.093;0.0252;3.694;3.787;10712.6
2114711;A2P5N8;2026-04-14 09:28:25.3305;0.0;4;['LS1', 'SC1', 'TG', 'F'];0.048;0.0038;12.502;12.55;6217.0
494335;A0M1X8;2026-04-14 09:28:25.3587;0.0;4;['TG', 'F', 'BB1', 'LS1'];0.0025;0.0538;0.0465;0.049;7275.599999999999
112787;A0NAKN;2026-04-14 09:28:25.3951;0.0;1;['F'];0.015;30.0;0.0005;0.0155;0.0
1835327;A2N7XN;2026-04-14 09:28:25.4746;5893.580000000001;3;['SC1', 'TG', 'LS1'];0.225;0.0181;12.46;12.685;5906.04
1434138;A0YF8N;2026-04-14 09:28:25.5676;0.0;4;['TG', 'F', 'LS1', 'BB1'];0.009;0.0796;0.113;0.122;6904.3
353566;A0MUFB;2026-04-14 09:28:25.6260;19961.343999999997;3;['TG', 'F', 'LS1'];0.079;0.0118;6.698;6.777;19968.0
502648;A0RFDZ;2026-04-14 09:28:25.7187;0.0;3;['F', 'LS1', 'BB1'];0.079;0.0546;1.446;1.525;0.0
950412;A1XBE8;2026-04-14 09:28:25.7627;3935.16;5;['TG', 'SC1', 'LS1', 'F', 'BB1'];0.53;0.0137;38.58;39.11;3973.74
1439301;A1138D;2026-04-14 09:28:25.7978;74608.67;5;['TG', 'LS1', 'SC1', 'F', 'BB1'];0.18;0.0034;53.38;53.56;5358.0
2679759;A3DTMX;2026-04-14 09:28:25.8435;0.0;4;['TG', 'LS1', 'F', 'BB1'];0.07;0.0175;4.01;4.08;4120.0
2257055;A1137V;2026-04-14 09:28:25.9596;0.0;5;['TG', 'LS1', 'F', 'SC1', 'BB1'];0.2;0.0144;13.9;14.1;4892.8
1309045;A0MUFS;2026-04-14 09:28:25.9930;0.0;3;['F', 'LS1', 'BB1'];0.03;0.0283;1.06;1.09;0.0
3939182;A41HY9;2026-04-14 09:28:26.0187;0.0;2;['LS1', 'F'];1.5;0.1181;12.7;14.2;0.0
1361400;A0RPSW;2026-04-14 09:28:26.0443;5691.288500000001;4;['TG', 'F', 'LS1', 'BB1'];0.03;0.0414;0.724;0.754;5692.0
502654;A0JMZY;2026-04-14 09:28:26.0982;0.0;2;['F', 'LS1'];0.024;0.375;0.064;0.088;0.0
976737;A14T7Q;2026-04-14 09:28:26.1477;0.0;4;['TG', 'F', 'LS1', 'BB1'];0.102;0.0414;2.464;2.566;6836.2
318779;899106;2026-04-14 09:28:26.1900;0.0;3;['F', 'LS1', 'TG'];0.06;0.0426;1.41;1.47;14382.0
2627629;A2N9FG;2026-04-14 09:28:26.2387;0.0;4;['F', 'BB1', 'TG', 'LS1'];0.06;0.0306;1.96;2.02;8820.0
1019346;A0MVK9;2026-04-14 09:28:26.2822;0.0;1;['BB1'];0.022;0.0591;0.372;0.394;0.0
2149015;A3CMCK;2026-04-14 09:28:26.3242;0.0;2;['SC1', 'TG'];1.2;0.0282;42.6;43.8;12720.0
1224387;A3C7PV;2026-04-14 09:28:26.3724;0.0;2;['TG', 'F'];0.06;0.0297;2.02;2.08;1908.41
1379663;A1H4PU;2026-04-14 09:28:26.4628;0.0;1;['F'];0.01;0.0952;0.105;0.115;0.0
710529;A0M8X2;2026-04-14 09:28:26.4909;0.0;3;['F', 'LS1', 'BB1'];0.06;0.0723;0.83;0.89;0.0
104711;A3DMHQ;2026-04-14 09:28:26.5417;0.0;1;['F'];0.17;0.0872;1.95;2.12;0.0
1031712;A0M7L2;2026-04-14 09:28:26.5855;0.0;2;['F', 'LS1'];0.052;0.26;0.2;0.252;0.0
1103545;757618;2026-04-14 09:28:26.6532;0.0;3;['LS1', 'F', 'BB1'];0.2;0.0234;8.55;8.75;0.0
1749270;A2PH5Q;2026-04-14 09:28:26.7189;0.0;3;['F', 'LS1', 'BB1'];0.01;0.05;0.2;0.21;0.0
1340212;A0NFF4;2026-04-14 09:28:26.7630;0.0;3;['F', 'BB1', 'LS1'];0.024;0.0515;0.466;0.49;0.0
1120809;A40P0H;2026-04-14 09:28:26.8092;2918.496;3;['TG', 'LS1', 'BB1'];0.076;0.0368;2.064;2.14;2920.56
1105478;A2PRSF;2026-04-14 09:28:26.8471;0.0;1;['BB1'];0.09;0.0119;7.56;7.65;0.0
777905;A40Z5Y;2026-04-14 09:28:26.9103;4874.240000000001;5;['LS1', 'TG', 'F', 'SC1', 'BB1'];0.118;0.0263;4.482;4.6;4878.72
2419120;A2H7J2;2026-04-14 09:28:26.9642;12397.52;2;['TG', 'LS1'];0.12;0.048;2.5;2.62;12400.0
464762;A1116F;2026-04-14 09:28:27.0128;0.0;4;['F', 'TG', 'LS1', 'BB1'];0.0485;0.0425;1.1405;1.189;3802.888
3853823;A412UJ;2026-04-14 09:28:27.0648;;1;['TG'];0.3;0.0233;12.9;13.2;8797.800000000001
1473283;A2QJCN;2026-04-14 09:28:27.1103;9996.0;3;['TG', 'LS1', 'F'];0.045;0.0112;4.035;4.08;10000.0
765588;A3ESJ3;2026-04-14 09:28:27.2104;0.0;3;['LS1', 'F', 'BB1'];0.25;0.0362;6.9;7.15;0.0
639376;A0YA9J;2026-04-14 09:28:27.2476;9599.4;3;['TG', 'LS1', 'F'];0.02;0.0333;0.6;0.62;9600.0
1739164;A2PWSC;2026-04-14 09:28:27.2978;0.0;5;['F', 'TG', 'LS1', 'SC1', 'BB1'];0.148;0.0084;17.564;17.712;4036.5
1017937;A0DQJN;2026-04-14 09:28:27.4025;7390.944;3;['TG', 'LS1', 'F'];0.029;0.0274;1.057;1.086;7392.0
2827454;A12GJT;2026-04-14 09:28:27.5757;0.0;2;['TG', 'F'];0.03;0.8955;0.0335;0.0635;4726.85
1891260;A1JPAH;2026-04-14 09:28:27.6797;22725.0929;3;['F', 'TG', 'LS1'];0.0083;0.0264;0.314;0.3223;19551.125
105165;A2QBX8;2026-04-14 09:28:27.7633;20208.78;4;['F', 'LS1', 'TG', 'SC1'];0.09;0.0124;7.25;7.34;20216.0
2750569;A2JNY1;2026-04-14 09:28:27.9855;39998.6665;4;['LS1', 'SC1', 'F', 'TG'];0.004;0.0012;3.3455;3.3495;6699.0
593652;A2DJKF;2026-04-14 09:28:28.0675;0.0;1;['TG'];0.145;0.1768;0.82;0.965;2538.72
772692;A2P5AL;2026-04-14 09:28:28.1435;0.0;4;['F', 'TG', 'BB1', 'LS1'];0.025;0.0362;0.69;0.715;12488.999999999998
1979187;A2ANNY;2026-04-14 09:28:28.3015;0.0;3;['F', 'LS1', 'BB1'];0.07;0.0409;1.71;1.78;0.0
1373537;A2QMA8;2026-04-14 09:28:28.4799;0.0;3;['TG', 'F', 'LS1'];0.025;0.0417;0.6;0.625;10560.0
1491313;A2PRUW;2026-04-14 09:28:28.5961;0.0;1;['F'];0.023;1.0698;0.0215;0.0445;0.0
2597044;A3DJSH;2026-04-14 09:28:28.6901;0.0;4;['LS1', 'F', 'TG', 'BB1'];0.02;0.0111;1.8;1.82;9576.5
1017935;A1CSJX;2026-04-14 09:28:28.7446;10646.154999999999;4;['TG', 'F', 'LS1', 'BB1'];0.02;0.0235;0.85;0.87;10647.0
211162;A2PRQ5;2026-04-14 09:28:28.8380;0.0;3;['F', 'LS1', 'TG'];0.6;0.0291;20.6;21.2;12566.0
2974684;A2N7UZ;2026-04-14 09:28:28.8927;0.0;1;['F'];0.0015;0.4286;0.0035;0.005;0.0
1318503;A2PQQA;2026-04-14 09:28:28.9526;0.0;2;['F', 'LS1'];0.01;2.0;0.005;0.015;0.0
1212890;A3EDZK;2026-04-14 09:28:29.0069;0.0;2;['F', 'LS1'];0.05;0.0529;0.945;0.995;0.0
1597071;A2PBK8;2026-04-14 09:28:29.0619;0.0;3;['F', 'TG', 'BB1'];0.004;0.0242;0.165;0.169;6609.7
2455206;A2H7AY;2026-04-14 09:28:29.1141;0.0;2;['TG', 'F'];0.014;0.0614;0.228;0.242;4612.4400000000005
1313531;A3D7LY;2026-04-14 09:28:29.1552;0.0;2;['F', 'TG'];0.1;0.0209;4.78;4.88;3893.68
1913077;A2DYXV;2026-04-14 09:28:29.2085;9846.0;5;['F', 'LS1', 'TG', 'BB1', 'SC1'];0.0;0.0;109.4;109.4;9955.4
229656;A40G3Q;2026-04-14 09:28:29.2510;0.0;2;['DE', 'F'];0.07;0.0693;1.01;1.08;0.0
434793;886286;2026-04-14 09:28:29.3084;0.0;4;['TG', 'LS1', 'F', 'SC1'];1.5;0.0063;239.8;241.3;15057.0
911843;A0B6R1;2026-04-14 09:28:29.3528;0.0;2;['LS1', 'F'];0.24;0.0545;4.4;4.64;0.0
905226;A0B6TQ;2026-04-14 09:28:29.3991;0.0;3;['LS1', 'F', 'BB1'];0.025;0.0231;1.08;1.105;0.0
911973;A0B6TH;2026-04-14 09:28:29.4271;0.0;3;['LS1', 'F', 'BB1'];0.025;0.0277;0.904;0.929;0.0
905255;A0B6TR;2026-04-14 09:28:29.4887;0.0;2;['LS1', 'F'];1.2;0.0451;26.6;27.8;0.0
905167;A0B6TF;2026-04-14 09:28:29.5262;0.0;2;['LS1', 'F'];0.05;0.0136;3.68;3.73;0.0
919621;A0B583;2026-04-14 09:28:29.6184;0.0;1;['LS1'];1.5;0.1562;9.6;11.1;0.0
919416;A0B6R8;2026-04-14 09:28:29.6756;0.0;1;['LS1'];0.096;0.3265;0.294;0.39;0.0
905306;A0B6WB;2026-04-14 09:28:29.7021;0.0;2;['LS1', 'F'];0.002;0.0046;0.431;0.433;0.0
911842;A0B6RZ;2026-04-14 09:28:29.8015;0.0;1;['LS1'];0.145;0.0912;1.59;1.735;0.0
2939123;A2QEGR;2026-04-14 09:28:29.8605;0.0;3;['LS1', 'F', 'BB1'];0.05;0.0023;21.3;21.35;0.0
920576;A0B6SC;2026-04-14 09:28:29.9112;0.0;1;['LS1'];0.14;0.056;2.5;2.64;0.0
919393;A0B6WK;2026-04-14 09:28:30.0102;0.0;2;['LS1', 'F'];0.01;0.0047;2.14;2.15;0.0
902873;A0NJBT;2026-04-14 09:28:30.0454;0.0;2;['LS1', 'F'];0.0112;0.186;0.0602;0.0714;0.0
919486;A0M2DF;2026-04-14 09:28:30.1074;0.0;2;['LS1', 'F'];0.55;0.0489;11.25;11.8;0.0
911835;A0N95A;2026-04-14 09:28:30.1342;0.0;2;['LS1', 'F'];0.29;0.1865;1.555;1.845;0.0
1614530;889328;2026-04-14 09:28:30.1741;0.0;2;['F', 'BB1'];1.0;0.0141;71.0;72.0;0.0
199959;861149;2026-04-14 09:28:30.1970;9549.15;6;['LS1', 'F', 'TG', 'DE', 'BB1', 'SC1'];0.0;0.0;38.4;38.4;13440.0
112800;889539;2026-04-14 09:28:30.2259;5540.16;4;['F', 'LS1', 'TG', 'SC1'];0.0;0.0;27.84;27.84;5564.0
199960;914993;2026-04-14 09:28:30.2707;10018.645;4;['TG', 'F', 'LS1', 'SC1'];0.01;0.0016;6.305;6.315;6315.0
112803;A0JL4D;2026-04-14 09:28:30.3277;0.0;3;['F', 'LS1', 'DE'];0.04;0.0563;0.71;0.75;0.0
304284;A0M7QF;2026-04-14 09:28:30.3899;0.0;3;['LS1', 'F', 'BB1'];0.24;0.0544;4.415;4.655;0.0
672101;A0Q9J4;2026-04-14 09:28:30.4303;0.0;2;['LS1', 'F'];2.0;0.0709;28.2;30.2;0.0
594413;A0YF5P;2026-04-14 09:28:30.4682;1895.538;5;['F', 'TG', 'LS1', 'BB1', 'DE'];0.04;0.0461;0.868;0.908;1896.3999999999999
585669;A1H5UL;2026-04-14 09:28:30.5064;24917.46;4;['LS1', 'F', 'TG', 'SC1'];0.06;0.0014;41.5;41.56;24941.5
818907;A1H63F;2026-04-14 09:28:30.5788;5880.0;5;['TG', 'F', 'LS1', 'SC1', 'BB1'];0.21;0.0175;12.0;12.21;5892.0
1368814;A1JABB;2026-04-14 09:28:30.6583;0.0;3;['F', 'LS1', 'BB1'];0.34;0.0385;8.82;9.16;0.0
999166;A1JJ4U;2026-04-14 09:28:30.7032;11725.8435;3;['TG', 'F', 'LS1'];0.039;0.0242;1.609;1.648;11727.45
1025846;A1JXCV;2026-04-14 09:28:30.7294;9909.779999999999;6;['SC1', 'TG', 'LS1', 'DE', 'F', 'BB1'];0.04;0.004;10.04;10.08;9919.8
2111934;A117M8;2026-04-14 09:28:30.7555;9914.5;5;['F', 'TG', 'LS1', 'SC1', 'BB1'];0.38;0.0096;39.51;39.89;9954.0
3780683;A111C3;2026-04-14 09:28:30.7949;4984.175;4;['TG', 'F', 'SC1', 'BB1'];0.015;0.0045;3.33;3.345;4987.5
293983;A115LB;2026-04-14 09:28:30.8570;0.0;3;['F', 'LS1', 'SC1'];0.8;0.0078;102.8;103.6;0.0
1518147;A14U78;2026-04-14 09:28:30.9199;948.8835;4;['LS1', 'F', 'TG', 'DE'];0.0025;0.015;0.1665;0.169;949.0500000000001
971643;A141J3;2026-04-14 09:28:30.9510;2950.158;4;['F', 'TG', 'LS1', 'DE'];0.002;0.0089;0.225;0.227;1239.42
1913075;A2DRTZ;2026-04-14 09:28:31.0312;40105.560000000005;5;['TG', 'LS1', 'SC1', 'F', 'DE'];0.02;0.0004;52.84;52.86;40158.4
2027606;A2DR54;2026-04-14 09:28:31.0641;2030.0;4;['F', 'TG', 'LS1', 'DE'];8.0;0.0274;292.0;300.0;2320.0
2280557;A2DW8Z;2026-04-14 09:28:31.1070;9973.642;6;['TG', 'LS1', 'DE', 'SC1', 'F', 'BB1'];0.0;0.0;2.56;2.56;9976.199999999999
952182;A2H5Z1;2026-04-14 09:28:31.1813;5185.2;6;['F', 'LS1', 'TG', 'SC1', 'DE', 'BB1'];0.0;0.0;34.85;34.85;5220.0
2604695;A2JEGN;2026-04-14 09:28:31.2056;16536.0;5;['F', 'TG', 'LS1', 'SC1', 'DE'];2.5;0.0059;425.0;427.5;16960.0
1000071;A2PLUG;2026-04-14 09:28:31.2345;2326.261;4;['F', 'LS1', 'TG', 'DE'];0.016;0.0361;0.443;0.459;2326.7
2656934;A2QEGF;2026-04-14 09:28:31.2832;0.0;2;['LS1', 'BB1'];0.155;0.0239;6.495;6.65;0.0
2582493;A2QNEL;2026-04-14 09:28:31.3249;9990.44;4;['F', 'LS1', 'SC1', 'TG'];0.01;0.0007;15.16;15.17;10005.6
2098130;A2QM3K;2026-04-14 09:28:31.3517;3951.225;4;['F', 'TG', 'LS1', 'DE'];0.015;0.0117;1.28;1.295;3626.0
1072415;A3CM2W;2026-04-14 09:28:31.3963;;6;['TG', 'DE', 'LS1', 'BB1', 'F', 'SC1'];0.08;0.0078;10.22;10.3;6132.0
2338712;A3CSWZ;2026-04-14 09:28:31.4367;2207.4;5;['TG', 'LS1', 'F', 'BB1', 'DE'];0.08;0.0308;2.6;2.68;2210.0
203178;A3CS4Z;2026-04-14 09:28:31.4793;0.0;3;['LS1', 'BB1', 'DE'];0.06;0.0211;2.84;2.9;0.0
2669948;A3C81B;2026-04-14 09:28:31.5336;0.0;4;['F', 'LS1', 'DE', 'BB1'];0.064;0.3721;0.172;0.236;0.0
1057176;A3C8RX;2026-04-14 09:28:31.5791;907.1999999999999;1;['TG'];0.55;0.1146;4.8;5.35;912.0
2587875;A3DK8U;2026-04-14 09:28:31.6253;0.0;4;['LS1', 'SC1', 'F', 'BB1'];0.2;0.0645;3.1;3.3;0.0
2842000;A3EM26;2026-04-14 09:28:31.6831;5511.615;3;['LS1', 'F', 'TG'];0.035;0.0044;7.89;7.925;5523.0
318766;A3EWCS;2026-04-14 09:28:31.7158;20366.51;5;['LS1', 'SC1', 'F', 'TG', 'DE'];0.02;0.0008;25.51;25.53;20408.0
2490808;A408ST;2026-04-14 09:28:31.7588;0.0;0;[];0.0;0.0;0.0;0.0;0.0
1156116;A40Q8F;2026-04-14 09:28:31.7988;0.0;4;['F', 'LS1', 'BB1', 'DE'];0.025;0.0149;1.68;1.705;0.0
3703640;A40H84;2026-04-14 09:28:31.8881;0.0;2;['LS1', 'F'];0.196;0.8596;0.228;0.424;0.0
100539;A40S0F;2026-04-14 09:28:31.9270;0.0;3;['LS1', 'F', 'BB1'];0.372;0.0698;5.326;5.698;0.0
918652;626077;2026-04-14 09:28:31.9687;0.0;1;['LS1'];0.062;0.1761;0.352;0.414;0.0
918792;A0M204;2026-04-14 09:28:32.0186;0.0;1;['LS1'];1.06;0.2236;4.74;5.8;0.0
918653;A0B5L2;2026-04-14 09:28:32.1154;0.0;2;['LS1', 'F'];0.78;0.0882;8.84;9.62;0.0
275599;A0J3AH;2026-04-14 09:28:32.1797;0.0;3;['LS1', 'F', 'BB1'];0.08;0.0084;9.52;9.6;0.0
199961;852401;2026-04-14 09:28:32.2281;2805.0;3;['TG', 'F', 'LS1'];3.5;0.0275;127.5;131.0;2932.5
2754896;A1W4G1;2026-04-14 09:28:32.2704;0.0;5;['TG', 'SC1', 'F', 'LS1', 'BB1'];0.15;0.0113;13.25;13.4;4942.25
603309;A1C8A6;2026-04-14 09:28:32.3047;0.0;5;['F', 'BB1', 'TG', 'SC1', 'LS1'];0.16;0.0108;14.84;15.0;4913.6
1080464;A1J059;2026-04-14 09:28:32.3467;5919.27;4;['LS1', 'TG', 'F', 'SC1'];0.12;0.008;14.98;15.1;5934.18
741792;A0D9BX;2026-04-14 09:28:32.4148;2916.02;1;['TG'];0.06;0.0284;2.11;2.17;2918.1299999999997
2754898;A1135G;2026-04-14 09:28:32.4569;0.0;4;['TG', 'LS1', 'SC1', 'F'];0.88;0.0296;29.7;30.58;4870.8
2457694;A2JMZB;2026-04-14 09:28:32.4934;0.0;2;['TG', 'BB1'];1.1;0.0671;16.4;17.5;4690.4
2301812;A2PXCQ;2026-04-14 09:28:32.5476;0.0;4;['TG', 'LS1', 'SC1', 'BB1'];0.6;0.0102;58.8;59.4;3991.6000000000004
288964;A2ANH9;2026-04-14 09:28:32.5961;2943.36;5;['F', 'SC1', 'TG', 'LS1', 'BB1'];0.34;0.0169;20.16;20.5;2963.52
2004484;A2PEWC;2026-04-14 09:28:32.6438;0.0;4;['F', 'LS1', 'SC1', 'BB1'];0.14;0.0042;33.1;33.24;0.0
832530;A2QEX8;2026-04-14 09:28:32.6889;0.0;3;['TG', 'F', 'LS1'];0.05;0.0299;1.67;1.72;2917.49
2320110;A2DGML;2026-04-14 09:28:32.7279;0.0;4;['TG', 'LS1', 'SC1', 'F'];1.2;0.019;63.3;64.5;9874.8
141518;A1JY36;2026-04-14 09:28:32.7778;0.0;4;['TG', 'F', 'LS1', 'BB1'];0.03;0.0017;17.38;17.41;4988.0599999999995
1677140;A2N9R8;2026-04-14 09:28:32.8213;5015.849999999999;4;['TG', 'F', 'LS1', 'SC1'];0.15;0.0036;42.2;42.35;5064.0
1658607;A3DZ0X;2026-04-14 09:28:32.8695;0.0;4;['TG', 'F', 'LS1', 'BB1'];0.062;0.0394;1.574;1.636;1925.0020000000002
3008159;A3D7NL;2026-04-14 09:28:32.9146;4767.4;3;['TG', 'LS1', 'BB1'];0.4;0.0328;12.2;12.6;4779.5
112818;A0Q2R4;2026-04-14 09:28:32.9663;3899.5;5;['TG', 'LS1', 'F', 'SC1', 'BB1'];0.1;0.0182;5.5;5.6;3905.0
2720305;A2PB2X;2026-04-14 09:28:33.0050;0.0;5;['TG', 'F', 'LS1', 'SC1', 'BB1'];0.94;0.0146;64.48;65.42;9865.44
417018;A2AM06;2026-04-14 09:28:33.0505;4922.96;4;['TG', 'LS1', 'SC1', 'F'];0.29;0.0139;20.87;21.16;4943.82
2137368;A0HFYU;2026-04-14 09:28:33.0969;3784.1000000000004;5;['TG', 'LS1', 'F', 'SC1', 'BB1'];0.4;0.0506;7.9;8.3;3792.0
2908733;A1JY35;2026-04-14 09:28:33.1452;0.0;1;['F'];0.04;0.1176;0.34;0.38;0.0
558675;A114S0;2026-04-14 09:28:33.1834;0.0;3;['LS1', 'F', 'SC1'];0.16;0.0127;12.56;12.72;0.0
1357408;A2JDEW;2026-04-14 09:28:33.2744;0.0;4;['F', 'LS1', 'BB1', 'DE'];0.04;0.0187;2.14;2.18;0.0
944121;A0NC6L;2026-04-14 09:28:33.3324;0.0;1;['F'];0.028;0.14;0.2;0.228;0.0
369900;A1C3UJ;2026-04-14 09:28:33.3732;9908.96;5;['TG', 'SC1', 'LS1', 'F', 'BB1'];0.27;0.0074;36.52;36.79;9945.39
1257752;A12GSG;2026-04-14 09:28:33.4170;2373.668;3;['TG', 'F', 'LS1'];0.037;0.0499;0.741;0.778;2374.407
1016729;A2PA3F;2026-04-14 09:28:33.4581;0.0;2;['F', 'LS1'];0.046;0.123;0.374;0.42;0.0
2805978;A2QAZF;2026-04-14 09:28:33.5067;0.0;3;['F', 'LS1', 'BB1'];0.6;0.0387;15.5;16.1;0.0
843234;A1JBMK;2026-04-14 09:28:33.5501;0.0;2;['F', 'BB1'];1.5;0.1531;9.8;11.3;0.0
2773234;A3D9N4;2026-04-14 09:28:33.6076;0.0;0;[];0.02;0.0179;1.12;1.14;0.0
677839;A0Q4ME;2026-04-14 09:28:33.7492;0.0;2;['LS1', 'BB1'];0.11;0.0628;1.751;1.861;0.0
1195419;A0LFES;2026-04-14 09:28:33.8454;0.0;3;['F', 'BB1', 'LS1'];0.5;0.0424;11.8;12.3;0.0
112858;A0JKQV;2026-04-14 09:28:33.9110;0.0;1;['F'];2.1;0.1603;13.1;15.2;0.0
704119;896720;2026-04-14 09:28:33.9884;0.0;1;['F'];0.19;0.2317;0.82;1.01;0.0
112864;A0JL36;2026-04-14 09:28:34.0742;0.0;2;['LS1', 'BB1'];0.26;0.1016;2.56;2.82;0.0
112865;165378;2026-04-14 09:28:34.0991;0.0;1;['LS1'];3.0;0.1087;27.6;30.6;0.0
112867;912286;2026-04-14 09:28:34.1381;0.0;2;['LS1', 'F'];0.005;0.005;0.995;1.0;0.0
112872;580892;2026-04-14 09:28:34.3400;0.0;2;['BB1', 'LS1'];0.2;0.0199;10.068;10.268;0.0
112887;907398;2026-04-14 09:28:34.5795;0.0;2;['BB1', 'LS1'];0.11;0.0663;1.66;1.77;0.0
112891;A0JEKA;2026-04-14 09:28:34.6202;0.0;2;['LS1', 'F'];0.036;0.1607;0.224;0.26;0.0
269480;A11059;2026-04-14 09:28:34.6910;0.0;3;['F', 'LS1', 'BB1'];0.1;0.0172;5.8;5.9;0.0
112892;A0ETXG;2026-04-14 09:28:34.7303;15248.199999999999;4;['LS1', 'F', 'TG', 'SC1'];0.1;0.0016;63.8;63.9;15312.0
104044;890963;2026-04-14 09:28:34.7684;20192.991;5;['LS1', 'F', 'SC1', 'TG', 'DE'];0.002;0.0004;4.812;4.814;20206.2
200028;A0CA0G;2026-04-14 09:28:34.7948;35343.899999999994;5;['TG', 'LS1', 'SC1', 'F', 'DE'];0.04;0.0006;68.1;68.14;35412.0
104386;940602;2026-04-14 09:28:34.8485;21989.54;5;['F', 'TG', 'LS1', 'DE', 'SC1'];0.02;0.0008;24.45;24.47;22005.0
112895;A0H0RS;2026-04-14 09:28:34.8975;3099.6;3;['F', 'LS1', 'TG'];0.08;0.0095;8.4;8.48;1187.2
104062;893438;2026-04-14 09:28:34.9237;30826.71;5;['TG', 'LS1', 'SC1', 'F', 'DE'];0.015;0.0004;34.28;34.295;30852.0
104380;938914;2026-04-14 09:28:34.9602;;6;['LS1', 'F', 'TG', 'SC1', 'DE', 'BB1'];-0.02;-0.0001;172.08;172.06;10321.2
200023;940883;2026-04-14 09:28:34.9889;2373.36;4;['F', 'LS1', 'TG', 'DE'];0.06;0.0226;2.66;2.72;2376.0
199973;853289;2026-04-14 09:28:35.0303;15107.75;4;['F', 'LS1', 'TG', 'SC1'];0.05;0.0022;22.25;22.3;15130.0
200025;970259;2026-04-14 09:28:35.1164;0.0;3;['F', 'BB1', 'LS1'];2.565;0.0315;81.535;84.1;0.0
200024;970254;2026-04-14 09:28:35.1626;0.0;4;['TG', 'F', 'BB1', 'LS1'];0.746;0.0114;65.644;66.39;10699.972000000002
158550;923948;2026-04-14 09:28:35.2034;12556.9;5;['SC1', 'F', 'LS1', 'TG', 'BB1'];0.2;0.0032;63.1;63.3;12620.0
1463046;852176;2026-04-14 09:28:35.2557;3985.75;4;['SC1', 'LS1', 'F', 'TG'];0.05;0.0019;26.75;26.8;4012.5
199980;868730;2026-04-14 09:28:35.2976;21889.199999999997;5;['LS1', 'SC1', 'TG', 'F', 'DE'];0.4;0.0005;754.8;755.2;22644.0
112909;A0JMJ1;2026-04-14 09:28:35.3410;25022.06;4;['SC1', 'F', 'LS1', 'TG'];0.015;0.0015;9.74;9.755;25031.8
105524;912784;2026-04-14 09:28:35.3853;0.0;3;['F', 'LS1', 'BB1'];0.11;0.0391;2.81;2.92;0.0
2159953;A0B8R8;2026-04-14 09:28:35.4144;0.0;2;['F', 'LS1'];0.009;0.0237;0.38;0.389;0.0
400540;A0JLZV;2026-04-14 09:28:35.4572;11033.1;4;['F', 'LS1', 'TG', 'SC1'];0.04;0.0011;36.92;36.96;11076.0
1048456;851851;2026-04-14 09:28:35.5074;0.0;4;['F', 'LS1', 'SC1', 'BB1'];0.5;0.0061;81.9;82.4;0.0
199990;879309;2026-04-14 09:28:35.5636;30568.15;4;['SC1', 'LS1', 'TG', 'F'];0.04;0.0018;21.85;21.89;30590.000000000004
112933;A0J2R1;2026-04-14 09:28:35.5931;25551.960000000003;6;['F', 'LS1', 'TG', 'SC1', 'BB1', 'DE'];0.0;0.0;64.08;64.08;25616.000000000004
1451940;A0ETVC;2026-04-14 09:28:35.6285;0.0;3;['F', 'LS1', 'BB1'];1.0;0.0114;87.5;88.5;0.0
2277422;A0LB0L;2026-04-14 09:28:35.6691;0.0;3;['LS1', 'BB1', 'F'];0.98;0.0928;10.56;11.54;0.0
1357223;A0LFB3;2026-04-14 09:28:35.7298;0.0;5;['F', 'TG', 'LS1', 'SC1', 'BB1'];1.1;0.0088;125.65;126.75;9926.35
221306;A0MP74;2026-04-14 09:28:35.7560;4974.12;4;['F', 'LS1', 'TG', 'SC1'];0.04;0.003;13.48;13.52;4987.6
112945;A0MQWT;2026-04-14 09:28:35.8139;10174.14;5;['SC1', 'LS1', 'TG', 'F', 'BB1'];0.08;0.002;40.86;40.94;10215.0
2280841;A0MN1X;2026-04-14 09:28:35.8649;5022.0;3;['LS1', 'F', 'TG'];0.12;0.0067;18.0;18.12;5040.0
112951;A0MQ1F;2026-04-14 09:28:35.9211;24976.74;4;['LS1', 'SC1', 'F', 'TG'];0.06;0.0019;31.26;31.32;25008.0
112981;A0MWED;2026-04-14 09:28:35.9658;25081.66;4;['F', 'LS1', 'TG', 'SC1'];0.08;0.0024;33.94;34.02;25115.6
253000;A0Q163;2026-04-14 09:28:36.0134;15107.119999999999;4;['F', 'LS1', 'TG', 'SC1'];0.04;0.0013;29.68;29.72;15136.8
1349474;A115MJ;2026-04-14 09:28:36.0557;35013.5;4;['TG', 'LS1', 'F', 'DE'];0.1;0.0007;146.5;146.6;35160.0
618517;A0YBCH;2026-04-14 09:28:36.0849;25070.75;4;['SC1', 'F', 'LS1', 'TG'];0.2;0.0023;86.75;86.95;25157.5
432902;A0YJZ4;2026-04-14 09:28:36.1484;0.0;2;['LS1', 'F'];0.0064;0.0724;0.0884;0.0948;0.0
769264;A1CYGK;2026-04-14 09:28:36.2086;20185.76;4;['LS1', 'SC1', 'TG', 'F'];0.06;0.0014;43.04;43.1;20228.8
102081;A1CWRM;2026-04-14 09:28:36.2585;0.0;2;['SC1', 'TG'];0.54;0.0084;64.34;64.88;5093.4
100817;A1C5WJ;2026-04-14 09:28:36.2978;19705.28;5;['TG', 'LS1', 'SC1', 'F', 'DE'];1.32;0.0075;176.5;177.82;19881.22
978857;A1JJQC;2026-04-14 09:28:36.3378;5478.904;4;['LS1', 'TG', 'SC1', 'F'];0.003;0.0027;1.096;1.099;5480.0
810933;A1JGSL;2026-04-14 09:28:36.3647;13170.96;4;['TG', 'F', 'LS1', 'SC1'];-0.02;-0.0001;133.8;133.78;13304.0
941321;A1J4U4;2026-04-14 09:28:36.4068;0.0;5;['SC1', 'LS1', 'F', 'BB1', 'DE'];0.0;0.0;1284.8;1284.8;0.0
293491;A1J4XD;2026-04-14 09:28:36.4941;0.0;1;['LS1'];0.006;1.0;0.006;0.012;0.0
1394560;A1KCMJ;2026-04-14 09:28:36.5338;0.0;1;['F'];0.0;0.0;3.1;0.0;0.0
266014;A1H65A;2026-04-14 09:28:36.5746;7328.534;5;['F', 'LS1', 'TG', 'SC1', 'DE'];0.002;0.0014;1.468;1.47;7330.0
1474587;A1T9KW;2026-04-14 09:28:36.6055;0.0;4;['LS1', 'F', 'BB1', 'DE'];0.024;0.098;0.245;0.269;0.0
1689888;A1W599;2026-04-14 09:28:36.6321;9818.25;5;['TG', 'F', 'LS1', 'SC1', 'DE'];0.06;0.0061;9.81;9.87;9828.0
392946;A1W3ZG;2026-04-14 09:28:36.6886;5889.6;1;['TG'];0.2;0.0139;14.4;14.6;5904.0
1757884;A1W4QF;2026-04-14 09:28:36.7136;12193.104000000001;4;['SC1', 'F', 'LS1', 'TG'];0.02;0.0054;3.7;3.72;12196.800000000001
1742198;A1W60Y;2026-04-14 09:28:36.7642;15006.779999999999;4;['F', 'LS1', 'SC1', 'TG'];0.05;0.0026;19.02;19.07;15025.8
1496549;A1XBE7;2026-04-14 09:28:36.8148;0.0;2;['F', 'LS1'];0.15;0.0236;6.35;6.5;0.0
1078336;A1XDTV;2026-04-14 09:28:36.8587;0.0;4;['TG', 'LS1', 'SC1', 'BB1'];0.18;0.0119;15.08;15.26;4946.24
110228;A111FU;2026-04-14 09:28:36.9196;0.0;3;['F', 'LS1', 'BB1'];0.4;0.0308;13.0;13.4;0.0
1849588;A115DY;2026-04-14 09:28:36.9619;36237.380000000005;5;['TG', 'F', 'LS1', 'DE', 'SC1'];0.04;0.0006;72.6;72.64;36300.0
420978;A115DT;2026-04-14 09:28:37.0075;3102.8399999999997;4;['F', 'LS1', 'TG', 'SC1'];0.06;0.0088;6.78;6.84;3109.6
1851051;A116P8;2026-04-14 09:28:37.0489;15730.52;5;['F', 'LS1', 'TG', 'SC1', 'DE'];0.1;0.0011;93.06;93.16;15820.2
592997;A11602;2026-04-14 09:28:37.0833;8873.800000000001;6;['TG', 'LS1', 'SC1', 'F', 'BB1', 'DE'];0.0;0.0;682.8;682.8;9556.4
3647234;A12AGY;2026-04-14 09:28:37.1708;1067.94;4;['F', 'TG', 'DE', 'BB1'];0.16;0.0523;3.06;3.22;1071.0
451137;A12B97;2026-04-14 09:28:37.2146;0.0;4;['TG', 'LS1', 'F', 'BB1'];0.07;0.0469;1.492;1.562;2860.1639999999998
1084496;A143G0;2026-04-14 09:28:37.2635;15096.94;5;['SC1', 'TG', 'LS1', 'F', 'DE'];0.02;0.0007;29.66;29.68;15126.6
119965;A2ACKK;2026-04-14 09:28:37.3124;14856.8;6;['TG', 'F', 'SC1', 'LS1', 'BB1', 'DE'];0.0;0.0;303.3;303.3;15160.0
1429380;A2ADY0;2026-04-14 09:28:37.3535;3081.33;4;['F', 'LS1', 'TG', 'SC1'];0.09;0.0137;6.57;6.66;3087.9
1592335;A2ANT0;2026-04-14 09:28:37.3988;12339.730000000001;6;['SC1', 'F', 'LS1', 'TG', 'BB1', 'DE'];0.0;0.0;41.29;41.29;12384.0
890397;A2ANV3;2026-04-14 09:28:37.4364;49955.009999999995;6;['SC1', 'F', 'LS1', 'BB1', 'DE', 'TG'];0.0;0.0;24.985;24.985;49960.0
1505945;A2AJ7T;2026-04-14 09:28:37.4704;9956.039999999999;5;['LS1', 'SC1', 'F', 'TG', 'DE'];0.02;0.001;19.56;19.58;9975.599999999999
105418;A2AJSS;2026-04-14 09:28:37.5114;8287.619999999999;3;['F', 'LS1', 'TG'];0.02;0.0031;6.38;6.4;8294.0
3444749;A2AJ68;2026-04-14 09:28:37.5404;4848.0;5;['LS1', 'TG', 'F', 'SC1', 'BB1'];0.8;0.0079;101.0;101.8;4949.0
1608120;A2AKBT;2026-04-14 09:28:37.5679;19873.7;5;['SC1', 'LS1', 'F', 'TG', 'DE'];0.04;0.0006;62.3;62.34;19936.0
572882;A2AJXD;2026-04-14 09:28:37.6135;9971.94;4;['LS1', 'F', 'TG', 'SC1'];0.06;0.0019;31.3;31.36;10003.2
1216718;A2AR94;2026-04-14 09:28:37.6378;10054.62;6;['LS1', 'F', 'SC1', 'DE', 'TG', 'BB1'];0.0;0.0;40.46;40.46;10095.0
216585;A2DHZ4;2026-04-14 09:28:37.6746;25165.899999999998;5;['F', 'LS1', 'TG', 'DE', 'SC1'];0.05;0.0007;70.1;70.15;25235.999999999996
285115;A2DQTP;2026-04-14 09:28:37.7245;0.0;1;['F'];0.01;0.0068;1.46;1.47;0.0
2196346;A2DY1J;2026-04-14 09:28:37.7706;4994.099999999999;4;['SC1', 'F', 'LS1', 'TG'];0.04;0.0022;17.94;17.98;5012.0
1811084;A2H5W8;2026-04-14 09:28:37.8021;0.0;3;['F', 'LS1', 'BB1'];0.4;0.0132;30.3;30.7;0.0
2396670;A2H7A5;2026-04-14 09:28:37.8462;0.0;2;['TG', 'LS1'];0.014;0.0156;0.897;0.911;1985.76
1673049;A2JEX2;2026-04-14 09:28:37.9249;3118.1200000000003;4;['LS1', 'F', 'TG', 'SC1'];0.02;0.0036;5.48;5.5;3123.6000000000004
2280653;A2JGMQ;2026-04-14 09:28:37.9559;10484.46;5;['F', 'LS1', 'TG', 'SC1', 'DE'];0.01;0.001;9.54;9.55;10493.999999999998
1874760;A2JLD1;2026-04-14 09:28:37.9816;21463.2;5;['SC1', 'LS1', 'F', 'TG', 'DE'];0.2;0.0009;216.8;217.0;21680.0
663201;A2JNF4;2026-04-14 09:28:38.0118;17143.7;6;['LS1', 'SC1', 'F', 'TG', 'BB1', 'DE'];0.0;0.0;902.2;902.2;18036.0
757805;A2N5RS;2026-04-14 09:28:38.0436;0.0;5;['TG', 'F', 'LS1', 'SC1', 'DE'];0.2;0.0052;38.7;38.9;3034.2
318996;A2PB32;2026-04-14 09:28:38.0725;20476.68;5;['F', 'SC1', 'TG', 'LS1', 'DE'];0.04;0.0008;51.32;51.36;20528.0
2205657;A2PK2B;2026-04-14 09:28:38.1215;8408.771999999999;4;['SC1', 'F', 'LS1', 'TG'];0.01;0.0023;4.428;4.438;8413.2
1429793;A2PRDK;2026-04-14 09:28:38.1661;25053.175000000003;5;['F', 'SC1', 'TG', 'BB1', 'DE'];-0.01;-0.0002;41.83;41.82;25086.0
679219;A2PMA5;2026-04-14 09:28:38.2114;5080.8;4;['LS1', 'TG', 'F', 'BB1'];0.15;0.0065;23.2;23.35;5104.0
901521;A2PS9R;2026-04-14 09:28:38.3001;6563.549999999999;4;['F', 'LS1', 'TG', 'SC1'];0.03;0.0018;16.48;16.51;6588.0
926817;A2P0E9;2026-04-14 09:28:38.3324;25074.420000000002;5;['TG', 'F', 'LS1', 'SC1', 'DE'];0.08;0.0025;31.78;31.86;25106.2
686080;A2QNZT;2026-04-14 09:28:38.4035;9407.039999999999;4;['TG', 'LS1', 'SC1', 'F'];0.12;0.003;39.36;39.48;9446.4
155823;A2QJL0;2026-04-14 09:28:38.4670;0.0;3;['F', 'LS1', 'BB1'];0.05;0.0286;1.75;1.8;0.0
2812517;A2QL01;2026-04-14 09:28:38.4927;20014.696;6;['LS1', 'SC1', 'F', 'TG', 'BB1', 'DE'];-0.001;-0.0001;6.904;6.903;20007.1
554249;A2QJW5;2026-04-14 09:28:38.5550;0.0;1;['F'];0.06;0.4651;0.129;0.189;0.0
1726429;A2QJV6;2026-04-14 09:28:38.5866;3336.165;4;['F', 'LS1', 'TG', 'BB1'];0.015;0.0112;1.335;1.35;1036.8000000000002
1271981;A3CRBN;2026-04-14 09:28:38.6303;19932.920000000002;4;['SC1', 'F', 'LS1', 'TG'];0.05;0.0045;11.08;11.13;19944.0
1841579;A2QNWS;2026-04-14 09:28:38.6656;0.0;5;['F', 'TG', 'LS1', 'SC1', 'BB1'];0.9;0.0387;23.25;24.15;5789.25
2777334;A2QRMW;2026-04-14 09:28:38.7349;9990.66;4;['F', 'LS1', 'SC1', 'TG'];0.04;0.0025;16.14;16.18;10006.800000000001
1113190;A2QSAE;2026-04-14 09:28:38.7682;0.0;3;['F', 'LS1', 'BB1'];0.022;0.0319;0.69;0.712;0.0
1282890;A3CQ3M;2026-04-14 09:28:38.8157;0.0;3;['LS1', 'F', 'BB1'];0.25;0.0391;6.4;6.65;0.0
814321;A3CT7P;2026-04-14 09:28:38.8783;0.0;2;['LS1', 'F'];0.05;0.0056;8.95;9.0;0.0
1351197;A3CR3E;2026-04-14 09:28:38.9150;0.0;3;['F', 'LS1', 'BB1'];0.075;0.0292;2.565;2.64;0.0
104339;A3CSM9;2026-04-14 09:28:38.9657;3084.8500000000004;4;['F', 'LS1', 'TG', 'BB1'];0.05;0.0097;5.16;5.21;3090.0
2073781;A3C5RE;2026-04-14 09:28:39.0187;3082.4950000000003;5;['F', 'LS1', 'TG', 'SC1', 'BB1'];0.03;0.0098;3.055;3.085;3085.55
2134940;A3C291;2026-04-14 09:28:39.0750;21106.295;6;['F', 'LS1', 'TG', 'BB1', 'SC1', 'DE'];-0.05;-0.0026;19.275;19.225;21125.499999999996
106960;A3CZHN;2026-04-14 09:28:39.1249;8327.15;4;['F', 'LS1', 'TG', 'SC1'];0.1;0.0036;27.85;27.95;8355.0
104758;A3DBBA;2026-04-14 09:28:39.1732;9954.42;5;['LS1', 'F', 'TG', 'SC1', 'DE'];0.01;0.0005;19.185;19.195;9976.199999999999
788076;A3C7YC;2026-04-14 09:28:39.2153;4983.51;5;['LS1', 'TG', 'SC1', 'F', 'BB1'];0.012;0.003;3.99;4.002;4987.5
1401589;A3C9KP;2026-04-14 09:28:39.2623;4810.68;5;['TG', 'LS1', 'SC1', 'F', 'BB1'];0.37;0.0387;9.55;9.92;4820.225
439883;A3DNGP;2026-04-14 09:28:39.3513;0.0;2;['LS1', 'F'];0.099;0.0137;7.2;7.299;0.0
2531695;A3DNL2;2026-04-14 09:28:39.4159;0.0;3;['LS1', 'F', 'BB1'];0.04;0.0047;8.54;8.58;0.0
1814163;A3DMC3;2026-04-14 09:28:39.4450;0.0;2;['LS1', 'F'];0.0026;0.0377;0.069;0.0716;0.0
1806409;A3DUAC;2026-04-14 09:28:39.4832;0.0;4;['F', 'TG', 'LS1', 'BB1'];0.89;0.0293;30.35;31.24;3913.86
2959339;A3EG0H;2026-04-14 09:28:39.5110;14861.88;5;['TG', 'F', 'LS1', 'SC1', 'DE'];0.06;0.001;61.14;61.2;14974.4
2175057;A3ER8L;2026-04-14 09:28:39.5862;7971.6;4;['SC1', 'F', 'LS1', 'TG'];0.01;0.0012;8.425;8.435;7980.0
3247451;A3EXMP;2026-04-14 09:28:39.6149;7492.423999999999;4;['SC1', 'F', 'LS1', 'TG'];0.008;0.0029;2.774;2.782;7489.8
3267914;A3EXL9;2026-04-14 09:28:39.6686;7598.38;4;['F', 'LS1', 'TG', 'SC1'];0.008;0.0022;3.622;3.63;7606.2
1486267;A4017D;2026-04-14 09:28:39.7183;3080.24;4;['SC1', 'TG', 'F', 'LS1'];0.02;0.0018;11.12;11.14;3091.3599999999997
2612644;A40P4A;2026-04-14 09:28:39.8037;1471.4144999999999;3;['F', 'LS1', 'TG'];0.0025;0.0069;0.36;0.3625;1480.05
111841;A40X3G;2026-04-14 09:28:39.8532;0.0;3;['TG', 'LS1', 'F'];0.03;0.0185;1.62;1.65;5878.9800000000005
759060;A419G6;2026-04-14 09:28:39.9020;7985.55;3;['LS1', 'TG', 'F'];0.03;0.0043;6.96;6.99;8004.0
3710420;A41BR1;2026-04-14 09:28:39.9532;5730.08;2;['TG', 'BB1'];0.08;0.0336;2.38;2.46;5732.44
725469;A41ARP;2026-04-14 09:28:39.9975;0.0;5;['F', 'TG', 'LS1', 'SC1', 'BB1'];0.365;0.0245;14.895;15.26;4885.5599999999995
108378;A41H9X;2026-04-14 09:28:40.0431;3193.9500000000003;4;['LS1', 'F', 'TG', 'SC1'];0.2;0.0125;16.05;16.25;3210.0
3441530;A41NML;2026-04-14 09:28:40.0940;10874.304;4;['LS1', 'SC1', 'F', 'TG'];0.005;0.0004;12.095;12.1;10884.6
2825798;A41HBE;2026-04-14 09:28:40.1377;;6;['SC1', 'TG', 'LS1', 'F', 'DE', 'BB1'];0.0;0.0;35.865;35.865;12549.249999999998
1243435;A2QMBK;2026-04-14 09:28:40.1812;0.0;3;['LS1', 'F', 'BB1'];0.015;0.013;1.155;1.17;0.0
2287737;A2P72S;2026-04-14 09:28:40.2252;0.0;4;['TG', 'LS1', 'SC1', 'F'];0.16;0.0175;9.135;9.295;1478.25
1333923;A2P8B7;2026-04-14 09:28:40.2690;9986.338;5;['LS1', 'F', 'TG', 'SC1', 'DE'];0.004;0.0006;6.66;6.664;9990.0
793387;882240;2026-04-14 09:28:40.3113;0.0;3;['F', 'LS1', 'BB1'];0.014;0.0189;0.741;0.755;0.0
1511692;662892;2026-04-14 09:28:40.3597;0.0;1;['LS1'];2.0;0.0463;43.2;45.2;0.0
921882;895919;2026-04-14 09:28:40.3958;0.0;2;['LS1', 'F'];0.0094;0.0528;0.178;0.1874;0.0
947111;899464;2026-04-14 09:28:40.4548;4900.71;4;['TG', 'F', 'LS1', 'BB1'];0.035;0.027;1.295;1.33;4902.0
918141;901582;2026-04-14 09:28:40.5024;0.0;2;['LS1', 'F'];0.006;0.0482;0.1245;0.1305;0.0
1209743;867218;2026-04-14 09:28:40.5407;5315.5199999999995;4;['F', 'LS1', 'SC1', 'TG'];0.0;0.0;15.68;15.68;5331.2
113076;924848;2026-04-14 09:28:40.5898;9959.61;4;['LS1', 'F', 'TG', 'SC1'];0.02;0.001;19.19;19.21;9978.800000000001
177323;932405;2026-04-14 09:28:40.6377;6028.889999999999;4;['F', 'LS1', 'SC1', 'TG'];0.01;0.0007;15.11;15.12;6044.0
2427574;A2QR4S;2026-04-14 09:28:40.6913;0.0;3;['LS1', 'F', 'BB1'];0.04;0.0207;1.93;1.97;0.0
788741;904953;2026-04-14 09:28:40.7403;5215.4685;4;['TG', 'LS1', 'SC1', 'F'];0.0065;0.007;0.933;0.9395;5216.4
746549;569904;2026-04-14 09:28:40.7858;3172.06;4;['TG', 'F', 'LS1', 'SC1'];0.06;0.0038;15.96;16.02;3192.0
200056;919493;2026-04-14 09:28:40.8305;5563.85;4;['TG', 'F', 'LS1', 'SC1'];0.02;0.0018;11.15;11.17;5575.0
150128;911463;2026-04-14 09:28:40.8587;8046.049999999999;4;['LS1', 'TG', 'F', 'SC1'];0.025;0.0028;8.95;8.975;8054.999999999999
200051;909875;2026-04-14 09:28:40.9072;4991.53;3;['TG', 'LS1', 'F'];0.03;0.0049;6.17;6.2;4997.7
2340575;569908;2026-04-14 09:28:40.9528;0.0;2;['LS1', 'F'];0.08;0.0494;1.62;1.7;0.0
890783;570796;2026-04-14 09:28:40.9981;3300.0939999999996;4;['TG', 'LS1', 'F', 'SC1'];0.008;0.0018;4.41;4.418;3307.5
2556357;A0LEQU;2026-04-14 09:28:41.0436;0.0;2;['LS1', 'F'];0.3;0.0269;11.15;11.45;0.0
285232;870485;2026-04-14 09:28:41.0827;0.0;3;['LS1', 'F', 'BB1'];0.1;0.0045;22.05;22.15;0.0
1551337;902989;2026-04-14 09:28:41.1259;0.0;3;['LS1', 'F', 'BB1'];0.008;0.013;0.617;0.625;0.0
1540686;873204;2026-04-14 09:28:41.1704;5046.44;5;['TG', 'F', 'LS1', 'SC1', 'BB1'];0.06;0.0056;10.76;10.82;5057.2
2391233;877045;2026-04-14 09:28:41.2190;0.0;2;['F', 'LS1'];0.16;0.0153;10.46;10.62;0.0
1028784;569905;2026-04-14 09:28:41.2590;0.0;2;['LS1', 'F'];0.2;0.013;15.35;15.55;0.0
441743;896938;2026-04-14 09:28:41.3028;0.0;2;['LS1', 'F'];0.013;0.0161;0.807;0.82;0.0
200035;864042;2026-04-14 09:28:41.3593;22942.07;4;['SC1', 'LS1', 'F', 'TG'];0.02;0.0018;10.93;10.95;22953.0
331610;865623;2026-04-14 09:28:41.3862;5224.258;4;['TG', 'F', 'LS1', 'SC1'];0.005;0.0029;1.744;1.749;4727.7
200041;884578;2026-04-14 09:28:41.4465;3172.26;4;['TG', 'F', 'LS1', 'SC1'];0.06;0.0047;12.76;12.82;3185.0
1390583;905868;2026-04-14 09:28:41.5016;0.0;2;['LS1', 'F'];0.019;0.0193;0.986;1.005;0.0
200033;851908;2026-04-14 09:28:41.5381;10840.536;4;['F', 'LS1', 'SC1', 'TG'];0.0;0.0;9.87;9.87;10850.400000000001
1252061;874286;2026-04-14 09:28:41.5899;0.0;4;['SC1', 'LS1', 'F', 'BB1'];0.24;0.0138;17.38;17.62;0.0
1511703;593143;2026-04-14 09:28:41.6302;0.0;1;['LS1'];1.175;0.0359;32.715;33.89;0.0
3507202;A0DK56;2026-04-14 09:28:41.6559;0.0;4;['SC1', 'LS1', 'F', 'BB1'];0.1;0.0069;14.5;14.6;0.0
2162713;727533;2026-04-14 09:28:41.6959;0.0;3;['SC1', 'LS1', 'F'];0.1;0.0053;18.7;18.8;0.0
2192605;898046;2026-04-14 09:28:41.7195;0.0;1;['LS1'];0.442;0.0331;13.366;13.808;0.0
104580;593129;2026-04-14 09:28:41.7478;0.0;1;['LS1'];0.895;0.0393;22.775;23.67;0.0
1551400;593153;2026-04-14 09:28:41.7836;0.0;1;['LS1'];0.564;0.0331;17.024;17.588;0.0
419644;634727;2026-04-14 09:28:41.8228;5121.76;5;['TG', 'LS1', 'SC1', 'F', 'BB1'];0.038;0.002;19.042;19.08;5140.8
105001;727556;2026-04-14 09:28:41.8486;0.0;1;['LS1'];1.38;0.0353;39.09;40.47;0.0
200057;931150;2026-04-14 09:28:41.8892;0.0;2;['LS1', 'F'];0.12;0.02;6.01;6.13;0.0
703764;918708;2026-04-14 09:28:41.9334;0.0;3;['LS1', 'F', 'BB1'];0.028;0.0432;0.648;0.676;0.0
932966;A0HGR5;2026-04-14 09:28:41.9689;5009.46;3;['TG', 'LS1', 'F'];0.06;0.0344;1.745;1.805;4993.8
441438;A2QLBL;2026-04-14 09:28:42.0165;0.0;3;['LS1', 'F', 'BB1'];0.17;0.0588;2.89;3.06;0.0
2192510;593137;2026-04-14 09:28:42.1083;0.0;1;['LS1'];0.482;0.0338;14.246;14.728;0.0
200062;A0BMED;2026-04-14 09:28:42.1531;0.0;3;['LS1', 'F', 'BB1'];0.012;0.0066;1.806;1.818;0.0
200030;591260;2026-04-14 09:28:42.1977;10429.08;4;['F', 'LS1', 'TG', 'SC1'];0.01;0.0007;14.92;14.93;10444.0
670734;A0J2P8;2026-04-14 09:28:42.2541;5450.9;4;['TG', 'LS1', 'F', 'SC1'];0.03;0.0033;9.11;9.14;5460.0
362828;A2QNZ9;2026-04-14 09:28:42.3101;0.0;3;['LS1', 'F', 'BB1'];0.045;0.0262;1.715;1.76;0.0
569946;A0B733;2026-04-14 09:28:42.3533;10015.0074;4;['F', 'LS1', 'TG', 'SC1'];0.001;0.0052;0.1934;0.1944;10036.0
200031;675213;2026-04-14 09:28:42.3924;166916.61000000002;4;['LS1', 'SC1', 'F', 'TG'];0.04;0.0012;33.4;33.44;166900.0
1391535;570011;2026-04-14 09:28:42.4777;0.0;3;['LS1', 'F', 'BB1'];0.03;0.032;0.938;0.968;0.0
389490;A0BKK5;2026-04-14 09:28:42.5247;1321.5776;3;['TG', 'LS1', 'F'];0.0034;0.1518;0.0224;0.0258;1321.6
2706246;A0D9B1;2026-04-14 09:28:42.5793;0.0;3;['F', 'LS1', 'BB1'];0.4;0.0191;20.9;21.3;0.0
2136792;A2QG6Z;2026-04-14 09:28:42.6189;5577.97;4;['F', 'LS1', 'SC1', 'TG'];0.01;0.0004;28.03;28.04;5606.0
113094;A0D9BZ;2026-04-14 09:28:42.6645;3267.82;2;['TG', 'F'];0.025;0.0115;2.18;2.205;3270.0000000000005
863528;A0BLAH;2026-04-14 09:28:42.7083;5162.709;4;['F', 'LS1', 'SC1', 'TG'];0.0005;0.0004;1.291;1.2915;5164.0
1390817;A0JKUU;2026-04-14 09:28:42.7582;0.0;2;['LS1', 'F'];0.05;0.0288;1.735;1.785;0.0
200061;A0BL7F;2026-04-14 09:28:42.8060;10053.480000000001;4;['SC1', 'LS1', 'F', 'TG'];0.04;0.0008;50.52;50.56;10104.0
2277358;A0MSGT;2026-04-14 09:28:42.8479;5264.56;5;['LS1', 'F', 'SC1', 'TG', 'BB1'];0.14;0.0032;44.28;44.42;5308.8
113099;A0B97B;2026-04-14 09:28:42.8880;3195.4680000000003;3;['F', 'LS1', 'TG'];0.008;0.006;1.332;1.34;3196.8
275536;A0B8L8;2026-04-14 09:28:42.9805;5640.4;4;['TG', 'LS1', 'SC1', 'F'];0.4;0.0042;95.6;96.0;5736.0
1598210;A0ERQX;2026-04-14 09:28:43.0274;0.0;3;['LS1', 'F', 'BB1'];0.0045;0.0423;0.1065;0.111;0.0
441745;A0ETP8;2026-04-14 09:28:43.0713;0.0;2;['LS1', 'F'];0.06;0.0405;1.48;1.54;0.0
105234;A0M8KM;2026-04-14 09:28:43.1198;0.0;1;['LS1'];2.02;0.0511;39.55;41.57;0.0
1444313;A0MR2G;2026-04-14 09:28:43.1948;5380.24;4;['F', 'LS1', 'TG', 'SC1'];0.02;0.0004;49.36;49.38;5429.6
925858;A0LHC1;2026-04-14 09:28:43.2673;10003.84;5;['SC1', 'F', 'LS1', 'TG', 'BB1'];-0.01;-0.0003;31.39;31.38;10044.8
187529;A0MM87;2026-04-14 09:28:43.3068;0.0;2;['LS1', 'F'];0.0014;0.0609;0.023;0.0244;0.0
1046020;A3DXEM;2026-04-14 09:28:43.3549;0.0;3;['F', 'TG', 'BB1'];0.01;0.0023;4.32;4.33;1512.0
1981330;A0MSSM;2026-04-14 09:28:43.3934;5049.905;4;['TG', 'F', 'LS1', 'SC1'];0.01;0.0022;4.595;4.605;3530.4750000000004
890781;A0MUHR;2026-04-14 09:28:43.4375;3280.925;4;['TG', 'F', 'SC1', 'LS1'];0.01;0.0015;6.58;6.59;3287.5
113122;A0MYHV;2026-04-14 09:28:43.4703;0.0;4;['F', 'LS1', 'SC1', 'BB1'];0.1;0.002;51.0;51.1;0.0
1392495;A2AKVR;2026-04-14 09:28:43.5182;0.0;3;['LS1', 'F', 'BB1'];0.05;0.007;7.1;7.15;0.0
341867;A0Q2FS;2026-04-14 09:28:43.5482;0.0;2;['LS1', 'F'];0.0008;0.0556;0.0144;0.0152;0.0
1718376;A3CSAK;2026-04-14 09:28:43.5931;0.0;1;['F'];0.042;0.0461;0.912;0.954;0.0
2134057;A0RK0Z;2026-04-14 09:28:43.6320;0.0;3;['LS1', 'F', 'BB1'];0.22;0.041;5.36;5.58;0.0
1183440;A0N9X7;2026-04-14 09:28:43.6861;1911.761;4;['TG', 'LS1', 'F', 'BB1'];0.004;0.0167;0.239;0.243;1912.0
2520435;A1C0Q3;2026-04-14 09:28:43.7734;4995.0599999999995;4;['TG', 'F', 'LS1', 'SC1'];0.015;0.0051;2.945;2.96;4998.0
2795747;A1C0ZS;2026-04-14 09:28:43.8048;5718.540000000001;4;['F', 'LS1', 'TG', 'SC1'];0.05;0.0044;11.46;11.51;5730.0
398814;A1C04X;2026-04-14 09:28:43.8312;0.0;4;['F', 'LS1', 'SC1', 'BB1'];0.4;0.006;66.3;66.7;0.0
2087263;A1C3YB;2026-04-14 09:28:43.8811;4894.267;3;['TG', 'LS1', 'F'];0.0055;0.0414;0.133;0.1385;4894.400000000001
460577;A1C04Y;2026-04-14 09:28:43.9214;0.0;3;['LS1', 'F', 'BB1'];0.3;0.005;59.5;59.8;0.0
191058;A1C47M;2026-04-14 09:28:43.9870;10124.400000000001;4;['LS1', 'F', 'TG', 'SC1'];0.02;0.0008;23.6;23.62;10148.0
2251085;A1H64K;2026-04-14 09:28:44.0247;3170.547;4;['TG', 'LS1', 'F', 'BB1'];0.0115;0.0252;0.457;0.4685;3171.0
3050489;A1JWL4;2026-04-14 09:28:44.0657;0.0;3;['LS1', 'F', 'BB1'];0.005;0.0417;0.12;0.125;0.0
3050486;A1JEMJ;2026-04-14 09:28:44.1161;2879.287;4;['TG', 'LS1', 'F', 'BB1'];0.01;0.0317;0.315;0.325;2879.6
2133966;A2H5N4;2026-04-14 09:28:44.1651;0.0;3;['LS1', 'F', 'BB1'];0.075;0.0479;1.565;1.64;0.0
2713514;A1JKF4;2026-04-14 09:28:44.2131;0.0;3;['F', 'LS1', 'BB1'];0.02;0.0065;3.085;3.105;0.0
978477;A1JR25;2026-04-14 09:28:44.2560;5102.3;4;['TG', 'LS1', 'SC1', 'F'];0.12;0.0061;19.7;19.82;5122.0
112493;A2ALPJ;2026-04-14 09:28:44.3494;0.0;2;['LS1', 'F'];0.035;0.0158;2.22;2.255;0.0
1274034;A1J5TM;2026-04-14 09:28:44.3973;5040.2;4;['TG', 'LS1', 'F', 'SC1'];0.06;0.0038;15.8;15.86;5056.0
104588;A2H5LD;2026-04-14 09:28:44.4396;0.0;1;['LS1'];0.626;0.0344;18.186;18.812;0.0
795185;A111AY;2026-04-14 09:28:44.4799;1173.7285;3;['TG', 'LS1', 'F'];0.007;0.0316;0.2215;0.2285;1173.95
1981411;A112K1;2026-04-14 09:28:44.5116;0.0;3;['LS1', 'F', 'BB1'];0.008;0.0276;0.29;0.298;0.0
1030551;A116WU;2026-04-14 09:28:44.5482;3085.16;4;['F', 'TG', 'LS1', 'BB1'];0.06;0.0068;8.88;8.94;3094.0
3581355;A40QF0;2026-04-14 09:28:44.5925;0.0;3;['LS1', 'F', 'BB1'];0.26;0.0377;6.9;7.16;0.0
1806262;A2QEA9;2026-04-14 09:28:44.6381;4933.389999999999;4;['TG', 'F', 'LS1', 'SC1'];0.025;0.0083;3.02;3.045;4936.4
1585681;A2PZ5J;2026-04-14 09:28:44.6838;0.0;3;['LS1', 'F', 'BB1'];0.008;0.0277;0.289;0.297;0.0
1616569;A12C5D;2026-04-14 09:28:44.7142;5648.68;5;['TG', 'LS1', 'F', 'SC1', 'BB1'];-0.05;-0.0044;11.31;11.26;5655.0
1981361;A119TZ;2026-04-14 09:28:44.7490;0.0;3;['LS1', 'F', 'BB1'];0.01;0.0099;1.01;1.02;0.0
1236334;A12DBZ;2026-04-14 09:28:44.7852;0.0;4;['F', 'SC1', 'LS1', 'BB1'];0.03;0.0031;9.61;9.64;0.0
896907;A12A18;2026-04-14 09:28:44.8236;3416.524;3;['TG', 'F', 'SC1'];0.018;0.0042;4.282;4.3;3424.0
319952;A2QFQQ;2026-04-14 09:28:44.8485;1964.4345;4;['TG', 'LS1', 'F', 'BB1'];0.0065;0.0245;0.2655;0.272;1964.7
100135;A2QFTF;2026-04-14 09:28:44.8775;0.0;3;['LS1', 'F', 'BB1'];0.4;0.062;6.45;6.85;0.0
2097380;A14TLR;2026-04-14 09:28:44.9422;0.0;2;['F', 'LS1'];0.065;0.0332;1.955;2.02;0.0
1390777;A14TPZ;2026-04-14 09:28:44.9955;0.0;3;['SC1', 'F', 'LS1'];0.2;0.0136;14.68;14.88;0.0
2708113;A14U1Q;2026-04-14 09:28:45.0502;4953.49;4;['TG', 'LS1', 'F', 'SC1'];0.04;0.0047;8.43;8.47;4961.9
100196;A14T4C;2026-04-14 09:28:45.0770;5147.92;4;['SC1', 'LS1', 'F', 'TG'];0.06;0.0027;22.48;22.54;5170.400000000001
1818453;A143BJ;2026-04-14 09:28:45.1263;0.0;4;['LS1', 'SC1', 'F', 'BB1'];0.1;0.0082;12.22;12.32;0.0
544029;A2DLP7;2026-04-14 09:28:45.1639;0.0;2;['LS1', 'F'];0.12;0.0331;3.62;3.74;0.0
3504746;A2DTEV;2026-04-14 09:28:45.2269;0.0;4;['F', 'LS1', 'SC1', 'BB1'];0.142;0.0076;18.632;18.774;0.0
799741;A2QBRA;2026-04-14 09:28:45.2745;0.0;3;['F', 'LS1', 'BB1'];0.008;0.0226;0.354;0.362;0.0
1827810;A40HW4;2026-04-14 09:28:45.3578;0.0;2;['LS1', 'F'];0.592;0.0363;16.3;16.892;0.0
2003651;A2AQT0;2026-04-14 09:28:45.3976;0.0;3;['F', 'LS1', 'BB1'];0.05;0.0285;1.755;1.805;0.0
2387929;A2DS30;2026-04-14 09:28:45.4863;21037.896;4;['TG', 'LS1', 'F', 'SC1'];0.009;0.0043;2.106;2.115;21040.0
2159528;A2QKKB;2026-04-14 09:28:45.5346;0.0;2;['LS1', 'F'];0.7;0.0496;14.1;14.8;0.0
570076;A2JNDN;2026-04-14 09:28:45.6050;0.0;1;['LS1'];0.0007;0.0588;0.0119;0.0126;0.0
2386549;A2QKYG;2026-04-14 09:28:45.6285;0.0;3;['LS1', 'F', 'BB1'];0.03;0.0238;1.26;1.29;0.0
1590987;A2JGNR;2026-04-14 09:28:45.6889;5368.84;4;['TG', 'LS1', 'F', 'SC1'];0.02;0.0063;3.165;3.185;5372.0
2585567;A2JGEL;2026-04-14 09:28:45.7328;10158.526;4;['TG', 'F', 'SC1', 'LS1'];0.014;0.0052;2.678;2.692;10168.800000000001
3222731;A2PLN0;2026-04-14 09:28:45.7547;1818.855;3;['TG', 'F', 'BB1'];0.005;0.0014;3.65;3.655;1825.0
1976758;A2P7K9;2026-04-14 09:28:45.7955;0.0;3;['LS1', 'F', 'BB1'];0.09;0.0352;2.56;2.65;0.0
2704797;A2PK8E;2026-04-14 09:28:45.8375;5091.5;4;['TG', 'LS1', 'F', 'BB1'];0.05;0.0059;8.5;8.55;5100.0
1489650;A2P39H;2026-04-14 09:28:45.8824;5155.59;4;['F', 'TG', 'LS1', 'SC1'];0.05;0.0089;5.63;5.68;5161.200000000001
2919160;A2PBB3;2026-04-14 09:28:45.9428;0.0;2;['LS1', 'F'];0.019;0.0316;0.601;0.62;0.0
1390854;A2PMG8;2026-04-14 09:28:45.9718;6213.22;5;['TG', 'F', 'LS1', 'SC1', 'BB1'];0.08;0.0038;20.8;20.88;6234.0
1165766;A2QP0Z;2026-04-14 09:28:46.0242;0.0;1;['F'];0.044;0.1692;0.26;0.304;0.0
274157;A2QJ0U;2026-04-14 09:28:46.0708;0.0;2;['LS1', 'F'];0.003;0.0577;0.052;0.055;0.0
1544860;A2PTK2;2026-04-14 09:28:46.1538;0.0;3;['F', 'LS1', 'BB1'];0.105;0.0295;3.565;3.67;0.0
511101;A2PRFU;2026-04-14 09:28:46.1829;0.0;2;['LS1', 'F'];0.078;0.2847;0.274;0.352;0.0
2520437;A2PTV3;2026-04-14 09:28:46.2117;0.0;4;['F', 'SC1', 'LS1', 'BB1'];0.025;0.0065;3.875;3.9;0.0
1976761;A2P86S;2026-04-14 09:28:46.2495;0.0;2;['F', 'BB1'];0.032;0.1333;0.24;0.272;0.0
2166375;A2QD56;2026-04-14 09:28:46.3052;2531.5099999999998;4;['TG', 'LS1', 'F', 'BB1'];0.03;0.0201;1.495;1.525;2533.0
1944351;A2P85S;2026-04-14 09:28:46.3586;3136.238;3;['F', 'TG', 'LS1'];0.016;0.0138;1.162;1.178;3137.3999999999996
2580528;A2P701;2026-04-14 09:28:46.4528;0.0;3;['LS1', 'F', 'BB1'];0.2;0.0214;9.34;9.54;0.0
2669487;A2QFVR;2026-04-14 09:28:46.5287;0.0;3;['F', 'LS1', 'BB1'];0.011;0.087;0.1265;0.1375;0.0
2592724;A2QBBR;2026-04-14 09:28:46.5790;0.0;3;['F', 'LS1', 'BB1'];0.018;0.014;1.29;1.308;0.0
2573613;A2QDK9;2026-04-14 09:28:46.6164;3032.3540000000003;2;['F', 'TG'];0.001;0.0022;0.446;0.447;3032.8
1585717;A2QD5A;2026-04-14 09:28:46.6839;998.272;4;['TG', 'LS1', 'F', 'BB1'];0.0075;0.0579;0.1295;0.137;998.4
1788510;A2QFMZ;2026-04-14 09:28:46.7208;0.0;3;['LS1', 'F', 'BB1'];0.028;0.0325;0.862;0.89;0.0
100180;A2QMHZ;2026-04-14 09:28:46.7618;0.0;2;['LS1', 'F'];0.0036;0.0822;0.0438;0.0474;0.0
3012324;A2QFJZ;2026-04-14 09:28:46.8060;0.0;2;['LS1', 'SC1'];0.034;0.0164;2.07;2.104;0.0
274299;A2QD8B;2026-04-14 09:28:46.8438;0.0;3;['LS1', 'F', 'BB1'];0.11;0.0316;3.48;3.59;0.0
1976760;A2QHVY;2026-04-14 09:28:46.8915;0.0;3;['LS1', 'F', 'BB1'];0.09;0.0179;5.02;5.11;0.0
2357667;A2QKGG;2026-04-14 09:28:46.9335;1436.9042;3;['TG', 'F', 'LS1'];0.0038;0.0392;0.097;0.1008;1437.0
2522928;A2QPU1;2026-04-14 09:28:46.9646;3094.95;3;['F', 'TG', 'BB1'];0.04;0.0057;7.05;7.09;3102.0
441442;A2QRF0;2026-04-14 09:28:47.0144;0.0;1;['F'];0.0305;0.2383;0.128;0.1585;0.0
274290;A2QLA1;2026-04-14 09:28:47.1115;0.0;2;['F', 'LS1'];0.06;0.0448;1.34;1.4;0.0
2011905;A2QNES;2026-04-14 09:28:47.1880;0.0;3;['LS1', 'F', 'BB1'];0.011;0.1048;0.105;0.116;0.0
1277953;A2QPA7;2026-04-14 09:28:47.2172;0.0;3;['F', 'LS1', 'BB1'];0.28;0.0921;3.04;3.32;0.0
2427398;A3CM9J;2026-04-14 09:28:47.2391;0.0;1;['LS1'];0.0002;0.125;0.0016;0.0018;0.0
1568912;A2QNH0;2026-04-14 09:28:47.2675;0.0;2;['LS1', 'F'];0.0009;0.6923;0.0013;0.0022;0.0
802950;A3CQSR;2026-04-14 09:28:47.2981;0.0;1;['F'];0.0032;0.0412;0.0777;0.0809;0.0
2667737;A3C90T;2026-04-14 09:28:47.3312;0.0;3;['F', 'LS1', 'BB1'];0.026;0.0621;0.419;0.445;0.0
2276167;A2QPCH;2026-04-14 09:28:47.3771;0.0;1;['F'];1.435;1.7394;0.825;2.26;0.0
1277960;A2QP16;2026-04-14 09:28:47.4194;0.0;2;['LS1', 'F'];0.018;0.1237;0.1455;0.1635;0.0
1427638;A2QP3K;2026-04-14 09:28:47.4663;0.0;3;['LS1', 'F', 'BB1'];0.022;0.0278;0.792;0.814;0.0
103460;A3CNLM;2026-04-14 09:28:47.5114;998.6999999999999;3;['TG', 'LS1', 'F'];0.03;0.1;0.3;0.33;999.0
203322;A2QR3C;2026-04-14 09:28:47.5380;0.0;3;['F', 'LS1', 'BB1'];0.031;0.1006;0.308;0.339;0.0
799776;A3CMW6;2026-04-14 09:28:47.5848;3194.12;4;['TG', 'F', 'LS1', 'BB1'];0.026;0.0138;1.88;1.906;3196.0
685343;A2QR3K;2026-04-14 09:28:47.6195;1366.4286;3;['TG', 'LS1', 'F'];0.0052;0.0386;0.1346;0.1398;1366.56
799631;A3CPSZ;2026-04-14 09:28:47.6666;0.0;2;['LS1', 'F'];0.0031;0.0409;0.0758;0.0789;0.0
144257;A3CSWR;2026-04-14 09:28:47.6997;0.0;3;['F', 'LS1', 'BB1'];0.04;0.0147;2.72;2.76;0.0
1409139;A3CRUH;2026-04-14 09:28:47.7437;0.0;3;['LS1', 'F', 'BB1'];0.01;0.0175;0.57;0.58;0.0
168268;A3CRLZ;2026-04-14 09:28:47.7718;0.0;2;['LS1', 'F'];0.0023;0.0558;0.0412;0.0435;0.0
1944336;A3CRSE;2026-04-14 09:28:47.8166;4944.345;4;['TG', 'F', 'BB1', 'SC1'];0.03;0.0092;3.255;3.285;4947.599999999999
1031093;A3CRTG;2026-04-14 09:28:47.8622;0.0;3;['LS1', 'F', 'BB1'];0.22;0.1;2.2;2.42;0.0
100619;A3CRYH;2026-04-14 09:28:47.8911;0.0;2;['F', 'BB1'];0.04;0.009;4.44;4.48;0.0
111713;A3CTW3;2026-04-14 09:28:47.9248;0.0;3;['LS1', 'F', 'BB1'];0.026;0.03;0.868;0.894;0.0
1854358;A3CSVS;2026-04-14 09:28:47.9850;0.0;2;['LS1', 'F'];0.03;0.0395;0.76;0.79;0.0
568857;A3C8LV;2026-04-14 09:28:48.0436;19987.829999999998;5;['LS1', 'TG', 'SC1', 'F', 'BB1'];-0.07;-0.0057;12.34;12.27;20000.1
814361;A3DEH5;2026-04-14 09:28:48.0888;15254.676;5;['LS1', 'SC1', 'TG', 'F', 'BB1'];0.017;0.0041;4.13;4.147;15258.8
2333985;A3DHA0;2026-04-14 09:28:48.1301;5144.93;4;['SC1', 'LS1', 'F', 'TG'];0.01;0.0009;10.97;10.98;5155.900000000001
1605628;A3DJTR;2026-04-14 09:28:48.1772;0.0;2;['LS1', 'F'];0.404;0.04;10.092;10.496;0.0
2480194;A3DL96;2026-04-14 09:28:48.2143;0.0;2;['LS1', 'F'];0.014;0.0285;0.492;0.506;0.0
2996743;A3DMCQ;2026-04-14 09:28:48.2699;0.0;3;['SC1', 'F', 'LS1'];0.1;0.0103;9.73;9.83;0.0
1167324;A3D3XV;2026-04-14 09:28:48.2926;0.0;2;['LS1', 'F'];0.5;0.0365;13.7;14.2;0.0
3169115;A3EC4Y;2026-04-14 09:28:48.3247;10035.44;5;['F', 'SC1', 'LS1', 'TG', 'BB1'];0.02;0.0016;12.56;12.58;10048.0
1901660;A3D65B;2026-04-14 09:28:48.3636;0.0;2;['F', 'LS1'];0.031;0.0833;0.372;0.403;0.0
2657781;A3EEQK;2026-04-14 09:28:48.4132;0.0;3;['LS1', 'F', 'BB1'];0.003;0.0085;0.351;0.354;0.0
141467;A3EEUZ;2026-04-14 09:28:48.4608;0.0;1;['F'];0.092;0.106;0.868;0.96;0.0
548384;A3ETUJ;2026-04-14 09:28:48.5541;0.0;3;['LS1', 'F', 'BB1'];0.22;0.0322;6.84;7.06;0.0
2688460;A3EJCY;2026-04-14 09:28:48.6676;0.0;3;['LS1', 'F', 'BB1'];0.022;0.0181;1.218;1.24;0.0
3249686;A3EJET;2026-04-14 09:28:48.7253;0.0;3;['LS1', 'F', 'BB1'];0.008;0.0124;0.647;0.655;0.0
1505408;A3EUN9;2026-04-14 09:28:48.7744;0.0;3;['LS1', 'F', 'BB1'];0.025;0.0288;0.868;0.893;0.0
294526;A3EXM4;2026-04-14 09:28:48.8258;0.0;4;['F', 'LS1', 'SC1', 'BB1'];0.035;0.0095;3.695;3.73;0.0
3287603;A400EA;2026-04-14 09:28:48.8844;0.0;2;['LS1', 'F'];0.02;0.0464;0.431;0.451;0.0
1177852;A403MH;2026-04-14 09:28:48.9133;3208.9300000000003;4;['TG', 'LS1', 'F', 'BB1'];0.01;0.0093;1.07;1.08;3210.0
1665149;A40A79;2026-04-14 09:28:48.9600;0.0;3;['LS1', 'F', 'SC1'];0.08;0.0422;1.894;1.974;0.0
2022332;A403WR;2026-04-14 09:28:49.0623;0.0;2;['LS1', 'F'];0.0026;0.044;0.0591;0.0617;0.0
1228836;A40ED9;2026-04-14 09:28:49.1054;0.0;1;['LS1'];0.434;0.0414;10.474;10.908;0.0
1081721;A40EDQ;2026-04-14 09:28:49.1460;3115.489;3;['TG', 'F', 'LS1'];0.002;0.0033;0.611;0.613;1532.5
680706;A403T5;2026-04-14 09:28:49.2019;0.0;2;['LS1', 'F'];0.04;0.0541;0.74;0.78;0.0
631205;A40D18;2026-04-14 09:28:49.2469;0.0;2;['LS1', 'F'];0.07;0.0471;1.485;1.555;0.0
666302;A40P11;2026-04-14 09:28:49.2893;0.0;3;['F', 'LS1', 'BB1'];0.0006;0.0157;0.0382;0.0388;0.0
2375634;A40P7B;2026-04-14 09:28:49.3385;0.0;2;['LS1', 'F'];0.16;0.1127;1.42;1.58;0.0
103609;A40WJJ;2026-04-14 09:28:49.3827;0.0;2;['LS1', 'F'];0.0046;0.0484;0.095;0.0996;0.0
2704744;A411HR;2026-04-14 09:28:49.4073;0.0;2;['LS1', 'F'];0.1;0.0187;5.36;5.46;0.0
1091530;A411HK;2026-04-14 09:28:49.5087;0.0;1;['F'];0.3;0.1493;2.01;2.31;0.0
104365;A411M9;2026-04-14 09:28:49.5375;0.0;3;['LS1', 'F', 'BB1'];0.05;0.2315;0.216;0.266;0.0
2654405;A415VC;2026-04-14 09:28:49.5629;0.0;3;['LS1', 'F', 'BB1'];0.075;0.0411;1.825;1.9;0.0
3833856;A41B4H;2026-04-14 09:28:49.6065;0.0;3;['LS1', 'F', 'BB1'];0.016;0.0196;0.818;0.834;0.0
129801;A41BLY;2026-04-14 09:28:49.6559;29878.239999999998;4;['F', 'LS1', 'TG', 'SC1'];0.08;0.0022;36.26;36.34;29906.25
557830;A41BQM;2026-04-14 09:28:49.7466;0.0;2;['F', 'LS1'];0.018;0.0738;0.244;0.262;0.0
849537;A41H72;2026-04-14 09:28:49.7948;0.0;3;['LS1', 'F', 'BB1'];0.055;0.043;1.28;1.335;0.0
753003;A41H9F;2026-04-14 09:28:49.8348;0.0;2;['LS1', 'F'];0.012;0.018;0.668;0.68;0.0
745989;A41HA0;2026-04-14 09:28:49.8743;0.0;2;['LS1', 'F'];0.013;0.0765;0.17;0.183;0.0
542215;A41U71;2026-04-14 09:28:49.9213;0.0;2;['F', 'BB1'];0.38;0.088;4.32;4.7;0.0
1182019;A41TSE;2026-04-14 09:28:49.9482;0.0;2;['LS1', 'F'];0.068;0.104;0.654;0.722;0.0
1536076;A41YN5;2026-04-14 09:28:49.9888;0.0;2;['LS1', 'F'];0.14;0.032;4.38;4.52;0.0
3967987;A420G0;2026-04-14 09:28:50.0260;0.0;2;['LS1', 'F'];0.005;0.0233;0.215;0.22;0.0
3735314;A41YPU;2026-04-14 09:28:50.0639;0.0;2;['LS1', 'F'];0.035;0.0345;1.015;1.05;0.0
4830457;A41YS7;2026-04-14 09:28:50.1034;0.0;1;['F'];0.02;0.0342;0.584;0.604;0.0
2081271;881317;2026-04-14 09:28:50.1669;0.0;1;['BB1'];0.02;0.0952;0.21;0.23;0.0
876078;922214;2026-04-14 09:28:50.3150;0.0;2;['BB1', 'LS1'];0.4;0.0889;4.5;4.9;0.0
903831;A1JMPL;2026-04-14 09:28:50.3419;0.0;2;['LS1', 'BB1'];0.28;0.0614;4.56;4.84;0.0
827663;881319;2026-04-14 09:28:50.4523;0.0;1;['BB1'];0.7;0.0374;18.7;19.4;0.0
806530;632335;2026-04-14 09:28:50.5041;0.0;1;['BB1'];0.15;0.1034;1.45;1.6;0.0
523974;A11065;2026-04-14 09:28:50.5765;0.0;1;['F'];0.2;0.2;1.0;1.2;0.0
806495;884451;2026-04-14 09:28:50.6028;0.0;2;['F', 'LS1'];0.09;0.0857;1.05;1.14;0.0
2046604;A0CATD;2026-04-14 09:28:50.8551;0.0;3;['F', 'BB1', 'LS1'];1.0;0.035;28.6;29.6;0.0
340912;749279;2026-04-14 09:28:51.0304;0.0;1;['BB1'];0.12;0.1257;0.955;1.075;0.0
1618851;A119EF;2026-04-14 09:28:51.1221;0.0;3;['F', 'BB1', 'LS1'];0.12;0.0408;2.94;3.06;0.0
2732058;A1JYQH;2026-04-14 09:28:51.2032;0.0;3;['F', 'LS1', 'BB1'];0.2;0.0467;4.28;4.48;0.0
172114;882336;2026-04-14 09:28:51.2783;0.0;2;['F', 'BB1'];0.023;0.0214;1.077;1.1;0.0
1748806;A1H4J8;2026-04-14 09:28:51.3706;0.0;4;['LS1', 'SC1', 'BB1', 'F'];1.4;0.0323;43.4;44.8;0.0
434789;120100;2026-04-14 09:28:51.4184;24913.49;4;['TG', 'F', 'LS1', 'SC1'];0.095;0.004;23.57;23.665;24937.06
113132;884869;2026-04-14 09:28:51.4878;0.0;4;['F', 'SC1', 'LS1', 'BB1'];0.8;0.0172;46.6;47.4;0.0
113144;A0H1Q1;2026-04-14 09:28:51.5302;0.0;4;['TG', 'F', 'LS1', 'BB1'];2.2;0.0221;99.7;101.9;9770.6
863403;A1J1ZZ;2026-04-14 09:28:51.6693;0.0;3;['LS1', 'F', 'BB1'];1.34;0.0432;31.02;32.36;0.0
1581093;A3CRY8;2026-04-14 09:28:51.7205;0.0;2;['F', 'LS1'];0.0705;0.5732;0.123;0.1935;0.0
595350;A0LA5E;2026-04-14 09:28:51.7695;0.0;3;['F', 'LS1', 'BB1'];0.8;0.0284;28.15;28.95;0.0
1602091;A1J9PZ;2026-04-14 09:28:51.8642;0.0;3;['LS1', 'F', 'BB1'];0.48;0.0164;29.31;29.79;0.0
1811660;A0ER66;2026-04-14 09:28:51.9001;0.0;3;['LS1', 'F', 'BB1'];0.455;0.1083;4.2;4.655;0.0
392702;A2QL7L;2026-04-14 09:28:51.9454;0.0;3;['LS1', 'F', 'BB1'];0.195;0.045;4.335;4.53;0.0
1353073;906743;2026-04-14 09:28:51.9864;0.0;2;['F', 'LS1'];0.33;0.0606;5.45;5.78;0.0
646695;A2DG1W;2026-04-14 09:28:52.0481;0.0;1;['LS1'];0.14;0.0277;5.06;5.2;0.0
495481;A2PLET;2026-04-14 09:28:52.0876;0.0;1;['LS1'];0.002;0.0105;0.191;0.193;0.0
1009513;A0YCRT;2026-04-14 09:28:52.1390;946.74;4;['TG', 'F', 'LS1', 'BB1'];0.054;0.029;1.86;1.914;948.6
3059789;A14YD5;2026-04-14 09:28:52.1845;0.0;3;['LS1', 'F', 'BB1'];0.36;0.027;13.34;13.7;0.0
174946;A2AMJD;2026-04-14 09:28:52.2222;0.0;1;['LS1'];0.2;0.0447;4.47;4.67;0.0
849843;907562;2026-04-14 09:28:52.2791;0.0;3;['LS1', 'F', 'BB1'];0.55;0.02;27.55;28.1;0.0
625994;894956;2026-04-14 09:28:52.3204;0.0;3;['F', 'LS1', 'BB1'];0.159;0.0364;4.372;4.531;0.0
131561;A2QNGE;2026-04-14 09:28:52.3938;0.0;2;['LS1', 'F'];0.24;0.034;7.06;7.3;0.0
433815;A0D9SD;2026-04-14 09:28:52.4445;0.0;1;['LS1'];0.056;0.0588;0.952;1.008;0.0
1511205;A3C5GY;2026-04-14 09:28:52.4808;0.0;1;['F'];0.35;0.6863;0.51;0.86;0.0
1235132;A1J10V;2026-04-14 09:28:52.5079;0.0;3;['F', 'LS1', 'BB1'];0.36;0.0644;5.59;5.95;0.0
348571;A2PL08;2026-04-14 09:28:52.5715;0.0;2;['F', 'BB1'];0.515;0.4187;1.23;1.745;0.0
2453705;A1J10U;2026-04-14 09:28:52.6269;0.0;3;['F', 'LS1', 'BB1'];0.009;0.0106;0.85;0.859;0.0
1046793;A1JALK;2026-04-14 09:28:52.6811;0.0;3;['F', 'LS1', 'BB1'];4.5;0.0051;882.0;886.5;0.0
543042;884537;2026-04-14 09:28:52.7166;0.0;3;['F', 'LS1', 'BB1'];3.5;0.0119;294.0;297.5;0.0
849842;902089;2026-04-14 09:28:52.7839;0.0;3;['LS1', 'F', 'BB1'];0.162;0.1552;1.044;1.206;0.0
990801;889137;2026-04-14 09:28:52.8351;0.0;3;['LS1', 'F', 'BB1'];1.6;0.0148;108.1;109.7;0.0
1134067;896676;2026-04-14 09:28:52.8769;0.0;3;['LS1', 'F', 'BB1'];3.15;0.0179;175.65;178.8;0.0
496677;677298;2026-04-14 09:28:52.9110;0.0;3;['LS1', 'F', 'BB1'];1.95;0.0128;152.75;154.7;0.0
1030636;A0DNL1;2026-04-14 09:28:52.9557;0.0;3;['LS1', 'F', 'BB1'];0.63;0.0301;20.95;21.58;0.0
707555;A0Q0G9;2026-04-14 09:28:53.0069;0.0;3;['F', 'LS1', 'BB1'];0.309;0.1216;2.541;2.85;0.0
103328;A2DJW6;2026-04-14 09:28:53.0931;0.0;3;['F', 'LS1', 'BB1'];0.19;0.0389;4.89;5.08;0.0
1836022;896270;2026-04-14 09:28:53.1426;0.0;3;['F', 'LS1', 'BB1'];0.3;0.0187;16.06;16.36;0.0
1713573;A3C5GZ;2026-04-14 09:28:53.1839;0.0;2;['LS1', 'F'];0.04;0.0294;1.36;1.4;0.0
799679;911886;2026-04-14 09:28:53.2255;0.0;3;['F', 'LS1', 'BB1'];0.047;0.0412;1.141;1.188;0.0
903422;A3CNAX;2026-04-14 09:28:53.2685;0.0;3;['F', 'LS1', 'BB1'];0.2;0.0107;18.68;18.88;0.0
2620952;A2JM16;2026-04-14 09:28:53.3483;0.0;2;['LS1', 'F'];0.017;0.0445;0.382;0.399;0.0
1939312;A2JR4R;2026-04-14 09:28:53.3912;0.0;3;['LS1', 'F', 'BB1'];1.0;0.007;142.5;143.5;0.0
921415;A0NJDD;2026-04-14 09:28:53.4354;0.0;3;['F', 'LS1', 'BB1'];0.065;0.091;0.714;0.779;0.0
1908055;A2QRJL;2026-04-14 09:28:53.4744;0.0;2;['F', 'LS1'];0.9;0.0532;16.92;17.82;0.0
534589;A2DPXC;2026-04-14 09:28:53.5656;0.0;2;['F', 'LS1'];0.166;0.0204;8.154;8.32;0.0
1516417;A2QFQ0;2026-04-14 09:28:53.6234;0.0;1;['LS1'];0.015;0.0826;0.1815;0.1965;0.0
1869330;A0LC5S;2026-04-14 09:28:53.6747;0.0;3;['F', 'LS1', 'BB1'];2.2;0.0389;56.6;58.8;0.0
1581027;A3CRZA;2026-04-14 09:28:53.7242;0.0;2;['F', 'LS1'];0.42;0.1007;4.17;4.59;0.0
642685;A3CRY7;2026-04-14 09:28:53.7531;0.0;2;['LS1', 'F'];0.106;0.3681;0.288;0.394;0.0
566770;541407;2026-04-14 09:28:53.7874;0.0;2;['LS1', 'F'];0.58;0.1105;5.25;5.83;0.0
2512357;A2PEDF;2026-04-14 09:28:53.8350;0.0;1;['LS1'];0.0018;0.0407;0.0442;0.046;0.0
566586;902092;2026-04-14 09:28:53.8582;0.0;3;['F', 'LS1', 'BB1'];0.046;0.037;1.242;1.288;0.0
807664;A1W95U;2026-04-14 09:28:53.9188;0.0;3;['F', 'LS1', 'BB1'];0.105;0.0241;4.365;4.47;0.0
472190;A1JDAR;2026-04-14 09:28:53.9543;0.0;2;['LS1', 'F'];0.3;0.0685;4.38;4.68;0.0
387426;A2ADL0;2026-04-14 09:28:53.9981;0.0;2;['LS1', 'F'];0.42;0.0323;13.02;13.44;0.0
2423664;A0MXQG;2026-04-14 09:28:54.0385;0.0;2;['LS1', 'F'];0.39;0.0605;6.45;6.84;0.0
1570594;A0DQA0;2026-04-14 09:28:54.0667;0.0;3;['F', 'LS1', 'BB1'];0.143;0.1079;1.325;1.468;0.0
1738866;A1J12C;2026-04-14 09:28:54.0906;0.0;2;['LS1', 'F'];0.012;0.02;0.6;0.612;0.0
685615;A1J116;2026-04-14 09:28:54.1370;0.0;2;['F', 'LS1'];0.004;0.0055;0.73;0.734;0.0
1501006;A2PNWP;2026-04-14 09:28:54.1808;0.0;1;['F'];0.28;0.2286;1.225;1.505;0.0
107433;A40PPA;2026-04-14 09:28:54.2289;0.0;2;['LS1', 'F'];0.21;0.1826;1.15;1.36;0.0
1108717;A2P958;2026-04-14 09:28:54.2731;0.0;2;['F', 'LS1'];0.066;0.0564;1.17;1.236;0.0
1468970;A2P3F2;2026-04-14 09:28:54.3212;0.0;2;['F', 'LS1'];0.16;0.0588;2.72;2.88;0.0
1669766;A1C7YU;2026-04-14 09:28:54.3747;0.0;3;['LS1', 'F', 'BB1'];0.29;0.0157;18.43;18.72;0.0
464047;A12CK9;2026-04-14 09:28:54.4325;0.0;2;['LS1', 'F'];0.45;0.0323;13.95;14.4;0.0
900693;A1J12R;2026-04-14 09:28:54.5197;0.0;3;['F', 'LS1', 'BB1'];0.13;0.0388;3.35;3.48;0.0
433816;A0CA6H;2026-04-14 09:28:54.5604;0.0;3;['LS1', 'F', 'BB1'];0.084;0.14;0.6;0.684;0.0
973008;A0RNWQ;2026-04-14 09:28:54.6827;0.0;3;['LS1', 'F', 'BB1'];0.02;0.037;0.54;0.56;0.0
501603;A3C20N;2026-04-14 09:28:54.7518;0.0;2;['LS1', 'F'];0.012;0.0391;0.307;0.319;0.0
2701377;A2JN1E;2026-04-14 09:28:54.7796;0.0;2;['F', 'LS1'];0.011;0.0797;0.138;0.149;0.0
2515571;A12CLL;2026-04-14 09:28:54.8210;0.0;2;['LS1', 'F'];0.02;0.017;1.175;1.195;0.0
849763;A1JCB2;2026-04-14 09:28:54.8698;0.0;3;['F', 'LS1', 'BB1'];0.24;0.0377;6.368;6.608;0.0
629089;898447;2026-04-14 09:28:54.9104;0.0;3;['F', 'LS1', 'BB1'];2.6;0.0103;251.6;254.2;0.0
349987;908063;2026-04-14 09:28:54.9519;0.0;2;['F', 'LS1'];0.58;0.0079;73.83;74.41;0.0
1858292;553559;2026-04-14 09:28:55.0004;0.0;3;['F', 'LS1', 'BB1'];0.56;0.0323;17.32;17.88;0.0
2481598;A3CRY9;2026-04-14 09:28:55.0461;0.0;2;['LS1', 'F'];0.01;0.0847;0.118;0.128;0.0
2423663;A1JFY4;2026-04-14 09:28:55.1668;0.0;3;['F', 'LS1', 'BB1'];2.15;0.0193;111.4;113.55;0.0
1939539;121065;2026-04-14 09:28:55.2467;0.0;2;['F', 'LS1'];65.0;0.0119;5485.0;5550.0;0.0
2536616;A12CLS;2026-04-14 09:28:55.2896;0.0;2;['LS1', 'F'];0.056;0.0819;0.684;0.74;0.0
1324058;911093;2026-04-14 09:28:55.3295;0.0;3;['F', 'LS1', 'BB1'];0.064;0.0318;2.014;2.078;0.0
403657;A3CTZD;2026-04-14 09:28:55.3760;0.0;2;['F', 'LS1'];0.016;0.0925;0.173;0.189;0.0
1563649;A111R3;2026-04-14 09:28:55.4151;0.0;3;['F', 'LS1', 'BB1'];0.27;0.0312;8.65;8.92;0.0
849762;A0RP05;2026-04-14 09:28:55.4404;0.0;3;['F', 'LS1', 'BB1'];0.28;0.0437;6.41;6.69;0.0
1944383;A1J13Q;2026-04-14 09:28:55.4849;0.0;3;['F', 'LS1', 'BB1'];0.08;0.041;1.95;2.03;0.0
904592;A2JP5U;2026-04-14 09:28:55.5192;0.0;3;['F', 'LS1', 'BB1'];0.105;0.0286;3.665;3.77;0.0
1016757;A1C3YC;2026-04-14 09:28:55.5663;0.0;3;['LS1', 'F', 'BB1'];1.9;0.0238;79.7;81.6;0.0
1827811;A0REM5;2026-04-14 09:28:55.6065;0.0;3;['F', 'LS1', 'BB1'];0.06;0.0215;2.79;2.85;0.0
2909138;A1XCKG;2026-04-14 09:28:55.6561;0.0;3;['F', 'LS1', 'BB1'];0.26;0.0216;12.06;12.32;0.0
2043441;A12CLY;2026-04-14 09:28:55.6852;0.0;2;['F', 'LS1'];0.105;0.0592;1.775;1.88;0.0
242565;A2PA3X;2026-04-14 09:28:55.7764;0.0;3;['LS1', 'F', 'BB1'];0.038;0.0237;1.604;1.642;0.0
1105267;A3DKFT;2026-04-14 09:28:55.8290;0.0;2;['F', 'LS1'];0.65;0.0316;20.6;21.25;0.0
794155;A1W93P;2026-04-14 09:28:55.8779;0.0;2;['LS1', 'F'];0.35;0.0136;25.7;26.05;0.0
462906;A2JJ69;2026-04-14 09:28:55.9150;0.0;3;['F', 'LS1', 'BB1'];0.024;0.0198;1.21;1.234;0.0
2425242;A3CVP8;2026-04-14 09:28:55.9637;0.0;2;['LS1', 'F'];0.269;0.1348;1.996;2.265;0.0
691143;A0NJDH;2026-04-14 09:28:56.0088;0.0;3;['LS1', 'F', 'BB1'];0.75;0.0373;20.1;20.85;0.0
997534;A1C528;2026-04-14 09:28:56.0331;0.0;2;['F', 'LS1'];0.03;0.0426;0.705;0.735;0.0
707552;534356;2026-04-14 09:28:56.0892;0.0;2;['LS1', 'F'];0.46;0.008;57.78;58.24;0.0
1822517;A1165C;2026-04-14 09:28:56.1330;0.0;3;['F', 'LS1', 'BB1'];0.32;0.0205;15.62;15.94;0.0
181481;A2QLG3;2026-04-14 09:28:56.1804;0.0;3;['LS1', 'F', 'BB1'];0.049;0.0641;0.765;0.814;0.0
296282;914910;2026-04-14 09:28:56.2259;0.0;2;['F', 'LS1'];0.5;0.0086;58.46;58.96;0.0
510998;A0YC19;2026-04-14 09:28:56.2857;0.0;3;['LS1', 'F', 'BB1'];0.061;0.0235;2.595;2.656;0.0
482117;A1KCVX;2026-04-14 09:28:56.3342;0.0;3;['LS1', 'F', 'BB1'];0.22;0.1028;2.14;2.36;0.0
1100786;A12CL3;2026-04-14 09:28:56.4046;0.0;2;['F', 'LS1'];1.9;0.0565;33.6;35.5;0.0
296283;929424;2026-04-14 09:28:56.4596;0.0;2;['F', 'LS1'];0.025;0.0008;30.5;30.525;0.0
349986;A0DLEV;2026-04-14 09:28:56.5078;0.0;3;['F', 'LS1', 'BB1'];0.34;0.0145;23.505;23.845;0.0
1779582;A1W7D1;2026-04-14 09:28:56.5473;0.0;3;['LS1', 'F', 'BB1'];0.22;0.0678;3.244;3.464;0.0
1038257;A2AT5Y;2026-04-14 09:28:56.6144;0.0;3;['LS1', 'F', 'BB1'];2.4;0.0424;56.6;59.0;0.0
1674373;A2QLAZ;2026-04-14 09:28:56.6654;0.0;2;['LS1', 'F'];0.03;0.0531;0.565;0.595;0.0
896914;A12C8M;2026-04-14 09:28:56.7433;0.0;2;['LS1', 'F'];0.045;0.2;0.225;0.27;0.0
2700320;A2N9NP;2026-04-14 09:28:56.7843;0.0;2;['F', 'BB1'];0.18;0.2835;0.635;0.815;0.0
810947;A0YCYA;2026-04-14 09:28:56.8255;0.0;2;['LS1', 'F'];0.18;0.0114;15.83;16.01;0.0
2598708;A2ASZ0;2026-04-14 09:28:56.8661;0.0;2;['LS1', 'F'];0.065;0.4305;0.151;0.216;0.0
1229051;A2JAWM;2026-04-14 09:28:56.9234;0.0;2;['LS1', 'F'];0.58;0.0139;41.74;42.32;0.0
2375662;A0NJDM;2026-04-14 09:28:56.9702;0.0;2;['F', 'LS1'];1.04;0.0296;35.1;36.14;0.0
263015;910350;2026-04-14 09:28:57.0087;0.0;2;['LS1', 'F'];0.24;0.0476;5.04;5.28;0.0
1661039;A0MXMU;2026-04-14 09:28:57.0603;0.0;2;['LS1', 'F'];0.3;0.0271;11.05;11.35;0.0
712782;A1JUH2;2026-04-14 09:28:57.0987;0.0;2;['F', 'LS1'];0.21;0.0366;5.74;5.95;0.0
403635;A3CTP4;2026-04-14 09:28:57.1528;0.0;3;['LS1', 'F', 'BB1'];0.18;0.0178;10.12;10.3;0.0
1072428;A2P2YR;2026-04-14 09:28:57.1747;0.0;2;['LS1', 'F'];0.012;0.0312;0.3845;0.3965;0.0
3778709;A1JD4W;2026-04-14 09:28:57.2174;0.0;2;['LS1', 'F'];0.5;0.0069;72.35;72.85;0.0
701621;A12CMH;2026-04-14 09:28:57.2486;0.0;3;['LS1', 'F', 'BB1'];0.0045;0.0235;0.1915;0.196;0.0
203927;914744;2026-04-14 09:28:57.2978;0.0;3;['F', 'BB1', 'LS1'];0.61;0.0146;41.84;42.45;0.0
2800922;A2QGAZ;2026-04-14 09:28:57.3455;0.0;3;['LS1', 'F', 'BB1'];0.0;0.0;100.0;100.0;0.0
1709917;A1J15N;2026-04-14 09:28:57.3838;0.0;2;['LS1', 'F'];0.008;0.009;0.884;0.892;0.0
1133967;892867;2026-04-14 09:28:57.4374;0.0;3;['F', 'LS1', 'BB1'];0.025;0.039;0.641;0.666;0.0
1331875;911884;2026-04-14 09:28:57.4669;0.0;3;['F', 'LS1', 'BB1'];1.6;0.0296;54.0;55.6;0.0
146214;904718;2026-04-14 09:28:57.5093;0.0;2;['LS1', 'F'];0.28;0.0558;5.02;5.3;0.0
2001542;A2QBT9;2026-04-14 09:28:57.5693;0.0;3;['LS1', 'F', 'BB1'];0.025;0.0133;1.885;1.91;0.0
864437;A1J15Q;2026-04-14 09:28:57.6143;0.0;3;['F', 'LS1', 'BB1'];0.01;0.015;0.668;0.678;0.0
810941;A1C0ZK;2026-04-14 09:28:57.6792;0.0;3;['F', 'LS1', 'BB1'];0.033;0.0135;2.45;2.483;0.0
2677442;A2N4XQ;2026-04-14 09:28:57.7392;0.0;1;['F'];0.325;0.5285;0.615;0.94;0.0
430119;A2JH8G;2026-04-14 09:28:57.7890;0.0;1;['LS1'];0.022;0.1507;0.146;0.168;0.0
104239;917448;2026-04-14 09:28:57.8467;0.0;3;['F', 'LS1', 'BB1'];0.072;0.0218;3.3;3.372;0.0
2018829;A1JKWG;2026-04-14 09:28:57.8801;0.0;3;['F', 'LS1', 'BB1'];0.05;0.0225;2.22;2.27;0.0
2457252;A2JL3T;2026-04-14 09:28:57.9255;0.0;3;['LS1', 'F', 'BB1'];0.66;0.0265;24.86;25.52;0.0
2612639;A12CMS;2026-04-14 09:28:57.9803;0.0;3;['F', 'LS1', 'BB1'];0.35;0.0101;34.6;34.95;0.0
317431;A1J16A;2026-04-14 09:28:58.0308;0.0;2;['LS1', 'F'];0.55;0.0236;23.3;23.85;0.0
1046848;A3CPEB;2026-04-14 09:28:58.0831;0.0;3;['F', 'LS1', 'BB1'];0.7;0.0233;30.0;30.7;0.0
1038180;A12CMW;2026-04-14 09:28:58.1213;0.0;1;['LS1'];0.0028;0.0186;0.1506;0.1534;0.0
1081329;A3C28J;2026-04-14 09:28:58.1659;0.0;2;['F', 'LS1'];0.034;0.0433;0.786;0.82;0.0
1924486;A0NDN4;2026-04-14 09:28:58.2438;0.0;3;['F', 'LS1', 'BB1'];0.028;0.0207;1.354;1.382;0.0
3261958;A2DYT9;2026-04-14 09:28:58.2866;0.0;3;['LS1', 'F', 'BB1'];0.78;0.0506;15.4;16.18;0.0
1571238;A2AJ7Q;2026-04-14 09:28:58.3946;0.0;3;['F', 'LS1', 'BB1'];0.735;0.0294;25.025;25.76;0.0
1071304;A0HMEF;2026-04-14 09:28:58.4638;0.0;2;['LS1', 'F'];0.5;0.0467;10.7;11.2;0.0
1030643;A0Q4ZP;2026-04-14 09:28:58.5224;0.0;3;['LS1', 'F', 'BB1'];0.388;0.0959;4.044;4.432;0.0
677585;A1T8GY;2026-04-14 09:28:58.5970;0.0;3;['SC1', 'F', 'LS1'];0.6;0.0246;24.4;25.0;0.0
432034;A1C9RC;2026-04-14 09:28:58.6498;0.0;1;['SC1'];0.9;0.0476;18.9;19.8;0.0
1180887;A1JY4C;2026-04-14 09:28:58.7104;0.0;0;[];0.0;0.0;0.0;0.0;0.0
102939;A0D8NY;2026-04-14 09:28:58.7831;9975.855;4;['TG', 'F', 'LS1', 'SC1'];0.025;0.0052;4.845;4.87;9980.699999999999
705588;A2ATK9;2026-04-14 09:28:58.8329;10000.707;5;['TG', 'LS1', 'SC1', 'F', 'BB1'];0.0006;0.0007;0.8932;0.8938;10001.6
200099;875180;2026-04-14 09:28:58.8877;5313.35;4;['TG', 'F', 'LS1', 'SC1'];0.02;0.003;6.65;6.67;5320.0
1821859;A1W9RB;2026-04-14 09:28:58.9535;10050.795;4;['TG', 'SC1', 'F', 'LS1'];0.015;0.0022;6.705;6.72;10057.5
104166;906980;2026-04-14 09:28:59.0155;20102.124;4;['TG', 'LS1', 'SC1', 'F'];0.003;0.0006;4.677;4.68;20111.1
200109;918664;2026-04-14 09:28:59.0953;0.0;1;['LS1'];-0.2;-0.0694;2.88;2.68;0.0
113676;A0LB24;2026-04-14 09:28:59.2350;24980.82;4;['SC1', 'TG', 'LS1', 'F'];0.02;0.001;19.395;19.415;25019.55
1869331;A0X8WE;2026-04-14 09:28:59.4305;0.0;2;['LS1', 'F'];0.06;0.0053;11.22;11.28;0.0
200113;938906;2026-04-14 09:28:59.5091;0.0;2;['F', 'LS1'];0.003;0.0165;0.182;0.185;0.0
200101;878605;2026-04-14 09:28:59.5843;10126.06;4;['TG', 'LS1', 'SC1', 'F'];0.02;0.0009;21.14;21.16;10147.2
559074;896770;2026-04-14 09:28:59.7137;5330.15;4;['TG', 'LS1', 'F', 'SC1'];0.012;0.0025;4.852;4.864;5335.0
113677;A0MVD4;2026-04-14 09:28:59.8023;0.0;2;['LS1', 'F'];0.05;0.0206;2.43;2.48;0.0
786647;501816;2026-04-14 09:28:59.8775;0.0;3;['F', 'LS1', 'BB1'];0.12;0.0133;9.02;9.14;0.0
113683;A0MX4J;2026-04-14 09:28:59.9401;0.0;1;['LS1'];0.05;0.0413;1.21;1.26;0.0
104078;895464;2026-04-14 09:28:59.9908;1462.6845999999998;3;['TG', 'F', 'LS1'];0.0011;0.0145;0.0759;0.077;1462.76
200105;895885;2026-04-14 09:29:00.0460;14964.403999999999;4;['LS1', 'TG', 'SC1', 'F'];0.004;0.0012;3.36;3.364;14985.599999999999
113686;A0MVJA;2026-04-14 09:29:00.1274;5337.1849999999995;4;['TG', 'F', 'SC1', 'LS1'];0.01;0.0026;3.815;3.825;5341.0
797652;485513;2026-04-14 09:29:00.2779;0.0;3;['F', 'LS1', 'BB1'];0.1;0.0045;22.45;22.55;0.0
2515554;A0MSP7;2026-04-14 09:29:00.3351;0.0;2;['LS1', 'F'];0.08;0.0133;6.02;6.1;0.0
113688;A0Q0AF;2026-04-14 09:29:00.3900;0.0;3;['F', 'LS1', 'BB1'];0.04;0.0137;2.92;2.96;0.0
113690;A0QZ4X;2026-04-14 09:29:00.4609;5035.485000000001;4;['TG', 'SC1', 'LS1', 'F'];0.01;0.005;2.015;2.025;5037.5
391199;A1C3ME;2026-04-14 09:29:00.5154;0.0;4;['F', 'LS1', 'SC1', 'BB1'];0.0025;0.0057;0.4405;0.443;0.0
113694;A0NEHN;2026-04-14 09:29:00.5605;10444.5;4;['TG', 'F', 'LS1', 'SC1'];0.01;0.0018;5.5;5.51;10450.0
345863;A1W7F9;2026-04-14 09:29:00.5900;0.0;1;['F'];0.155;0.0674;2.3;2.455;0.0
349989;766152;2026-04-14 09:29:00.6594;0.0;2;['LS1', 'F'];0.009;0.045;0.2;0.209;0.0
204340;A0M8Y6;2026-04-14 09:29:00.7023;0.0;1;['F'];0.28;0.0161;17.36;17.64;0.0
496679;927146;2026-04-14 09:29:00.7422;0.0;1;['F'];0.3;0.0423;7.09;7.39;0.0
190026;887234;2026-04-14 09:29:00.8006;0.0;4;['LS1', 'SC1', 'F', 'BB1'];0.025;0.0026;9.485;9.51;0.0
103880;872318;2026-04-14 09:29:00.8547;30754.305;5;['TG', 'LS1', 'F', 'SC1', 'DE'];0.005;0.0003;16.205;16.21;30789.499999999996
183797;877360;2026-04-14 09:29:00.9092;9922.890000000001;4;['TG', 'LS1', 'F', 'SC1'];0.02;0.0004;45.34;45.36;9974.800000000001
215657;884316;2026-04-14 09:29:00.9676;3561.6;4;['TG', 'LS1', 'F', 'BB1'];0.05;0.0022;22.4;22.45;3584.0
200153;852608;2026-04-14 09:29:01.0080;22387.59;4;['TG', 'LS1', 'F', 'SC1'];0.01;0.0004;22.42;22.43;22420.0
626033;857463;2026-04-14 09:29:01.0370;10044.539999999999;4;['TG', 'LS1', 'F', 'DE'];0.02;0.0019;10.26;10.28;10054.8
103517;850001;2026-04-14 09:29:01.0823;45133.74;5;['TG', 'LS1', 'F', 'SC1', 'DE'];0.005;0.0005;10.265;10.27;45166.0
200165;884780;2026-04-14 09:29:01.1248;0.0;3;['LS1', 'F', 'SC1'];0.0;0.0;51.8;51.8;0.0
759198;882286;2026-04-14 09:29:01.1644;0.0;3;['F', 'LS1', 'SC1'];0.006;0.0019;3.202;3.208;0.0
1264154;886734;2026-04-14 09:29:01.2098;1086.9735;3;['TG', 'LS1', 'F'];0.004;0.0177;0.2265;0.2305;1087.2
200154;856193;2026-04-14 09:29:01.2535;30244.915;4;['TG', 'LS1', 'F', 'SC1'];0.005;0.0005;10.095;10.1;30285.000000000004
200156;863784;2026-04-14 09:29:01.2887;21378.22;4;['TG', 'LS1', 'F', 'SC1'];0.01;0.0004;23.8;23.81;21420.0
1448725;873098;2026-04-14 09:29:01.3316;0.0;3;['LS1', 'F', 'SC1'];0.04;0.0011;35.38;35.42;0.0
200160;871229;2026-04-14 09:29:01.3716;10203.9;4;['TG', 'LS1', 'F', 'SC1'];0.0;0.0;30.12;30.12;10240.800000000001
103676;855689;2026-04-14 09:29:01.4013;32176.9;4;['TG', 'F', 'LS1', 'SC1'];0.01;0.0003;30.12;30.13;32228.4
200162;880767;2026-04-14 09:29:01.4446;0.0;3;['LS1', 'SC1', 'F'];0.06;0.0029;20.9;20.96;0.0
285220;912028;2026-04-14 09:29:01.4896;0.0;3;['LS1', 'F', 'BB1'];0.015;0.0034;4.44;4.455;0.0
162157;881832;2026-04-14 09:29:01.5338;5224.326;4;['TG', 'LS1', 'F', 'SC1'];0.004;0.0005;7.472;7.476;5230.400000000001
1019677;880202;2026-04-14 09:29:01.5715;10048.54;4;['TG', 'LS1', 'SC1', 'F'];0.02;0.0011;17.66;17.68;10066.2
523873;905265;2026-04-14 09:29:01.6214;4970.21;5;['TG', 'LS1', 'F', 'SC1', 'BB1'];0.03;0.0016;19.19;19.22;4989.400000000001
437650;859768;2026-04-14 09:29:01.6635;22167.435;4;['TG', 'LS1', 'SC1', 'F'];0.005;0.0003;17.065;17.07;22184.5
103980;883870;2026-04-14 09:29:01.7061;15594.39;4;['TG', 'LS1', 'SC1', 'F'];0.02;0.0013;15.61;15.63;15610.0
200180;896279;2026-04-14 09:29:01.7661;15031.314999999999;4;['TG', 'LS1', 'SC1', 'F'];0.01;0.0019;5.185;5.195;15036.499999999998
317270;887029;2026-04-14 09:29:01.8135;5269.062;4;['TG', 'LS1', 'F', 'SC1'];0.002;0.0003;7.54;7.542;5276.6
752055;895273;2026-04-14 09:29:01.8627;5014.950000000001;3;['TG', 'LS1', 'F'];0.05;0.005;10.05;10.1;5025.0
200166;885227;2026-04-14 09:29:01.9079;0.0;3;['LS1', 'F', 'BB1'];0.06;0.0299;2.01;2.07;0.0
200167;886939;2026-04-14 09:29:01.9509;9982.02;4;['TG', 'LS1', 'F', 'SC1'];0.02;0.0004;45.62;45.64;10036.4
200169;887375;2026-04-14 09:29:01.9976;0.0;4;['LS1', 'F', 'SC1', 'BB1'];0.14;0.0065;21.68;21.82;0.0
200172;889714;2026-04-14 09:29:02.0435;21653.94;4;['TG', 'LS1', 'F', 'SC1'];0.0;0.0;18.07;18.07;21684.0
200184;899450;2026-04-14 09:29:02.0962;1979.5545;3;['TG', 'LS1', 'F'];0.0025;0.0084;0.296;0.2985;1983.1999999999998
200179;895705;2026-04-14 09:29:02.1510;30155.280000000002;4;['TG', 'LS1', 'SC1', 'F'];0.01;0.0003;31.13;31.14;30196.1
200201;925898;2026-04-14 09:29:02.1988;0.0;2;['F', 'LS1'];0.06;0.0295;2.035;2.095;0.0
200219;920253;2026-04-14 09:29:02.2471;0.0;3;['LS1', 'F', 'BB1'];0.011;0.0474;0.232;0.243;0.0
825576;906997;2026-04-14 09:29:02.3306;10005.87;4;['TG', 'LS1', 'F', 'SC1'];0.0;0.0;11.135;11.135;10021.5
1451797;931236;2026-04-14 09:29:02.3822;0.0;3;['SC1', 'F', 'LS1'];0.29;0.0292;9.93;10.22;0.0
200220;922032;2026-04-14 09:29:02.4301;0.0;2;['LS1', 'F'];-0.0404;-0.8978;0.045;0.0046;0.0
1342675;931444;2026-04-14 09:29:02.4771;0.0;3;['LS1', 'F', 'BB1'];0.06;0.0092;6.54;6.6;0.0
200221;922728;2026-04-14 09:29:02.5223;0.0;2;['LS1', 'F'];0.042;0.0944;0.445;0.487;0.0
1303061;924242;2026-04-14 09:29:02.5515;0.0;3;['LS1', 'F', 'BB1'];0.05;0.0083;6.04;6.09;0.0
200223;929335;2026-04-14 09:29:02.6030;0.0;4;['F', 'SC1', 'LS1', 'BB1'];0.14;0.0037;37.54;37.68;0.0
200157;865956;2026-04-14 09:29:02.6971;18567.79;4;['LS1', 'TG', 'F', 'SC1'];0.01;0.0003;37.23;37.24;18615.0
104378;938475;2026-04-14 09:29:02.7379;10265.035;4;['TG', 'LS1', 'F', 'SC1'];0.002;0.0004;4.465;4.467;10269.5
2782001;570294;2026-04-14 09:29:02.7913;0.0;3;['LS1', 'F', 'BB1'];0.018;0.0272;0.662;0.68;0.0
1614895;A0NEVD;2026-04-14 09:29:02.8409;0.0;3;['LS1', 'F', 'BB1'];0.2;0.0145;13.76;13.96;0.0
200141;577335;2026-04-14 09:29:02.8893;20636.28;4;['TG', 'LS1', 'F', 'SC1'];0.02;0.0004;51.76;51.78;20704.0
440630;509722;2026-04-14 09:29:02.9196;0.0;2;['LS1', 'F'];0.0006;0.0857;0.007;0.0076;0.0
2792125;A0HG6G;2026-04-14 09:29:02.9752;0.0;2;['LS1', 'F'];0.066;0.0353;1.87;1.936;0.0
200174;890459;2026-04-14 09:29:03.0034;0.0;4;['LS1', 'F', 'SC1', 'BB1'];0.17;0.0152;11.19;11.36;0.0
153755;729364;2026-04-14 09:29:03.0727;3204.7180000000003;3;['TG', 'LS1', 'F'];0.004;0.0058;0.684;0.688;3214.8
410956;807435;2026-04-14 09:29:03.1205;10507.99;4;['TG', 'LS1', 'SC1', 'F'];0.01;0.0014;7.015;7.025;10522.5
1448748;A0LA5K;2026-04-14 09:29:03.1581;5259.76;4;['F', 'TG', 'LS1', 'SC1'];0.06;0.0016;37.84;37.9;5297.6
473906;633824;2026-04-14 09:29:03.2017;5240.6539999999995;5;['TG', 'LS1', 'F', 'SC1', 'BB1'];0.01;0.0027;3.746;3.756;5244.4
200234;A0BLFX;2026-04-14 09:29:03.2467;0.0;2;['LS1', 'F'];0.0003;0.05;0.006;0.0063;0.0
1394131;A0B7BR;2026-04-14 09:29:03.3089;5960.66;4;['TG', 'SC1', 'LS1', 'F'];0.12;0.0048;24.94;25.06;5985.6
306585;A0DK8Q;2026-04-14 09:29:03.3466;0.0;3;['F', 'LS1', 'BB1'];0.0135;0.0785;0.172;0.1855;0.0
174803;A0J2PP;2026-04-14 09:29:03.3874;0.0;2;['LS1', 'F'];0.03;0.0142;2.11;2.14;0.0
582495;A0HFVY;2026-04-14 09:29:03.4346;4975.9800000000005;4;['TG', 'LS1', 'F', 'SC1'];0.02;0.001;20.82;20.84;4996.8
2827258;A0HHJU;2026-04-14 09:29:03.4711;0.0;3;['LS1', 'F', 'BB1'];0.064;0.1092;0.586;0.65;0.0
3049236;A0J2R2;2026-04-14 09:29:03.5143;5088.51;4;['TG', 'F', 'LS1', 'BB1'];0.01;0.0027;3.69;3.7;5092.2
1340157;A0J2R3;2026-04-14 09:29:03.5602;10112.388;4;['TG', 'LS1', 'SC1', 'F'];0.001;0.0003;3.696;3.697;10127.04
1131855;A0X93F;2026-04-14 09:29:03.6083;1086.8;2;['TG', 'F'];0.04;0.0077;5.2;5.24;1092.0
3034691;A12CM6;2026-04-14 09:29:03.6458;0.0;2;['LS1', 'F'];0.002;0.1667;0.012;0.014;0.0
859822;A0M65T;2026-04-14 09:29:03.7173;0.0;4;['LS1', 'SC1', 'F', 'BB1'];0.014;0.0051;2.734;2.748;0.0
2087053;A0M84G;2026-04-14 09:29:03.7547;0.0;2;['LS1', 'F'];0.0305;3.631;0.0084;0.0389;0.0
101356;A0X93V;2026-04-14 09:29:03.8032;0.0;3;['LS1', 'F', 'BB1'];0.018;0.0431;0.418;0.436;0.0
3049238;A0Q4ER;2026-04-14 09:29:03.8488;1992.6160000000002;4;['TG', 'LS1', 'F', 'BB1'];0.008;0.0043;1.864;1.872;1994.48
420161;A111E5;2026-04-14 09:29:03.8975;1992.7767000000001;2;['TG', 'F'];0.002;0.0115;0.1733;0.1753;1992.95
2619041;A0RDJD;2026-04-14 09:29:03.9400;0.0;3;['F', 'SC1', 'LS1'];0.034;0.007;4.868;4.902;0.0
2330894;A12CNP;2026-04-14 09:29:03.9678;0.0;2;['LS1', 'F'];0.001;0.1613;0.0062;0.0072;0.0
1826104;A1KBZ1;2026-04-14 09:29:04.0058;0.0;2;['LS1', 'F'];0.0003;0.0536;0.0056;0.0059;0.0
948975;A2DRL9;2026-04-14 09:29:04.0916;0.0;4;['LS1', 'SC1', 'F', 'BB1'];0.12;0.0057;21.2;21.32;0.0
2549156;A1JH3B;2026-04-14 09:29:04.1249;0.0;3;['LS1', 'F', 'BB1'];0.019;0.036;0.528;0.547;0.0
1693869;A1JGQU;2026-04-14 09:29:04.1700;1984.58;3;['F', 'TG', 'BB1'];0.025;0.0057;4.42;4.445;1989.0
3173021;A1W9Z9;2026-04-14 09:29:04.2132;5097.8550000000005;4;['LS1', 'F', 'TG', 'BB1'];0.01;0.0061;1.645;1.655;5099.5
1414251;A1WZEV;2026-04-14 09:29:04.2557;0.0;3;['LS1', 'F', 'BB1'];0.013;0.0489;0.266;0.279;0.0
174734;A1J5GZ;2026-04-14 09:29:04.3304;0.0;4;['LS1', 'SC1', 'F', 'BB1'];0.28;0.0112;25.02;25.3;0.0
1285439;A3CSAR;2026-04-14 09:29:04.3784;0.0;2;['LS1', 'F'];0.0008;0.0702;0.0114;0.0122;0.0
1729651;A1W9VK;2026-04-14 09:29:04.4216;0.0;4;['SC1', 'LS1', 'F', 'BB1'];0.03;0.0046;6.54;6.57;0.0
338405;A1J8U3;2026-04-14 09:29:04.4520;2103.081;3;['TG', 'SC1', 'BB1'];0.006;0.0037;1.619;1.625;2104.7
3039444;A1T6SL;2026-04-14 09:29:04.4997;0.0;2;['LS1', 'F'];0.021;0.0913;0.23;0.251;0.0
760568;A1WYU5;2026-04-14 09:29:04.5540;19957.84;4;['TG', 'LS1', 'SC1', 'F'];0.005;0.0003;18.17;18.175;19987.000000000004
2019149;A1W27C;2026-04-14 09:29:04.5859;1515.839;4;['TG', 'LS1', 'F', 'BB1'];0.0035;0.0097;0.361;0.3645;1516.2
3643101;A1W27D;2026-04-14 09:29:04.6280;4998.3135999999995;4;['TG', 'LS1', 'F', 'BB1'];-0.0024;-0.0059;0.4064;0.404;4998.719999999999
869334;A140K4;2026-04-14 09:29:04.6803;0.0;2;['LS1', 'F'];0.001;0.0633;0.0158;0.0168;0.0
2888195;A12AZY;2026-04-14 09:29:04.7347;0.0;3;['LS1', 'F', 'BB1'];0.11;0.0212;5.18;5.29;0.0
3551405;A1XFGC;2026-04-14 09:29:04.7795;0.0;2;['LS1', 'F'];0.005;0.0763;0.0655;0.0705;0.0
258395;A110VV;2026-04-14 09:29:04.8221;0.0;2;['LS1', 'F'];0.035;0.0246;1.422;1.457;0.0
2550074;A2H8Z1;2026-04-14 09:29:04.8664;0.0;2;['LS1', 'F'];0.0013;0.0573;0.0227;0.024;0.0
390819;A115EQ;2026-04-14 09:29:04.9208;0.0;3;['LS1', 'F', 'BB1'];0.1;0.066;1.515;1.615;0.0
1233774;A117DG;2026-04-14 09:29:04.9736;0.0;1;['F'];0.019;38.0;0.0005;0.0195;0.0
258396;A114UR;2026-04-14 09:29:05.0185;0.0;2;['F', 'LS1'];0.0005;0.0538;0.0093;0.0098;0.0
1581701;A115QU;2026-04-14 09:29:05.0836;0.0;4;['LS1', 'F', 'SC1', 'BB1'];0.23;0.0195;11.77;12.0;0.0
2921114;A2JAZV;2026-04-14 09:29:05.1259;5021.7119999999995;5;['TG', 'LS1', 'F', 'SC1', 'BB1'];0.001;0.0015;0.688;0.689;5022.4
1598380;A12DF5;2026-04-14 09:29:05.1762;0.0;3;['SC1', 'F', 'LS1'];0.25;0.0164;15.27;15.52;0.0
1253749;A14MJ9;2026-04-14 09:29:05.2033;0.0;4;['F', 'LS1', 'SC1', 'BB1'];0.2;0.0084;23.95;24.15;0.0
125683;A14NY2;2026-04-14 09:29:05.2313;0.0;3;['LS1', 'F', 'BB1'];0.011;0.0314;0.35;0.361;0.0
120553;A2JAZX;2026-04-14 09:29:05.2812;0.0;3;['LS1', 'F', 'BB1'];0.007;0.0197;0.356;0.363;0.0
1773724;A12FTD;2026-04-14 09:29:05.3214;9970.94;4;['TG', 'LS1', 'F', 'SC1'];0.04;0.0019;21.26;21.3;9992.2
417150;A14TK6;2026-04-14 09:29:05.3940;5290.675;4;['TG', 'LS1', 'SC1', 'F'];0.015;0.0082;1.828;1.843;5292.5
463793;A14NAK;2026-04-14 09:29:05.4422;0.0;2;['F', 'LS1'];0.022;0.027;0.814;0.836;0.0
871523;A2DYER;2026-04-14 09:29:05.4881;0.0;3;['LS1', 'F', 'BB1'];0.008;0.1026;0.078;0.086;0.0
1891191;A14NPY;2026-04-14 09:29:05.5324;0.0;3;['F', 'LS1', 'BB1'];0.002;0.015;0.133;0.135;0.0
380788;A14RAV;2026-04-14 09:29:05.5762;4948.320000000001;5;['TG', 'LS1', 'SC1', 'F', 'BB1'];0.02;0.0007;29.31;29.33;4982.7
1230657;A14RZK;2026-04-14 09:29:05.6214;0.0;2;['LS1', 'F'];0.001;0.0658;0.0152;0.0162;0.0
794584;A14SVU;2026-04-14 09:29:05.6738;5011.83;4;['TG', 'F', 'LS1', 'SC1'];0.005;0.0007;7.17;7.175;5019.0
284007;A14UH1;2026-04-14 09:29:05.7100;1114.905;4;['F', 'TG', 'LS1', 'BB1'];0.005;0.0014;3.495;3.5;1118.4
2894413;A14U1R;2026-04-14 09:29:05.7554;0.0;2;['LS1', 'SC1'];0.16;0.0089;17.94;18.1;0.0
105735;A14TVM;2026-04-14 09:29:05.7993;27181.980000000003;4;['TG', 'LS1', 'F', 'SC1'];0.01;0.0003;34.02;34.03;27216.000000000004
133531;A14S60;2026-04-14 09:29:05.8419;20591.879999999997;4;['TG', 'LS1', 'F', 'SC1'];0.0;0.0;12.125;12.125;20604.0
603472;A14S61;2026-04-14 09:29:05.8889;0.0;3;['F', 'SC1', 'LS1'];0.02;0.001;21.04;21.06;0.0
1100413;A14V7P;2026-04-14 09:29:05.9291;0.0;3;['LS1', 'F', 'BB1'];0.0024;0.0235;0.102;0.1044;0.0
151331;A2N87T;2026-04-14 09:29:05.9733;0.0;2;['LS1', 'F'];0.003;0.0573;0.0524;0.0554;0.0
1442583;A14ZN9;2026-04-14 09:29:06.0233;5265.209999999999;4;['F', 'TG', 'SC1', 'BB1'];0.015;0.0017;8.79;8.805;5273.999999999999
2100287;A140RV;2026-04-14 09:29:06.0572;5047.275;3;['F', 'TG', 'SC1'];0.03;0.0031;9.73;9.76;5057.0
121033;A14W4W;2026-04-14 09:29:06.1039;2534.361;5;['TG', 'LS1', 'F', 'SC1', 'BB1'];0.004;0.0043;0.939;0.943;2535.2999999999997
2642537;A143TN;2026-04-14 09:29:06.1415;0.0;2;['LS1', 'F'];0.0039;0.0628;0.0621;0.066;0.0
721472;A1415N;2026-04-14 09:29:06.1948;0.0;2;['LS1', 'F'];0.0002;0.1111;0.0018;0.002;0.0
114775;A2ABGP;2026-04-14 09:29:06.2430;5205.3099999999995;4;['TG', 'LS1', 'SC1', 'F'];0.01;0.0012;8.69;8.7;5214.0
284697;A1437L;2026-04-14 09:29:06.2947;5077.9259999999995;4;['TG', 'LS1', 'F', 'SC1'];0.012;0.0045;2.672;2.684;5076.8
866667;A2ABG7;2026-04-14 09:29:06.3485;5236.36;4;['TG', 'LS1', 'F', 'SC1'];0.06;0.0012;48.18;48.24;5299.8
3049237;A2ACFE;2026-04-14 09:29:06.3964;5033.42;5;['TG', 'LS1', 'F', 'SC1', 'BB1'];0.08;0.0036;21.98;22.06;5055.400000000001
752074;A2ALUM;2026-04-14 09:29:06.4485;0.0;4;['SC1', 'F', 'LS1', 'BB1'];0.07;0.0075;9.39;9.46;0.0
3452861;A2JG28;2026-04-14 09:29:06.4879;0.0;3;['LS1', 'F', 'BB1'];0.45;0.0049;91.2;91.65;0.0
1954235;A2AFQL;2026-04-14 09:29:06.5427;0.0;2;['LS1', 'F'];0.155;0.0349;4.44;4.595;0.0
1597616;A2AFX9;2026-04-14 09:29:06.5741;0.0;2;['LS1', 'F'];0.095;0.0219;4.34;4.435;0.0
786043;A2AKB8;2026-04-14 09:29:06.6056;1984.037;3;['TG', 'LS1', 'F'];0.007;0.0081;0.863;0.87;1984.8999999999999
727042;A2ALUN;2026-04-14 09:29:06.6488;0.0;3;['LS1', 'F', 'BB1'];0.036;0.0224;1.608;1.644;0.0
966449;A2AKVC;2026-04-14 09:29:06.6917;5248.11;5;['TG', 'LS1', 'SC1', 'F', 'BB1'];0.02;0.0018;11.19;11.21;5259.3
791990;A2AJWX;2026-04-14 09:29:06.7325;0.0;3;['LS1', 'F', 'BB1'];0.12;0.0545;2.2;2.32;0.0
593910;A2AMJH;2026-04-14 09:29:06.7673;0.0;2;['F', 'LS1'];0.17;0.0538;3.16;3.33;0.0
1888988;A2AL9Z;2026-04-14 09:29:06.7973;5051.221;4;['TG', 'F', 'SC1', 'BB1'];0.016;0.0101;1.579;1.595;5052.8
1074387;A2AMJE;2026-04-14 09:29:06.8457;0.0;3;['LS1', 'F', 'BB1'];0.024;0.0199;1.208;1.232;0.0
856646;A2DPS4;2026-04-14 09:29:06.8754;0.0;2;['LS1', 'F'];0.0042;0.1296;0.0324;0.0366;0.0
1047039;A2DGZU;2026-04-14 09:29:06.9203;0.0;3;['LS1', 'F', 'BB1'];0.032;0.0321;0.998;1.03;0.0
985742;A2ASQ7;2026-04-14 09:29:06.9673;0.0;4;['LS1', 'F', 'SC1', 'BB1'];0.6;0.0135;44.48;45.08;0.0
987447;A2DJ2K;2026-04-14 09:29:07.0095;0.0;2;['LS1', 'F'];0.026;0.1044;0.249;0.275;0.0
1137544;A2ATW1;2026-04-14 09:29:07.0677;0.0;2;['F', 'BB1'];0.005;0.0189;0.264;0.269;0.0
2107251;A2DNT6;2026-04-14 09:29:07.0987;5150.88;4;['LS1', 'TG', 'SC1', 'F'];0.1;0.0043;23.52;23.62;5174.4
987358;A2DGQ3;2026-04-14 09:29:07.1434;0.0;2;['LS1', 'F'];0.027;0.0821;0.329;0.356;0.0
888416;A2DGQ5;2026-04-14 09:29:07.1857;3474.0299999999997;4;['TG', 'F', 'SC1', 'BB1'];0.03;0.006;4.97;5.0;3479.0
120545;A2DLU2;2026-04-14 09:29:07.2268;0.0;2;['LS1', 'F'];0.0033;0.0262;0.1261;0.1294;0.0
330529;A2E40N;2026-04-14 09:29:07.2754;5515.517400000001;4;['TG', 'F', 'LS1', 'SC1'];0.0007;0.002;0.3427;0.3434;5517.47
1100620;A2DMG6;2026-04-14 09:29:07.3237;0.0;1;['F'];-1.3002;-0.8967;1.45;0.1498;0.0
2921108;A2DP4W;2026-04-14 09:29:07.3730;0.0;2;['LS1', 'F'];0.0049;0.0629;0.0779;0.0828;0.0
863049;A2DN2N;2026-04-14 09:29:07.3998;0.0;4;['LS1', 'SC1', 'F', 'BB1'];0.04;0.0032;12.55;12.59;0.0
1615134;A2DRX6;2026-04-14 09:29:07.4600;0.0;3;['F', 'LS1', 'BB1'];0.11;0.0207;5.32;5.43;0.0
3173020;A2DRQV;2026-04-14 09:29:07.4933;3102.8399999999997;4;['TG', 'LS1', 'F', 'SC1'];0.06;0.0033;18.36;18.42;3121.2
1826235;A2DRVZ;2026-04-14 09:29:07.5619;5000.71;4;['TG', 'F', 'LS1', 'SC1'];0.025;0.0013;18.59;18.615;5019.3
1826139;A2DTSD;2026-04-14 09:29:07.6033;6637.8;4;['TG', 'F', 'LS1', 'SC1'];0.04;0.0018;22.2;22.24;6660.0
1448529;A2DR6B;2026-04-14 09:29:07.6372;5708.469999999999;4;['TG', 'F', 'LS1', 'SC1'];0.035;0.0037;9.53;9.565;5718.0
168109;A2DS4F;2026-04-14 09:29:07.6784;5023.59;5;['TG', 'LS1', 'F', 'SC1', 'BB1'];0.04;0.0034;11.71;11.75;5035.3
593170;A2DS2Z;2026-04-14 09:29:07.7174;0.0;3;['LS1', 'F', 'SC1'];0.1;0.0044;22.8;22.9;0.0
593145;A2DS20;2026-04-14 09:29:07.7599;25068.19;4;['TG', 'SC1', 'LS1', 'F'];0.01;0.0004;22.83;22.84;25112.999999999996
2456417;A2H48J;2026-04-14 09:29:07.7954;0.0;2;['F', 'BB1'];0.06;0.0232;2.59;2.65;0.0
2128116;A2DYY7;2026-04-14 09:29:07.8316;8815.699999999999;5;['TG', 'LS1', 'F', 'SC1', 'BB1'];0.16;0.0036;44.42;44.58;8880.0
451396;A2DY0M;2026-04-14 09:29:07.8717;5094.54;4;['TG', 'LS1', 'F', 'SC1'];0.01;0.0005;20.46;20.47;5115.0
120593;A2H5GS;2026-04-14 09:29:07.8968;14963.96;4;['TG', 'LS1', 'F', 'SC1'];0.06;0.0019;31.24;31.3;14995.199999999999
1472673;A2DYQG;2026-04-14 09:29:07.9395;0.0;1;['LS1'];0.0004;0.0588;0.0068;0.0072;0.0
330123;A2H7JW;2026-04-14 09:29:07.9914;5004.016;4;['TG', 'LS1', 'F', 'SC1'];0.004;0.0017;2.384;2.388;5006.4
1772832;A2JSSN;2026-04-14 09:29:08.0383;0.0;3;['LS1', 'F', 'BB1'];0.046;0.0378;1.218;1.264;0.0
151322;A2H9ZR;2026-04-14 09:29:08.0994;0.0;3;['LS1', 'F', 'BB1'];0.058;0.0369;1.57;1.628;0.0
1303068;A2PL6Z;2026-04-14 09:29:08.1290;0.0;3;['LS1', 'F', 'BB1'];0.014;0.0369;0.379;0.393;0.0
2905965;A2H9T4;2026-04-14 09:29:08.2000;0.0;1;['F'];0.036;0.0381;0.944;0.98;0.0
241962;A2H8S5;2026-04-14 09:29:08.2560;0.0;3;['LS1', 'F', 'BB1'];0.035;0.0435;0.805;0.84;0.0
1809427;A2PQ08;2026-04-14 09:29:08.2970;0.0;2;['LS1', 'F'];-0.2064;-0.8974;0.23;0.0236;0.0
2268813;A2JCEK;2026-04-14 09:29:08.3369;0.0;3;['LS1', 'F', 'BB1'];0.09;0.0176;5.11;5.2;0.0
2556642;A2JFPH;2026-04-14 09:29:08.4073;0.0;2;['LS1', 'F'];0.0326;0.6546;0.0498;0.0824;0.0
601407;A2JE9Q;2026-04-14 09:29:08.4387;5047.54;4;['TG', 'SC1', 'F', 'BB1'];0.015;0.0011;14.06;14.075;5061.6
138455;A2JG92;2026-04-14 09:29:08.4869;5181.84;5;['TG', 'LS1', 'F', 'SC1', 'BB1'];0.004;0.0019;2.16;2.164;5184.0
533825;A2JK8T;2026-04-14 09:29:08.5267;0.0;2;['F', 'LS1'];0.8;0.026;30.8;31.6;0.0
1806948;A2JH43;2026-04-14 09:29:08.5539;6260.54;4;['TG', 'LS1', 'F', 'SC1'];0.04;0.0013;31.46;31.5;6292.0
3627759;A2JMQ2;2026-04-14 09:29:08.5990;0.0;2;['SC1', 'LS1'];0.55;0.0225;24.4;24.95;0.0
910053;A2JJ96;2026-04-14 09:29:08.6420;0.0;3;['SC1', 'F', 'LS1'];0.015;0.0021;7.22;7.235;0.0
2556583;A2PQTV;2026-04-14 09:29:08.6993;0.0;2;['LS1', 'F'];0.0018;0.0503;0.0358;0.0376;0.0
3627766;A2JLZ5;2026-04-14 09:29:08.7624;0.0;1;['LS1'];0.2;0.0154;12.96;13.16;0.0
989744;A2JLT3;2026-04-14 09:29:08.7982;9977.46;4;['TG', 'LS1', 'SC1', 'F'];0.025;0.0027;9.29;9.315;9986.749999999998
255454;A2JMSQ;2026-04-14 09:29:08.8457;0.0;2;['LS1', 'F'];0.0035;0.0564;0.0621;0.0656;0.0
1827093;A2JP7Q;2026-04-14 09:29:08.8899;0.0;2;['LS1', 'F'];0.0047;0.051;0.0922;0.0969;0.0
2718466;A2JNF7;2026-04-14 09:29:08.9201;0.0;2;['LS1', 'F'];0.001;0.122;0.0082;0.0092;0.0
691589;A2JNX7;2026-04-14 09:29:08.9497;4984.4400000000005;4;['TG', 'SC1', 'LS1', 'F'];0.02;0.0009;22.78;22.8;5011.6
2161959;A2N80V;2026-04-14 09:29:08.9787;0.0;3;['SC1', 'LS1', 'F'];0.09;0.0142;6.32;6.41;0.0
2285075;A2NB03;2026-04-14 09:29:09.0066;0.0;3;['LS1', 'F', 'BB1'];0.019;0.0519;0.366;0.385;0.0
778971;A2N5P8;2026-04-14 09:29:09.1096;0.0;3;['LS1', 'F', 'BB1'];0.019;0.0461;0.4125;0.4315;0.0
1826215;A2PAP3;2026-04-14 09:29:09.1496;0.0;4;['LS1', 'F', 'SC1', 'BB1'];0.32;0.017;18.82;19.14;0.0
1999223;A2PFRW;2026-04-14 09:29:09.2011;2991.7296;4;['TG', 'LS1', 'SC1', 'F'];-0.0002;-0.0018;0.1109;0.1107;2991.84
1155618;A2PBSB;2026-04-14 09:29:09.2311;0.0;4;['F', 'LS1', 'SC1', 'BB1'];0.1;0.0066;15.07;15.17;0.0
3627799;A2PGZD;2026-04-14 09:29:09.2774;0.0;2;['LS1', 'SC1'];0.08;0.0121;6.59;6.67;0.0
563100;A2PG8N;2026-04-14 09:29:09.3473;0.0;2;['SC1', 'LS1'];0.19;0.0052;36.57;36.76;0.0
2148041;A2PLNY;2026-04-14 09:29:09.3722;0.0;2;['LS1', 'F'];0.18;0.0334;5.39;5.57;0.0
3119723;A2PG12;2026-04-14 09:29:09.4074;0.0;2;['LS1', 'F'];-0.1132;-0.8844;0.128;0.0148;0.0
389632;A2PKX1;2026-04-14 09:29:09.4412;4941.6995;4;['TG', 'LS1', 'F', 'BB1'];0.005;0.0143;0.3505;0.3555;4942.049999999999
2821569;A2PK19;2026-04-14 09:29:09.4872;20125.54;4;['TG', 'F', 'LS1', 'SC1'];0.04;0.0007;56.06;56.1;20181.600000000002
117486;A2PL4H;2026-04-14 09:29:09.5347;0.0;4;['SC1', 'F', 'LS1', 'BB1'];0.13;0.0131;9.95;10.08;0.0
1575521;A2PQ7G;2026-04-14 09:29:09.5671;15015.150000000001;4;['TG', 'LS1', 'F', 'SC1'];0.02;0.0007;27.35;27.37;15042.5
1809433;A2PQ20;2026-04-14 09:29:09.6004;0.0;2;['F', 'LS1'];0.0042;0.044;0.0955;0.0997;0.0
1265409;A2P1F3;2026-04-14 09:29:09.6463;0.0;1;['F'];0.0034;0.2787;0.0122;0.0156;0.0
425928;A2PX00;2026-04-14 09:29:09.6827;4974.684;3;['TG', 'LS1', 'F'];0.012;0.007;1.716;1.728;4976.4
3390811;A2P1MJ;2026-04-14 09:29:09.7261;0.0;4;['F', 'LS1', 'SC1', 'BB1'];0.03;0.0059;5.11;5.14;0.0
1633388;A2P7NL;2026-04-14 09:29:09.7805;0.0;1;['LS1'];0.0;0.0;0.017;0.0;0.0
143258;A2P71A;2026-04-14 09:29:09.8271;0.0;3;['LS1', 'F', 'BB1'];0.026;0.0688;0.378;0.404;0.0
1917476;A2QDXY;2026-04-14 09:29:09.8732;0.0;3;['LS1', 'F', 'BB1'];0.021;0.0638;0.329;0.35;0.0
1003651;A2P4TH;2026-04-14 09:29:09.9030;0.0;4;['LS1', 'SC1', 'F', 'BB1'];0.17;0.0116;14.66;14.83;0.0
2917595;A2P46G;2026-04-14 09:29:09.9804;4966.482;4;['LS1', 'TG', 'F', 'SC1'];0.02;0.0068;2.958;2.978;4969.4400000000005
2069656;A2P7XX;2026-04-14 09:29:10.0299;0.0;4;['LS1', 'F', 'SC1', 'BB1'];0.024;0.0138;1.738;1.762;0.0
135775;A2P6WP;2026-04-14 09:29:10.0694;5005.14;4;['F', 'TG', 'LS1', 'SC1'];0.1;0.0024;42.08;42.18;5049.599999999999
168369;A2QEPD;2026-04-14 09:29:10.1161;5188.3;4;['TG', 'LS1', 'SC1', 'F'];0.02;0.0007;30.7;30.72;5219.0
1502937;A2QCUH;2026-04-14 09:29:10.1628;1975.5;3;['F', 'TG', 'BB1'];0.05;0.0111;4.5;4.55;1980.0
593912;A2QJA4;2026-04-14 09:29:10.2397;4981.5;5;['TG', 'LS1', 'SC1', 'F', 'BB1'];0.01;0.0007;13.5;13.51;4995.0
1992095;A2QEJ6;2026-04-14 09:29:10.2823;6165.38;5;['TG', 'LS1', 'SC1', 'F', 'BB1'];0.02;0.001;20.62;20.64;6186.0
838448;A2QHT3;2026-04-14 09:29:10.3272;4961.2;4;['TG', 'F', 'SC1', 'BB1'];0.04;0.0013;31.4;31.44;4992.599999999999
405137;A2QG5Z;2026-04-14 09:29:10.3812;0.0;2;['LS1', 'F'];0.0096;0.1069;0.0898;0.0994;0.0
2274658;A2QJRW;2026-04-14 09:29:10.4131;0.0;3;['LS1', 'F', 'BB1'];0.055;0.0259;2.125;2.18;0.0
1282429;A2QLG7;2026-04-14 09:29:10.4683;5107.5378;4;['TG', 'LS1', 'F', 'SC1'];0.0012;0.003;0.4022;0.4034;5107.94
3490299;A3CU16;2026-04-14 09:29:10.5046;0.0;2;['LS1', 'F'];0.0002;0.3333;0.0006;0.0008;0.0
659958;A2QP0Q;2026-04-14 09:29:10.5449;0.0;1;['LS1'];0.0001;0.25;0.0004;0.0005;0.0
211720;A2QPAW;2026-04-14 09:29:10.5813;0.0;2;['F', 'BB1'];0.014;0.0375;0.373;0.387;0.0
1701730;A2QNWV;2026-04-14 09:29:10.6110;0.0;2;['LS1', 'F'];0.082;0.0499;1.644;1.726;0.0
1678942;A2QRSP;2026-04-14 09:29:10.6710;0.0;4;['SC1', 'F', 'LS1', 'BB1'];0.046;0.0137;3.364;3.41;0.0
2800812;A3CPHU;2026-04-14 09:29:10.7162;11861.23;4;['TG', 'LS1', 'SC1', 'F'];0.01;0.0004;23.77;23.78;11885.0
3627872;A3CPHW;2026-04-14 09:29:10.7556;0.0;2;['LS1', 'SC1'];0.02;0.001;20.7;20.72;0.0
2087128;A2QRH8;2026-04-14 09:29:10.8580;0.0;3;['LS1', 'F', 'BB1'];0.08;0.0154;5.21;5.29;0.0
1115810;A3CMH3;2026-04-14 09:29:10.8832;0.0;2;['LS1', 'F'];0.033;0.0437;0.756;0.789;0.0
1581607;A2PPYL;2026-04-14 09:29:10.9135;0.0;4;['LS1', 'F', 'SC1', 'BB1'];0.15;0.0149;10.09;10.24;0.0
2556577;A3C29J;2026-04-14 09:29:10.9502;0.0;2;['F', 'LS1'];0.003;0.1042;0.0288;0.0318;0.0
350723;A3CMTF;2026-04-14 09:29:11.0039;20719.410000000003;4;['TG', 'LS1', 'F', 'SC1'];0.0;0.0;34.59;34.59;20754.000000000004
350740;A3CMTG;2026-04-14 09:29:11.0505;31312.17;4;['TG', 'LS1', 'SC1', 'F'];0.0;0.0;34.83;34.83;31342.500000000004
1044859;A3CPMN;2026-04-14 09:29:11.1010;1990.152;4;['TG', 'LS1', 'F', 'BB1'];0.004;0.0038;1.048;1.052;1991.2
1071103;A3CN22;2026-04-14 09:29:11.1431;5205.0599999999995;4;['TG', 'LS1', 'F', 'SC1'];0.02;0.0007;27.54;27.56;5232.599999999999
3628129;A3CQZ5;2026-04-14 09:29:11.1893;0.0;1;['LS1'];0.09;0.0131;6.86;6.95;0.0
1581684;A3CMPX;2026-04-14 09:29:11.2409;4974.4800000000005;5;['TG', 'LS1', 'F', 'SC1', 'BB1'];0.02;0.0015;13.23;13.25;4987.71
2921099;A3CR3V;2026-04-14 09:29:11.2833;3153.37;4;['TG', 'F', 'LS1', 'BB1'];0.015;0.0057;2.63;2.645;3156.0
350186;A3CPLX;2026-04-14 09:29:11.3254;0.0;3;['LS1', 'F', 'BB1'];0.2;0.0212;9.45;9.65;0.0
350184;A3CMTD;2026-04-14 09:29:11.3678;30176.322;4;['TG', 'LS1', 'SC1', 'F'];0.0;0.0;8.88;8.88;30185.2
2905963;A3CSG7;2026-04-14 09:29:11.4306;0.0;3;['SC1', 'LS1', 'F'];0.09;0.0316;2.845;2.935;0.0
800157;A3CMUN;2026-04-14 09:29:11.5022;0.0;2;['F', 'LS1'];0.072;0.0557;1.292;1.364;0.0
2704180;A3CPKB;2026-04-14 09:29:11.5568;0.0;4;['SC1', 'LS1', 'F', 'BB1'];0.05;0.0104;4.805;4.855;0.0
3628146;A3CR3B;2026-04-14 09:29:11.6015;0.0;2;['LS1', 'SC1'];0.075;0.0115;6.535;6.61;0.0
1905768;A3CMUC;2026-04-14 09:29:11.6432;0.0;3;['LS1', 'F', 'BB1'];0.0074;0.0862;0.0858;0.0932;0.0
1083276;A3CRAH;2026-04-14 09:29:11.6989;20258.077;4;['TG', 'LS1', 'SC1', 'F'];0.003;0.0008;3.818;3.821;20235.4
1190006;A3CPSQ;2026-04-14 09:29:11.7479;5067.465;5;['TG', 'LS1', 'SC1', 'F', 'BB1'];0.015;0.0059;2.535;2.55;5070.0
125237;A3CRAU;2026-04-14 09:29:11.7955;1189.1499999999999;4;['TG', 'LS1', 'F', 'BB1'];0.013;0.0153;0.85;0.863;1190.0
3049234;A3CSTF;2026-04-14 09:29:11.8435;3485.34;5;['TG', 'SC1', 'LS1', 'F', 'BB1'];0.06;0.005;12.06;12.12;3497.4
1221755;A3CRFP;2026-04-14 09:29:11.8863;20146.884;4;['TG', 'LS1', 'SC1', 'F'];0.003;0.0013;2.317;2.32;20157.9
1457025;A3CTEX;2026-04-14 09:29:11.9352;0.0;2;['LS1', 'F'];0.0035;0.0178;0.197;0.2005;0.0
2209342;A3C7PN;2026-04-14 09:29:11.9651;0.0;2;['LS1', 'F'];0.022;0.0601;0.366;0.388;0.0
2838776;A3C811;2026-04-14 09:29:11.9954;0.0;3;['LS1', 'F', 'BB1'];0.12;0.0168;7.15;7.27;0.0
2306509;A3C35N;2026-04-14 09:29:12.0211;5221.986;4;['TG', 'LS1', 'F', 'SC1'];0.004;0.0007;5.878;5.882;5227.86
1097145;A3C9RE;2026-04-14 09:29:12.0810;5664.91;5;['TG', 'LS1', 'F', 'SC1', 'BB1'];0.02;0.0028;7.09;7.11;5672.0
3356070;A3C4XN;2026-04-14 09:29:12.1239;0.0;2;['SC1', 'LS1'];0.0076;0.0078;0.9698;0.9774;0.0
2640701;A3C587;2026-04-14 09:29:12.1746;0.0;2;['F', 'LS1'];0.0006;0.0357;0.0168;0.0174;0.0
545120;A3C4JU;2026-04-14 09:29:12.2249;5159.9502;3;['TG', 'SC1', 'F'];0.002;0.0022;0.89;0.892;5162.0
568995;A3C7VR;2026-04-14 09:29:12.2711;0.0;2;['LS1', 'F'];0.2;0.0608;3.29;3.49;0.0
1581697;A3C283;2026-04-14 09:29:12.2980;0.0;3;['LS1', 'F', 'BB1'];0.044;0.031;1.418;1.462;0.0
2209293;A3C7S6;2026-04-14 09:29:12.3615;0.0;2;['LS1', 'F'];0.22;0.0327;6.72;6.94;0.0
2085689;A3C90Y;2026-04-14 09:29:12.3999;0.0;2;['F', 'LS1'];0.1;0.0338;2.96;3.06;0.0
568975;A3C7VN;2026-04-14 09:29:12.4512;0.0;2;['F', 'LS1'];0.143;0.1456;0.982;1.125;0.0
2556636;A3D5EX;2026-04-14 09:29:12.4902;0.0;2;['F', 'LS1'];0.117;0.0598;1.958;2.075;0.0
3885549;A40XCK;2026-04-14 09:29:12.5551;0.0;3;['LS1', 'F', 'SC1'];0.27;0.0397;6.8;7.07;0.0
3885550;A40XCL;2026-04-14 09:29:12.5797;0.0;2;['LS1', 'F'];0.01;0.0034;2.92;2.93;0.0
1581604;A3C8KR;2026-04-14 09:29:12.6417;0.0;2;['F', 'LS1'];0.16;0.015;10.68;10.84;0.0
3628226;A3C8YA;2026-04-14 09:29:12.6918;0.0;1;['LS1'];0.175;0.0489;3.58;3.755;0.0
2453537;A3C815;2026-04-14 09:29:12.7307;0.0;2;['LS1', 'F'];0.0105;0.0805;0.1305;0.141;0.0
1874740;A3C802;2026-04-14 09:29:12.7988;5745.780000000001;4;['TG', 'SC1', 'F', 'BB1'];0.03;0.0036;8.225;8.255;5757.5
1342678;A40LE8;2026-04-14 09:29:12.8912;0.0;2;['LS1', 'F'];0.0004;0.1818;0.0022;0.0026;0.0
239487;A3DBA2;2026-04-14 09:29:12.9416;3098.79;5;['TG', 'LS1', 'F', 'SC1', 'BB1'];0.01;0.0016;6.21;6.22;3105.0
2339823;A3DCHC;2026-04-14 09:29:12.9770;0.0;2;['LS1', 'F'];0.214;0.046;4.648;4.862;0.0
2681589;A3DDPQ;2026-04-14 09:29:13.0124;4979.215999999999;4;['TG', 'LS1', 'SC1', 'F'];0.014;0.0042;3.328;3.342;4992.0
2347512;A3DLE9;2026-04-14 09:29:13.0960;55819.08000000001;4;['TG', 'LS1', 'F', 'SC1'];0.01;0.0006;16.92;16.93;55836.00000000001
2550913;A3DLJK;2026-04-14 09:29:13.1467;15074.46;4;['TG', 'LS1', 'SC1', 'F'];0.01;0.0007;14.94;14.95;15089.4
1441358;A3DK5R;2026-04-14 09:29:13.1867;0.0;2;['F', 'BB1'];0.02;0.0177;1.13;1.15;0.0
3628288;A3DH17;2026-04-14 09:29:13.2125;0.0;1;['LS1'];0.52;0.0453;11.48;12.0;0.0
1875699;A3DJVC;2026-04-14 09:29:13.2573;0.0;3;['LS1', 'F', 'BB1'];0.045;0.0286;1.575;1.62;0.0
975714;A3DSME;2026-04-14 09:29:13.2894;5001.8099999999995;4;['TG', 'LS1', 'F', 'SC1'];0.005;0.0007;7.59;7.595;5009.4
2688049;A3DMU0;2026-04-14 09:29:13.3418;0.0;2;['F', 'LS1'];0.0015;0.1402;0.0107;0.0122;0.0
546106;A3DL7T;2026-04-14 09:29:13.3889;4992.879999999999;4;['TG', 'LS1', 'SC1', 'F'];0.01;0.0009;11.12;11.13;5004.0
1768504;A3DMZH;2026-04-14 09:29:13.4188;0.0;4;['F', 'SC1', 'LS1', 'BB1'];0.046;0.0119;3.88;3.926;0.0
1798101;A3DM8U;2026-04-14 09:29:13.4449;5021.316;5;['TG', 'LS1', 'F', 'SC1', 'BB1'];0.006;0.0011;5.524;5.53;5026.84
117376;A3DM3Z;2026-04-14 09:29:13.4900;0.0;3;['SC1', 'LS1', 'F'];0.17;0.0281;6.05;6.22;0.0
1115804;A3DL7W;2026-04-14 09:29:13.5562;0.0;1;['LS1'];0.0;0.0;0.095;0.0;0.0
1575847;A3DPAQ;2026-04-14 09:29:13.6221;5220.285;4;['TG', 'LS1', 'F', 'SC1'];0.04;0.0046;8.715;8.755;5229.0
4063614;A3DM8V;2026-04-14 09:29:13.6595;0.0;2;['LS1', 'SC1'];0.03;0.0036;8.23;8.26;0.0
1732621;A3DMAZ;2026-04-14 09:29:13.7094;0.0;2;['LS1', 'F'];0.006;0.039;0.1538;0.1598;0.0
1059607;A3DNLJ;2026-04-14 09:29:13.7494;0.0;4;['F', 'LS1', 'SC1', 'BB1'];0.004;0.0012;3.268;3.272;0.0
3051599;A3DMGX;2026-04-14 09:29:13.8434;0.0;2;['LS1', 'F'];0.055;0.1316;0.418;0.473;0.0
1190544;A3DMG3;2026-04-14 09:29:13.8823;0.0;2;['LS1', 'F'];0.0029;0.0566;0.0512;0.0541;0.0
1754752;A3D3A1;2026-04-14 09:29:13.9222;;5;['LS1', 'TG', 'DE', 'F', 'BB1'];0.001;0.0007;1.428;1.429;3950.8
856664;A3D3AS;2026-04-14 09:29:13.9722;0.0;3;['LS1', 'F', 'BB1'];0.26;0.0469;5.54;5.8;0.0
3041181;A3D32A;2026-04-14 09:29:14.0181;0.0;3;['LS1', 'F', 'BB1'];-15.193;-0.9054;16.78;1.587;0.0
3575378;A3D36H;2026-04-14 09:29:14.0460;0.0;2;['LS1', 'F'];0.0145;0.1716;0.0845;0.099;0.0
301303;A3D69V;2026-04-14 09:29:14.0702;19955.699999999997;4;['TG', 'LS1', 'F', 'SC1'];0.02;0.0004;51.32;51.34;20014.8
105403;A3EFZT;2026-04-14 09:29:14.1025;0.0;3;['LS1', 'F', 'BB1'];0.009;0.0404;0.223;0.232;0.0
1345785;A3EGXK;2026-04-14 09:29:14.1427;2971.871;4;['TG', 'LS1', 'F', 'BB1'];0.016;0.0172;0.929;0.945;2972.8
2361782;A3EHNY;2026-04-14 09:29:14.2023;0.0;4;['F', 'LS1', 'SC1', 'BB1'];0.15;0.0164;9.14;9.29;0.0
2841888;A3EJC5;2026-04-14 09:29:14.2582;0.0;2;['F', 'LS1'];0.0;0.0;3.801;0.0;0.0
1867870;A3EN5G;2026-04-14 09:29:14.3037;0.0;3;['LS1', 'F', 'BB1'];0.052;0.035;1.486;1.538;0.0
884230;A3ETB3;2026-04-14 09:29:14.3461;0.0;3;['LS1', 'F', 'BB1'];0.33;0.0954;3.46;3.79;0.0
2497130;A3EWR4;2026-04-14 09:29:14.3886;0.0;3;['SC1', 'LS1', 'F'];0.175;0.019;9.19;9.365;0.0
1917201;A3EXYC;2026-04-14 09:29:14.4102;0.0;2;['F', 'LS1'];0.0001;0.3333;0.0003;0.0004;0.0
2457108;A3E4UV;2026-04-14 09:29:14.4330;0.0;3;['F', 'LS1', 'BB1'];0.02;0.0129;1.548;1.568;0.0
3212446;A40AE9;2026-04-14 09:29:14.5303;9996.645;4;['LS1', 'TG', 'F', 'SC1'];0.003;0.0014;2.105;2.108;9998.75
152810;A403UW;2026-04-14 09:29:14.5614;30311.699999999997;4;['TG', 'LS1', 'SC1', 'F'];0.01;0.0002;57.3;57.31;30369.0
290649;A40CXM;2026-04-14 09:29:14.5886;0.0;3;['LS1', 'F', 'BB1'];0.11;0.0156;7.06;7.17;0.0
1463797;A40D5F;2026-04-14 09:29:14.6265;;3;['TG', 'LS1', 'BB1'];0.08;0.0183;4.365;4.445;4906.26
2840367;A40D0L;2026-04-14 09:29:14.6871;10015.641;4;['TG', 'LS1', 'F', 'SC1'];0.004;0.0008;4.749;4.753;10020.39
2637795;A40CXH;2026-04-14 09:29:14.7356;0.0;4;['F', 'LS1', 'SC1', 'BB1'];0.2;0.0102;19.57;19.77;0.0
680691;A40CWA;2026-04-14 09:29:14.7723;0.0;2;['LS1', 'F'];0.05;0.119;0.42;0.47;0.0
2081123;A40CZ4;2026-04-14 09:29:14.8071;0.0;3;['LS1', 'F', 'BB1'];0.022;0.0446;0.493;0.515;0.0
3928276;A40P16;2026-04-14 09:29:14.8377;0.0;3;['F', 'SC1', 'LS1'];0.2;0.009;22.34;22.54;0.0
2179711;A40H89;2026-04-14 09:29:14.9289;0.0;3;['LS1', 'F', 'BB1'];0.06;0.0228;2.63;2.69;0.0
116601;A40H7V;2026-04-14 09:29:15.0006;0.0;2;['LS1', 'F'];0.0128;0.0735;0.1742;0.187;0.0
1122314;A40HBD;2026-04-14 09:29:15.0711;4984.44;4;['TG', 'LS1', 'F', 'SC1'];0.01;0.0011;8.76;8.77;4993.2
1600904;A40U85;2026-04-14 09:29:15.1104;5605.98;5;['SC1', 'TG', 'LS1', 'F', 'BB1'];0.06;0.0075;8.03;8.09;5614.0
191151;A40P4H;2026-04-14 09:29:15.1511;0.0;2;['F', 'BB1'];0.139;0.4777;0.291;0.43;0.0
3473303;A40X1Q;2026-04-14 09:29:15.1777;0.0;3;['LS1', 'F', 'BB1'];0.06;0.029;2.07;2.13;0.0
2300987;A40P64;2026-04-14 09:29:15.2317;0.0;2;['LS1', 'F'];0.0008;0.1667;0.0048;0.0056;0.0
1964209;A40W28;2026-04-14 09:29:15.2823;0.0;2;['LS1', 'F'];0.0012;0.0682;0.0176;0.0188;0.0
1830145;A40WTZ;2026-04-14 09:29:15.3282;5443.445;5;['TG', 'LS1', 'F', 'SC1', 'BB1'];0.025;0.0041;6.055;6.08;5449.5
1507107;A40WEB;2026-04-14 09:29:15.3816;0.0;2;['LS1', 'F'];0.011;0.0891;0.1235;0.1345;0.0
3522014;A40WG6;2026-04-14 09:29:15.4373;0.0;1;['LS1'];0.0016;0.16;0.01;0.0116;0.0
2190601;A411NM;2026-04-14 09:29:15.4999;0.0;3;['LS1', 'F', 'BB1'];0.09;0.0729;1.235;1.325;0.0
3741332;A411F9;2026-04-14 09:29:15.5599;4991.18;5;['TG', 'LS1', 'F', 'SC1', 'BB1'];0.0;0.0;10.43;10.43;5001.6
104905;A40WJC;2026-04-14 09:29:15.6010;9975.01;4;['TG', 'F', 'LS1', 'SC1'];0.018;0.0036;4.99;5.008;9980.0
152227;A40WKL;2026-04-14 09:29:15.6450;0.0;3;['LS1', 'F', 'BB1'];0.007;0.0366;0.191;0.198;0.0
4346665;A41BED;2026-04-14 09:29:15.6903;0.0;2;['LS1', 'F'];0.0012;0.0583;0.0206;0.0218;0.0
703877;A411NX;2026-04-14 09:29:15.7384;0.0;4;['LS1', 'F', 'SC1', 'BB1'];0.04;0.0146;2.74;2.78;0.0
4062440;A41BGQ;2026-04-14 09:29:15.7850;0.0;4;['SC1', 'LS1', 'F', 'BB1'];0.16;0.015;10.7;10.86;0.0
576780;A41BLJ;2026-04-14 09:29:15.8226;9089.220000000001;4;['TG', 'LS1', 'F', 'SC1'];0.04;0.0018;22.78;22.82;9112.0
1887262;A41BQP;2026-04-14 09:29:15.8696;0.0;2;['LS1', 'F'];0.1;0.0709;1.41;1.51;0.0
3916417;A41E66;2026-04-14 09:29:15.8955;0.0;3;['F', 'SC1', 'BB1'];0.12;0.0075;16.06;16.18;0.0
2916986;A41DJ2;2026-04-14 09:29:15.9299;0.0;2;['LS1', 'F'];0.0007;0.0593;0.0118;0.0125;0.0
746585;A41PJJ;2026-04-14 09:29:15.9610;0.0;3;['LS1', 'F', 'BB1'];0.034;0.0467;0.728;0.762;0.0
542325;A41TQP;2026-04-14 09:29:16.0082;0.0;2;['F', 'LS1'];0.14;0.0289;4.84;4.98;0.0
4162924;A41YKP;2026-04-14 09:29:16.0449;0.0;1;['LS1'];0.08;0.0388;2.06;2.14;0.0
103990;884482;2026-04-14 09:29:16.1235;0.0;1;['BB1'];0.05;0.1269;0.394;0.444;0.0
200309;862665;2026-04-14 09:29:16.1607;0.0;0;[];0.0;0.0;0.0;0.0;0.0
100027;A14T4V;2026-04-14 09:29:16.1951;0.0;2;['F', 'LS1'];0.033;0.1765;0.187;0.22;0.0
341709;A140KC;2026-04-14 09:29:16.2801;0.0;0;[];0.0;0.0;0.0;0.0;0.0
675889;A142KV;2026-04-14 09:29:16.3565;0.0;2;['F', 'LS1'];0.042;0.1257;0.334;0.376;0.0
1814804;A2DG57;2026-04-14 09:29:16.4017;0.0;1;['LS1'];0.013;0.619;0.021;0.034;0.0
200323;910981;2026-04-14 09:29:16.4686;11062.619999999999;4;['TG', 'LS1', 'F', 'BB1'];0.158;0.0213;7.424;7.582;11070.0
1220098;924834;2026-04-14 09:29:16.5048;0.0;2;['F', 'LS1'];0.03;0.0333;0.9;0.93;0.0
992021;938036;2026-04-14 09:29:16.5262;0.0;1;['BB1'];0.06;0.0254;2.36;2.42;0.0
834458;938153;2026-04-14 09:29:16.5488;8853.84;4;['TG', 'F', 'BB1', 'LS1'];0.08;0.037;2.16;2.24;8856.0
1756049;881302;2026-04-14 09:29:16.6267;0.0;1;['F'];0.6;0.0583;10.3;10.9;0.0
1115831;502261;2026-04-14 09:29:16.6808;0.0;2;['F', 'LS1'];0.0045;0.0714;0.063;0.0675;0.0
200316;877528;2026-04-14 09:29:16.7204;0.0;3;['BB1', 'F', 'LS1'];0.032;0.0941;0.34;0.372;0.0
115676;590379;2026-04-14 09:29:16.7713;0.0;5;['TG', 'SC1', 'BB1', 'F', 'LS1'];0.0;0.0;14.0;14.0;11200.0
183152;880105;2026-04-14 09:29:16.8026;15323.595000000001;4;['SC1', 'TG', 'LS1', 'F'];0.19;0.0049;38.47;38.66;7360.6
183155;878618;2026-04-14 09:29:16.8471;14998.96;4;['SC1', 'TG', 'LS1', 'BB1'];0.22;0.0088;25.06;25.28;15024.0
1000194;260931;2026-04-14 09:29:16.8696;0.0;3;['F', 'LS1', 'BB1'];0.08;0.0842;0.95;1.03;0.0
200310;481972;2026-04-14 09:29:16.9249;0.0;4;['TG', 'F', 'BB1', 'LS1'];0.016;0.0741;0.216;0.232;6955.2
331667;A0ET60;2026-04-14 09:29:17.0426;8216.033;4;['TG', 'F', 'LS1', 'BB1'];0.094;0.0206;4.567;4.661;8220.6
200313;865825;2026-04-14 09:29:17.0881;0.0;2;['LS1', 'BB1'];0.1;0.0179;5.6;5.7;0.0
326790;A0F452;2026-04-14 09:29:17.1429;0.0;5;['TG', 'LS1', 'SC1', 'F', 'BB1'];0.16;0.0105;15.21;15.37;3045.2400000000002
115700;A0HNHM;2026-04-14 09:29:17.1775;3474.75;1;['TG'];0.038;0.152;0.25;0.288;3475.0
331607;866310;2026-04-14 09:29:17.2945;0.0;2;['TG', 'LS1'];0.2;0.0296;6.75;6.95;12825.0
826641;A0JJ7C;2026-04-14 09:29:17.3358;0.0;2;['F', 'LS1'];0.15;0.1103;1.36;1.51;0.0
753405;A0JMEY;2026-04-14 09:29:17.3653;0.0;3;['F', 'TG', 'LS1'];0.007;0.2593;0.027;0.034;2191.5499999999997
508952;A0KEWL;2026-04-14 09:29:17.3946;0.0;5;['TG', 'LS1', 'F', 'SC1', 'BB1'];0.058;0.0231;2.514;2.572;10767.2
476972;A0LA85;2026-04-14 09:29:17.4385;0.0;1;['TG'];0.032;0.078;0.41;0.442;6970.0
753406;A0J3Q3;2026-04-14 09:29:17.4895;0.0;1;['BB1'];0.035;0.0366;0.955;0.99;0.0
261374;A0Q4SE;2026-04-14 09:29:17.5231;3706.6495000000004;3;['TG', 'F', 'LS1'];0.004;0.0792;0.0505;0.0545;3706.7000000000003
436598;A0KFC2;2026-04-14 09:29:17.5608;11822.004;4;['F', 'LS1', 'TG', 'BB1'];0.057;0.0178;3.204;3.261;11825.2
557699;A0LCBK;2026-04-14 09:29:17.6194;0.0;3;['BB1', 'F', 'LS1'];0.2;0.0649;3.08;3.28;0.0
767167;A0MKZK;2026-04-14 09:29:17.6428;0.0;4;['TG', 'LS1', 'BB1', 'F'];0.02;0.073;0.274;0.294;6959.6
115703;A0ML07;2026-04-14 09:29:17.6992;0.0;5;['SC1', 'TG', 'F', 'LS1', 'BB1'];0.102;0.0127;8.05;8.152;8034.000000000001
767168;A0MN4D;2026-04-14 09:29:17.7338;7355.772;4;['TG', 'F', 'LS1', 'BB1'];0.087;0.033;2.634;2.721;7358.400000000001
732216;A0MVC1;2026-04-14 09:29:17.8118;10471.320000000002;3;['F', 'LS1', 'TG'];0.03;0.0441;0.68;0.71;10472.0
115706;A0MZ57;2026-04-14 09:29:17.8574;12178.449;5;['SC1', 'LS1', 'TG', 'F', 'BB1'];0.067;0.0154;4.362;4.429;4652.072
1000287;A0M82Y;2026-04-14 09:29:17.9016;0.0;3;['LS1', 'F', 'BB1'];0.091;0.0476;1.913;2.004;0.0
890786;A1C053;2026-04-14 09:29:18.0296;0.0;2;['F', 'LS1'];0.065;0.0922;0.705;0.77;0.0
895024;A1JFYB;2026-04-14 09:29:18.0997;6737.229;3;['F', 'TG', 'LS1'];0.019;0.1111;0.171;0.19;6737.400000000001
153968;877446;2026-04-14 09:29:18.1384;0.0;2;['F', 'LS1'];0.042;0.2211;0.19;0.232;0.0
1471740;A1J689;2026-04-14 09:29:18.3030;0.0;3;['TG', 'F', 'LS1'];0.04;0.1093;0.366;0.406;8941.4
100133;A1J7GZ;2026-04-14 09:29:18.3333;0.0;2;['F', 'LS1'];0.0205;0.4659;0.044;0.0645;0.0
323725;A1W30H;2026-04-14 09:29:18.3695;0.0;2;['F', 'LS1'];0.02;0.4545;0.044;0.064;0.0
104036;890331;2026-04-14 09:29:18.4442;5905.15;5;['F', 'TG', 'LS1', 'SC1', 'BB1'];0.6;0.009;66.39;66.99;5971.499999999999
1846440;A0MQ1C;2026-04-14 09:29:18.4914;0.0;2;['F', 'LS1'];0.9;0.0604;14.9;15.8;0.0
2674546;A1XEZF;2026-04-14 09:29:18.5344;0.0;2;['LS1', 'F'];0.007;0.2222;0.0315;0.0385;0.0
2612859;A14L8C;2026-04-14 09:29:18.5894;0.0;1;['BB1'];3.0;0.0444;67.5;70.5;0.0
2806406;A1436W;2026-04-14 09:29:18.6418;0.0;2;['TG', 'LS1'];0.15;0.0246;6.1;6.25;2891.9
1389104;A2ACCC;2026-04-14 09:29:18.6832;0.0;3;['F', 'LS1', 'BB1'];0.03;0.0244;1.23;1.26;0.0
1533344;A2AJ7S;2026-04-14 09:29:18.7210;0.0;4;['TG', 'LS1', 'F', 'BB1'];0.2;0.0226;8.85;9.05;5088.75
1184468;A2JNV9;2026-04-14 09:29:18.8163;7218.146000000001;4;['F', 'TG', 'LS1', 'BB1'];0.018;0.0395;0.456;0.474;7218.6
1903597;A40M0D;2026-04-14 09:29:18.8580;0.0;1;['F'];0.2;0.1481;1.35;1.55;0.0
1014517;A40CE1;2026-04-14 09:29:18.9021;0.0;4;['F', 'TG', 'LS1', 'BB1'];0.04;0.0247;1.62;1.66;8855.0
2334790;A3C2HL;2026-04-14 09:29:18.9489;0.0;4;['TG', 'LS1', 'F', 'BB1'];0.08;0.043;1.86;1.94;6882.0
1903389;A40M0E;2026-04-14 09:29:18.9910;0.0;1;['F'];1.05;0.1338;7.85;8.9;0.0
1903358;A40M0F;2026-04-14 09:29:19.0424;0.0;1;['F'];0.52;0.1368;3.8;4.32;0.0
929119;A40S1F;2026-04-14 09:29:19.1471;5573.025;4;['TG', 'F', 'LS1', 'SC1'];0.015;0.0021;6.985;7.0;5588.0
1178875;A3ESV6;2026-04-14 09:29:19.2040;0.0;4;['TG', 'SC1', 'LS1', 'F'];0.03;0.0085;3.53;3.56;4956.0
755589;A40P1Y;2026-04-14 09:29:19.2423;0.0;3;['F', 'TG', 'BB1'];0.014;0.0109;1.28;1.294;1446.4
2863665;A40HQM;2026-04-14 09:29:19.2887;6176.52;4;['SC1', 'LS1', 'TG', 'F'];0.06;0.0039;15.49;15.55;6196.0
972325;A0Q2CB;2026-04-14 09:29:19.3459;0.0;2;['LS1', 'F'];2.6;0.0299;87.0;89.6;0.0
2510815;A2N73H;2026-04-14 09:29:19.3880;0.0;1;['LS1'];8.0;0.0357;224.0;232.0;0.0
489883;923271;2026-04-14 09:29:19.4305;0.0;2;['LS1', 'F'];3.0;0.0336;89.2;92.2;0.0
349990;903246;2026-04-14 09:29:19.4727;0.0;2;['LS1', 'F'];7.0;0.0296;236.5;243.5;0.0
200416;883565;2026-04-14 09:29:19.5254;0.0;1;['BB1'];0.16;0.037;4.32;4.48;0.0
1504400;676055;2026-04-14 09:29:19.5743;0.0;1;['F'];0.0005;0.5;0.001;0.0015;0.0
200408;136003;2026-04-14 09:29:19.6153;0.0;2;['BB1', 'F'];0.15;0.027;5.55;5.7;0.0
200411;878347;2026-04-14 09:29:19.6577;0.0;3;['LS1', 'BB1', 'F'];0.31;0.0628;4.94;5.25;0.0
533981;A1C08A;2026-04-14 09:29:19.9145;0.0;1;['LS1'];0.036;0.8;0.045;0.081;0.0
781468;676049;2026-04-14 09:29:19.9568;0.0;1;['BB1'];0.06;0.0397;1.51;1.57;0.0
1405249;A2N5QR;2026-04-14 09:29:20.0203;0.0;2;['F', 'LS1'];0.08;0.0533;1.5;1.58;0.0
323796;A0B91S;2026-04-14 09:29:20.0675;0.0;1;['BB1'];0.024;0.1101;0.218;0.242;0.0
222616;675456;2026-04-14 09:29:20.0983;0.0;3;['F', 'LS1', 'BB1'];0.04;0.0755;0.53;0.57;0.0
140860;A1JUZ7;2026-04-14 09:29:20.1709;0.0;3;['F', 'LS1', 'BB1'];0.065;0.1262;0.515;0.58;0.0
200429;957072;2026-04-14 09:29:20.1982;0.0;1;['BB1'];0.1;0.0481;2.08;2.18;0.0
222623;676046;2026-04-14 09:29:20.4112;0.0;2;['F', 'LS1'];0.063;0.913;0.069;0.132;0.0
200410;200423;2026-04-14 09:29:20.5018;0.0;1;['F'];0.0305;0.3567;0.0855;0.116;0.0
1369051;675522;2026-04-14 09:29:20.6104;0.0;2;['F', 'LS1'];0.195;0.2468;0.79;0.985;0.0
200409;165129;2026-04-14 09:29:20.6563;0.0;1;['BB1'];0.135;0.1561;0.865;1.0;0.0
694188;A0B5KY;2026-04-14 09:29:20.6877;0.0;2;['LS1', 'BB1'];0.14;0.0315;4.44;4.58;0.0
415735;A1C079;2026-04-14 09:29:20.9219;0.0;3;['F', 'LS1', 'BB1'];0.08;0.1932;0.414;0.494;0.0
1095725;676018;2026-04-14 09:29:20.9636;0.0;2;['F', 'LS1'];0.25;0.0265;9.45;9.7;0.0
781130;889577;2026-04-14 09:29:20.9910;0.0;3;['F', 'LS1', 'BB1'];0.3;0.0317;9.45;9.75;0.0
973811;676051;2026-04-14 09:29:21.1046;0.0;2;['LS1', 'BB1'];0.12;0.0302;3.98;4.1;0.0
368626;121232;2026-04-14 09:29:21.2260;0.0;2;['F', 'LS1'];0.042;0.104;0.404;0.446;0.0
323800;A0MXNE;2026-04-14 09:29:21.3445;0.0;1;['BB1'];0.06;0.2098;0.286;0.346;0.0
855815;A0NEGM;2026-04-14 09:29:21.4317;0.0;2;['F', 'LS1'];0.045;0.0479;0.94;0.985;0.0
1649292;A2DP5M;2026-04-14 09:29:21.4566;0.0;1;['BB1'];0.05;0.0532;0.94;0.99;0.0
315276;893183;2026-04-14 09:29:21.7203;0.0;3;['F', 'LS1', 'BB1'];0.4;0.1439;2.78;3.18;0.0
120895;A0LELK;2026-04-14 09:29:21.7673;0.0;1;['BB1'];0.018;0.5;0.036;0.054;0.0
2900952;A3EEYF;2026-04-14 09:29:21.8307;0.0;2;['LS1', 'F'];0.3;0.0361;8.3;8.6;0.0
1322991;812877;2026-04-14 09:29:21.9106;0.0;2;['F', 'LS1'];0.031;0.2719;0.114;0.145;0.0
184625;778909;2026-04-14 09:29:21.9572;0.0;1;['BB1'];0.03;0.2632;0.114;0.144;0.0
618567;A0D96T;2026-04-14 09:29:22.1615;0.0;1;['BB1'];0.022;0.1789;0.123;0.145;0.0
910034;A2JKFZ;2026-04-14 09:29:22.2164;0.0;1;['BB1'];0.06;0.0656;0.915;0.975;0.0
133414;548184;2026-04-14 09:29:22.3801;0.0;3;['F', 'LS1', 'BB1'];0.039;0.2;0.195;0.234;0.0
717983;A2NB5M;2026-04-14 09:29:22.4819;0.0;3;['F', 'LS1', 'BB1'];0.08;0.1127;0.71;0.79;0.0
1374569;A0M6Q2;2026-04-14 09:29:22.5556;0.0;1;['BB1'];0.14;0.1176;1.19;1.33;0.0
315851;A0DJ1F;2026-04-14 09:29:22.7607;0.0;1;['BB1'];0.09;0.0732;1.23;1.32;0.0
314935;A0DP2R;2026-04-14 09:29:22.9116;0.0;3;['F', 'LS1', 'BB1'];0.03;0.1181;0.254;0.284;0.0
315191;A0EAJ9;2026-04-14 09:29:23.0424;0.0;1;['F'];0.0035;3.5;0.001;0.0045;0.0
1156531;A0J2LZ;2026-04-14 09:29:23.1065;0.0;3;['F', 'LS1', 'BB1'];0.0166;0.0599;0.277;0.2936;0.0
169603;A1104F;2026-04-14 09:29:23.1991;0.0;3;['F', 'LS1', 'BB1'];0.012;0.0504;0.238;0.25;0.0
1117085;A0RFEA;2026-04-14 09:29:23.4242;0.0;2;['F', 'LS1'];0.12;0.0403;2.98;3.1;0.0
300298;A1CXKA;2026-04-14 09:29:23.5661;0.0;2;['F', 'LS1'];0.03;0.0472;0.635;0.665;0.0
818867;A1JMDG;2026-04-14 09:29:23.5995;0.0;2;['F', 'LS1'];0.095;0.1038;0.915;1.01;0.0
306817;A2DHFF;2026-04-14 09:29:23.8414;0.0;2;['F', 'LS1'];0.021;0.2561;0.082;0.103;0.0
2236196;A0RGJS;2026-04-14 09:29:23.9283;0.0;2;['F', 'LS1'];0.18;0.0464;3.88;4.06;0.0
2356696;A3CSR9;2026-04-14 09:29:23.9664;0.0;3;['F', 'LS1', 'BB1'];0.12;0.0417;2.88;3.0;0.0
2280655;862821;2026-04-14 09:29:24.0206;0.0;5;['TG', 'LS1', 'SC1', 'F', 'BB1'];2.0;0.0192;104.2;106.2;5939.400000000001
120897;675089;2026-04-14 09:29:24.0829;0.0;4;['LS1', 'SC1', 'F', 'BB1'];0.02;0.0003;78.5;78.52;0.0
2325733;A3CN4G;2026-04-14 09:29:24.1173;0.0;3;['F', 'LS1', 'BB1'];0.01;0.0003;29.68;29.69;0.0
2156518;A2JBN6;2026-04-14 09:29:24.1464;4947.4;3;['TG', 'F', 'BB1'];0.048;0.0083;5.8;5.848;4953.2
447194;857218;2026-04-14 09:29:24.1992;0.0;5;['TG', 'LS1', 'F', 'BB1', 'SC1'];0.315;0.0094;33.4;33.715;9886.4
200615;853081;2026-04-14 09:29:24.2222;9875.84;4;['TG', 'LS1', 'F', 'SC1'];0.58;0.0061;95.02;95.6;9970.8
120899;888282;2026-04-14 09:29:24.2710;0.0;4;['TG', 'F', 'LS1', 'SC1'];1.25;0.0122;102.6;103.85;9927.949999999999
216075;A2H62F;2026-04-14 09:29:24.3260;2933.0;4;['TG', 'LS1', 'SC1', 'BB1'];0.31;0.0074;42.14;42.45;2974.9
2827318;A2QMDB;2026-04-14 09:29:24.3629;0.0;3;['TG', 'LS1', 'BB1'];0.06;0.0283;2.12;2.18;4860.8099999999995
205046;A3CU0W;2026-04-14 09:29:24.4042;5916.1;1;['TG'];0.05;0.0075;6.7;6.75;5922.8
1368294;A2AR58;2026-04-14 09:29:24.4280;0.0;4;['TG', 'LS1', 'SC1', 'F'];0.08;0.009;8.93;9.01;9870.1
200740;882177;2026-04-14 09:29:24.4538;9861.74;4;['TG', 'LS1', 'SC1', 'F'];0.145;0.0119;12.145;12.29;9873.885
1204308;A1JBRG;2026-04-14 09:29:24.5003;0.0;3;['F', 'TG', 'BB1'];0.05;0.0078;6.4;6.45;9894.400000000001
940230;A3D7MZ;2026-04-14 09:29:24.5468;2967.016;4;['TG', 'SC1', 'LS1', 'F'];0.013;0.0107;1.214;1.227;2968.23
200590;798185;2026-04-14 09:29:24.6225;0.0;4;['TG', 'BB1', 'F', 'SC1'];0.196;0.0125;15.7;15.896;5918.9
1443085;A2DLLC;2026-04-14 09:29:24.6687;0.0;4;['TG', 'LS1', 'F', 'BB1'];0.04;0.023;1.74;1.78;2900.58
1236767;A1XEER;2026-04-14 09:29:24.7058;4857.599999999999;5;['F', 'SC1', 'TG', 'LS1', 'BB1'];0.9;0.0243;37.0;37.9;4894.4
915587;A1W15D;2026-04-14 09:29:24.7607;0.0;5;['TG', 'F', 'LS1', 'SC1', 'BB1'];1.5;0.0227;66.0;67.5;2970.0
4349009;A4142Q;2026-04-14 09:29:24.8134;3961.232;5;['TG', 'F', 'LS1', 'SC1', 'BB1'];0.052;0.0083;6.25;6.302;3967.48
2961546;A2P4DS;2026-04-14 09:29:24.8579;0.0;5;['TG', 'LS1', 'SC1', 'F', 'BB1'];0.8;0.0213;37.6;38.4;5865.6
2627339;A2JG99;2026-04-14 09:29:24.9039;7936.0;3;['TG', 'F', 'BB1'];0.145;0.0045;32.0;32.145;7968.0
633016;A14WZ1;2026-04-14 09:29:24.9425;0.0;3;['SC1', 'LS1', 'F'];-0.06;-0.0057;10.6;10.54;0.0
200520;A0HL9Z;2026-04-14 09:29:24.9751;19979.059999999998;5;['TG', 'LS1', 'SC1', 'F', 'DE'];0.045;0.0021;21.74;21.785;20000.8
291494;A0NBL5;2026-04-14 09:29:25.0008;0.0;3;['TG', 'F', 'LS1'];0.025;0.0296;0.845;0.87;2416.7
1000021;A2PM86;2026-04-14 09:29:25.0405;0.0;3;['TG', 'LS1', 'BB1'];0.028;0.0417;0.672;0.7;2860.032
529462;A1XEYC;2026-04-14 09:29:25.0988;0.0;5;['F', 'TG', 'LS1', 'SC1', 'BB1'];0.24;0.0114;21.06;21.3;5938.92
1884692;A2JH8Q;2026-04-14 09:29:25.1732;0.0;4;['TG', 'LS1', 'SC1', 'BB1'];0.6;0.0265;22.6;23.2;3875.2
376097;A3CL8W;2026-04-14 09:29:25.2127;0.0;4;['TG', 'LS1', 'F', 'SC1'];0.4;0.0047;85.5;85.9;11970.0
3839047;A3DRP8;2026-04-14 09:29:25.2374;0.0;5;['TG', 'LS1', 'F', 'SC1', 'BB1'];0.112;0.0261;4.288;4.4;9776.640000000001
2000828;A3DTJ2;2026-04-14 09:29:25.2929;0.0;2;['BB1', 'LS1'];0.53;0.1173;4.52;5.05;0.0
120900;914410;2026-04-14 09:29:25.3376;9638.88;4;['TG', 'LS1', 'SC1', 'BB1'];1.39;0.0246;56.45;57.84;5784.0
103519;850103;2026-04-14 09:29:25.4152;0.0;5;['F', 'TG', 'LS1', 'SC1', 'DE'];0.4;0.0047;85.42;85.82;8798.0
1052399;A1J84E;2026-04-14 09:29:25.4375;19780.65;5;['TG', 'LS1', 'F', 'SC1', 'DE'];0.55;0.0031;175.05;175.6;6153.0
200873;903016;2026-04-14 09:29:25.4947;0.0;5;['F', 'TG', 'LS1', 'SC1', 'DE'];0.8;0.0101;79.0;79.8;9954.0
103590;A3DMHM;2026-04-14 09:29:25.5419;0.0;5;['TG', 'LS1', 'F', 'SC1', 'BB1'];0.2;0.0476;4.2;4.4;4766.304
3308570;A3EWCP;2026-04-14 09:29:25.5810;4998.0;5;['TG', 'SC1', 'F', 'LS1', 'BB1'];2.0;0.0196;102.0;104.0;5100.0
1865361;A1JNMF;2026-04-14 09:29:25.6642;0.0;1;['BB1'];0.99;0.0448;22.09;23.08;0.0
312482;603035;2026-04-14 09:29:25.7080;0.0;4;['TG', 'LS1', 'SC1', 'BB1'];0.267;0.0148;18.065;18.332;4913.68
179653;A14PXZ;2026-04-14 09:29:25.7353;0.0;3;['F', 'LS1', 'BB1'];0.004;0.0004;8.99;8.994;0.0
1010381;A0MKWM;2026-04-14 09:29:25.7837;0.0;2;['TG', 'F'];0.1;0.3259;0.3068;0.4068;3016.1508000000003
1791023;A3DWPN;2026-04-14 09:29:25.8234;0.0;1;['TG'];0.025;0.0385;0.65;0.675;961.35
1634886;A2QAR3;2026-04-14 09:29:25.8648;0.0;4;['TG', 'LS1', 'F', 'BB1'];0.08;0.0267;3.0;3.08;1455.0
1430928;A0MXU1;2026-04-14 09:29:25.9230;5881.2;3;['TG', 'F', 'BB1'];0.2;0.0057;35.0;35.2;5915.999999999999
102730;A3DU70;2026-04-14 09:29:26.0114;0.0;2;['LS1', 'F'];6.0;0.0706;85.0;91.0;0.0
1632027;A1412H;2026-04-14 09:29:26.0419;0.0;4;['TG', 'LS1', 'F', 'BB1'];0.062;0.0189;3.282;3.344;5894.472
936232;A3C7M6;2026-04-14 09:29:26.0652;3522.654;6;['TG', 'F', 'LS1', 'SC1', 'BB1', 'DE'];0.189;0.0149;12.686;12.875;3544.24
1128906;A2QQP7;2026-04-14 09:29:26.0877;0.0;2;['F', 'LS1'];0.6;0.0366;16.4;17.0;0.0
467475;A2QA48;2026-04-14 09:29:26.1264;0.0;4;['TG', 'LS1', 'F', 'BB1'];0.046;0.05;0.92;0.966;2859.36
1028917;A2ATTR;2026-04-14 09:29:26.2012;0.0;5;['F', 'TG', 'LS1', 'SC1', 'BB1'];1.96;0.024;81.53;83.49;9780.0
1167654;A2QN45;2026-04-14 09:29:26.2458;0.0;4;['F', 'TG', 'LS1', 'BB1'];0.12;0.0373;3.22;3.34;1440.0
1274208;A2PLR5;2026-04-14 09:29:26.2920;0.0;5;['TG', 'LS1', 'SC1', 'F', 'BB1'];0.35;0.0296;11.83;12.18;5832.19
110144;A3EXC6;2026-04-14 09:29:26.3754;0.0;4;['BB1', 'LS1', 'TG', 'F'];0.25;0.045;5.55;5.8;1393.2
884084;A0YBKM;2026-04-14 09:29:26.4232;0.0;1;['BB1'];2.95;0.037;79.63;82.58;0.0
585047;A0YGQE;2026-04-14 09:29:26.4521;0.0;3;['LS1', 'F', 'BB1'];0.01;0.001;10.02;10.03;0.0
2514094;A3DRWP;2026-04-14 09:29:26.5180;;1;['TG'];0.2;0.0088;22.6;22.8;5921.200000000001
494196;A0MNCC;2026-04-14 09:29:26.5781;0.0;4;['F', 'SC1', 'LS1', 'BB1'];0.0;0.0;68.6;68.6;0.0
3144731;A3EEED;2026-04-14 09:29:26.6193;0.0;2;['F', 'LS1'];1.0;0.101;9.9;10.9;0.0
2704174;A1JJZQ;2026-04-14 09:29:26.6636;0.0;0;[];0.58;0.0153;37.96;38.54;0.0
103877;871981;2026-04-14 09:29:26.7012;16135.75;5;['TG', 'F', 'LS1', 'SC1', 'DE'];0.2;0.001;204.25;204.45;16340.0
2112194;A2DSHL;2026-04-14 09:29:26.7538;0.0;4;['F', 'TG', 'LS1', 'BB1'];2.74;0.0289;94.71;97.45;9754.1
1055623;982516;2026-04-14 09:29:26.7970;9911.199999999999;4;['SC1', 'TG', 'LS1', 'F'];0.13;0.0027;47.99;48.12;9958.85
1715889;908802;2026-04-14 09:29:26.8322;0.0;5;['SC1', 'BB1', 'TG', 'F', 'LS1'];0.8;0.0131;61.1;61.9;10004.0
444882;A0MMEV;2026-04-14 09:29:26.8546;0.0;1;['BB1'];1.09;0.0151;71.96;73.05;0.0
1392536;A3EVGW;2026-04-14 09:29:26.8827;0.0;3;['TG', 'LS1', 'F'];-0.018;-0.0026;6.868;6.85;5116.5
1479712;A1W1ZU;2026-04-14 09:29:26.9086;0.0;3;['TG', 'LS1', 'BB1'];0.07;0.0395;1.77;1.84;1925.76
624563;A114CC;2026-04-14 09:29:26.9573;0.0;4;['TG', 'LS1', 'F', 'BB1'];0.048;0.0233;2.06;2.108;2916.96
3089989;A3D4LY;2026-04-14 09:29:27.0059;0.0;4;['F', 'TG', 'LS1', 'SC1'];1.0;0.0194;51.5;52.5;6090.0
1435057;A2ARPX;2026-04-14 09:29:27.0456;4884.3;4;['SC1', 'TG', 'LS1', 'BB1'];0.3;0.0149;20.2;20.5;4904.400000000001
2051231;A2PZ8R;2026-04-14 09:29:27.0952;0.0;3;['LS1', 'SC1', 'F'];0.55;0.0632;8.7;9.25;0.0
103780;863186;2026-04-14 09:29:27.1468;41710.4;5;['SC1', 'TG', 'F', 'LS1', 'DE'];0.1;0.0005;209.85;209.95;41940.0
974865;A117FL;2026-04-14 09:29:27.1932;7844.599999999999;5;['TG', 'F', 'LS1', 'SC1', 'BB1'];1.16;0.009;128.64;129.8;7973.2
818060;898006;2026-04-14 09:29:27.2397;3817.2000000000003;4;['LS1', 'TG', 'BB1', 'F'];3.0;0.0093;321.5;324.5;4135.3
232243;A0MJX7;2026-04-14 09:29:27.2844;7736.2;4;['SC1', 'TG', 'LS1', 'F'];0.8;0.0048;165.2;166.0;5181.650000000001
2580749;A407ZD;2026-04-14 09:29:27.3388;;4;['TG', 'LS1', 'SC1', 'F'];0.39;0.0344;11.33;11.72;4815.25
1175387;A1J1DN;2026-04-14 09:29:27.3822;0.0;3;['F', 'LS1', 'BB1'];0.1;0.0015;67.55;67.65;0.0
104343;929138;2026-04-14 09:29:27.4725;9964.0;4;['TG', 'F', 'LS1', 'SC1'];0.28;0.0028;99.72;100.0;10063.64
949939;913094;2026-04-14 09:29:27.5860;0.0;3;['TG', 'BB1', 'F'];0.48;0.0086;55.5;55.98;5940.0
276919;A1W2RM;2026-04-14 09:29:27.6561;0.0;5;['BB1', 'F', 'TG', 'LS1', 'SC1'];0.4;0.0143;28.0;28.4;4928.0
1436610;890700;2026-04-14 09:29:27.7250;0.0;5;['SC1', 'TG', 'LS1', 'F', 'BB1'];0.39;0.0059;65.6;65.99;9971.199999999999
2928403;A2P7ZM;2026-04-14 09:29:27.7514;2464.5;4;['TG', 'F', 'LS1', 'BB1'];0.02;0.0063;3.18;3.2;2467.6800000000003
115441;A3DMBK;2026-04-14 09:29:27.8688;0.0;2;['LS1', 'F'];0.236;0.0967;2.44;2.676;0.0
856642;A401TV;2026-04-14 09:29:27.9408;0.0;2;['LS1', 'F'];0.95;0.2065;4.6;5.55;0.0
1781769;A2QG35;2026-04-14 09:29:27.9682;15331.699999999999;5;['F', 'TG', 'SC1', 'LS1', 'DE'];0.54;0.0049;110.36;110.9;15442.0
179636;A0CA0N;2026-04-14 09:29:28.0708;0.0;3;['F', 'LS1', 'BB1'];0.0006;0.0006;0.989;0.9896;0.0
1816145;920921;2026-04-14 09:29:28.1472;0.0;3;['F', 'LS1', 'BB1'];1.2;0.0324;37.0;38.2;0.0
102985;A3DWJ1;2026-04-14 09:29:28.2259;0.0;2;['F', 'TG'];0.0;0.0;2.7;2.7;9823.380000000001
491127;854912;2026-04-14 09:29:28.3519;9859.2;5;['F', 'TG', 'LS1', 'SC1', 'DE'];1.6;0.0063;252.8;254.4;10112.0
1842346;A1XBMK;2026-04-14 09:29:28.3887;0.0;4;['F', 'LS1', 'SC1', 'BB1'];0.0;0.0;43.025;43.025;0.0
441701;A2QE5P;2026-04-14 09:29:28.5125;0.0;2;['F', 'LS1'];0.0;0.0;71.82;71.82;0.0
275684;A0D9US;2026-04-14 09:29:28.5750;0.0;3;['LS1', 'BB1', 'F'];0.2;0.069;2.9;3.1;0.0
104335;928906;2026-04-14 09:29:28.6271;9886.74;4;['SC1', 'F', 'TG', 'LS1'];0.68;0.0084;80.5;81.18;9967.119999999999
1026527;A1XF0S;2026-04-14 09:29:28.7476;0.0;4;['TG', 'LS1', 'F', 'SC1'];0.06;0.0493;1.218;1.278;1906.1699999999998
2859040;A2PDLD;2026-04-14 09:29:28.8795;0.0;4;['F', 'LS1', 'SC1', 'BB1'];0.0133;0.0008;17.10664956;17.11998288;0.0
1564546;A14VCL;2026-04-14 09:29:28.9538;0.0;4;['TG', 'F', 'LS1', 'BB1'];0.505;0.0138;36.68;37.185;9903.6
898655;869843;2026-04-14 09:29:29.0272;9914.37;3;['TG', 'F', 'SC1'];0.18;0.0053;34.07;34.25;9948.44
1055624;890167;2026-04-14 09:29:29.1692;0.0;5;['F', 'SC1', 'TG', 'LS1', 'DE'];0.45;0.0028;158.15;158.6;6009.7
2237000;A14YJM;2026-04-14 09:29:29.3307;0.0;4;['LS1', 'TG', 'F', 'BB1'];0.208;0.0146;14.23;14.438;5407.400000000001
526187;A2ASZ7;2026-04-14 09:29:29.4326;9761.24;5;['TG', 'LS1', 'SC1', 'F', 'DE'];0.36;0.0058;62.22;62.58;9823.02
1991258;A111X8;2026-04-14 09:29:29.6557;0.0;3;['TG', 'F', 'BB1'];0.009;0.006;1.51;1.519;3897.31
1591425;A2PCBM;2026-04-14 09:29:29.7948;0.0;5;['TG', 'LS1', 'SC1', 'F', 'BB1'];0.056;0.0287;1.95;2.006;2901.94
120935;857899;2026-04-14 09:29:30.0060;0.0;1;['BB1'];12.0;0.0594;202.0;214.0;0.0
2211367;907179;2026-04-14 09:29:30.2034;0.0;4;['TG', 'F', 'LS1', 'SC1'];0.16;0.0043;36.83;36.99;5469.79
1010907;A117ME;2026-04-14 09:29:30.4135;35597.8;5;['SC1', 'F', 'LS1', 'TG', 'DE'];0.2;0.0018;108.2;108.4;35706.0
208915;590375;2026-04-14 09:29:30.6580;0.0;5;['TG', 'F', 'LS1', 'SC1', 'DE'];1.45;0.0095;153.1;154.55;9951.5
3722573;A40LQ4;2026-04-14 09:29:30.7172;0.0;2;['LS1', 'BB1'];0.24;0.0331;7.24;7.48;0.0
1756230;A3CT74;2026-04-14 09:29:30.7986;0.0;3;['SC1', 'TG', 'LS1'];0.02;0.0392;0.51;0.53;1865.07
3221170;A3CMGH;2026-04-14 09:29:30.8397;0.0;4;['TG', 'F', 'LS1', 'SC1'];0.3;0.0219;13.7;14.0;9740.699999999999
201050;931083;2026-04-14 09:29:30.8913;9776.699999999999;4;['TG', 'LS1', 'SC1', 'F'];2.15;0.0155;138.3;140.45;9914.4
679635;A0LFDN;2026-04-14 09:29:30.9823;4917.759999999999;4;['F', 'LS1', 'TG', 'BB1'];0.14;0.0019;72.4;72.54;4990.08
2076475;A2QGE6;2026-04-14 09:29:31.0602;0.0;4;['TG', 'LS1', 'BB1', 'SC1'];0.8;0.025;32.0;32.8;5858.56
1369914;934251;2026-04-14 09:29:31.1099;0.0;2;['BB1', 'F'];0.48;0.0071;68.0;68.48;0.0
1369916;855870;2026-04-14 09:29:31.1439;5856.0;3;['F', 'TG', 'LS1'];1.07;0.0175;61.0;62.07;5917.0
819156;A2PXV5;2026-04-14 09:29:31.1847;0.0;4;['F', 'SC1', 'LS1', 'BB1'];0.0;0.0;37.94;37.94;0.0
2751849;A2PZLE;2026-04-14 09:29:31.2280;0.0;1;['BB1'];0.022;0.0948;0.232;0.254;0.0
2597344;157493;2026-04-14 09:29:31.3162;0.0;4;['F', 'BB1', 'SC1', 'LS1'];1.5;0.0252;59.5;61.0;0.0
1209213;A1JGSV;2026-04-14 09:29:31.3687;5888.7;4;['TG', 'F', 'LS1', 'BB1'];2.0;0.0183;109.2;111.2;5997.75
943556;886429;2026-04-14 09:29:31.4112;9838.8;5;['F', 'LS1', 'TG', 'SC1', 'DE'];0.95;0.0052;182.3;183.25;10021.0
583320;A1W2MF;2026-04-14 09:29:31.4637;5921.82;4;['TG', 'LS1', 'SC1', 'F'];0.32;0.009;35.49;35.81;5957.28
120938;A0CBCK;2026-04-14 09:29:31.6069;9831.5;5;['SC1', 'TG', 'F', 'LS1', 'DE'];3.5;0.0124;281.5;285.0;10112.4
361059;A2AAAX;2026-04-14 09:29:31.6677;0.0;3;['F', 'LS1', 'BB1'];0.011;0.0122;0.904;0.915;0.0
120939;907487;2026-04-14 09:29:31.7605;0.0;4;['TG', 'F', 'LS1', 'BB1'];0.06;0.0156;3.84;3.9;2918.3999999999996
1861136;A14Y6H;2026-04-14 09:29:31.8449;135628.2;5;['F', 'TG', 'SC1', 'LS1', 'DE'];0.3;0.0011;271.9;272.2;135900.0
1857905;A14Y6F;2026-04-14 09:29:31.9011;0.0;4;['F', 'SC1', 'LS1', 'DE'];-0.1;-0.0004;273.95;273.85;0.0
2004482;A2AP5V;2026-04-14 09:29:31.9317;0.0;4;['TG', 'LS1', 'SC1', 'BB1'];0.246;0.026;9.454;9.7;3863.4
2980025;A1CS4B;2026-04-14 09:29:31.9762;0.0;4;['SC1', 'F', 'LS1', 'BB1'];0.04;0.0175;2.28;2.32;0.0
3029247;A2P6XQ;2026-04-14 09:29:32.0297;0.0;1;['TG'];0.1;0.019;5.25;5.35;5853.75
2495006;A2QMJY;2026-04-14 09:29:32.1020;0.0;4;['TG', 'LS1', 'F', 'BB1'];0.014;0.0032;4.392;4.406;2459.52
1184391;A2N5Z6;2026-04-14 09:29:32.1406;0.0;5;['TG', 'F', 'LS1', 'SC1', 'BB1'];0.098;0.0361;2.712;2.81;4767.72
1268957;A2DTR8;2026-04-14 09:29:32.2667;5870.5;2;['TG', 'F'];0.02;0.0169;1.18;1.2;5871.679999999999
100393;200417;2026-04-14 09:29:32.3051;20290.68;5;['TG', 'LS1', 'F', 'SC1', 'DE'];0.1;0.0018;56.6;56.7;9355.5
2452467;A1C6ZQ;2026-04-14 09:29:32.3552;0.0;2;['F', 'LS1'];0.01;0.0002;49.3;49.31;0.0
4258811;A41557;2026-04-14 09:29:32.4196;;2;['TG', 'F'];0.4;0.0331;12.1;12.5;2891.9
104163;906866;2026-04-14 09:29:32.4526;61055.799999999996;6;['F', 'TG', 'LS1', 'SC1', 'BB1', 'DE'];-0.35;-0.0017;204.25;203.9;61260.0
554852;A1T95E;2026-04-14 09:29:32.5127;0.0;1;['SC1'];0.16;0.046;3.48;3.64;0.0
716481;A1W749;2026-04-14 09:29:32.5612;5862.64;1;['TG'];0.06;0.0226;2.66;2.72;5865.3
232933;904412;2026-04-14 09:29:32.6395;0.0;5;['TG', 'F', 'LS1', 'SC1', 'BB1'];1.2;0.0271;44.2;45.4;5878.6
491217;911535;2026-04-14 09:29:32.6666;0.0;3;['TG', 'LS1', 'F'];1.4;0.0149;94.22;95.62;5935.86
2062447;A1C2FD;2026-04-14 09:29:32.7034;;4;['F', 'TG', 'SC1', 'BB1'];0.0;0.0;21.1;21.1;5964.0
275354;A1W97M;2026-04-14 09:29:32.7759;0.0;5;['F', 'SC1', 'TG', 'DE', 'LS1'];0.007;0.0007;9.922;9.929;10021.220000000001
2686339;A3D8PK;2026-04-14 09:29:32.8078;0.0;3;['TG', 'SC1', 'BB1'];0.4;0.0179;22.4;22.8;7839.999999999999
1459780;918692;2026-04-14 09:29:32.8554;0.0;4;['TG', 'LS1', 'F', 'SC1'];0.1;0.0194;5.15;5.25;5881.3
200597;850222;2026-04-14 09:29:32.9033;9702.519999999999;4;['TG', 'LS1', 'F', 'DE'];0.62;0.0055;113.6;114.22;9815.34
716847;897113;2026-04-14 09:29:33.0141;9851.5;4;['LS1', 'F', 'TG', 'BB1'];0.225;0.0148;15.25;15.475;9866.75
103523;850226;2026-04-14 09:29:33.0747;16230.900000000001;6;['F', 'TG', 'LS1', 'SC1', 'DE', 'BB1'];-0.25;-0.0009;276.1;275.85;16506.0
1222057;894969;2026-04-14 09:29:33.1066;9785.6;4;['TG', 'LS1', 'F', 'BB1'];2.1;0.0189;111.2;113.3;9896.800000000001
380206;A1W3P0;2026-04-14 09:29:33.1509;;3;['TG', 'BB1', 'F'];0.545;0.0218;25.0;25.545;5875.0
103744;A0X88Z;2026-04-14 09:29:33.1816;9879.0;4;['SC1', 'TG', 'LS1', 'F'];0.46;0.007;65.92;66.38;9944.86
1143367;881720;2026-04-14 09:29:33.2329;5947.35;5;['TG', 'F', 'LS1', 'SC1', 'BB1'];0.55;0.0086;63.95;64.5;3033.85
205599;A14QX0;2026-04-14 09:29:33.2798;0.0;5;['TG', 'LS1', 'SC1', 'F', 'BB1'];0.43;0.0134;32.02;32.45;4956.9
1308988;A1JRLA;2026-04-14 09:29:33.3363;0.0;4;['TG', 'F', 'LS1', 'SC1'];0.51;0.0034;152.05;152.56;5047.349999999999
628728;675543;2026-04-14 09:29:33.3785;0.0;1;['BB1'];0.28;0.1389;2.016;2.296;0.0
151873;A0NJ38;2026-04-14 09:29:33.4214;9896.25;5;['TG', 'LS1', 'SC1', 'F', 'DE'];0.75;0.0066;113.75;114.5;10010.0
347206;871501;2026-04-14 09:29:33.4707;0.0;2;['F', 'BB1'];0.46;0.0128;35.8;36.26;0.0
2234475;A0Q9XQ;2026-04-14 09:29:33.5201;4871.900000000001;4;['TG', 'F', 'BB1', 'SC1'];0.2;0.0194;10.3;10.5;4882.200000000001
2134955;A0HMCU;2026-04-14 09:29:33.5630;3974.4;5;['F', 'TG', 'LS1', 'SC1', 'BB1'];0.04;0.0014;28.8;28.84;4003.2000000000003
492626;766149;2026-04-14 09:29:33.6158;0.0;3;['TG', 'LS1', 'SC1'];2.15;0.008;269.8;271.95;9982.6
331798;A0F55S;2026-04-14 09:29:33.6563;9627.5;4;['TG', 'F', 'LS1', 'SC1'];2.9;0.0075;385.2;388.1;10012.6
837802;908668;2026-04-14 09:29:33.7122;9689.75;5;['F', 'TG', 'LS1', 'SC1', 'DE'];2.84;0.0144;197.76;200.6;9887.5
103821;867900;2026-04-14 09:29:33.7594;26299.5;5;['TG', 'F', 'LS1', 'SC1', 'DE'];1.1;0.0037;295.6;296.7;26590.5
1449780;A0MSMZ;2026-04-14 09:29:33.8008;0.0;5;['TG', 'LS1', 'F', 'BB1', 'SC1'];0.315;0.0259;12.15;12.465;5834.610000000001
836539;911648;2026-04-14 09:29:33.8458;5979.3;5;['LS1', 'TG', 'SC1', 'BB1', 'F'];0.04;0.0008;52.55;52.59;6031.75
834242;A2JLMD;2026-04-14 09:29:33.9410;0.0;3;['TG', 'BB1', 'F'];0.29;0.0269;10.8;11.09;3866.4
497103;882749;2026-04-14 09:29:34.0385;4936.0;6;['TG', 'LS1', 'F', 'SC1', 'BB1', 'DE'];0.26;0.0021;123.72;123.98;5059.400000000001
801018;A11664;2026-04-14 09:29:34.1355;0.0;5;['TG', 'LS1', 'SC1', 'BB1', 'F'];0.439;0.0245;17.925;18.364;5861.475
511739;A2PP3L;2026-04-14 09:29:34.2295;0.0;4;['TG', 'F', 'LS1', 'BB1'];0.189;0.0386;4.896;5.085;2859.864
4321309;A3C36H;2026-04-14 09:29:34.3410;0.0;5;['TG', 'F', 'LS1', 'SC1', 'BB1'];0.05;0.0099;5.05;5.1;3964.25
179723;914333;2026-04-14 09:29:34.4690;3948.0;3;['TG', 'LS1', 'BB1'];0.1;0.0071;14.1;14.2;3962.1
103776;862485;2026-04-14 09:29:34.6786;9769.65;5;['TG', 'LS1', 'F', 'SC1', 'DE'];2.45;0.0083;296.35;298.8;10065.7
1783162;A2AJ8C;2026-04-14 09:29:34.7753;0.0;4;['TG', 'F', 'LS1', 'BB1'];1.38;0.0239;57.7;59.08;4902.8
1967931;A1411S;2026-04-14 09:29:34.8627;0.0;4;['TG', 'LS1', 'SC1', 'BB1'];0.187;0.0726;2.574;2.761;3249.697
121005;920678;2026-04-14 09:29:34.8931;;3;['SC1', 'TG', 'F'];0.0;0.0;63.0;63.0;5000.0
522689;A0B9A5;2026-04-14 09:29:35.0001;0.0;3;['TG', 'F', 'BB1'];0.2;0.0233;8.6;8.8;9752.4
1059886;A41981;2026-04-14 09:29:35.0285;0.0;4;['F', 'SC1', 'BB1', 'LS1'];0.05;0.0024;20.59;20.64;0.0
806543;A2AKNF;2026-04-14 09:29:35.1361;0.0;4;['LS1', 'SC1', 'F', 'BB1'];0.5;0.0379;13.2;13.7;0.0
850410;A0N916;2026-04-14 09:29:35.1649;0.0;5;['TG', 'F', 'LS1', 'BB1', 'SC1'];0.5;0.0078;64.5;65.0;5160.0
200789;889120;2026-04-14 09:29:35.2629;0.0;1;['BB1'];0.5;0.0403;12.4;12.9;0.0
1707060;A2N6ZF;2026-04-14 09:29:35.3598;0.0;3;['TG', 'LS1', 'BB1'];0.11;0.0465;2.365;2.475;2864.0150000000003
2138350;A3DUCY;2026-04-14 09:29:35.4580;4953.96;5;['TG', 'LS1', 'F', 'SC1', 'BB1'];0.16;0.0085;18.765;18.925;4972.725
1759969;A2PNH2;2026-04-14 09:29:35.5504;0.0;4;['TG', 'F', 'LS1', 'BB1'];0.038;0.027;1.406;1.444;2916.044
173914;A1W4U4;2026-04-14 09:29:35.6477;3922.5;3;['TG', 'LS1', 'SC1'];0.605;0.0193;31.38;31.985;3953.8799999999997
1709399;A12FMV;2026-04-14 09:29:35.7442;9860.5;5;['F', 'TG', 'SC1', 'LS1', 'DE'];1.5;0.0056;267.6;269.1;10127.0
3033969;A2PP3J;2026-04-14 09:29:35.8425;0.0;4;['F', 'TG', 'LS1', 'SC1'];0.2;0.0066;30.4;30.6;5928.0
706231;A3D28J;2026-04-14 09:29:35.9561;0.0;3;['F', 'LS1', 'BB1'];0.8;0.0348;23.0;23.8;0.0
1048875;A2QQVE;2026-04-14 09:29:36.0531;0.0;3;['TG', 'LS1', 'SC1'];0.49;0.0148;33.02;33.51;4884.740000000001
2329029;A2QJPQ;2026-04-14 09:29:36.1499;9834.96;5;['TG', 'LS1', 'F', 'SC1', 'BB1'];0.02;0.0058;3.44;3.46;9838.4
2820739;A2JAAW;2026-04-14 09:29:36.2420;0.0;5;['TG', 'LS1', 'SC1', 'BB1', 'F'];0.66;0.0192;34.36;35.02;4913.48
585684;A1H5PL;2026-04-14 09:29:36.2856;0.0;2;['LS1', 'F'];1.0;0.0244;41.0;42.0;0.0
775788;867209;2026-04-14 09:29:36.3250;0.0;4;['F', 'BB1', 'LS1', 'TG'];0.4;0.0131;30.6;31.0;3947.4
444642;A2N85M;2026-04-14 09:29:36.4151;0.0;3;['TG', 'BB1', 'SC1'];0.027;0.0027;9.973;10.0;9880.349999999999
205034;A0YA4B;2026-04-14 09:29:36.4659;0.0;4;['SC1', 'TG', 'LS1', 'BB1'];0.137;0.0147;9.345;9.482;5915.385
1628317;A14SUE;2026-04-14 09:29:36.5167;0.0;2;['TG', 'BB1'];0.175;0.0072;24.425;24.6;7905.599999999999
2810222;A3DB5F;2026-04-14 09:29:36.5656;0.0;4;['TG', 'F', 'LS1', 'SC1'];0.3;0.0032;93.46;93.76;15047.06
2808175;A2DR9Y;2026-04-14 09:29:36.6659;0.0;5;['TG', 'F', 'LS1', 'SC1', 'BB1'];0.155;0.0086;17.96;18.115;9949.84
103806;865985;2026-04-14 09:29:36.7514;109804.95000000001;5;['F', 'TG', 'LS1', 'SC1', 'DE'];0.05;0.0002;220.1;220.15;110025.0
1046920;A14TU7;2026-04-14 09:29:36.7901;0.0;4;['TG', 'LS1', 'SC1', 'BB1'];1.16;0.0092;125.88;127.04;4027.2
300569;A14VYT;2026-04-14 09:29:36.8312;0.0;5;['LS1', 'TG', 'F', 'SC1', 'BB1'];0.08;0.0076;10.59;10.67;3058.05
971601;A3DHHB;2026-04-14 09:29:36.8698;0.0;4;['SC1', 'TG', 'F', 'LS1'];0.24;0.0101;23.66;23.9;4780.0
3744675;861210;2026-04-14 09:29:36.9306;5671.8;3;['LS1', 'TG', 'BB1'];4.6;0.0186;246.8;251.4;5918.4
103798;865177;2026-04-14 09:29:37.0025;16544.85;5;['TG', 'LS1', 'SC1', 'F', 'DE'];1.25;0.0037;337.75;339.0;16862.5
1448745;A1W4EQ;2026-04-14 09:29:37.0936;9882.0;5;['TG', 'LS1', 'F', 'SC1', 'BB1'];2.22;0.0168;132.0;134.22;3087.06
2158925;A2QR0K;2026-04-14 09:29:37.3337;17456.25;4;['TG', 'LS1', 'SC1', 'F'];2.15;0.006;356.25;358.4;17812.5
958083;886413;2026-04-14 09:29:37.4963;9622.199999999999;4;['TG', 'LS1', 'SC1', 'F'];3.2;0.0289;110.7;113.9;9732.8
1224868;A2PBJC;2026-04-14 09:29:37.7204;0.0;4;['TG', 'F', 'LS1', 'BB1'];0.12;0.037;3.24;3.36;2407.32
794110;A1W92R;2026-04-14 09:29:37.8453;0.0;5;['SC1', 'TG', 'F', 'LS1', 'BB1'];0.88;0.0242;36.39;37.27;4912.65
1755150;A0CAPU;2026-04-14 09:29:38.0139;0.0;5;['TG', 'F', 'LS1', 'SC1', 'BB1'];0.08;0.0123;6.5;6.58;4935.085
789490;A113JL;2026-04-14 09:29:38.0503;0.0;5;['TG', 'LS1', 'F', 'SC1', 'BB1'];2.0;0.0219;91.5;93.5;5915.0
1992050;A2DRY4;2026-04-14 09:29:38.2415;0.0;4;['TG', 'LS1', 'F', 'BB1'];0.02;0.0004;52.84;52.86;5250.0
200622;854161;2026-04-14 09:29:38.3357;11744.980000000001;5;['TG', 'LS1', 'SC1', 'F', 'DE'];1.06;0.0179;59.22;60.28;11804.0
821864;A143KH;2026-04-14 09:29:38.3862;0.0;5;['TG', 'LS1', 'F', 'BB1', 'SC1'];1.2;0.0395;30.4;31.6;4771.599999999999
3102230;A2N62P;2026-04-14 09:29:38.4308;0.0;3;['F', 'LS1', 'BB1'];1.0;0.0103;97.0;98.0;0.0
1941528;A116X0;2026-04-14 09:29:38.4760;0.0;4;['TG', 'LS1', 'SC1', 'F'];0.09;0.0169;5.33;5.42;4892.9400000000005
241176;A2N87U;2026-04-14 09:29:38.5137;0.0;5;['TG', 'LS1', 'SC1', 'F', 'BB1'];0.69;0.0076;90.39;91.08;9922.0
1032978;784598;2026-04-14 09:29:38.6064;9566.5;3;['F', 'TG', 'LS1'];8.5;0.0168;504.5;513.0;10070.0
1059932;A0DQY4;2026-04-14 09:29:38.7032;9849.606;5;['TG', 'LS1', 'SC1', 'BB1', 'F'];0.19;0.0124;15.366;15.556;9864.972
1944291;A1J0GG;2026-04-14 09:29:38.7525;5967.645;4;['TG', 'LS1', 'F', 'BB1'];0.01;0.0023;4.325;4.335;5976.275000000001
2968329;A2H9WD;2026-04-14 09:29:38.7980;0.0;4;['SC1', 'LS1', 'BB1', 'F'];0.0;0.0;682.8;682.8;0.0
727710;A40V33;2026-04-14 09:29:38.8470;0.0;3;['SC1', 'TG', 'LS1'];0.18;0.0014;129.62;129.8;6490.000000000001
1725438;A0JMC1;2026-04-14 09:29:38.8881;0.0;0;[];0.15;0.0024;61.85;62.0;0.0
1107166;A3EUCD;2026-04-14 09:29:38.9384;39886.6;4;['TG', 'F', 'SC1', 'LS1'];1.0;0.0075;134.0;135.0;39960.0
2470193;A2JRL0;2026-04-14 09:29:38.9709;9768.96;5;['TG', 'F', 'LS1', 'SC1', 'BB1'];0.25;0.0217;11.54;11.79;9780.48
1641911;A1WY9H;2026-04-14 09:29:39.0088;0.0;3;['TG', 'LS1', 'F'];0.112;0.0235;4.766;4.878;5862.18
2844945;A2PKLC;2026-04-14 09:29:39.0900;0.0;2;['TG', 'BB1'];0.1;0.0101;9.9;10.0;2945.15
1007538;A3EUUD;2026-04-14 09:29:39.1283;9863.800000000001;4;['TG', 'F', 'LS1', 'SC1'];0.2;0.0134;14.9;15.1;7550.0
3441347;A0LCJG;2026-04-14 09:29:39.2169;0.0;1;['BB1'];1.06;0.007;150.86;151.92;0.0
1029082;A2QFA4;2026-04-14 09:29:39.2769;5840.067999999999;5;['SC1', 'TG', 'F', 'LS1', 'BB1'];0.125;0.021;5.941;6.066;5845.978999999999
200630;855225;2026-04-14 09:29:39.3615;0.0;5;['SC1', 'TG', 'LS1', 'F', 'BB1'];3.52;0.0239;147.0;150.52;5880.0
1615868;A2AGYB;2026-04-14 09:29:39.4586;0.0;4;['SC1', 'TG', 'F', 'LS1'];0.78;0.0145;53.82;54.6;4949.599999999999
1667946;A1JU4Y;2026-04-14 09:29:39.5590;0.0;4;['TG', 'LS1', 'F', 'BB1'];0.58;0.0187;31.06;31.64;6895.32
3225169;A2QAMV;2026-04-14 09:29:39.6520;0.0;3;['TG', 'LS1', 'F'];0.011;0.0023;4.859;4.87;3911.495
1974074;766687;2026-04-14 09:29:39.7424;5916.0;5;['TG', 'F', 'LS1', 'SC1', 'BB1'];1.92;0.011;174.0;175.92;6090.0
1181317;A14M6X;2026-04-14 09:29:39.8422;0.0;4;['TG', 'F', 'BB1', 'SC1'];2.0;0.0095;210.0;212.0;6032.0
714467;A40ZYR;2026-04-14 09:29:39.9357;0.0;2;['LS1', 'F'];2.8;0.1386;20.2;23.0;0.0
141270;A2AR23;2026-04-14 09:29:40.0391;0.0;4;['F', 'LS1', 'SC1', 'BB1'];1.8;0.0381;47.2;49.0;0.0
3735268;A402CB;2026-04-14 09:29:40.1319;0.0;5;['TG', 'LS1', 'F', 'SC1', 'BB1'];0.8;0.0327;24.5;25.3;3871.65
1054434;885275;2026-04-14 09:29:40.2287;0.0;3;['SC1', 'F', 'LS1'];1.0;0.0194;51.5;52.5;0.0
1412658;A404AF;2026-04-14 09:29:40.3246;0.0;5;['SC1', 'TG', 'BB1', 'LS1', 'F'];2.5;0.0175;142.5;145.0;4987.5
2478806;A2QJRN;2026-04-14 09:29:40.4208;0.0;2;['F', 'BB1'];0.0169;0.0342;0.4936;0.5105;0.0
279813;867880;2026-04-14 09:29:40.6160;0.0;5;['TG', 'LS1', 'SC1', 'F', 'BB1'];0.5;0.0079;63.0;63.5;7938.0
114812;A3DZGS;2026-04-14 09:29:40.7105;0.0;3;['LS1', 'F', 'BB1'];0.08;0.0267;3.0;3.08;0.0
345382;A0YH66;2026-04-14 09:29:40.8219;2927.85;1;['TG'];0.15;0.0201;7.45;7.6;2935.3
1569045;A2ALP3;2026-04-14 09:29:41.0496;0.0;5;['F', 'TG', 'LS1', 'SC1', 'BB1'];0.86;0.0148;57.99;58.85;7932.3
559293;A3DUN5;2026-04-14 09:29:41.1397;9828.0;4;['LS1', 'TG', 'F', 'SC1'];0.4;0.0077;52.0;52.4;9880.0
2397729;868746;2026-04-14 09:29:41.1911;5873.75;3;['TG', 'LS1', 'SC1'];1.4;0.0088;158.75;160.15;6032.5
1897183;A3CY5C;2026-04-14 09:29:41.2433;;4;['SC1', 'TG', 'LS1', 'F'];0.091;0.0251;3.629;3.72;5831.803
2181715;A2QG8Z;2026-04-14 09:29:41.3199;0.0;3;['F', 'LS1', 'BB1'];0.0;0.0;91.85;91.85;0.0
200683;869964;2026-04-14 09:29:41.4178;5793.6;5;['TG', 'F', 'LS1', 'SC1', 'DE'];0.34;0.0018;193.12;193.46;5986.72
929687;A1W97C;2026-04-14 09:29:41.5197;0.0;5;['TG', 'F', 'LS1', 'SC1', 'BB1'];0.2;0.0132;15.1;15.3;5919.2
200901;906892;2026-04-14 09:29:41.7317;0.0;5;['TG', 'F', 'LS1', 'SC1', 'BB1'];0.43;0.0046;93.5;93.93;5984.0
2600464;A2JNZJ;2026-04-14 09:29:41.9236;0.0;4;['TG', 'LS1', 'SC1', 'BB1'];0.05;0.041;1.22;1.27;3817.38
200598;850347;2026-04-14 09:29:41.9841;9729.1;5;['TG', 'LS1', 'SC1', 'F', 'DE'];0.74;0.0045;164.9;165.64;9894.0
312511;880953;2026-04-14 09:29:42.0427;5820.799999999999;4;['F', 'TG', 'LS1', 'SC1'];1.0;0.0058;171.2;172.2;5992.0
499735;881531;2026-04-14 09:29:42.0921;0.0;4;['TG', 'F', 'LS1', 'SC1'];25.0;0.0084;2972.0;2997.0;11888.0
1786666;A3E2FR;2026-04-14 09:29:42.2070;0.0;4;['SC1', 'TG', 'LS1', 'BB1'];0.32;0.0286;11.18;11.5;2929.16
499738;914867;2026-04-14 09:29:42.2441;9891.15;4;['TG', 'F', 'LS1', 'SC1'];1.27;0.0089;143.35;144.62;10034.5
243577;A2JNRG;2026-04-14 09:29:42.2869;0.0;4;['TG', 'BB1', 'LS1', 'SC1'];0.278;0.0224;12.414;12.692;7936.0
2357622;A2PJN6;2026-04-14 09:29:42.3136;3922.74;3;['TG', 'LS1', 'BB1'];0.133;0.0193;6.882;7.015;3929.622
499831;850354;2026-04-14 09:29:42.3471;0.0;3;['TG', 'LS1', 'F'];1.9;0.0131;145.5;147.4;9877.0
1779114;A2AL39;2026-04-14 09:29:42.3846;0.0;3;['TG', 'SC1', 'BB1'];0.4;0.0214;18.7;19.1;9780.1
1961662;A2P9BF;2026-04-14 09:29:42.4130;0.0;4;['TG', 'F', 'LS1', 'BB1'];0.2;0.0063;31.97;32.17;5914.8
121022;A0KEE9;2026-04-14 09:29:42.4592;15912.0;3;['TG', 'F', 'LS1'];3.0;0.0096;312.0;315.0;16224.0
2028652;856142;2026-04-14 09:29:42.5109;0.0;4;['TG', 'LS1', 'F', 'BB1'];0.36;0.0103;34.84;35.2;4813.200000000001
200599;850355;2026-04-14 09:29:42.5561;0.0;1;['BB1'];1.48;0.024;61.77;63.25;0.0
132811;901685;2026-04-14 09:29:42.5972;0.0;4;['LS1', 'SC1', 'BB1', 'F'];0.0;0.0;41.38;41.38;0.0
608855;A2AM8Z;2026-04-14 09:29:42.6811;0.0;4;['TG', 'SC1', 'LS1', 'BB1'];0.92;0.0098;93.62;94.54;5991.68
205741;A0MY4Z;2026-04-14 09:29:42.7058;0.0;3;['F', 'LS1', 'BB1'];1.5;0.0246;61.0;62.5;0.0
2395326;A1JMHK;2026-04-14 09:29:42.7282;0.0;2;['TG', 'LS1'];0.85;0.0303;28.01;28.86;2941.05
1931170;A2DPZU;2026-04-14 09:29:42.7733;15141.0;4;['LS1', 'SC1', 'BB1', 'TG'];0.9;0.0029;309.0;309.9;15450.0
705235;A2AA7B;2026-04-14 09:29:42.8157;0.0;4;['TG', 'F', 'SC1', 'LS1'];1.7;0.0113;150.65;152.35;9926.4
2127713;A2N5Y2;2026-04-14 09:29:42.8641;0.0;0;[];0.0;0.0;0.0;0.0;0.0
492143;A0CATC;2026-04-14 09:29:42.9201;0.0;5;['LS1', 'TG', 'SC1', 'F', 'BB1'];0.094;0.0205;4.584;4.678;3906.784
2441077;931364;2026-04-14 09:29:42.9490;0.0;2;['F', 'LS1'];0.08;0.0008;102.32;102.4;0.0
1294554;936785;2026-04-14 09:29:42.9869;0.0;3;['LS1', 'SC1', 'BB1'];0.0;0.0;13.755;13.755;0.0
2475581;A3D3VB;2026-04-14 09:29:43.0319;0.0;4;['TG', 'F', 'LS1', 'BB1'];0.016;0.0221;0.724;0.74;2910.48
1350885;A2JPDX;2026-04-14 09:29:43.0641;0.0;3;['TG', 'F', 'BB1'];1.9;0.0243;78.1;80.0;5850.0
1782000;923203;2026-04-14 09:29:43.1032;0.0;1;['TG'];1.0;0.0088;114.0;115.0;8892.0
199486;850518;2026-04-14 09:29:43.1408;0.0;5;['TG', 'LS1', 'F', 'BB1', 'SC1'];-0.292;-0.0073;39.792;39.5;5880.0
132838;722734;2026-04-14 09:29:43.1921;0.0;4;['F', 'SC1', 'LS1', 'BB1'];0.0;0.0;45.315;45.315;0.0
2236227;A12EVW;2026-04-14 09:29:43.2341;;1;['TG'];0.1;0.0155;6.45;6.55;5901.75
990202;A3CSSL;2026-04-14 09:29:43.2697;0.0;4;['TG', 'F', 'LS1', 'BB1'];0.027;0.0191;1.414;1.441;2891.88
1162719;A14V4U;2026-04-14 09:29:43.3192;0.0;3;['LS1', 'TG', 'SC1'];0.9;0.0045;198.3;199.2;3160.8
2010632;A0X9JE;2026-04-14 09:29:43.3786;0.0;3;['F', 'LS1', 'SC1'];0.014;0.0012;11.902;11.916;0.0
1365481;A2PN0R;2026-04-14 09:29:43.4224;2882.04;5;['TG', 'LS1', 'SC1', 'BB1', 'F'];0.5;0.0325;15.4;15.9;1560.16
520411;863871;2026-04-14 09:29:43.4663;0.0;4;['TG', 'F', 'LS1', 'SC1'];1.7;0.0125;136.1;137.8;9913.400000000001
294001;A0F5DE;2026-04-14 09:29:43.5033;19700.5;4;['TG', 'LS1', 'SC1', 'F'];0.5;0.0052;96.1;96.6;19796.6
3356811;A2N9Y3;2026-04-14 09:29:43.5406;0.0;4;['F', 'SC1', 'TG', 'BB1'];0.172;0.0159;10.828;11.0;5961.6
1601558;A2DUAY;2026-04-14 09:29:43.5823;8865.36;3;['TG', 'LS1', 'SC1'];0.58;0.011;52.77;53.35;8918.130000000001
1028582;905650;2026-04-14 09:29:43.6118;8531.8;5;['TG', 'LS1', 'SC1', 'BB1', 'F'];5.4;0.0367;147.1;152.5;8678.9
499921;860408;2026-04-14 09:29:43.6459;0.0;4;['TG', 'F', 'LS1', 'SC1'];0.78;0.0145;53.64;54.42;7402.32
3084599;A2PU68;2026-04-14 09:29:43.7140;0.0;4;['LS1', 'SC1', 'TG', 'F'];0.3;0.0219;13.7;14.0;3918.2
376128;886171;2026-04-14 09:29:43.7534;0.0;1;['SC1'];4.5;0.0474;95.0;99.5;0.0
331807;A0B9WE;2026-04-14 09:29:43.8341;0.0;5;['F', 'SC1', 'TG', 'LS1', 'BB1'];0.16;0.0471;3.4;3.56;5259.8
1340794;876152;2026-04-14 09:29:43.8617;0.0;5;['TG', 'LS1', 'F', 'SC1', 'BB1'];0.2;0.0101;19.75;19.95;5023.5
121026;529496;2026-04-14 09:29:43.9011;0.0;1;['SC1'];1.6;0.0497;32.2;33.8;0.0
1452075;A0YJVA;2026-04-14 09:29:43.9625;0.0;3;['LS1', 'SC1', 'BB1'];0.46;0.1133;4.06;4.52;0.0
286922;873816;2026-04-14 09:29:44.0466;0.0;5;['LS1', 'TG', 'F', 'BB1', 'SC1'];-0.022;-0.0021;10.522;10.5;5102.55
121107;904916;2026-04-14 09:29:44.0873;0.0;3;['SC1', 'F', 'LS1'];1.0;0.0338;29.6;30.6;0.0
629921;A0YBKP;2026-04-14 09:29:44.1237;0.0;4;['TG', 'LS1', 'F', 'BB1'];0.1;0.0183;5.45;5.55;4910.45
2901020;A2H7JF;2026-04-14 09:29:44.1613;0.0;5;['TG', 'F', 'LS1', 'SC1', 'BB1'];0.088;0.0061;14.4;14.488;3988.8
417146;A1W2U2;2026-04-14 09:29:44.1953;0.0;4;['TG', 'LS1', 'F', 'BB1'];0.465;0.0299;15.545;16.01;3901.795
103732;858388;2026-04-14 09:29:44.2221;20306.025;5;['TG', 'LS1', 'SC1', 'F', 'DE'];0.09;0.002;45.225;45.315;20351.25
1186934;A2JD2X;2026-04-14 09:29:44.2682;0.0;2;['F', 'LS1'];0.18;0.0108;16.65;16.83;0.0
121130;A0MVKA;2026-04-14 09:29:44.3301;;3;['DE', 'LS1', 'TG'];1.0;0.0092;109.0;110.0;5610.0
1089479;A2JQ1Z;2026-04-14 09:29:44.3803;0.0;5;['SC1', 'TG', 'LS1', 'F', 'BB1'];0.47;0.0116;40.53;41.0;3971.94
1568101;A14S55;2026-04-14 09:29:44.4090;0.0;2;['TG', 'BB1'];0.104;0.0486;2.14;2.244;3280.6200000000003
1696315;A2JRMB;2026-04-14 09:29:44.4521;0.0;5;['TG', 'LS1', 'F', 'SC1', 'BB1'];0.21;0.0295;7.115;7.325;3891.905
2337957;A40E6D;2026-04-14 09:29:44.4974;0.0;4;['TG', 'LS1', 'SC1', 'BB1'];0.188;0.0223;8.412;8.6;3897.6000000000004
185126;886799;2026-04-14 09:29:44.5381;0.0;1;['TG'];0.2;0.0081;24.6;24.8;5928.6
1006807;A2P8JT;2026-04-14 09:29:44.5845;0.0;2;['F', 'LS1'];0.06;0.0043;13.94;14.0;0.0
675878;A3CWHH;2026-04-14 09:29:44.6317;0.0;4;['LS1', 'SC1', 'TG', 'F'];0.229;0.0148;15.475;15.704;4936.525
1808537;A3CN4F;2026-04-14 09:29:44.7028;0.0;3;['F', 'LS1', 'BB1'];0.0067;0.0008;8.84665782;8.85332448;0.0
200618;853815;2026-04-14 09:29:44.7427;0.0;4;['F', 'TG', 'LS1', 'SC1'];0.175;0.0117;14.915;15.09;9873.68
537880;879501;2026-04-14 09:29:44.7767;0.0;4;['F', 'LS1', 'SC1', 'BB1'];0.0;0.0;10.275;10.275;0.0
558234;A40NVA;2026-04-14 09:29:44.8254;0.0;3;['SC1', 'F', 'LS1'];0.0;0.0;28.25997174;28.25997174;0.0
3073070;898494;2026-04-14 09:29:44.8648;0.0;2;['F', 'LS1'];8.0;0.0374;214.0;222.0;0.0
2737643;A3EYZC;2026-04-14 09:29:44.9126;0.0;2;['F', 'LS1'];0.6;0.0642;9.35;9.95;0.0
112903;A2QDBZ;2026-04-14 09:29:44.9648;5862.186;4;['TG', 'LS1', 'BB1', 'F'];0.022;0.0176;1.251;1.273;5863.437
474038;A1J51W;2026-04-14 09:29:45.0072;0.0;5;['SC1', 'F', 'TG', 'LS1', 'BB1'];0.3;0.0163;18.4;18.7;5874.3
400679;857675;2026-04-14 09:29:45.0400;0.0;5;['LS1', 'TG', 'F', 'SC1', 'DE'];1.25;0.0095;131.5;132.75;8021.5
1928583;A116VV;2026-04-14 09:29:45.0747;0.0;4;['SC1', 'LS1', 'F', 'BB1'];0.0;0.0;15.052;15.052;0.0
1652131;A1437N;2026-04-14 09:29:45.1178;0.0;5;['F', 'BB1', 'TG', 'SC1', 'LS1'];4.0;0.0154;260.0;264.0;5980.0
588169;876528;2026-04-14 09:29:45.1413;0.0;2;['BB1', 'SC1'];13.0;0.0718;181.0;194.0;0.0
590107;915578;2026-04-14 09:29:45.1741;0.0;1;['TG'];2.0;0.0099;202.0;204.0;6060.0
1263601;A0B8CA;2026-04-14 09:29:45.2022;0.0;4;['F', 'TG', 'SC1', 'BB1'];2.52;0.023;109.34;111.86;2943.0
1345846;A3DKYL;2026-04-14 09:29:45.2269;0.0;3;['SC1', 'F', 'LS1'];8.0;0.0559;143.0;151.0;0.0
168924;A3DGED;2026-04-14 09:29:45.2714;0.0;4;['SC1', 'F', 'TG', 'LS1'];0.355;0.0281;12.645;13.0;5841.99
200769;885906;2026-04-14 09:29:45.3310;0.0;4;['TG', 'LS1', 'F', 'BB1'];1.3;0.0239;54.5;55.8;5880.6
1342600;A2QDK6;2026-04-14 09:29:45.3655;0.0;5;['LS1', 'TG', 'F', 'BB1', 'SC1'];0.64;0.0232;27.6;28.24;5851.11
1186099;870493;2026-04-14 09:29:45.3899;6890.5599999999995;4;['SC1', 'TG', 'LS1', 'F'];0.76;0.0135;56.48;57.24;6947.04
103646;854075;2026-04-14 09:29:45.4165;0.0;3;['SC1', 'TG', 'LS1'];225.0;0.0004;612975.0;613200.0;609000.0
498416;A0YJQ2;2026-04-14 09:29:45.4494;48623.4;6;['SC1', 'TG', 'LS1', 'F', 'DE', 'BB1'];0.0;0.0;408.65;408.65;40880.0
103901;873629;2026-04-14 09:29:45.5048;6943.88;4;['F', 'TG', 'LS1', 'SC1'];0.21;0.0041;51.82;52.03;3021.8
326789;863578;2026-04-14 09:29:45.6213;0.0;4;['TG', 'LS1', 'SC1', 'F'];1.0;0.0149;67.0;68.0;10480.5
2235657;A2N7XQ;2026-04-14 09:29:45.6688;6771.731000000001;5;['F', 'TG', 'SC1', 'LS1', 'DE'];0.0113;0.0205;0.5503;0.5616;1711.2
2340564;A1J2CK;2026-04-14 09:29:45.7356;0.0;3;['F', 'LS1', 'BB1'];0.1;0.0035;28.6;28.7;0.0
2957779;A2PKZC;2026-04-14 09:29:46.1434;0.0;5;['TG', 'SC1', 'F', 'LS1', 'BB1'];0.2;0.0483;4.14;4.34;2869.02
3272659;A3EQAC;2026-04-14 09:29:46.2104;0.0;5;['TG', 'F', 'SC1', 'LS1', 'BB1'];0.2;0.0207;9.65;9.85;5836.8
2334899;A3C8TH;2026-04-14 09:29:46.2935;9814.320000000002;4;['TG', 'LS1', 'SC1', 'F'];0.047;0.0164;2.862;2.909;9817.173
2699849;A2P9T5;2026-04-14 09:29:46.3432;0.0;1;['TG'];0.04;0.0189;2.12;2.16;5885.12
310731;A11940;2026-04-14 09:29:46.3925;0.0;3;['LS1', 'F', 'BB1'];0.0;0.0;22.18;22.18;0.0
2335816;A2JG7L;2026-04-14 09:29:46.4466;0.0;4;['TG', 'F', 'LS1', 'SC1'];0.4;0.0195;20.5;20.9;10660.0
1340510;A2PWWA;2026-04-14 09:29:46.4789;0.0;4;['TG', 'LS1', 'SC1', 'BB1'];0.5;0.0161;31.0;31.5;3968.0
1012457;865406;2026-04-14 09:29:46.5693;0.0;4;['SC1', 'TG', 'F', 'LS1'];3.4;0.014;243.2;246.6;4131.0
121153;896047;2026-04-14 09:29:46.6007;0.0;5;['TG', 'F', 'LS1', 'SC1', 'BB1'];0.142;0.0179;7.928;8.07;5405.532
200923;924801;2026-04-14 09:29:46.6737;0.0;4;['SC1', 'TG', 'LS1', 'F'];0.41;0.0088;46.55;46.96;5487.0
541881;A1XCF2;2026-04-14 09:29:46.7182;0.0;5;['TG', 'LS1', 'F', 'SC1', 'BB1'];0.5;0.0296;16.9;17.4;3886.9999999999995
103812;789617;2026-04-14 09:29:46.7712;0.0;5;['TG', 'LS1', 'F', 'SC1', 'DE'];0.81;0.0054;151.25;152.06;10133.08
2005106;A3C9XF;2026-04-14 09:29:46.8113;0.0;0;[];0.0;0.0;0.0;0.0;0.0
1094505;A41038;2026-04-14 09:29:46.8458;0.0;2;['F', 'LS1'];0.49;0.2865;1.71;2.2;0.0
397265;A12ENG;2026-04-14 09:29:46.8778;0.0;3;['TG', 'F', 'LS1'];1.21;0.025;48.37;49.58;5417.44
3741340;A40YSR;2026-04-14 09:29:46.9220;;3;['F', 'TG', 'LS1'];0.034;0.04;0.85;0.884;2888.2999999999997
908644;A2PSR2;2026-04-14 09:29:46.9628;16427.45;5;['F', 'TG', 'LS1', 'SC1', 'DE'];0.05;0.0006;82.55;82.6;12390.0
2342759;A40D7P;2026-04-14 09:29:46.9931;0.0;4;['TG', 'LS1', 'F', 'BB1'];0.41;0.0304;13.47;13.88;5722.86
1989920;A411ZL;2026-04-14 09:29:47.0288;0.0;3;['LS1', 'BB1', 'SC1'];0.104;0.0055;19.034;19.138;0.0
2165694;A0B7Y0;2026-04-14 09:29:47.0816;0.0;3;['TG', 'F', 'BB1'];0.37;0.0119;31.2;31.57;8860.8
1351111;867434;2026-04-14 09:29:47.1303;0.0;5;['SC1', 'F', 'TG', 'LS1', 'BB1'];0.39;0.0064;61.05;61.44;5006.099999999999
2670891;A0B9Q0;2026-04-14 09:29:47.1869;0.0;5;['TG', 'F', 'SC1', 'LS1', 'BB1'];0.38;0.0124;30.6;30.98;3978.0
2048836;A2AS8C;2026-04-14 09:29:47.2315;0.0;4;['TG', 'F', 'LS1', 'BB1'];0.635;0.0241;26.39;27.025;7834.86
756893;A0NEG1;2026-04-14 09:29:47.2751;0.0;2;['F', 'BB1'];0.5;0.0519;9.64;10.14;0.0
1253869;A1T90Y;2026-04-14 09:29:47.3175;0.0;5;['TG', 'F', 'LS1', 'SC1', 'BB1'];0.154;0.0092;16.72;16.874;3041.9999999999995
3208394;A2N4AB;2026-04-14 09:29:47.3907;0.0;5;['TG', 'LS1', 'F', 'SC1', 'BB1'];0.046;0.0139;3.298;3.344;5890.228
1274554;A2PM4W;2026-04-14 09:29:47.4169;0.0;3;['SC1', 'TG', 'LS1'];0.68;0.0066;103.42;104.1;10005.550000000001
762911;A2QEEY;2026-04-14 09:29:47.4585;;2;['TG', 'F'];0.316;0.0252;12.546;12.862;9773.333999999999
154687;A3DHXC;2026-04-14 09:29:47.5162;0.0;4;['LS1', 'F', 'SC1', 'BB1'];0.27;0.0135;20.01;20.28;0.0
2732407;A40PW4;2026-04-14 09:29:47.5679;0.0;5;['TG', 'F', 'SC1', 'LS1', 'DE'];2.5;0.0029;868.3;870.8;8672.0
200648;859376;2026-04-14 09:29:47.6089;9780.06;3;['TG', 'LS1', 'BB1'];0.455;0.0174;26.22;26.675;9806.279999999999
2823267;A2JQTG;2026-04-14 09:29:47.6496;9929.599999999999;5;['SC1', 'TG', 'F', 'LS1', 'DE'];0.6;0.0035;171.2;171.8;10100.8
1391660;A1JWXL;2026-04-14 09:29:47.6957;0.0;3;['TG', 'LS1', 'SC1'];0.073;0.0148;4.92;4.993;5916.455999999999
746672;A14PN5;2026-04-14 09:29:47.7235;0.0;3;['TG', 'LS1', 'BB1'];2.62;0.049;53.46;56.08;2244.7999999999997
1374204;A2ALQ5;2026-04-14 09:29:47.7499;0.0;5;['TG', 'LS1', 'SC1', 'F', 'BB1'];1.6;0.0335;47.8;49.4;3871.7999999999997
103528;850471;2026-04-14 09:29:47.7910;18629.82;5;['F', 'TG', 'LS1', 'SC1', 'DE'];0.28;0.0015;188.3;188.58;18818.0
206278;A1KCND;2026-04-14 09:29:47.8158;0.0;5;['SC1', 'TG', 'F', 'LS1', 'BB1'];0.62;0.009;68.95;69.57;5998.650000000001
468084;A2JEXP;2026-04-14 09:29:47.8776;14874.75;5;['TG', 'LS1', 'F', 'SC1', 'DE'];0.75;0.005;150.3;151.05;15025.0
2702052;A12EFD;2026-04-14 09:29:47.9257;0.0;5;['TG', 'LS1', 'F', 'BB1', 'SC1'];3.1;0.0236;131.4;134.5;8793.75
101234;A1C599;2026-04-14 09:29:47.9661;0.0;4;['TG', 'LS1', 'SC1', 'BB1'];0.66;0.0095;69.32;69.98;14903.8
163322;887320;2026-04-14 09:29:48.0317;0.0;4;['TG', 'SC1', 'LS1', 'F'];0.44;0.0097;45.28;45.72;3984.6400000000003
1837811;898161;2026-04-14 09:29:48.0752;0.0;5;['TG', 'F', 'LS1', 'SC1', 'BB1'];4.15;0.0203;204.85;209.0;9792.0
1308924;A2DUKW;2026-04-14 09:29:48.1061;0.0;4;['F', 'TG', 'SC1', 'BB1'];0.056;0.0053;10.544;10.6;3948.0
500242;907550;2026-04-14 09:29:48.1417;4936.61;4;['TG', 'F', 'SC1', 'LS1'];0.43;0.0095;45.31;45.74;4981.9
200755;884113;2026-04-14 09:29:48.1897;0.0;4;['F', 'TG', 'LS1', 'DE'];0.33;0.0061;53.66;53.99;3002.16
741469;A1J2CL;2026-04-14 09:29:48.2360;0.0;2;['F', 'LS1'];0.008;0.0008;10.452;10.46;0.0
2016272;A110YG;2026-04-14 09:29:48.2889;9681.42;5;['TG', 'SC1', 'LS1', 'F', 'BB1'];0.585;0.0313;18.695;19.28;9700.11
2382992;896499;2026-04-14 09:29:48.3309;0.0;3;['F', 'BB1', 'SC1'];1.25;0.0171;73.25;74.5;0.0
1723113;900104;2026-04-14 09:29:48.3703;0.0;1;['BB1'];0.49;0.0068;71.98;72.47;0.0
3663691;A2JKHP;2026-04-14 09:29:48.4115;0.0;1;['BB1'];0.37;0.1917;1.93;2.3;0.0
3663688;875818;2026-04-14 09:29:48.4563;7328.25;5;['TG', 'F', 'LS1', 'SC1', 'BB1'];0.053;0.0236;2.25;2.303;7330.5
121231;896191;2026-04-14 09:29:48.4911;0.0;5;['TG', 'F', 'LS1', 'SC1', 'BB1'];0.02;0.0057;3.48;3.5;3940.94
1908991;A1C6JK;2026-04-14 09:29:48.5402;0.0;4;['LS1', 'TG', 'F', 'BB1'];0.16;0.0462;3.46;3.62;2390.86
1755073;A3C7N3;2026-04-14 09:29:48.5786;;3;['BB1', 'F', 'TG'];0.2;0.0115;17.4;17.6;5915.999999999999
659748;A3D3MQ;2026-04-14 09:29:48.6161;0.0;3;['LS1', 'TG', 'BB1'];0.111;0.0295;3.769;3.88;3872.7999999999997
1564971;A2N4KC;2026-04-14 09:29:48.6550;0.0;3;['F', 'LS1', 'BB1'];0.0;0.0;11.676;11.676;0.0
828714;A2PLX7;2026-04-14 09:29:48.7033;0.0;3;['SC1', 'TG', 'LS1'];0.97;0.0147;65.77;66.74;4011.97
1760145;A2PJM2;2026-04-14 09:29:48.7569;0.0;2;['TG', 'F'];0.05;0.073;0.685;0.735;2308.6000000000004
871716;A1KB0K;2026-04-14 09:29:48.8014;0.0;2;['SC1', 'TG'];1.5;0.0216;69.5;71.0;9799.5
1360709;881396;2026-04-14 09:29:48.8368;0.0;3;['TG', 'LS1', 'F'];3.5;0.0271;129.2;132.7;14728.8
886665;264748;2026-04-14 09:29:48.8774;0.0;1;['BB1'];1.44;0.016;90.0;91.44;0.0
103529;850501;2026-04-14 09:29:48.9009;9912.14;5;['F', 'TG', 'LS1', 'SC1', 'DE'];0.265;0.0054;49.185;49.45;9961.210000000001
982793;A2P6PL;2026-04-14 09:29:48.9588;0.0;1;['TG'];0.6;0.0142;42.2;42.8;5908.0
265518;916671;2026-04-14 09:29:49.0260;0.0;4;['TG', 'F', 'LS1', 'SC1'];0.04;0.0008;49.21;49.25;5096.0
1974379;A1W514;2026-04-14 09:29:49.0724;0.0;3;['F', 'LS1', 'SC1'];0.4;0.016;25.0;25.4;0.0
2447827;A0MMP1;2026-04-14 09:29:49.1241;0.0;3;['TG', 'F', 'LS1'];1.4;0.0105;133.0;134.4;5985.0
169755;A2QR15;2026-04-14 09:29:49.1727;0.0;2;['SC1', 'BB1'];0.0;0.0;16.9;16.9;0.0
2073506;A2JG9Z;2026-04-14 09:29:49.1995;41473.5;6;['F', 'TG', 'LS1', 'SC1', 'BB1', 'DE'];0.25;0.0008;321.8;322.05;41795.0
548712;A1J3B2;2026-04-14 09:29:49.2414;2864.4;4;['TG', 'F', 'LS1', 'BB1'];0.082;0.0472;1.736;1.818;2866.136
631359;A0HL7W;2026-04-14 09:29:49.2801;0.0;2;['F', 'BB1'];0.3;0.0263;11.4;11.7;0.0
1338167;257275;2026-04-14 09:29:49.3103;0.0;5;['TG', 'LS1', 'SC1', 'F', 'BB1'];0.4;0.0204;19.6;20.0;3430.0000000000005
2044221;896895;2026-04-14 09:29:49.3433;8941.92;4;['TG', 'F', 'LS1', 'SC1'];0.18;0.0031;57.32;57.5;8999.24
500248;856693;2026-04-14 09:29:49.3938;0.0;4;['SC1', 'TG', 'F', 'LS1'];0.28;0.0113;24.74;25.02;5962.339999999999
1299144;813534;2026-04-14 09:29:49.4383;0.0;5;['SC1', 'TG', 'LS1', 'F', 'BB1'];0.48;0.0145;32.995;33.475;2968.2
135981;A40AHL;2026-04-14 09:29:49.4747;0.0;2;['LS1', 'F'];0.008;0.001;8.212;8.22;0.0
312499;850531;2026-04-14 09:29:49.5687;0.0;3;['F', 'BB1', 'TG'];0.91;0.0139;65.59;66.5;4912.5
1242081;884929;2026-04-14 09:29:49.6065;0.0;5;['TG', 'LS1', 'SC1', 'F', 'BB1'];0.855;0.0187;45.84;46.695;5913.360000000001
1451971;A0DK8F;2026-04-14 09:29:49.6641;0.0;5;['TG', 'LS1', 'F', 'BB1', 'SC1'];0.8;0.0256;31.2;32.0;7790.0
2122231;A0ER15;2026-04-14 09:29:49.7102;0.0;4;['TG', 'LS1', 'SC1', 'F'];0.96;0.013;73.94;74.9;4945.94
896633;A3DJ37;2026-04-14 09:29:49.7404;0.0;2;['F', 'LS1'];0.04;0.0007;55.34;55.38;0.0
411112;A1W54Y;2026-04-14 09:29:49.7665;9452.0;5;['TG', 'LS1', 'F', 'SC1', 'BB1'];8.0;0.0288;278.0;286.0;9730.0
911485;A40AE6;2026-04-14 09:29:49.7957;0.0;3;['TG', 'F', 'LS1'];0.6;0.0403;14.9;15.5;5751.400000000001
2735572;A2QHR3;2026-04-14 09:29:49.8294;0.0;2;['F', 'BB1'];1.3;0.0086;150.3;151.6;0.0
2050934;A2QJVE;2026-04-14 09:29:49.8683;9927.421;5;['F', 'TG', 'LS1', 'SC1', 'DE'];-0.011;-0.0015;7.259;7.248;9934.619999999999
100049;A0F5F5;2026-04-14 09:29:49.9142;0.0;4;['TG', 'BB1', 'F', 'SC1'];0.6;0.0248;24.2;24.8;5856.4
815658;A3DAAM;2026-04-14 09:29:49.9427;0.0;3;['SC1', 'F', 'LS1'];0.8;0.0227;35.2;36.0;0.0
1516225;A1CZTX;2026-04-14 09:29:49.9841;0.0;4;['TG', 'LS1', 'SC1', 'F'];4.6;0.0182;253.2;257.8;9859.2
632322;A1JLYH;2026-04-14 09:29:50.0426;0.0;2;['TG', 'LS1'];1.8;0.0146;123.15;124.95;9975.15
415266;A2QKR9;2026-04-14 09:29:50.0707;0.0;3;['LS1', 'F', 'BB1'];0.12;0.0083;14.45;14.57;0.0
381726;906379;2026-04-14 09:29:50.1409;0.0;5;['TG', 'F', 'LS1', 'SC1', 'BB1'];1.3;0.0232;56.1;57.4;2973.3
2211463;A1W0KL;2026-04-14 09:29:50.1719;14829.5;4;['TG', 'F', 'SC1', 'LS1'];1.1;0.0099;111.5;112.6;14941.0
984521;A0ES9N;2026-04-14 09:29:50.2150;0.0;2;['SC1', 'F'];0.59;0.0057;103.25;103.84;0.0
331724;A0HGF5;2026-04-14 09:29:50.2600;0.0;3;['TG', 'LS1', 'F'];1.35;0.0097;139.5;140.85;10044.0
3195005;A2PA9L;2026-04-14 09:29:50.3130;0.0;5;['TG', 'SC1', 'F', 'LS1', 'DE'];1.35;0.0058;233.2;234.55;10006.1
617573;A14RG7;2026-04-14 09:29:50.3541;0.0;2;['SC1', 'BB1'];0.062;0.009;6.9;6.962;0.0
926549;A0MW32;2026-04-14 09:29:50.4208;0.0;5;['TG', 'F', 'LS1', 'SC1', 'DE'];1.15;0.0045;254.25;255.4;10170.0
501155;850795;2026-04-14 09:29:50.4617;0.0;3;['TG', 'LS1', 'F'];0.56;0.0084;66.36;66.92;9954.0
498107;856402;2026-04-14 09:29:50.5109;0.0;4;['F', 'TG', 'LS1', 'BB1'];0.74;0.0185;40.04;40.78;5925.92
761425;A1CYFY;2026-04-14 09:29:50.5548;0.0;4;['TG', 'F', 'LS1', 'SC1'];0.6;0.0167;36.0;36.6;6912.0
104712;899518;2026-04-14 09:29:50.6010;0.0;2;['TG', 'BB1'];1.0;0.0148;67.5;68.5;5940.0
862863;A140CD;2026-04-14 09:29:50.7450;0.0;5;['F', 'TG', 'LS1', 'SC1', 'BB1'];3.3;0.0131;252.0;255.3;7056.0
200661;865857;2026-04-14 09:29:50.7915;5943.63;5;['TG', 'LS1', 'SC1', 'F', 'DE'];0.325;0.0091;35.805;36.13;5979.435
2544020;850843;2026-04-14 09:29:50.8293;0.0;5;['TG', 'LS1', 'SC1', 'BB1', 'F'];0.6;0.0128;47.0;47.6;5896.799999999999
2018836;A2QHM1;2026-04-14 09:29:50.8797;0.0;1;['BB1'];0.0;0.0;13.5375;13.5375;0.0
2465303;A2H8TZ;2026-04-14 09:29:50.9054;0.0;5;['TG', 'LS1', 'F', 'BB1', 'SC1'];0.17;0.0051;33.29;33.46;4818.88
722554;A0D94S;2026-04-14 09:29:50.9561;0.0;2;['F', 'LS1'];0.46;0.1377;3.34;3.8;0.0
769795;A0MUHT;2026-04-14 09:29:51.0149;0.0;5;['TG', 'F', 'LS1', 'SC1', 'BB1'];0.775;0.0296;26.205;26.98;4873.2
200646;859034;2026-04-14 09:29:51.0629;0.0;5;['TG', 'LS1', 'SC1', 'F', 'DE'];0.23;0.0035;66.22;66.45;9999.22
2037750;A14UKB;2026-04-14 09:29:51.1194;0.0;4;['TG', 'LS1', 'SC1', 'BB1'];1.47;0.0179;82.02;83.49;5904.0
319608;856744;2026-04-14 09:29:51.1523;0.0;5;['TG', 'F', 'LS1', 'SC1', 'BB1'];0.83;0.0132;63.0;63.83;8917.6
501156;881646;2026-04-14 09:29:51.2050;0.0;4;['TG', 'LS1', 'SC1', 'F'];0.37;0.0133;27.81;28.18;4836.4800000000005
2335041;906006;2026-04-14 09:29:51.2387;0.0;4;['TG', 'F', 'LS1', 'SC1'];14.6;0.0323;451.8;466.4;5870.8
919453;A2JC5K;2026-04-14 09:29:51.3005;0.0;5;['TG', 'LS1', 'F', 'SC1', 'BB1'];0.92;0.0205;44.8;45.72;5889.839999999999
200703;873567;2026-04-14 09:29:51.3268;14703.0;5;['TG', 'LS1', 'SC1', 'F', 'DE'];0.55;0.0022;245.9;246.45;14948.050000000001
3837384;A2PEPV;2026-04-14 09:29:51.3775;0.0;0;[];0.04;0.0018;22.46;22.5;0.0
860214;A0BK9G;2026-04-14 09:29:51.4387;0.0;5;['TG', 'SC1', 'LS1', 'BB1', 'F'];0.14;0.0347;4.04;4.18;3866.28
1403750;A2P92E;2026-04-14 09:29:51.4743;0.0;4;['TG', 'LS1', 'SC1', 'F'];0.195;0.0086;22.625;22.82;9932.375
1052627;907664;2026-04-14 09:29:51.5506;0.0;2;['SC1', 'BB1'];1.52;0.0235;64.71;66.23;0.0
1183643;A14Q9E;2026-04-14 09:29:51.5913;0.0;3;['F', 'LS1', 'BB1'];0.0017;0.0005;3.55332978;3.554996445;0.0
3126712;A3DWGC;2026-04-14 09:29:51.6583;0.0;4;['TG', 'F', 'LS1', 'BB1'];0.14;0.0335;4.18;4.32;1432.4399999999998
1363739;A14T37;2026-04-14 09:29:51.7140;0.0;1;['TG'];0.1;0.0092;10.9;11.0;5907.8
153447;A2QGVC;2026-04-14 09:29:51.7452;0.0;4;['TG', 'F', 'LS1', 'BB1'];1.13;0.0207;54.65;55.78;4816.679999999999
1141376;850556;2026-04-14 09:29:51.7903;0.0;2;['TG', 'BB1'];0.58;0.0153;38.0;38.58;7866.0
1646035;A1CVEW;2026-04-14 09:29:51.8417;;4;['BB1', 'F', 'TG', 'LS1'];0.6;0.0146;41.2;41.8;4920.0
267077;883644;2026-04-14 09:29:51.8826;0.0;4;['F', 'LS1', 'SC1', 'BB1'];0.17;0.0144;11.81;11.98;0.0
2442893;930042;2026-04-14 09:29:51.9346;0.0;3;['SC1', 'LS1', 'F'];0.8;0.0186;43.0;43.8;0.0
1369918;985335;2026-04-14 09:29:51.9716;0.0;2;['TG', 'F'];2.0;0.0237;84.5;86.5;9802.0
103533;850561;2026-04-14 09:29:52.0174;0.0;5;['F', 'TG', 'LS1', 'SC1', 'DE'];0.124;0.0072;17.126;17.25;6953.156000000001
2321246;A2AR5B;2026-04-14 09:29:52.0477;0.0;4;['TG', 'LS1', 'SC1', 'BB1'];0.452;0.0779;5.8;6.252;4609.599999999999
1852228;A2PVN8;2026-04-14 09:29:52.0823;0.0;3;['TG', 'F', 'LS1'];0.013;0.0313;0.415;0.428;3308.0
124416;A3CM9A;2026-04-14 09:29:52.1250;0.0;1;['TG'];0.2;0.0219;9.15;9.35;5874.3
2660096;A2DY0Z;2026-04-14 09:29:52.1657;0.0;2;['F', 'LS1'];1.0;0.05;20.0;21.0;0.0
104061;893413;2026-04-14 09:29:52.2209;0.0;3;['TG', 'LS1', 'F'];1.7;0.0102;167.0;168.7;9785.15
382812;A2QJSN;2026-04-14 09:29:52.2534;5838.0;2;['TG', 'F'];0.6;0.0216;27.8;28.4;5865.8
104294;923189;2026-04-14 09:29:52.3085;;3;['TG', 'LS1', 'SC1'];0.29;0.0148;19.56;19.85;5926.679999999999
844008;A2PRWA;2026-04-14 09:29:52.3478;0.0;3;['TG', 'F', 'LS1'];0.012;0.0284;0.422;0.434;4821.772
1047224;A2PLU4;2026-04-14 09:29:52.3809;0.0;5;['F', 'TG', 'LS1', 'SC1', 'BB1'];0.8;0.0278;28.81;29.61;2909.81
370086;A2P4GU;2026-04-14 09:29:52.4218;0.0;4;['TG', 'F', 'LS1', 'BB1'];0.024;0.0179;1.343;1.367;5863.32
501168;880206;2026-04-14 09:29:52.4573;0.0;4;['TG', 'LS1', 'SC1', 'F'];1.05;0.0058;181.4;182.45;9977.0
1325880;A2JDMC;2026-04-14 09:29:52.5014;0.0;3;['F', 'TG', 'LS1'];0.025;0.0305;0.82;0.845;5812.98
1235341;A118WG;2026-04-14 09:29:52.5482;;2;['TG', 'BB1'];0.19;0.0134;14.2;14.39;5907.2
598137;A2PHF8;2026-04-14 09:29:52.5985;0.0;3;['TG', 'LS1', 'BB1'];0.186;0.0813;2.288;2.474;2775.06
3662530;A11398;2026-04-14 09:29:52.6493;0.0;5;['TG', 'LS1', 'F', 'SC1', 'BB1'];0.755;0.0231;32.615;33.37;5868.0
1941842;A2DX5H;2026-04-14 09:29:52.6930;0.0;2;['TG', 'BB1'];0.33;0.0112;29.47;29.8;7879.2
2537312;A41A14;2026-04-14 09:29:52.7353;;1;['TG'];0.3;0.0186;16.1;16.4;4910.5
3477810;A0YGQ7;2026-04-14 09:29:52.8181;0.0;3;['LS1', 'F', 'BB1'];0.0;0.0;26.5;26.5;0.0
971057;871884;2026-04-14 09:29:52.8577;0.0;5;['TG', 'LS1', 'F', 'SC1', 'BB1'];7.4;0.0247;299.4;306.8;5988.0
114575;662604;2026-04-14 09:29:52.8926;0.0;4;['LS1', 'TG', 'SC1', 'F'];0.32;0.0077;41.36;41.68;5421.24
1279837;A2PXCR;2026-04-14 09:29:52.9160;0.0;5;['TG', 'F', 'LS1', 'SC1', 'BB1'];0.765;0.0185;41.45;42.215;4924.815
2299331;264713;2026-04-14 09:29:52.9651;0.0;5;['LS1', 'TG', 'F', 'BB1', 'SC1'];-0.12;-0.0051;23.6;23.48;5215.6
1377460;902313;2026-04-14 09:29:53.0029;0.0;3;['TG', 'LS1', 'SC1'];0.6;0.0148;40.6;41.2;5927.6
555798;A2QAJC;2026-04-14 09:29:53.0599;0.0;1;['TG'];0.05;0.0775;0.645;0.695;4632.39
827503;858605;2026-04-14 09:29:53.1063;0.0;5;['TG', 'LS1', 'F', 'BB1', 'SC1'];8.7;0.0234;372.2;380.9;5955.2
157200;A1JNB7;2026-04-14 09:29:53.1469;0.0;4;['F', 'SC1', 'LS1', 'BB1'];0.002;0.0006;3.302;3.304;0.0
2016692;A2P1UY;2026-04-14 09:29:53.1918;9915.359999999999;5;['F', 'TG', 'LS1', 'SC1', 'DE'];0.28;0.0051;54.58;54.86;9969.84
2182223;A2DRMF;2026-04-14 09:29:53.2360;0.0;2;['TG', 'BB1'];0.092;0.011;8.358;8.45;5928.5
1401455;777514;2026-04-14 09:29:53.2644;0.0;5;['TG', 'F', 'LS1', 'SC1', 'BB1'];0.54;0.0185;29.2;29.74;9811.199999999999
2533761;A2DPW1;2026-04-14 09:29:53.3171;0.0;2;['SC1', 'F'];3.15;0.0104;302.8;305.95;0.0
929853;910249;2026-04-14 09:29:53.3515;0.0;4;['TG', 'F', 'LS1', 'SC1'];0.6;0.0084;71.78;72.38;5024.6
2603762;885039;2026-04-14 09:29:53.3866;0.0;5;['TG', 'LS1', 'F', 'BB1', 'SC1'];21.2;0.0347;611.6;632.8;9728.0
2246228;A2PGL8;2026-04-14 09:29:53.4478;0.0;2;['TG', 'LS1'];0.046;0.0339;1.356;1.402;2908.6200000000003
737658;A0LCUL;2026-04-14 09:29:53.4801;0.0;5;['TG', 'F', 'LS1', 'SC1', 'BB1'];0.5;0.0235;21.3;21.8;3919.2000000000003
2133644;873281;2026-04-14 09:29:53.5269;0.0;2;['LS1', 'F'];0.21;0.034;6.18;6.39;0.0
103534;850598;2026-04-14 09:29:53.5600;0.0;4;['F', 'LS1', 'DE', 'SC1'];1.8;0.0027;673.2;675.0;0.0
464811;A2DKLR;2026-04-14 09:29:53.6040;0.0;1;['TG'];0.025;0.037;0.675;0.7;2888.3250000000003
974276;A2DWHJ;2026-04-14 09:29:53.6453;0.0;1;['F'];0.004;0.0047;0.85;0.854;0.0
275745;A0DP2A;2026-04-14 09:29:53.6841;9866.7;4;['LS1', 'TG', 'SC1', 'F'];0.56;0.0097;57.7;58.26;9924.4
187085;A2PEAB;2026-04-14 09:29:53.7337;0.0;4;['TG', 'LS1', 'F', 'BB1'];0.77;0.0282;27.28;28.05;5837.92
810842;A14QZE;2026-04-14 09:29:53.7644;0.0;4;['TG', 'F', 'LS1', 'BB1'];0.12;0.0333;3.6;3.72;526.88
3990954;A41CNR;2026-04-14 09:29:53.8177;0.0;2;['TG', 'BB1'];0.1;0.0407;2.46;2.56;3822.84
427904;A2DMHF;2026-04-14 09:29:53.8670;0.0;1;['BB1'];0.5;0.0552;9.05;9.55;0.0
104319;925905;2026-04-14 09:29:53.9111;0.0;4;['TG', 'F', 'LS1', 'BB1'];0.35;0.0352;9.95;10.3;4767.4
1122638;766458;2026-04-14 09:29:53.9564;0.0;4;['TG', 'F', 'LS1', 'SC1'];0.21;0.0066;31.74;31.95;9966.359999999999
501172;854566;2026-04-14 09:29:53.9839;0.0;2;['TG', 'LS1'];0.71;0.0197;35.97;36.68;9855.779999999999
3663694;A2QLHY;2026-04-14 09:29:54.0201;0.0;4;['F', 'LS1', 'SC1', 'BB1'];0.0;0.0;53.0;0.0;0.0
1399476;A3CQ72;2026-04-14 09:29:54.0769;0.0;2;['TG', 'F'];1.2;0.0364;33.0;34.2;4818.0
350768;903460;2026-04-14 09:29:54.1755;0.0;1;['BB1'];0.3;0.0273;11.0;11.3;0.0
1718502;887131;2026-04-14 09:29:54.2155;0.0;3;['SC1', 'LS1', 'F'];1.2;0.0377;31.8;33.0;0.0
3020081;A2JCE9;2026-04-14 09:29:54.2452;;4;['SC1', 'TG', 'F', 'BB1'];0.3;0.0221;13.6;13.9;3916.7999999999997
953744;899867;2026-04-14 09:29:54.2887;4884.1;5;['SC1', 'TG', 'LS1', 'F', 'BB1'];1.09;0.019;57.46;58.55;4939.84
105393;A12CTC;2026-04-14 09:29:54.3400;0.0;4;['F', 'TG', 'SC1', 'LS1'];3.1;0.0189;164.0;167.1;14842.1
237827;889628;2026-04-14 09:29:54.3960;0.0;1;['TG'];0.03;0.0242;1.24;1.27;3891.12
2030516;A114W9;2026-04-14 09:29:54.4364;0.0;5;['F', 'TG', 'LS1', 'SC1', 'BB1'];0.98;0.0194;50.52;51.5;5858.0
2548000;A2PRLS;2026-04-14 09:29:54.4664;0.0;4;['TG', 'F', 'LS1', 'SC1'];0.1;0.0156;6.4;6.5;4928.0
555676;905249;2026-04-14 09:29:54.5260;0.0;4;['TG', 'LS1', 'SC1', 'F'];0.03;0.0185;1.62;1.65;4910.22
2223547;A3ES01;2026-04-14 09:29:54.5666;0.0;3;['TG', 'F', 'LS1'];0.14;0.0419;3.34;3.48;2875.74
618568;A0BKYT;2026-04-14 09:29:54.6066;0.0;5;['TG', 'LS1', 'SC1', 'BB1', 'F'];0.3;0.0169;17.7;18.0;2870.9999999999995
2132868;A14X6S;2026-04-14 09:29:54.6528;0.0;4;['F', 'TG', 'LS1', 'BB1'];0.14;0.029;4.82;4.96;1454.3999999999999
2305813;A41CHV;2026-04-14 09:29:54.6991;0.0;5;['F', 'LS1', 'TG', 'BB1', 'SC1'];0.08;0.0165;4.856;4.936;5767.2
201088;939391;2026-04-14 09:29:54.7368;0.0;4;['TG', 'LS1', 'SC1', 'F'];0.95;0.0063;151.05;152.0;9959.4
2312758;A0KDX9;2026-04-14 09:29:54.7944;0.0;4;['TG', 'F', 'LS1', 'SC1'];2.6;0.0148;175.25;177.85;9989.25
869924;A2AJX9;2026-04-14 09:29:54.8445;5942.7;5;['TG', 'F', 'LS1', 'SC1', 'DE'];1.48;0.0077;191.7;193.18;6134.4
481000;884888;2026-04-14 09:29:54.8905;0.0;4;['TG', 'LS1', 'SC1', 'F'];1.45;0.0294;49.31;50.76;6804.780000000001
1654638;A3DTM9;2026-04-14 09:29:54.9308;0.0;3;['TG', 'F', 'LS1'];0.22;0.0474;4.64;4.86;2867.52
621178;A1H9UZ;2026-04-14 09:29:54.9579;0.0;1;['BB1'];0.5;0.0091;54.73;55.23;0.0
718447;A1W4ER;2026-04-14 09:29:55.0129;0.0;3;['TG', 'LS1', 'F'];0.0325;0.0416;0.781;0.8135;2864.435
884149;A0CBF4;2026-04-14 09:29:55.0615;0.0;3;['F', 'TG', 'BB1'];4.0;0.0122;328.0;332.0;6194.0
1618503;A14RPH;2026-04-14 09:29:55.0984;9749.88;4;['TG', 'F', 'LS1', 'SC1'];0.48;0.0248;19.345;19.825;9769.224999999999
860295;580884;2026-04-14 09:29:55.1506;0.0;4;['F', 'LS1', 'TG', 'SC1'];0.9;0.0041;221.1;222.0;11100.0
1681011;A2QPFF;2026-04-14 09:29:55.1898;0.0;6;['TG', 'F', 'SC1', 'LS1', 'BB1', 'DE'];0.73;0.0088;82.63;83.36;5945.039999999999
2634644;899500;2026-04-14 09:29:55.2142;0.0;4;['LS1', 'F', 'SC1', 'BB1'];1.7;0.0157;108.3;110.0;0.0
103599;852552;2026-04-14 09:29:55.2389;48449.96;6;['SC1', 'TG', 'LS1', 'F', 'BB1', 'DE'];0.04;0.0002;162.08;162.12;48612.0
1989020;A2PL6S;2026-04-14 09:29:55.2685;0.0;5;['SC1', 'LS1', 'TG', 'F', 'BB1'];0.21;0.0098;21.5;21.71;9828.52
2853823;909471;2026-04-14 09:29:55.3132;0.0;4;['TG', 'LS1', 'F', 'BB1'];0.05;0.0207;2.416;2.466;7775.712
861630;A40E2T;2026-04-14 09:29:55.3438;0.0;3;['TG', 'LS1', 'SC1'];0.1;0.0088;11.4;11.5;6954.0
2159556;A3DZX6;2026-04-14 09:29:55.4792;0.0;3;['TG', 'LS1', 'BB1'];1.46;0.08;18.24;19.7;2329.6
316827;A0ESP5;2026-04-14 09:29:55.5093;0.0;5;['F', 'TG', 'SC1', 'LS1', 'DE'];0.05;0.0017;29.4;29.45;14935.199999999999
2466162;A2N8SZ;2026-04-14 09:29:55.5468;0.0;3;['TG', 'F', 'LS1'];1.6;0.0471;34.0;35.6;3842.0
3095815;915916;2026-04-14 09:29:55.5755;0.0;5;['TG', 'F', 'LS1', 'SC1', 'BB1'];1.0;0.0102;98.0;99.0;9945.0
814234;A40VLZ;2026-04-14 09:29:55.6058;0.0;1;['F'];0.8;0.0721;11.1;11.9;0.0
1503560;A1J2C5;2026-04-14 09:29:55.6527;0.0;2;['F', 'LS1'];0.25;0.0022;112.4;112.65;0.0
434268;A2AG5N;2026-04-14 09:29:55.6944;0.0;3;['TG', 'BB1', 'SC1'];0.12;0.0309;3.88;4.0;1906.1799999999998
203590;A1H4PX;2026-04-14 09:29:55.7407;0.0;3;['SC1', 'F', 'LS1'];0.4;0.0112;35.6;36.0;0.0
153373;864371;2026-04-14 09:29:55.7956;19537.699999999997;5;['TG', 'LS1', 'SC1', 'F', 'DE'];0.36;0.0045;79.94;80.3;19616.8
201015;923011;2026-04-14 09:29:55.8390;0.0;4;['TG', 'LS1', 'SC1', 'BB1'];1.21;0.016;75.5;76.71;5889.0
123602;A0LDA7;2026-04-14 09:29:55.8855;0.0;5;['F', 'SC1', 'TG', 'LS1', 'DE'];2.0;0.0049;412.0;414.0;3362.4
501181;878440;2026-04-14 09:29:55.9253;0.0;1;['F'];0.9;0.0065;139.35;140.25;0.0
131205;A0MK44;2026-04-14 09:29:55.9807;0.0;4;['TG', 'LS1', 'SC1', 'BB1'];0.105;0.0041;25.8;25.905;7972.2
856918;A3CYXH;2026-04-14 09:29:56.0207;0.0;5;['TG', 'LS1', 'F', 'SC1', 'BB1'];0.292;0.0193;15.156;15.448;7577.0
2176934;A417ZL;2026-04-14 09:29:56.1060;;4;['SC1', 'TG', 'F', 'LS1'];0.4;0.0047;85.65;86.05;21287.5
2689426;A3DHW9;2026-04-14 09:29:56.1533;0.0;4;['TG', 'LS1', 'SC1', 'BB1'];0.145;0.0244;5.944;6.089;5862.780000000001
200718;877381;2026-04-14 09:29:56.2037;0.0;3;['TG', 'LS1', 'BB1'];3.87;0.0286;135.15;139.02;6892.650000000001
103944;878841;2026-04-14 09:29:56.2486;20137.52;5;['SC1', 'TG', 'LS1', 'F', 'DE'];0.3;0.0043;69.74;70.04;20207.2
200728;880205;2026-04-14 09:29:56.2951;19803.7;5;['TG', 'LS1', 'SC1', 'F', 'DE'];0.52;0.0035;148.88;149.4;19949.92
109118;A1H92V;2026-04-14 09:29:56.3468;26398.98;5;['F', 'LS1', 'SC1', 'TG', 'DE'];0.14;0.0013;106.36;106.5;15016.5
1759052;A0EATE;2026-04-14 09:29:56.3785;0.0;5;['TG', 'F', 'LS1', 'SC1', 'BB1'];0.2;0.0053;37.8;38.0;8920.8
1640407;A12BD3;2026-04-14 09:29:56.4222;0.0;4;['TG', 'SC1', 'LS1', 'F'];0.47;0.0086;54.85;55.32;9969.960000000001
609462;A0YGRC;2026-04-14 09:29:56.4831;0.0;1;['BB1'];0.02;0.0022;9.165;9.185;0.0
2543676;A3C6S1;2026-04-14 09:29:56.5237;0.0;5;['TG', 'LS1', 'F', 'SC1', 'BB1'];0.04;0.018;2.22;2.26;2941.5000000000005
2781055;A2DWAE;2026-04-14 09:29:56.5663;0.0;3;['TG', 'F', 'LS1'];0.04;0.0177;2.26;2.3;5853.4
864493;876514;2026-04-14 09:29:56.6083;0.0;5;['SC1', 'F', 'TG', 'LS1', 'BB1'];3.2;0.0125;256.6;259.8;9984.0
123604;A0MRJL;2026-04-14 09:29:56.6519;0.0;5;['TG', 'LS1', 'F', 'SC1', 'BB1'];0.025;0.0131;1.915;1.94;7338.28
2352382;A2PWWQ;2026-04-14 09:29:56.6793;9230.76;4;['TG', 'LS1', 'SC1', 'F'];0.13;0.0141;9.24;9.37;4740.0
123619;A0NAKY;2026-04-14 09:29:56.7170;4914.0;4;['TG', 'F', 'LS1', 'BB1'];0.4;0.0171;23.4;23.8;4937.4
952443;A0RDWM;2026-04-14 09:29:56.7664;2959.1;4;['TG', 'LS1', 'SC1', 'BB1'];0.1;0.0079;12.7;12.8;2971.7999999999997
3442577;A2N5TZ;2026-04-14 09:29:56.8132;0.0;5;['F', 'TG', 'LS1', 'SC1', 'BB1'];0.6;0.018;33.4;34.0;5911.8
2063365;A2N5TT;2026-04-14 09:29:56.8567;0.0;5;['TG', 'LS1', 'SC1', 'BB1', 'F'];0.35;0.0105;33.38;33.73;3928.22
1741579;A2DVSM;2026-04-14 09:29:56.9009;0.0;4;['SC1', 'TG', 'LS1', 'F'];0.072;0.0091;7.914;7.986;4933.236
2249537;A0RM8Z;2026-04-14 09:29:56.9395;0.0;1;['BB1'];0.172;0.0317;5.432;5.604;0.0
200635;856678;2026-04-14 09:29:56.9836;9907.84;4;['TG', 'F', 'LS1', 'DE'];0.4;0.0046;87.68;88.08;9995.52
2129447;A2QJXX;2026-04-14 09:29:57.0347;0.0;5;['F', 'TG', 'LS1', 'SC1', 'BB1'];0.028;0.0164;1.705;1.733;4872.89
2625876;A2PQMN;2026-04-14 09:29:57.0786;15478.65;4;['SC1', 'TG', 'LS1', 'F'];1.41;0.009;156.54;157.95;12478.05
1967933;860150;2026-04-14 09:29:57.1383;9613.5;4;['TG', 'LS1', 'F', 'BB1'];5.55;0.0334;166.0;171.55;9779.25
103540;850663;2026-04-14 09:29:57.1914;25226.649999999998;5;['TG', 'LS1', 'SC1', 'F', 'DE'];0.06;0.0009;64.85;64.91;25291.499999999996
1000053;A117UP;2026-04-14 09:29:57.2352;0.0;3;['F', 'BB1', 'LS1'];0.6;0.0119;50.4;51.0;0.0
896713;887811;2026-04-14 09:29:57.2744;0.0;5;['TG', 'F', 'LS1', 'SC1', 'BB1'];1.6;0.0181;88.4;90.0;5922.8
1046032;A3DWYX;2026-04-14 09:29:57.3010;0.0;4;['TG', 'LS1', 'BB1', 'F'];0.03;0.0252;1.19;1.22;1918.28
318654;A0Q2S4;2026-04-14 09:29:57.3414;0.0;3;['TG', 'F', 'BB1'];0.034;0.0177;1.925;1.959;3888.5
471648;A0RNL2;2026-04-14 09:29:57.3920;10039.8;5;['SC1', 'TG', 'F', 'LS1', 'DE'];0.07;0.004;17.425;17.495;10057.199999999999
1118816;A0ER78;2026-04-14 09:29:57.4304;0.0;2;['TG', 'F'];0.16;0.0423;3.78;3.94;3814.02
1337569;878090;2026-04-14 09:29:57.4801;4922.0;4;['TG', 'LS1', 'SC1', 'BB1'];0.35;0.0076;46.1;46.45;4968.0
275607;915272;2026-04-14 09:29:57.5298;6932.25;5;['TG', 'SC1', 'F', 'DE', 'LS1'];0.31;0.006;51.35;51.66;6983.6
3178999;A0B7TN;2026-04-14 09:29:57.5707;0.0;5;['SC1', 'BB1', 'TG', 'LS1', 'F'];1.0;0.0183;54.5;55.5;4860.0
2530418;A3DQXS;2026-04-14 09:29:57.6274;5202.0;2;['TG', 'SC1'];4.4;0.0169;261.0;265.4;5462.1
696266;A12ETZ;2026-04-14 09:29:57.6703;0.0;2;['TG', 'LS1'];0.081;0.0574;1.41;1.491;1419.87
2135521;856506;2026-04-14 09:29:57.7135;0.0;3;['TG', 'LS1', 'BB1'];1.045;0.0333;31.405;32.45;5770.150000000001
1143192;A2QP7J;2026-04-14 09:29:57.7575;22439.399999999998;5;['F', 'SC1', 'TG', 'LS1', 'DE'];0.08;0.0005;150.64;150.72;22587.000000000004
423115;A3DHHV;2026-04-14 09:29:57.7972;5901.0;2;['TG', 'BB1'];0.16;0.0076;21.04;21.2;5922.0
103541;850667;2026-04-14 09:29:57.8226;19859.22;5;['TG', 'LS1', 'SC1', 'F', 'DE'];0.22;0.0031;71.18;71.4;19930.4
1780275;A14SUV;2026-04-14 09:29:57.8562;;2;['TG', 'BB1'];0.565;0.0188;30.0;30.565;5910.0
2261277;A2JJ7B;2026-04-14 09:29:57.8985;0.0;4;['F', 'SC1', 'LS1', 'BB1'];0.7;0.047;14.9;15.6;0.0
1903406;912855;2026-04-14 09:29:57.9399;0.0;5;['F', 'TG', 'SC1', 'LS1', 'BB1'];0.825;0.0171;48.2;49.025;5880.400000000001
602132;899458;2026-04-14 09:29:57.9909;0.0;5;['TG', 'F', 'LS1', 'BB1', 'SC1'];0.0;0.0;13.6;13.6;5926.5
555044;907784;2026-04-14 09:29:58.0423;0.0;2;['SC1', 'F'];2.0;0.0014;1392.0;1394.0;0.0
200521;157484;2026-04-14 09:29:58.0921;9923.32;5;['TG', 'F', 'SC1', 'LS1', 'DE'];0.07;0.0029;23.755;23.825;9947.06
123645;902130;2026-04-14 09:29:58.1282;0.0;2;['F', 'LS1'];0.11;0.0564;1.95;2.06;0.0
827506;855786;2026-04-14 09:29:58.1841;0.0;1;['F'];1.0;0.0179;56.0;57.0;0.0
250818;CB0L03;2026-04-14 09:29:58.2299;0.0;4;['SC1', 'F', 'LS1', 'BB1'];0.03;0.0009;34.67;34.7;0.0
1381714;A0B7E5;2026-04-14 09:29:58.2788;0.0;3;['TG', 'F', 'BB1'];0.16;0.046;3.48;3.64;2860.56
766002;A1JP2P;2026-04-14 09:29:58.3349;0.0;0;[];0.28;0.0025;110.44;110.72;0.0
488265;A1W5SD;2026-04-14 09:29:58.3775;3885.6000000000004;3;['TG', 'LS1', 'BB1'];0.43;0.0266;16.19;16.62;3901.7900000000004
275634;939156;2026-04-14 09:29:58.4209;0.0;3;['TG', 'F', 'BB1'];0.06;0.0234;2.56;2.62;5800.96
3663684;A142P1;2026-04-14 09:29:58.4682;0.0;4;['TG', 'LS1', 'F', 'BB1'];0.27;0.0187;14.47;14.74;4919.8
583138;A0JL3S;2026-04-14 09:29:58.5142;0.0;4;['TG', 'F', 'LS1', 'BB1'];2.44;0.0325;74.98;77.42;5848.4400000000005
1242637;A1J2CR;2026-04-14 09:29:58.5536;0.0;3;['F', 'LS1', 'BB1'];0.4;0.026;15.4;15.8;0.0
3014126;A0YGRD;2026-04-14 09:29:58.6075;0.0;4;['SC1', 'LS1', 'F', 'BB1'];0.005;0.0003;16.835;16.84;0.0
123646;895236;2026-04-14 09:29:58.6350;0.0;1;['TG'];0.06;0.0265;2.26;2.32;4836.4
411158;907167;2026-04-14 09:29:58.6898;;1;['TG'];0.04;0.0364;1.1;1.14;3851.1000000000004
125367;621975;2026-04-14 09:29:58.7376;0.0;0;[];0.0;0.0;0.0;0.0;0.0
314677;A400EY;2026-04-14 09:29:58.7771;0.0;1;['F'];0.3;0.0265;11.3;11.6;0.0
125370;885057;2026-04-14 09:29:58.8656;0.0;4;['F', 'LS1', 'BB1', 'SC1'];0.4;0.0385;10.4;10.8;0.0
200089;900844;2026-04-14 09:29:58.9456;0.0;5;['TG', 'LS1', 'SC1', 'F', 'BB1'];0.6;0.0188;32.0;32.6;4928.0
633722;A0BKZZ;2026-04-14 09:29:58.9755;0.0;4;['TG', 'F', 'LS1', 'SC1'];0.4;0.019;21.0;21.4;6825.0
113511;A2QCDR;2026-04-14 09:29:59.0253;;3;['LS1', 'TG', 'BB1'];0.12;0.0248;4.84;4.96;4873.88
2587370;A2QR0H;2026-04-14 09:29:59.0698;0.0;5;['TG', 'LS1', 'SC1', 'F', 'BB1'];0.18;0.0302;5.966;6.146;5834.7480000000005
2047983;575308;2026-04-14 09:29:59.1013;0.0;2;['BB1', 'F'];0.1;0.0056;18.0;18.1;0.0
1647508;A1405G;2026-04-14 09:29:59.1471;0.0;3;['F', 'TG', 'LS1'];0.8;0.051;15.7;16.5;2873.1
4064752;A412B6;2026-04-14 09:29:59.1738;0.0;4;['TG', 'LS1', 'F', 'BB1'];0.08;0.0307;2.606;2.686;1387.57
909061;A2APM4;2026-04-14 09:29:59.2104;0.0;5;['TG', 'F', 'SC1', 'LS1', 'BB1'];0.11;0.0075;14.7;14.81;5924.099999999999
145174;860733;2026-04-14 09:29:59.2543;0.0;4;['F', 'LS1', 'TG', 'BB1'];0.1;0.0316;3.16;3.26;4856.92
103764;861259;2026-04-14 09:29:59.3001;0.0;2;['SC1', 'LS1'];-0.048;-0.0038;12.528;12.48;0.0
1921658;A2QG33;2026-04-14 09:29:59.3503;0.0;4;['TG', 'F', 'LS1', 'BB1'];0.565;0.0242;23.395;23.96;9772.84
1574708;A2DGMC;2026-04-14 09:29:59.3997;0.0;5;['TG', 'SC1', 'LS1', 'F', 'BB1'];0.051;0.0425;1.2;1.251;2865.616
1505575;A14YNV;2026-04-14 09:29:59.4416;0.0;3;['LS1', 'F', 'TG'];0.03;0.0451;0.665;0.695;1433.74
1326917;886793;2026-04-14 09:29:59.5155;0.0;5;['TG', 'LS1', 'F', 'SC1', 'BB1'];0.555;0.0171;32.435;32.99;7873.2
2455885;A11708;2026-04-14 09:29:59.6177;0.0;3;['SC1', 'LS1', 'F'];0.4;0.0168;23.8;24.2;0.0
200537;575302;2026-04-14 09:29:59.6844;0.0;5;['F', 'SC1', 'LS1', 'DE', 'TG'];0.0;0.0;104.54;104.54;7004.18
501188;911563;2026-04-14 09:29:59.7400;0.0;5;['F', 'TG', 'LS1', 'SC1', 'DE'];0.48;0.0051;94.7;95.18;9912.0
501189;871918;2026-04-14 09:29:59.8773;0.0;5;['TG', 'F', 'LS1', 'SC1', 'DE'];1.0;0.0072;139.5;140.5;10044.0
2511154;A3DCXB;2026-04-14 09:29:59.9650;9922.0;4;['TG', 'F', 'LS1', 'SC1'];1.2;0.0048;248.55;249.75;10170.050000000001
118199;A2JMXF;2026-04-14 09:30:00.0244;0.0;2;['BB1', 'SC1'];2.5;0.0258;97.0;99.5;0.0
482096;879538;2026-04-14 09:30:00.1235;0.0;3;['F', 'LS1', 'BB1'];0.0;0.0;6.526;6.526;0.0
3689733;A1C9SC;2026-04-14 09:30:00.1847;0.0;4;['TG', 'SC1', 'LS1', 'BB1'];0.55;0.0272;20.25;20.8;7816.5
1401634;A3CWBU;2026-04-14 09:30:00.2190;0.0;2;['TG', 'BB1'];0.12;0.0594;2.02;2.14;2339.16
105246;A402VX;2026-04-14 09:30:00.2800;0.0;3;['TG', 'LS1', 'F'];0.71;0.0117;60.61;61.32;5996.43
102429;A1H5BU;2026-04-14 09:30:00.3483;0.0;4;['TG', 'F', 'LS1', 'BB1'];0.34;0.0133;25.62;25.96;5939.200000000001
2393223;893807;2026-04-14 09:30:00.4927;5032.585;3;['TG', 'LS1', 'SC1'];0.24;0.0085;28.13;28.37;5060.7
513734;A1XCGP;2026-04-14 09:30:00.6407;0.0;2;['F', 'LS1'];0.05;0.0026;19.02;19.07;0.0
705828;A3D54P;2026-04-14 09:30:00.8682;0.0;2;['LS1', 'BB1'];0.32;0.0376;8.5;8.82;0.0
775849;529882;2026-04-14 09:30:01.0508;0.0;4;['TG', 'F', 'SC1', 'BB1'];0.635;0.0174;36.49;37.125;9833.4
344539;A2DGL0;2026-04-14 09:30:01.2863;0.0;5;['TG', 'LS1', 'F', 'SC1', 'BB1'];0.276;0.0164;16.8;17.076;5913.6
2917783;A3DNJ2;2026-04-14 09:30:01.3465;9807.0;5;['TG', 'LS1', 'F', 'SC1', 'BB1'];0.2;0.0095;21.1;21.3;9828.0
4299091;A413X6;2026-04-14 09:30:01.3792;;5;['TG', 'F', 'LS1', 'SC1', 'BB1'];0.7;0.0073;96.19;96.89;9551.0
1964205;A3E3TQ;2026-04-14 09:30:01.4406;0.0;5;['TG', 'F', 'LS1', 'SC1', 'BB1'];0.344;0.0216;15.922;16.266;9744.264000000001
2166065;A40ZGW;2026-04-14 09:30:01.4672;0.0;4;['TG', 'LS1', 'F', 'SC1'];0.92;0.0122;75.66;76.58;5977.139999999999
1172375;A2PF3G;2026-04-14 09:30:01.5098;0.0;5;['TG', 'LS1', 'BB1', 'F', 'SC1'];0.27;0.0444;6.08;6.35;2862.208
103546;850808;2026-04-14 09:30:01.5696;0.0;5;['F', 'SC1', 'TG', 'LS1', 'DE'];0.52;0.0035;149.38;149.9;9936.1
2715613;A3DNGX;2026-04-14 09:30:01.6404;4924.095;5;['TG', 'F', 'LS1', 'SC1', 'BB1'];0.154;0.0113;13.6;13.754;4937.66
183767;A407W7;2026-04-14 09:30:01.6970;0.0;3;['F', 'TG', 'LS1'];1.6;0.006;267.2;268.8;6129.5
2392922;A2QBQA;2026-04-14 09:30:01.7324;9934.8;4;['TG', 'LS1', 'SC1', 'BB1'];0.04;0.0078;5.1;5.14;9939.9
869353;A2PKRR;2026-04-14 09:30:01.8035;0.0;5;['LS1', 'TG', 'F', 'SC1', 'DE'];0.62;0.0088;70.72;71.34;5989.099999999999
621327;A2AFXS;2026-04-14 09:30:01.8430;0.0;5;['TG', 'LS1', 'SC1', 'BB1', 'F'];0.3;0.0236;12.72;13.02;2937.165
106279;A2QQ5P;2026-04-14 09:30:01.8936;0.0;3;['TG', 'SC1', 'BB1'];0.1;0.0272;3.68;3.78;3889.76
1260281;A3DZZN;2026-04-14 09:30:01.9231;0.0;3;['TG', 'F', 'LS1'];0.013;0.0481;0.27;0.283;1904.724
104025;888351;2026-04-14 09:30:01.9780;19850.4;5;['SC1', 'F', 'TG', 'LS1', 'DE'];0.6;0.0007;831.3;831.9;16638.0
201007;922134;2026-04-14 09:30:02.0101;9845.324999999999;4;['SC1', 'TG', 'LS1', 'F'];0.445;0.0142;31.275;31.72;9876.58
1167209;A1WY6X;2026-04-14 09:30:02.0461;0.0;3;['TG', 'F', 'LS1'];0.04;0.0209;1.91;1.95;4948.8099999999995
2094580;A2QRZ7;2026-04-14 09:30:02.0962;0.0;5;['F', 'TG', 'SC1', 'LS1', 'BB1'];0.07;0.0144;4.855;4.925;9766.086
2936110;A2QQZ2;2026-04-14 09:30:02.1373;0.0;4;['F', 'LS1', 'TG', 'SC1'];0.22;0.0129;17.11;17.33;5954.28
3598993;A2PL1S;2026-04-14 09:30:02.1743;0.0;5;['TG', 'LS1', 'F', 'SC1', 'BB1'];0.452;0.0233;19.4;19.852;5858.799999999999
1033028;A2DPX5;2026-04-14 09:30:02.2009;0.0;3;['F', 'LS1', 'BB1'];0.05;0.0017;29.8;29.85;0.0
955480;A3DJY3;2026-04-14 09:30:02.2408;0.0;1;['F'];0.025;0.0018;14.275;14.3;0.0
962799;A0RD0J;2026-04-14 09:30:02.2920;0.0;4;['TG', 'F', 'LS1', 'BB1'];0.58;0.0248;23.38;23.96;9772.84
1034823;A3D5X7;2026-04-14 09:30:02.3163;0.0;2;['TG', 'F'];3.0;0.0184;163.0;166.0;6031.0
924747;A3DMZG;2026-04-14 09:30:02.3424;0.0;1;['TG'];0.6;0.0159;37.8;38.4;7900.2
3510419;884741;2026-04-14 09:30:02.3772;0.0;1;['BB1'];1.25;0.1603;7.8;9.05;0.0
916528;884343;2026-04-14 09:30:02.4677;0.0;1;['F'];14.0;0.0354;396.0;410.0;0.0
2975857;A0YGRE;2026-04-14 09:30:02.5071;0.0;2;['F', 'LS1'];0.005;0.0006;8.5875;8.5925;0.0
833390;A2PZDL;2026-04-14 09:30:02.5757;0.0;5;['TG', 'LS1', 'F', 'SC1', 'BB1'];0.2;0.0188;10.65;10.85;5889.45
331750;906164;2026-04-14 09:30:02.6247;;2;['TG', 'F'];0.2;0.0196;10.2;10.4;2947.7999999999997
3055840;A2QQ7C;2026-04-14 09:30:02.6710;0.0;5;['TG', 'F', 'LS1', 'SC1', 'BB1'];0.08;0.0222;3.6;3.68;5828.24
997243;A2JQTJ;2026-04-14 09:30:02.7320;0.0;3;['TG', 'LS1', 'BB1'];0.95;0.0293;32.37;33.32;3915.56
2058041;A1W5UR;2026-04-14 09:30:02.7720;;1;['TG'];0.2;0.0129;15.5;15.7;5921.0
126313;A0HM52;2026-04-14 09:30:02.8278;0.0;4;['SC1', 'F', 'TG', 'LS1'];0.4;0.0047;84.8;85.2;4664.0
2309164;550897;2026-04-14 09:30:02.8753;;4;['TG', 'SC1', 'BB1', 'F'];0.1;0.0122;8.2;8.3;5887.599999999999
666815;A2PK2R;2026-04-14 09:30:02.9133;14332.5;3;['SC1', 'TG', 'LS1'];1.2;0.0035;341.7;342.9;14673.75
1329860;A12GN3;2026-04-14 09:30:02.9779;0.0;2;['TG', 'LS1'];0.0;0.0;74.0;74.0;5512.5
200523;252092;2026-04-14 09:30:03.0336;0.0;4;['TG', 'LS1', 'F', 'SC1'];0.5;0.0055;91.5;92.0;9973.5
883778;923368;2026-04-14 09:30:03.0920;0.0;1;['LS1'];0.5;0.1786;2.8;3.3;0.0
896909;900006;2026-04-14 09:30:03.1353;0.0;3;['LS1', 'BB1', 'F'];0.2;0.0061;32.8;33.0;0.0
1457031;A14THD;2026-04-14 09:30:03.1749;0.0;5;['TG', 'F', 'LS1', 'SC1', 'BB1'];0.3;0.0373;8.05;8.35;2889.9500000000003
517478;A1JKQD;2026-04-14 09:30:03.2257;0.0;4;['TG', 'F', 'SC1', 'LS1'];0.48;0.0145;33.0;33.48;9816.17
340862;A2JAT5;2026-04-14 09:30:03.2881;0.0;3;['F', 'TG', 'LS1'];0.016;0.051;0.314;0.33;565.2
303853;906913;2026-04-14 09:30:03.3297;0.0;5;['TG', 'LS1', 'SC1', 'F', 'BB1'];1.66;0.0137;121.0;122.66;4961.0
1556864;919437;2026-04-14 09:30:03.3622;0.0;2;['F', 'LS1'];0.46;0.2;2.3;2.76;0.0
501195;853121;2026-04-14 09:30:03.3869;0.0;5;['TG', 'LS1', 'SC1', 'F', 'DE'];4.4;0.0084;523.6;528.0;9914.199999999999
2845285;A3ETJD;2026-04-14 09:30:03.4524;0.0;4;['TG', 'F', 'LS1', 'BB1'];0.01;0.0192;0.52;0.53;3896.36
2171019;A2QFQU;2026-04-14 09:30:03.5184;1952.1000000000001;2;['TG', 'BB1'];0.06;0.0222;2.7;2.76;1954.8000000000002
2114924;850852;2026-04-14 09:30:03.5556;0.0;4;['TG', 'LS1', 'F', 'BB1'];4.0;0.0064;622.0;626.0;9880.0
1539889;A1W1KK;2026-04-14 09:30:03.6005;0.0;4;['TG', 'F', 'LS1', 'BB1'];1.24;0.0221;56.22;57.46;4947.36
1781448;A12GDU;2026-04-14 09:30:03.6772;0.0;2;['TG', 'BB1'];0.061;0.1301;0.469;0.53;2155.1
363155;A14158;2026-04-14 09:30:03.7196;0.0;5;['TG', 'LS1', 'SC1', 'F', 'BB1'];0.134;0.0367;3.656;3.79;1444.1200000000001
705405;A3CVW1;2026-04-14 09:30:03.7670;0.0;5;['TG', 'F', 'LS1', 'SC1', 'BB1'];0.04;0.0103;3.88;3.92;3945.96
2566200;A3CN4D;2026-04-14 09:30:03.8243;0.0;2;['LS1', 'BB1'];0.06;0.0034;17.46;17.52;0.0
1608020;A2DGRK;2026-04-14 09:30:03.8557;0.0;3;['TG', 'LS1', 'BB1'];0.16;0.0372;4.3;4.46;4646.219999999999
2647114;A3CTMC;2026-04-14 09:30:03.8926;2388.3199999999997;3;['TG', 'BB1', 'SC1'];0.08;0.0339;2.36;2.44;2390.68
3498109;A40WEX;2026-04-14 09:30:03.9661;0.0;2;['F', 'LS1'];0.7;0.0385;18.2;18.9;0.0
103986;884312;2026-04-14 09:30:04.0388;0.0;4;['F', 'LS1', 'TG', 'SC1'];1.01;0.0083;122.24;123.25;10012.199999999999
525120;A14R4K;2026-04-14 09:30:04.0772;0.0;1;['BB1'];0.126;0.0535;2.355;2.481;0.0
501197;853943;2026-04-14 09:30:04.1305;0.0;4;['TG', 'LS1', 'F', 'SC1'];0.9;0.0072;125.0;125.9;9972.0
2925916;A1J0M3;2026-04-14 09:30:04.1726;2927.6;2;['TG', 'BB1'];0.0;0.0;5.2;5.2;2932.8
2566262;A3CTYU;2026-04-14 09:30:04.2152;0.0;1;['BB1'];0.0;0.0;28.03;28.03;0.0
3542227;A3D162;2026-04-14 09:30:04.2613;0.0;3;['F', 'LS1', 'BB1'];0.0;0.0;4.301;4.301;0.0
3244553;A3EQTY;2026-04-14 09:30:04.3000;0.0;1;['F'];0.002;0.0003;6.35;6.352;0.0
2051712;A2DM8U;2026-04-14 09:30:04.3252;5959.2;3;['TG', 'LS1', 'SC1'];0.03;0.0029;10.42;10.45;5969.6
2063490;A2DKLU;2026-04-14 09:30:04.3619;0.0;4;['F', 'SC1', 'LS1', 'BB1'];0.0;0.0;13.86;13.86;0.0
1445153;A3C9BA;2026-04-14 09:30:04.4685;0.0;4;['F', 'LS1', 'SC1', 'BB1'];0.0;0.0;22.255;22.255;0.0
3391855;873135;2026-04-14 09:30:04.5297;0.0;2;['F', 'BB1'];34.0;0.0833;408.0;442.0;0.0
113937;923255;2026-04-14 09:30:04.5687;0.0;5;['TG', 'LS1', 'SC1', 'F', 'BB1'];0.2;0.0119;16.8;17.0;5878.4
1458871;A0NC7J;2026-04-14 09:30:04.6408;4899.58;3;['LS1', 'TG', 'BB1'];0.62;0.02;31.01;31.63;4930.59
204243;866197;2026-04-14 09:30:04.6802;5310.4;5;['F', 'TG', 'SC1', 'LS1', 'DE'];0.75;0.0045;166.15;166.9;5476.349999999999
2019926;A0RM3A;2026-04-14 09:30:04.7262;0.0;4;['F', 'SC1', 'LS1', 'BB1'];0.0;0.0;13.524;13.524;0.0
1449350;A1KAFV;2026-04-14 09:30:04.7732;0.0;2;['LS1', 'F'];0.4;0.0219;18.3;18.7;0.0
501199;895738;2026-04-14 09:30:04.8141;0.0;4;['TG', 'LS1', 'SC1', 'F'];1.3;0.008;162.35;163.65;10062.6
962826;895117;2026-04-14 09:30:04.8592;0.0;4;['F', 'LS1', 'SC1', 'BB1'];0.49;0.0094;51.95;52.44;0.0
470879;901641;2026-04-14 09:30:04.9018;0.0;4;['SC1', 'LS1', 'BB1', 'F'];0.01;0.0006;17.56;17.57;0.0
2625878;A2PSFR;2026-04-14 09:30:04.9439;14850.6;5;['TG', 'LS1', 'SC1', 'F', 'DE'];0.5;0.0053;93.5;94.0;14944.0
1614481;A1J5S8;2026-04-14 09:30:04.9864;7864.499999999999;1;['TG'];0.1;0.0093;10.7;10.8;7875.2
1290939;A40AWS;2026-04-14 09:30:05.0215;0.0;2;['F', 'LS1'];0.8;0.128;6.25;7.05;0.0
200833;897914;2026-04-14 09:30:05.0861;0.0;4;['TG', 'F', 'LS1', 'SC1'];1.1;0.0086;128.2;129.3;9999.599999999999
811808;894298;2026-04-14 09:30:05.1293;0.0;5;['F', 'DE', 'LS1', 'SC1', 'TG'];0.98;0.0106;92.52;93.5;13183.5
200600;850866;2026-04-14 09:30:05.1756;19425.6;5;['F', 'TG', 'LS1', 'SC1', 'DE'];1.6;0.0031;511.2;512.8;19936.8
1317368;A2PT5P;2026-04-14 09:30:05.2261;0.0;4;['TG', 'F', 'LS1', 'BB1'];0.256;0.0293;8.746;9.002;3891.9700000000003
943064;A2QN86;2026-04-14 09:30:05.2677;0.0;1;['F'];2.0;0.0714;28.0;30.0;0.0
316199;A2DY2Y;2026-04-14 09:30:05.3041;9783.31;5;['F', 'TG', 'LS1', 'BB1', 'SC1'];0.4;0.0115;34.71;35.11;9817.88
103627;A2N6WP;2026-04-14 09:30:05.3522;14731.68;5;['SC1', 'F', 'TG', 'LS1', 'DE'];0.52;0.0033;157.36;157.88;14888.4
135346;A0MQV8;2026-04-14 09:30:05.4082;0.0;5;['F', 'TG', 'LS1', 'SC1', 'DE'];0.14;0.0024;57.33;57.47;9959.25
1028630;860049;2026-04-14 09:30:05.4500;5832.2;2;['TG', 'BB1'];0.58;0.024;24.2;24.78;5856.4
3039044;A2H9G8;2026-04-14 09:30:05.5491;0.0;5;['TG', 'LS1', 'SC1', 'BB1', 'F'];0.255;0.0155;16.405;16.66;5889.599999999999
1254731;A2AF0E;2026-04-14 09:30:05.5735;11920.779999999999;4;['TG', 'F', 'LS1', 'SC1'];0.145;0.0143;10.11;10.255;11848.92
889049;A2PGSF;2026-04-14 09:30:05.6224;3910.2000000000003;3;['F', 'TG', 'LS1'];0.1;0.0175;5.7;5.8;3915.9
1613642;A3DRVB;2026-04-14 09:30:05.6604;5886.445;4;['F', 'TG', 'BB1', 'LS1'];0.34;0.0132;25.705;26.045;5912.15
1309065;A0REPB;2026-04-14 09:30:05.7257;0.0;4;['SC1', 'F', 'LS1', 'BB1'];0.0;0.0;25.56;25.56;0.0
482488;910979;2026-04-14 09:30:05.7719;0.0;3;['F', 'LS1', 'BB1'];-0.058;-0.0074;7.858;7.8;0.0
103948;879530;2026-04-14 09:30:05.8137;0.0;3;['LS1', 'F', 'BB1'];0.0;0.0;29.19;29.19;0.0
278262;A0YF81;2026-04-14 09:30:05.8663;0.0;4;['LS1', 'F', 'SC1', 'BB1'];-0.055;-0.0023;24.355;24.3;0.0
1564785;A2N4KH;2026-04-14 09:30:05.9241;0.0;3;['F', 'LS1', 'BB1'];0.025;0.0024;10.3;10.325;0.0
501205;925345;2026-04-14 09:30:05.9636;0.0;5;['F', 'TG', 'LS1', 'SC1', 'DE'];0.27;0.0068;39.81;40.08;4871.96
1452070;A0D9T1;2026-04-14 09:30:06.0223;14900.800000000001;5;['F', 'TG', 'LS1', 'SC1', 'DE'];0.2;0.0037;53.6;53.8;14954.4
1308323;899505;2026-04-14 09:30:06.0590;0.0;4;['F', 'LS1', 'SC1', 'BB1'];0.2;0.003;67.6;67.8;0.0
144112;A0EQ4U;2026-04-14 09:30:06.1037;5831.1;4;['TG', 'LS1', 'F', 'BB1'];0.15;0.0174;8.6;8.75;5839.650000000001
1232571;A1J6Y4;2026-04-14 09:30:06.1468;14063.78;5;['TG', 'LS1', 'SC1', 'F', 'DE'];0.56;0.0035;158.94;159.5;5263.5
1916286;A3ERZ4;2026-04-14 09:30:06.2080;0.0;5;['TG', 'F', 'LS1', 'SC1', 'BB1'];0.5;0.0065;77.0;77.5;6006.0
1086230;662541;2026-04-14 09:30:06.2493;5874.0;5;['F', 'SC1', 'TG', 'LS1', 'DE'];1.75;0.0098;178.0;179.75;6052.0
2318632;A3EQW7;2026-04-14 09:30:06.2969;5775.3;4;['TG', 'F', 'LS1', 'BB1'];2.45;0.0343;71.35;73.8;5846.599999999999
762173;878008;2026-04-14 09:30:06.3409;5846.4;5;['TG', 'LS1', 'SC1', 'BB1', 'F'];0.6;0.0129;46.6;47.2;5892.8
2043920;A0RBRR;2026-04-14 09:30:06.4010;9816.36;5;['SC1', 'F', 'TG', 'LS1', 'BB1'];0.075;0.014;5.375;5.45;9821.73
144114;A0DLFT;2026-04-14 09:30:06.4463;0.0;4;['TG', 'F', 'LS1', 'SC1'];0.26;0.0016;163.2;163.46;10118.4
3628455;A3CYXD;2026-04-14 09:30:06.5149;14792.426000000001;4;['TG', 'LS1', 'SC1', 'F'];0.122;0.0151;8.101;8.223;14800.527000000002
943024;A14MRK;2026-04-14 09:30:06.5450;4900.4800000000005;1;['TG'];0.05;0.0202;2.47;2.52;4902.950000000001
118222;A3DR58;2026-04-14 09:30:06.6081;5824.41;4;['TG', 'LS1', 'F', 'BB1'];0.385;0.0295;13.04;13.425;5837.44
2985753;A2QRZ4;2026-04-14 09:30:06.6947;7433.8;4;['SC1', 'TG', 'LS1', 'F'];0.64;0.0094;68.2;68.84;7499.800000000001
941306;861569;2026-04-14 09:30:06.7537;5478.0;4;['TG', 'LS1', 'SC1', 'BB1'];12.0;0.0241;498.0;510.0;5976.0
1414079;A0Q3V8;2026-04-14 09:30:06.7944;6787.68;4;['SC1', 'TG', 'LS1', 'BB1'];0.62;0.0289;21.48;22.1;6809.16
1492509;A3CTJA;2026-04-14 09:30:06.8509;0.0;2;['TG', 'BB1'];0.1;0.0455;2.2;2.3;2864.4
1240462;858600;2026-04-14 09:30:06.9434;0.0;2;['LS1', 'BB1'];0.5;0.0067;75.0;75.5;0.0
103675;855686;2026-04-14 09:30:07.0418;21336.809999999998;5;['F', 'TG', 'LS1', 'SC1', 'DE'];0.2;0.0023;85.7;85.9;21422.5
753478;A2PXS1;2026-04-14 09:30:07.1297;0.0;4;['SC1', 'F', 'LS1', 'BB1'];0.235;0.0395;5.95;6.185;0.0
1973026;A2JHLZ;2026-04-14 09:30:07.2316;0.0;4;['TG', 'F', 'LS1', 'SC1'];0.55;0.0143;38.4;38.95;9907.199999999999
275667;A0DNCY;2026-04-14 09:30:07.2755;9790.199999999999;5;['F', 'SC1', 'TG', 'LS1', 'BB1'];0.85;0.0163;52.0;52.85;9842.0
399938;A0YEES;2026-04-14 09:30:07.3247;0.0;5;['TG', 'LS1', 'SC1', 'F', 'DE'];0.9;0.0089;100.95;101.85;9989.1
144123;A0NFQC;2026-04-14 09:30:07.3756;9890.640000000001;5;['LS1', 'F', 'TG', 'SC1', 'DE'];0.86;0.01;86.33;87.19;9927.949999999999
501207;932798;2026-04-14 09:30:07.4203;0.0;5;['TG', 'LS1', 'SC1', 'F', 'DE'];0.28;0.0052;53.42;53.7;9978.32
1042188;A0B6VQ;2026-04-14 09:30:07.4627;0.0;2;['TG', 'F'];1.0;0.0032;313.0;314.0;10016.0
2852960;A2JPBT;2026-04-14 09:30:07.5015;5870.675;3;['TG', 'LS1', 'BB1'];0.05;0.0222;2.251;2.301;5872.92
1369919;859763;2026-04-14 09:30:07.5462;0.0;4;['SC1', 'F', 'BB1', 'LS1'];0.91;0.0121;75.09;76.0;0.0
1506942;A2AR3K;2026-04-14 09:30:07.5862;0.0;3;['LS1', 'SC1', 'BB1'];0.755;0.0183;41.2;41.955;0.0
1781774;A2QHEA;2026-04-14 09:30:07.6660;8769.8;4;['LS1', 'F', 'TG', 'SC1'];0.52;0.0038;135.84;136.36;8904.72
216540;A0J2R0;2026-04-14 09:30:07.7195;9805.0;5;['TG', 'LS1', 'SC1', 'F', 'BB1'];1.0;0.0108;92.7;93.7;9897.5
830665;A2P7L2;2026-04-14 09:30:07.7502;0.0;2;['SC1', 'F'];0.85;0.1189;7.15;8.0;0.0
659896;A1CVGB;2026-04-14 09:30:07.7900;0.0;1;['BB1'];0.8;0.0204;39.2;40.0;0.0
2925907;A3C9E9;2026-04-14 09:30:07.8352;0.0;2;['F', 'BB1'];0.06;0.0423;1.42;1.48;0.0
3565045;A4081R;2026-04-14 09:30:07.8832;0.0;2;['TG', 'BB1'];0.1;0.0248;4.04;4.14;3894.56
501210;853707;2026-04-14 09:30:07.9337;0.0;4;['F', 'TG', 'LS1', 'SC1'];0.9;0.0048;185.9;186.8;10038.6
2365005;A2PFRC;2026-04-14 09:30:07.9900;9919.24;5;['TG', 'LS1', 'F', 'SC1', 'DE'];0.18;0.0053;34.2;34.38;9953.21
3082110;A3DL31;2026-04-14 09:30:08.0469;9912.900000000001;4;['TG', 'F', 'LS1', 'SC1'];0.15;0.0079;19.1;19.25;9932.0
144130;A0MXRT;2026-04-14 09:30:08.1073;0.0;5;['F', 'BB1', 'TG', 'LS1', 'SC1'];0.2;0.0074;27.2;27.4;2948.0
2295048;A2JE48;2026-04-14 09:30:08.1519;7462.924;4;['TG', 'LS1', 'F', 'SC1'];0.194;0.0101;19.216;19.41;7436.592000000001
1125357;861421;2026-04-14 09:30:08.2020;5801.6;3;['F', 'TG', 'LS1'];2.6;0.022;118.4;121.0;5920.0
1006802;A2P7VK;2026-04-14 09:30:08.2547;0.0;2;['F', 'LS1'];0.01;0.0018;5.62;5.63;0.0
895538;A1J0EV;2026-04-14 09:30:08.3023;0.0;3;['SC1', 'DE', 'LS1'];0.54;0.0049;110.76;111.3;0.0
1160680;A2PLC7;2026-04-14 09:30:08.3458;0.0;4;['TG', 'F', 'SC1', 'LS1'];0.23;0.0058;39.96;40.19;14945.04
1849421;A2DU7F;2026-04-14 09:30:08.3955;0.0;2;['F', 'BB1'];0.0;0.0;4.32;4.32;0.0
911424;A3DSV9;2026-04-14 09:30:08.4540;6314.844999999999;4;['TG', 'LS1', 'SC1', 'F'];0.08;0.0063;12.655;12.735;6327.5
103928;877158;2026-04-14 09:30:08.4764;9662.8;5;['TG', 'LS1', 'F', 'BB1', 'SC1'];7.4;0.0222;334.0;341.4;9996.0
2625877;A2PPPE;2026-04-14 09:30:08.5281;9741.199999999999;2;['TG', 'BB1'];0.54;0.019;28.46;29.0;9769.6
1359107;A2PL13;2026-04-14 09:30:08.5743;5900.700000000001;5;['F', 'TG', 'LS1', 'SC1', 'BB1'];0.1;0.009;11.09;11.19;3057.28
958077;908548;2026-04-14 09:30:08.6196;0.0;4;['TG', 'LS1', 'F', 'BB1'];0.12;0.0432;2.78;2.9;2864.8799999999997
144139;907510;2026-04-14 09:30:08.6643;0.0;2;['F', 'LS1'];0.03;0.0006;46.77;46.8;0.0
1682314;A2ARZ4;2026-04-14 09:30:08.7378;9851.82;4;['TG', 'F', 'LS1', 'SC1'];0.8;0.0144;55.68;56.48;9907.48
417644;A117LA;2026-04-14 09:30:08.7838;0.0;2;['TG', 'BB1'];0.2;0.0171;11.7;11.9;5885.099999999999
1451977;898285;2026-04-14 09:30:08.8203;0.0;4;['SC1', 'F', 'LS1', 'BB1'];0.0;0.0;47.81;47.81;0.0
984523;877961;2026-04-14 09:30:08.9143;0.0;5;['TG', 'F', 'LS1', 'SC1', 'DE'];1.41;0.0123;114.64;116.05;9834.1
328110;909855;2026-04-14 09:30:08.9864;0.0;3;['F', 'LS1', 'BB1'];0.0;0.0;19.49;19.49;0.0
553169;A0RFZL;2026-04-14 09:30:09.0120;0.0;5;['LS1', 'TG', 'F', 'SC1', 'DE'];0.445;0.0092;48.58;49.025;9910.32
905665;A1J78V;2026-04-14 09:30:09.0664;0.0;4;['TG', 'LS1', 'SC1', 'F'];0.43;0.0093;46.34;46.77;8430.24
2237622;A0BLQZ;2026-04-14 09:30:09.0959;0.0;5;['TG', 'LS1', 'BB1', 'F', 'SC1'];4.46;0.0263;169.36;173.82;9802.0
435589;A417BU;2026-04-14 09:30:09.1676;0.0;3;['SC1', 'LS1', 'BB1'];0.2;0.0102;19.6;19.8;0.0
699065;A2QD63;2026-04-14 09:30:09.2087;0.0;2;['TG', 'F'];0.3;0.0171;17.5;17.8;3937.5
3000191;939208;2026-04-14 09:30:09.2439;0.0;3;['F', 'LS1', 'BB1'];2.3;0.1285;17.9;20.2;0.0
1822573;985160;2026-04-14 09:30:09.2819;0.0;2;['TG', 'BB1'];3.9;0.0241;162.04;165.94;9882.0
501213;889082;2026-04-14 09:30:09.3410;0.0;4;['TG', 'F', 'SC1', 'LS1'];0.56;0.0088;63.62;64.18;10109.22
1575728;A1W4RC;2026-04-14 09:30:09.3791;0.0;4;['TG', 'LS1', 'SC1', 'BB1'];0.23;0.023;10.01;10.24;4863.1050000000005
117217;A1XAXY;2026-04-14 09:30:09.4083;0.0;3;['BB1', 'F', 'LS1'];0.012;0.0027;4.428;4.44;0.0
104229;916529;2026-04-14 09:30:09.4758;9930.550000000001;5;['TG', 'LS1', 'SC1', 'F', 'DE'];0.4;0.0048;83.18;83.58;9979.199999999999
210871;A0NDYQ;2026-04-14 09:30:09.5229;0.0;4;['TG', 'F', 'DE', 'LS1'];-0.02;-0.0002;108.28;108.26;4851.16
501215;854545;2026-04-14 09:30:09.5537;0.0;5;['F', 'SC1', 'TG', 'LS1', 'DE'];1.4;0.006;232.9;234.3;14905.6
1119539;A3CTRY;2026-04-14 09:30:09.6159;0.0;4;['TG', 'F', 'BB1', 'LS1'];0.15;0.0294;5.1;5.25;1927.8
527030;A0Q9ZL;2026-04-14 09:30:09.6437;4947.299999999999;3;['TG', 'LS1', 'BB1'];0.15;0.0126;11.95;12.1;4959.25
675720;A3CWMS;2026-04-14 09:30:09.6657;5819.4;1;['TG'];0.3;0.0246;12.2;12.5;5831.599999999999
860257;A1XCHC;2026-04-14 09:30:09.7022;0.0;0;[];0.015;0.0016;9.22;9.235;0.0
1564465;A14UF4;2026-04-14 09:30:09.7531;0.0;4;['TG', 'F', 'LS1', 'BB1'];0.3;0.016;18.7;19.0;4918.099999999999
501216;887629;2026-04-14 09:30:09.7954;0.0;4;['LS1', 'F', 'TG', 'SC1'];0.2;0.0033;61.06;61.26;6064.74
449609;A2AC4K;2026-04-14 09:30:09.8171;0.0;2;['TG', 'BB1'];0.09;0.0336;2.68;2.77;3877.96
165570;936853;2026-04-14 09:30:09.8451;0.0;5;['F', 'TG', 'LS1', 'SC1', 'DE'];0.64;0.0097;66.06;66.7;9975.06
102662;893677;2026-04-14 09:30:09.8796;0.0;1;['F'];0.2;0.0312;6.4;6.6;0.0
267075;A0LBT4;2026-04-14 09:30:09.9031;0.0;2;['TG', 'LS1'];0.05;0.0405;1.235;1.285;3375.255
896614;A0YGRN;2026-04-14 09:30:09.9239;0.0;2;['F', 'LS1'];0.02;0.0007;27.9;27.92;0.0
200907;907912;2026-04-14 09:30:09.9748;4914.16;4;['TG', 'LS1', 'SC1', 'BB1'];0.02;0.0132;1.52;1.54;4915.68
211818;A2N6BH;2026-04-14 09:30:10.0017;5811.2699999999995;3;['SC1', 'TG', 'LS1'];0.49;0.0244;20.08;20.57;5831.24
103940;878372;2026-04-14 09:30:10.0344;14749.0;4;['TG', 'LS1', 'SC1', 'F'];1.5;0.0087;171.5;173.0;14920.5
1453729;A2QL00;2026-04-14 09:30:10.0557;0.0;2;['TG', 'LS1'];0.08;0.0294;2.72;2.8;2426.2400000000002
2922439;A2PDWL;2026-04-14 09:30:10.0774;7840.0;1;['TG'];0.6;0.0188;32.0;32.6;7872.0
833396;A2PFD8;2026-04-14 09:30:10.1133;7907.299999999999;4;['TG', 'LS1', 'F', 'BB1'];0.05;0.0047;10.7;10.75;7917.999999999999
886273;A1T940;2026-04-14 09:30:10.1399;;4;['TG', 'F', 'LS1', 'BB1'];0.09;0.0233;3.87;3.96;4887.81
987471;A2QKN6;2026-04-14 09:30:10.1637;0.0;3;['F', 'LS1', 'BB1'];0.055;0.0201;2.74;2.795;0.0
515927;906417;2026-04-14 09:30:10.2177;0.0;2;['F', 'LS1'];0.9;0.0486;18.5;19.4;0.0
515925;906418;2026-04-14 09:30:10.2717;0.0;3;['SC1', 'F', 'LS1'];0.4;0.0164;24.4;24.8;0.0
147982;A1C2PZ;2026-04-14 09:30:10.3077;0.0;3;['LS1', 'TG', 'F'];0.6;0.0102;59.0;59.6;9912.0
536673;A3DGNE;2026-04-14 09:30:10.3528;0.0;2;['LS1', 'BB1'];0.169;0.0218;7.77;7.939;0.0
2502749;A411HS;2026-04-14 09:30:10.3966;0.0;2;['F', 'LS1'];0.51;0.1054;4.84;5.35;0.0
347610;898814;2026-04-14 09:30:10.4352;9662.800000000001;5;['TG', 'F', 'LS1', 'SC1', 'BB1'];2.8;0.0041;690.2;693.0;8325.599999999999
1652258;A0LC2W;2026-04-14 09:30:10.4684;0.0;5;['SC1', 'TG', 'LS1', 'F', 'BB1'];0.132;0.019;6.936;7.068;3245.58
200603;850981;2026-04-14 09:30:10.5096;0.0;5;['TG', 'F', 'LS1', 'SC1', 'DE'];0.75;0.0061;122.25;123.0;10024.5
394719;A2PZ6B;2026-04-14 09:30:10.5539;0.0;2;['TG', 'F'];0.18;0.0464;3.88;4.06;3814.04
2923024;A3DJYN;2026-04-14 09:30:10.5784;0.0;1;['F'];0.24;0.1026;2.34;2.58;0.0
3663690;A1W6FF;2026-04-14 09:30:10.6165;;3;['TG', 'BB1', 'SC1'];0.22;0.0505;4.36;4.58;4796.0
1593785;A0MQYC;2026-04-14 09:30:10.6543;0.0;2;['F', 'BB1'];0.4;0.0168;23.8;24.2;0.0
2936104;A0YGM2;2026-04-14 09:30:10.7045;0.0;2;['F', 'LS1'];0.01;0.0012;8.57;8.58;0.0
1140827;A1T7BJ;2026-04-14 09:30:10.7608;0.0;1;['TG'];0.5;0.042;11.9;12.4;3843.7000000000003
2452475;A14W0C;2026-04-14 09:30:10.8011;0.0;3;['F', 'LS1', 'BB1'];0.005;0.0003;19.06;19.065;0.0
1024800;A2JRLY;2026-04-14 09:30:10.8441;0.0;5;['F', 'TG', 'LS1', 'SC1', 'BB1'];0.08;0.0213;3.75;3.83;2920.59
2047084;A2H9HM;2026-04-14 09:30:10.8819;0.0;2;['BB1', 'F'];1.0;0.011;91.0;92.0;0.0
548693;A0NCV1;2026-04-14 09:30:10.9031;0.0;4;['SC1', 'F', 'LS1', 'BB1'];0.2;0.0205;9.75;9.95;0.0
232244;A0NJUL;2026-04-14 09:30:10.9548;0.0;4;['SC1', 'TG', 'LS1', 'BB1'];0.266;0.0278;9.566;9.832;4849.962
727864;A14UHB;2026-04-14 09:30:10.9808;5851.2;4;['TG', 'LS1', 'F', 'BB1'];0.262;0.0164;15.938;16.2;5867.1
767593;A0B7EH;2026-04-14 09:30:11.0010;0.0;5;['TG', 'F', 'LS1', 'SC1', 'BB1'];1.62;0.0098;164.88;166.5;4102.5
2733981;A2PY85;2026-04-14 09:30:11.0542;0.0;2;['BB1', 'SC1'];0.92;0.0297;31.0;31.92;0.0
586052;A2AGY6;2026-04-14 09:30:11.0956;0.0;1;['TG'];0.08;0.0215;3.72;3.8;4832.280000000001
2552740;A3DEVQ;2026-04-14 09:30:11.1187;4857.102;5;['LS1', 'TG', 'SC1', 'F', 'BB1'];0.064;0.0239;2.682;2.746;4859.784
2182070;A14XKC;2026-04-14 09:30:11.1614;0.0;3;['LS1', 'BB1', 'F'];0.01;0.0003;28.93;28.94;0.0
1256413;A2ASWZ;2026-04-14 09:30:11.1830;0.0;3;['F', 'LS1', 'BB1'];0.7;0.1167;6.0;6.7;0.0
1921333;A3DNM9;2026-04-14 09:30:11.2384;0.0;1;['TG'];0.3;0.0256;11.7;12.0;9699.3
1268499;A1JC82;2026-04-14 09:30:11.2787;9967.74;5;['TG', 'F', 'LS1', 'SC1', 'DE'];0.18;0.0067;26.75;26.93;9947.91
2365571;633524;2026-04-14 09:30:11.3225;0.0;1;['SC1'];10.0;0.0424;236.0;246.0;0.0
2780492;A12D51;2026-04-14 09:30:11.3468;0.0;2;['F', 'BB1'];1.0;0.0079;127.0;128.0;0.0
1442310;A0MSST;2026-04-14 09:30:11.3726;9746.900000000001;4;['TG', 'F', 'LS1', 'BB1'];4.15;0.0247;168.1;172.25;9914.95
114901;A3CVS3;2026-04-14 09:30:11.4247;0.0;5;['F', 'TG', 'SC1', 'LS1', 'BB1'];0.05;0.0098;5.12;5.17;3944.92
1095818;938201;2026-04-14 09:30:11.4464;0.0;5;['TG', 'F', 'LS1', 'SC1', 'BB1'];1.9;0.0162;117.0;118.9;5967.0
200790;889290;2026-04-14 09:30:11.4676;0.0;4;['TG', 'LS1', 'F', 'SC1'];1.68;0.0173;97.0;98.68;5372.639999999999
201083;938502;2026-04-14 09:30:11.4903;5737.2;2;['TG', 'BB1'];0.02;0.0071;2.8;2.82;5740.0
364136;A1JS9Q;2026-04-14 09:30:11.5285;9830.1;4;['F', 'TG', 'LS1', 'SC1'];0.9;0.0085;105.7;106.6;9935.800000000001
2051799;A2PN69;2026-04-14 09:30:11.5772;;1;['TG'];0.2;0.0088;22.8;23.0;8914.800000000001
275636;923612;2026-04-14 09:30:11.6329;0.0;5;['TG', 'F', 'LS1', 'SC1', 'BB1'];0.99;0.0139;71.0;71.99;9869.0
2750139;A3EVGB;2026-04-14 09:30:11.6637;0.0;4;['SC1', 'TG', 'LS1', 'F'];0.05;0.0067;7.45;7.5;3941.05
200626;854618;2026-04-14 09:30:11.7175;0.0;3;['TG', 'LS1', 'F'];1.4;0.0089;157.7;159.1;8988.9
2119971;A14M21;2026-04-14 09:30:11.7569;0.0;3;['TG', 'SC1', 'LS1'];2.0;0.0022;898.6;900.6;15235.400000000001
882306;A2N7B3;2026-04-14 09:30:11.7980;0.0;2;['TG', 'F'];0.14;0.1018;1.375;1.515;2723.875
1044257;A2JLT6;2026-04-14 09:30:11.8179;9956.699999999999;4;['LS1', 'SC1', 'TG', 'F'];-0.07;-0.0021;33.47;33.4;9990.0
834677;A2PX9L;2026-04-14 09:30:11.8529;5836.74;3;['TG', 'LS1', 'BB1'];0.78;0.0243;32.085;32.865;5868.81
144168;A0DNDJ;2026-04-14 09:30:11.8918;;2;['TG', 'BB1'];0.93;0.0172;54.07;55.0;9774.0
501218;985334;2026-04-14 09:30:11.9126;9830.400000000001;3;['TG', 'F', 'LS1'];0.88;0.0172;51.2;52.08;9881.6
1411832;A1J2CB;2026-04-14 09:30:11.9544;0.0;2;['F', 'LS1'];-0.01;-0.0019;5.16;5.15;0.0
200152;765913;2026-04-14 09:30:11.9774;0.0;3;['LS1', 'SC1', 'BB1'];0.2;0.0196;10.2;10.4;0.0
545966;A2ARDK;2026-04-14 09:30:12.0061;0.0;1;['F'];1.99;0.4462;4.46;6.45;0.0
686169;919562;2026-04-14 09:30:12.0876;0.0;2;['SC1', 'BB1'];5.0;0.0229;218.7;223.7;0.0
1665024;A3DG4P;2026-04-14 09:30:12.1100;0.0;5;['F', 'TG', 'LS1', 'SC1', 'BB1'];1.0;0.0116;86.5;87.5;9861.0
114923;880907;2026-04-14 09:30:12.1303;0.0;2;['BB1', 'F'];5.2;0.0195;266.8;272.0;0.0
1905008;A1W1SJ;2026-04-14 09:30:12.1611;0.0;4;['TG', 'LS1', 'SC1', 'BB1'];0.069;0.0371;1.862;1.931;3856.202
3025973;A2JN57;2026-04-14 09:30:12.1822;0.0;5;['SC1', 'TG', 'F', 'LS1', 'BB1'];0.39;0.0144;27.04;27.43;3947.8399999999997
639213;A2PZEK;2026-04-14 09:30:12.2434;9790.199999999999;5;['TG', 'F', 'LS1', 'SC1', 'BB1'];0.645;0.0194;33.305;33.95;9823.5
1369920;891315;2026-04-14 09:30:12.2886;0.0;4;['SC1', 'TG', 'F', 'LS1'];1.8;0.0085;210.6;212.4;10108.8
1595680;A0YGMG;2026-04-14 09:30:12.3244;0.0;4;['F', 'SC1', 'LS1', 'BB1'];0.0;0.0;99.15;99.15;0.0
633488;A14P98;2026-04-14 09:30:12.3686;0.0;5;['TG', 'F', 'LS1', 'SC1', 'DE'];0.35;0.0075;46.94;47.29;9998.22
1281512;905247;2026-04-14 09:30:12.4117;0.0;4;['LS1', 'BB1', 'F', 'SC1'];1.12;0.0188;59.5;60.62;0.0
702654;A0KEXP;2026-04-14 09:30:12.4523;9695.4;4;['TG', 'LS1', 'F', 'BB1'];7.75;0.0264;294.05;301.8;9989.2
1036725;A14NE5;2026-04-14 09:30:12.5035;;1;['TG'];1.0;0.0172;58.0;59.0;5916.0
1074473;A2AS0X;2026-04-14 09:30:12.5561;3847.44;4;['TG', 'F', 'LS1', 'BB1'];0.325;0.0343;9.485;9.81;3856.87
2474230;A0NJKM;2026-04-14 09:30:12.5992;0.0;4;['TG', 'LS1', 'BB1', 'F'];0.15;0.0406;3.695;3.845;3777.1200000000003
1849420;A2P69G;2026-04-14 09:30:12.6398;0.0;3;['F', 'LS1', 'BB1'];0.0;0.0;8.67;8.67;0.0
950074;A14UCN;2026-04-14 09:30:12.6792;7875.200000000001;5;['TG', 'F', 'LS1', 'SC1', 'BB1'];0.02;0.0093;2.14;2.16;7877.34
947016;A0QZ3J;2026-04-14 09:30:12.7155;0.0;3;['F', 'LS1', 'BB1'];0.0;0.0;2.535;2.535;0.0
267582;A2JDYX;2026-04-14 09:30:12.7571;0.0;3;['TG', 'LS1', 'BB1'];0.134;0.0371;3.613;3.747;3858.684
451422;A2PRXT;2026-04-14 09:30:12.8000;2945.0;3;['F', 'TG', 'BB1'];0.02;0.0079;2.52;2.54;2947.5
200608;852011;2026-04-14 09:30:12.8283;7429.24;5;['TG', 'LS1', 'SC1', 'F', 'DE'];0.115;0.0028;40.82;40.935;7470.06
201077;936718;2026-04-14 09:30:12.8790;0.0;3;['TG', 'LS1', 'SC1'];0.995;0.0266;37.375;38.37;2952.625
4258854;A40L5C;2026-04-14 09:30:12.9275;0.0;1;['TG'];0.14;0.0437;3.2;3.34;1436.8000000000002
650808;A0LB2A;2026-04-14 09:30:12.9487;0.0;5;['SC1', 'TG', 'F', 'LS1', 'BB1'];0.235;0.0092;25.48;25.715;4968.6
647629;A1JRLJ;2026-04-14 09:30:12.9861;0.0;4;['TG', 'SC1', 'LS1', 'DE'];1.35;0.0066;203.9;205.25;15081.2
2039452;A2H6LH;2026-04-14 09:30:13.0076;9857.6;4;['TG', 'BB1', 'F', 'SC1'];0.0;0.0;5.1;5.1;9862.65
200708;875272;2026-04-14 09:30:13.0503;0.0;4;['TG', 'F', 'LS1', 'SC1'];1.4;0.0115;121.6;123.0;6931.2
684809;880114;2026-04-14 09:30:13.0921;9807.0;5;['F', 'TG', 'LS1', 'SC1', 'BB1'];1.01;0.018;56.13;57.14;9863.039999999999
144722;A0B7S6;2026-04-14 09:30:13.1285;0.0;4;['F', 'TG', 'LS1', 'SC1'];1.6;0.0136;117.85;119.45;8956.6
201003;920402;2026-04-14 09:30:13.1651;0.0;4;['SC1', 'F', 'TG', 'LS1'];0.255;0.0171;14.875;15.13;3941.875
807681;882641;2026-04-14 09:30:13.1868;0.0;5;['TG', 'LS1', 'F', 'SC1', 'BB1'];0.35;0.0138;25.34;25.69;5980.24
103598;852549;2026-04-14 09:30:13.2072;0.0;5;['LS1', 'SC1', 'F', 'BB1', 'DE'];0.14;0.0011;128.86;129.0;0.0
2157371;A2QJRU;2026-04-14 09:30:13.2271;0.0;5;['TG', 'BB1', 'F', 'SC1', 'LS1'];0.294;0.0241;12.206;12.5;2928.0
501731;871138;2026-04-14 09:30:13.2653;8869.68;4;['SC1', 'TG', 'LS1', 'F'];0.205;0.0134;15.26;15.465;8884.92
1320880;A3CQ3K;2026-04-14 09:30:13.2906;;3;['F', 'TG', 'BB1'];0.098;0.0098;10.002;10.1;5910.0
983107;A2P6TH;2026-04-14 09:30:13.3291;0.0;3;['TG', 'LS1', 'SC1'];0.062;0.007;8.858;8.92;4014.0
655476;A1JWVX;2026-04-14 09:30:13.3826;80653.7;5;['SC1', 'TG', 'LS1', 'F', 'DE'];0.5;0.0009;541.1;541.6;81150.0
761469;901629;2026-04-14 09:30:13.4240;0.0;4;['TG', 'LS1', 'SC1', 'F'];1.85;0.0097;191.45;193.3;4976.400000000001
617181;873369;2026-04-14 09:30:13.4698;0.0;3;['SC1', 'TG', 'LS1'];5.7;0.0067;847.8;853.5;10170.0
404446;873769;2026-04-14 09:30:13.5034;0.0;1;['TG'];0.08;0.0784;1.02;1.1;3678.12
1052626;A1XE4J;2026-04-14 09:30:13.5574;0.0;5;['TG', 'F', 'LS1', 'SC1', 'BB1'];0.085;0.0086;9.885;9.97;8916.27
2356283;A2PH9T;2026-04-14 09:30:13.6488;0.0;4;['F', 'SC1', 'LS1', 'BB1'];0.16;0.0077;20.67;20.83;0.0
800850;A1W50M;2026-04-14 09:30:13.6815;0.0;3;['TG', 'LS1', 'SC1'];0.071;0.0656;1.083;1.154;4680.642
200782;887891;2026-04-14 09:30:13.7216;9969.92;5;['LS1', 'TG', 'SC1', 'F', 'DE'];0.01;0.0003;38.945;38.955;10008.865
103926;876872;2026-04-14 09:30:13.7635;0.0;3;['TG', 'SC1', 'LS1'];0.14;0.0233;6.02;6.16;4888.24
103684;856099;2026-04-14 09:30:13.7925;0.0;3;['TG', 'SC1', 'LS1'];0.12;0.0172;6.96;7.08;7377.6
100313;A3DB2A;2026-04-14 09:30:13.8320;0.0;1;['F'];1.0;0.0109;92.0;93.0;0.0
200962;912029;2026-04-14 09:30:13.8735;0.0;5;['F', 'LS1', 'SC1', 'TG', 'DE'];0.9;0.0029;314.0;314.9;10048.0
1722370;A408VE;2026-04-14 09:30:13.9102;0.0;1;['LS1'];0.8;0.0037;218.9;219.7;0.0
141195;A41MPN;2026-04-14 09:30:13.9508;0.0;5;['TG', 'LS1', 'SC1', 'BB1', 'F'];0.04;0.009;4.42;4.46;8853.26
201013;922977;2026-04-14 09:30:13.9775;0.0;4;['TG', 'LS1', 'SC1', 'F'];1.8;0.0071;252.6;254.4;7072.8
1716833;A419WK;2026-04-14 09:30:14.0006;0.0;1;['TG'];0.45;0.0776;5.8;6.25;2789.7999999999997
501759;A0H1FP;2026-04-14 09:30:14.0263;0.0;4;['F', 'TG', 'LS1', 'SC1'];0.56;0.0143;39.18;39.74;7401.24
2113620;A1JCGJ;2026-04-14 09:30:14.0530;5851.44;3;['TG', 'LS1', 'BB1'];0.28;0.0184;15.22;15.5;5866.5599999999995
357470;875029;2026-04-14 09:30:14.0954;0.0;4;['TG', 'LS1', 'SC1', 'F'];0.415;0.0098;42.135;42.55;4971.929999999999
636860;A41DRC;2026-04-14 09:30:14.1395;0.0;4;['F', 'SC1', 'BB1', 'TG'];0.24;0.0148;16.26;16.5;8130.000000000001
1717573;A2PWCC;2026-04-14 09:30:14.1655;0.0;4;['TG', 'LS1', 'SC1', 'BB1'];0.08;0.0191;4.18;4.26;5824.98
3376203;A41ENY;2026-04-14 09:30:14.2234;;3;['SC1', 'LS1', 'TG'];0.4;0.012;33.3;33.7;3329.9999999999995
1332424;A3CR1M;2026-04-14 09:30:14.2545;0.0;4;['TG', 'LS1', 'F', 'SC1'];0.2;0.0204;9.8;10.0;3910.2000000000003
100231;925298;2026-04-14 09:30:14.2843;0.0;0;[];0.0;0.0;0.0;0.0;0.0
515730;923774;2026-04-14 09:30:14.3048;5860.799999999999;5;['TG', 'F', 'LS1', 'SC1', 'BB1'];0.56;0.0212;26.41;26.97;5887.2
501762;A0CAN7;2026-04-14 09:30:14.3528;0.0;2;['BB1', 'TG'];0.145;0.007;20.6;20.745;3955.2000000000003
1173181;919326;2026-04-14 09:30:14.3934;4878.6;5;['TG', 'F', 'LS1', 'SC1', 'BB1'];0.4;0.0115;34.8;35.2;4913.2
861122;A0LEKM;2026-04-14 09:30:14.4456;0.0;5;['TG', 'LS1', 'SC1', 'DE', 'F'];0.8;0.0047;170.2;171.0;16960.0
2455913;A2P703;2026-04-14 09:30:14.4900;0.0;3;['SC1', 'LS1', 'F'];1.0;0.0455;22.0;23.0;0.0
116126;A3C9LA;2026-04-14 09:30:14.5775;5878.6;5;['F', 'TG', 'LS1', 'SC1', 'BB1'];1.5;0.0087;172.9;174.4;6051.5
200736;881793;2026-04-14 09:30:14.6170;0.0;4;['TG', 'LS1', 'SC1', 'DE'];0.1;0.002;50.1;50.2;9969.9
501763;910509;2026-04-14 09:30:14.6592;0.0;3;['TG', 'LS1', 'F'];0.62;0.0144;42.99;43.61;4939.25
846316;A1JZ18;2026-04-14 09:30:14.7039;8760.800000000001;5;['TG', 'LS1', 'F', 'SC1', 'BB1'];1.7;0.0091;187.5;189.2;8947.2
316729;A1XFG9;2026-04-14 09:30:14.7346;8847.59;4;['SC1', 'TG', 'LS1', 'F'];0.185;0.0152;12.2;12.385;8859.76
1913078;A2DRG8;2026-04-14 09:30:14.7585;0.0;1;['TG'];0.2;0.0481;4.16;4.36;3814.7200000000003
264720;915873;2026-04-14 09:30:14.8131;4918.4;1;['TG'];0.6;0.0142;42.4;43.0;4960.8
759521;A2DQHZ;2026-04-14 09:30:14.8772;0.0;5;['TG', 'F', 'LS1', 'SC1', 'BB1'];1.13;0.0269;42.07;43.2;8736.0
748055;591332;2026-04-14 09:30:14.9260;0.0;5;['LS1', 'F', 'TG', 'SC1', 'BB1'];0.46;0.011;41.96;42.42;3970.9999999999995
1226316;632326;2026-04-14 09:30:14.9725;0.0;5;['TG', 'LS1', 'F', 'SC1', 'BB1'];0.108;0.0157;6.9;7.008;3912.3
501769;864999;2026-04-14 09:30:15.0184;0.0;3;['TG', 'LS1', 'BB1'];1.35;0.019;71.13;72.48;3979.36
1631220;A3C6A3;2026-04-14 09:30:15.0538;0.0;4;['SC1', 'TG', 'LS1', 'F'];0.1;0.0086;11.64;11.74;11580.0
746379;A0RADJ;2026-04-14 09:30:15.0774;0.0;1;['TG'];0.02;0.027;0.74;0.76;2914.12
103555;502391;2026-04-14 09:30:15.1796;9999.765000000001;5;['SC1', 'LS1', 'TG', 'F', 'DE'];0.037;0.0035;10.568;10.605;10010.28
2035946;A1H5BX;2026-04-14 09:30:15.2254;0.0;2;['F', 'LS1'];0.9;0.0874;10.3;11.2;0.0
158594;577767;2026-04-14 09:30:15.2733;0.0;4;['TG', 'F', 'LS1', 'BB1'];0.9;0.0082;110.1;111.0;8884.0
2701390;903998;2026-04-14 09:30:15.3613;0.0;2;['F', 'LS1'];0.48;0.1086;4.42;4.9;0.0
885873;A0YEFE;2026-04-14 09:30:15.4369;9950.22;5;['TG', 'LS1', 'SC1', 'F', 'BB1'];0.12;0.0018;66.78;66.9;10017.0
225568;A2AJ0F;2026-04-14 09:30:15.4658;0.0;3;['TG', 'LS1', 'SC1'];0.72;0.0143;50.48;51.2;9894.08
779809;A1JE0N;2026-04-14 09:30:15.5399;0.0;4;['TG', 'LS1', 'SC1', 'F'];0.6;0.0176;34.0;34.6;8806.0
3522596;A3ECGB;2026-04-14 09:30:15.6049;5824.7;5;['TG', 'F', 'LS1', 'SC1', 'BB1'];0.15;0.019;7.9;8.05;5832.55
276973;A2QJA0;2026-04-14 09:30:15.6529;0.0;2;['SC1', 'BB1'];0.0;0.0;52.0;0.0;0.0
931305;A1W0DE;2026-04-14 09:30:15.6986;0.0;3;['TG', 'LS1', 'F'];0.15;0.0346;4.332;4.482;3373.1639999999998
3660670;A142WX;2026-04-14 09:30:15.7364;0.0;4;['F', 'LS1', 'SC1', 'BB1'];0.52;0.0248;21.0;21.52;0.0
2010357;A2PF3K;2026-04-14 09:30:15.7796;0.0;3;['TG', 'LS1', 'F'];1.05;0.0199;52.65;53.7;10845.9
2010356;A2PF3T;2026-04-14 09:30:15.8195;0.0;4;['TG', 'F', 'LS1', 'SC1'];0.6;0.0126;47.6;48.2;10900.4
566081;A1W2J8;2026-04-14 09:30:15.8495;5882.24;5;['LS1', 'TG', 'F', 'SC1', 'BB1'];0.274;0.0194;14.15;14.424;5896.38
943648;A3C5PP;2026-04-14 09:30:15.8823;4876.6;3;['TG', 'F', 'BB1'];0.136;0.0184;7.4;7.536;4884.0
501773;870315;2026-04-14 09:30:15.9363;0.0;4;['TG', 'LS1', 'SC1', 'F'];0.19;0.0087;21.72;21.91;9921.470000000001
144762;A0JLZU;2026-04-14 09:30:15.9793;0.0;3;['F', 'BB1', 'LS1'];0.12;0.24;0.5;0.62;0.0
1323997;A2P3PE;2026-04-14 09:30:16.0158;0.0;3;['F', 'LS1', 'BB1'];0.0;0.0;38.4;38.4;0.0
2439672;A2DW84;2026-04-14 09:30:16.0472;0.0;5;['F', 'TG', 'BB1', 'LS1', 'SC1'];3.0;0.0238;126.0;129.0;9828.0
843551;A2P8JL;2026-04-14 09:30:16.0740;0.0;2;['F', 'LS1'];0.0;0.0;13.77;13.77;0.0
168679;896476;2026-04-14 09:30:16.1053;0.0;5;['F', 'TG', 'LS1', 'SC1', 'DE'];0.33;0.0057;57.66;57.99;10351.8
709030;A0D890;2026-04-14 09:30:16.1595;0.0;4;['TG', 'F', 'LS1', 'BB1'];0.2;0.026;7.7;7.9;2933.7000000000003
2022289;858079;2026-04-14 09:30:16.2053;0.0;4;['TG', 'F', 'LS1', 'BB1'];0.48;0.0098;49.22;49.7;3986.8199999999997
947314;879529;2026-04-14 09:30:16.2548;0.0;4;['F', 'LS1', 'SC1', 'BB1'];0.0;0.0;20.14;20.14;0.0
659292;A12ENX;2026-04-14 09:30:16.3104;0.0;5;['TG', 'F', 'LS1', 'SC1', 'BB1'];0.54;0.0093;57.84;58.38;4974.240000000001
869468;A1XCZQ;2026-04-14 09:30:16.3596;0.0;2;['F', 'BB1'];0.0;0.0;11.2075;11.2075;0.0
653679;A3C28Z;2026-04-14 09:30:16.3965;5830.8640000000005;3;['TG', 'LS1', 'BB1'];0.15;0.0226;6.644;6.794;5835.6900000000005
728078;A3E3UN;2026-04-14 09:30:16.4211;;4;['SC1', 'LS1', 'F', 'TG'];0.04;0.0091;4.4;4.44;9768.0
631484;924362;2026-04-14 09:30:16.4625;0.0;2;['LS1', 'F'];1.2;0.0779;15.4;16.6;0.0
1626902;A3DGB5;2026-04-14 09:30:16.5125;0.0;2;['F', 'BB1'];0.1;0.0053;18.875;18.975;0.0
662166;A2N6K1;2026-04-14 09:30:16.5645;9720.0;4;['TG', 'LS1', 'SC1', 'BB1'];1.35;0.0278;48.63;49.98;9768.6
317070;A2DS7T;2026-04-14 09:30:16.6319;3890.46;3;['TG', 'LS1', 'BB1'];0.06;0.0191;3.14;3.2;3893.6000000000004
144763;A0LB74;2026-04-14 09:30:16.6929;3889.2160000000003;4;['F', 'TG', 'LS1', 'BB1'];0.03;0.028;1.072;1.102;3890.288
3583613;A40CAW;2026-04-14 09:30:16.7230;0.0;4;['TG', 'F', 'LS1', 'SC1'];0.04;0.0066;6.082;6.122;9944.07
758538;A2DRT0;2026-04-14 09:30:16.7479;0.0;2;['F', 'LS1'];0.0;0.0;9.66;9.66;0.0
2653344;A0LBYM;2026-04-14 09:30:16.7910;0.0;3;['SC1', 'LS1', 'F'];0.3;0.0366;8.2;8.5;0.0
1091126;915946;2026-04-14 09:30:16.8401;0.0;2;['LS1', 'F'];0.3;0.0162;18.5;18.8;0.0
2081648;A2AS4N;2026-04-14 09:30:16.8819;0.0;1;['TG'];0.2;0.0155;12.9;13.1;4927.8
1540691;861402;2026-04-14 09:30:16.9193;9755.5;4;['TG', 'LS1', 'SC1', 'BB1'];0.87;0.016;54.5;55.37;9810.0
821870;A3CSXZ;2026-04-14 09:30:16.9598;0.0;4;['TG', 'LS1', 'BB1', 'F'];0.3;0.0429;7.0;7.3;3829.0
2438953;A2H63G;2026-04-14 09:30:16.9845;4883.48;3;['TG', 'LS1', 'BB1'];0.062;0.0206;3.009;3.071;4886.476
152630;A0YHQB;2026-04-14 09:30:17.0456;3889.6;4;['TG', 'F', 'LS1', 'BB1'];0.1;0.0284;3.52;3.62;3893.12
398698;A2PCBR;2026-04-14 09:30:17.0886;0.0;5;['LS1', 'TG', 'F', 'SC1', 'BB1'];2.5;0.0188;133.0;135.5;9975.0
1220096;851137;2026-04-14 09:30:17.1697;9575.7;4;['TG', 'F', 'LS1', 'BB1'];5.56;0.0343;162.3;167.86;9738.0
1890942;A11662;2026-04-14 09:30:17.2077;0.0;4;['SC1', 'TG', 'F', 'LS1'];0.115;0.0077;14.99;15.105;9938.37
1818483;A2P8CL;2026-04-14 09:30:17.2597;0.0;3;['TG', 'LS1', 'BB1'];0.016;0.0842;0.19;0.206;4552.59
2498684;A2DFYV;2026-04-14 09:30:17.3251;0.0;5;['TG', 'BB1', 'F', 'LS1', 'SC1'];0.2;0.0056;35.6;35.8;4956.0
1809340;A2PQZE;2026-04-14 09:30:17.3746;0.0;2;['F', 'LS1'];2.8;0.0737;38.0;40.8;0.0
632829;890380;2026-04-14 09:30:17.4091;5830.200000000001;1;['TG'];0.6;0.0244;24.6;25.2;5854.8
528716;871949;2026-04-14 09:30:17.4505;0.0;2;['F', 'LS1'];0.783;0.178;4.4;5.183;0.0
2235548;A2PLR7;2026-04-14 09:30:17.4909;0.0;5;['TG', 'LS1', 'BB1', 'F', 'SC1'];0.06;0.0377;1.59;1.65;4809.75
297084;A3CU51;2026-04-14 09:30:17.5486;5841.27;5;['LS1', 'F', 'TG', 'BB1', 'SC1'];0.84;0.0176;47.75;48.59;5888.76
1852123;A3D3G6;2026-04-14 09:30:17.5912;7951.47;4;['F', 'TG', 'LS1', 'SC1'];0.37;0.0059;62.61;62.98;8014.08
371020;164338;2026-04-14 09:30:17.6409;0.0;2;['F', 'LS1'];0.9;0.1118;8.05;8.95;0.0
1183138;A0YGNJ;2026-04-14 09:30:17.6930;0.0;4;['F', 'SC1', 'LS1', 'BB1'];0.08;0.0033;24.02;24.1;0.0
3439091;A41986;2026-04-14 09:30:17.7922;4941.312;4;['TG', 'F', 'LS1', 'SC1'];0.098;0.0051;19.4;19.498;4961.128
1191394;A1JV3R;2026-04-14 09:30:17.8165;0.0;4;['TG', 'SC1', 'BB1', 'F'];0.02;0.01;2.0;2.02;1948.33
636942;869761;2026-04-14 09:30:17.8632;9768.199999999999;3;['TG', 'SC1', 'LS1'];1.55;0.0082;188.15;189.7;9956.05
1011166;A14W18;2026-04-14 09:30:17.9172;0.0;2;['F', 'LS1'];0.0075;0.0008;9.7;9.7075;0.0
1406933;A1W6DM;2026-04-14 09:30:17.9721;0.0;5;['TG', 'SC1', 'LS1', 'F', 'BB1'];0.355;0.009;39.65;40.005;4956.25
727522;A0HGDX;2026-04-14 09:30:17.9995;10108.74;5;['SC1', 'TG', 'F', 'LS1', 'DE'];0.06;0.003;19.82;19.88;10108.2
1853560;A2PVRP;2026-04-14 09:30:18.0231;4861.150000000001;3;['TG', 'SC1', 'BB1'];0.1;0.0168;5.95;6.05;4867.1
103783;863533;2026-04-14 09:30:18.0535;9849.84;3;['TG', 'SC1', 'LS1'];0.315;0.0148;21.325;21.64;9871.16
743508;A2N5QP;2026-04-14 09:30:18.1085;0.0;3;['SC1', 'LS1', 'BB1'];0.9;0.0562;16.0;16.9;0.0
200783;887957;2026-04-14 09:30:18.1546;0.0;4;['LS1', 'TG', 'F', 'SC1'];1.85;0.0142;130.4;132.25;7951.349999999999
708281;A404PC;2026-04-14 09:30:18.1966;0.0;4;['TG', 'F', 'LS1', 'SC1'];3.0;0.0036;844.0;847.0;7635.599999999999
2932049;A3DJ7Z;2026-04-14 09:30:18.2405;0.0;2;['F', 'LS1'];0.6;0.0149;40.4;41.0;0.0
609713;A2PM5R;2026-04-14 09:30:18.2817;0.0;4;['LS1', 'SC1', 'F', 'BB1'];0.5;0.0084;59.5;60.0;0.0
704153;A3C9EK;2026-04-14 09:30:18.3255;0.0;2;['F', 'BB1'];0.149;0.313;0.476;0.625;0.0
104979;A2PYQY;2026-04-14 09:30:18.3747;0.0;3;['BB1', 'F', 'LS1'];0.13;0.0839;1.55;1.68;0.0
1167239;A0YGR4;2026-04-14 09:30:18.4328;5868.4;3;['TG', 'LS1', 'SC1'];2.6;0.015;172.85;175.45;6041.0
103556;851143;2026-04-14 09:30:18.4666;9802.2;5;['F', 'TG', 'LS1', 'SC1', 'DE'];0.6;0.0021;288.8;289.4;10090.5
2631544;A3CSML;2026-04-14 09:30:18.4893;0.0;5;['TG', 'LS1', 'F', 'SC1', 'DE'];0.65;0.0025;264.5;265.15;26435.000000000004
103637;853862;2026-04-14 09:30:18.5774;9953.039999999999;6;['LS1', 'F', 'TG', 'SC1', 'BB1', 'DE'];0.08;0.0027;29.4;29.48;6045.45
829323;A1C9CM;2026-04-14 09:30:18.6243;9921.039999999999;5;['TG', 'LS1', 'SC1', 'F', 'DE'];0.47;0.0072;65.02;65.49;9948.06
200679;868891;2026-04-14 09:30:18.6654;9783.6;4;['TG', 'LS1', 'F', 'BB1'];0.383;0.0206;18.615;18.998;9804.835000000001
2352347;A1JMHT;2026-04-14 09:30:18.6988;0.0;5;['TG', 'F', 'LS1', 'SC1', 'BB1'];0.4;0.0345;11.6;12.0;5738.5
1679451;A1WZYB;2026-04-14 09:30:18.7397;0.0;3;['F', 'LS1', 'BB1'];0.2;0.0084;23.8;24.0;0.0
501774;858406;2026-04-14 09:30:18.7812;4920.52;4;['F', 'TG', 'LS1', 'SC1'];0.8;0.0086;92.84;93.64;5013.360000000001
275712;A0CA8M;2026-04-14 09:30:18.8232;9942.6;1;['TG'];0.05;0.0068;7.3;7.35;9949.9
966039;A1J4AC;2026-04-14 09:30:18.8534;0.0;4;['BB1', 'F', 'LS1', 'SC1'];1.2;0.0492;24.4;25.6;0.0
275594;915270;2026-04-14 09:30:18.9111;5916.72;4;['TG', 'F', 'LS1', 'SC1'];0.04;0.0112;3.56;3.6;5920.28
145734;902213;2026-04-14 09:30:18.9505;0.0;5;['TG', 'SC1', 'F', 'BB1', 'LS1'];0.0335;0.023;1.458;1.4915;2916.272
3808298;A2JK3J;2026-04-14 09:30:18.9945;0.0;2;['F', 'LS1'];0.08;0.0021;38.82;38.9;0.0
1421985;929043;2026-04-14 09:30:19.0451;5812.5599999999995;3;['F', 'TG', 'LS1'];0.42;0.0149;28.28;28.7;5840.639999999999
267493;A2DH1V;2026-04-14 09:30:19.0858;2954.52;3;['TG', 'LS1', 'SC1'];0.02;0.0115;1.74;1.76;2956.2599999999998
145735;885823;2026-04-14 09:30:19.1425;0.0;5;['TG', 'LS1', 'F', 'SC1', 'DE'];0.58;0.0049;117.84;118.42;15319.2
1631535;A0RMT2;2026-04-14 09:30:19.2287;0.0;4;['LS1', 'SC1', 'F', 'BB1'];0.04;0.0006;63.96;64.0;0.0
3400206;A3DGB0;2026-04-14 09:30:19.2767;0.0;3;['F', 'LS1', 'BB1'];0.04;0.0017;23.6;23.64;0.0
2820379;A3C5G2;2026-04-14 09:30:19.3264;9754.44;3;['TG', 'F', 'LS1'];0.422;0.0251;16.818;17.24;9771.258000000002
548254;634810;2026-04-14 09:30:19.3716;0.0;3;['SC1', 'F', 'LS1'];0.8;0.0195;41.0;41.8;0.0
1454180;A407FM;2026-04-14 09:30:19.4143;4909.599999999999;3;['F', 'TG', 'BB1'];0.2;0.0132;15.2;15.4;4924.8
1011355;260884;2026-04-14 09:30:19.4645;5909.849999999999;3;['TG', 'LS1', 'SC1'];0.15;0.0145;10.35;10.5;5920.2
936791;A0KES9;2026-04-14 09:30:19.5061;;4;['TG', 'SC1', 'F', 'BB1'];0.172;0.0135;12.7;12.872;9855.199999999999
2529215;A1KCL7;2026-04-14 09:30:19.5500;3917.9550000000004;5;['TG', 'LS1', 'SC1', 'F', 'BB1'];0.155;0.0177;8.765;8.92;3926.7200000000003
1880914;A14VCK;2026-04-14 09:30:19.5917;0.0;4;['TG', 'LS1', 'SC1', 'BB1'];1.5;0.0149;101.0;102.5;4949.0
723737;A3DMHS;2026-04-14 09:30:19.6356;5150.0;5;['TG', 'LS1', 'BB1', 'F', 'SC1'];-0.02;-0.0004;50.02;50.0;5200.0
442296;A1WY82;2026-04-14 09:30:19.6814;0.0;3;['F', 'LS1', 'SC1'];0.1;0.0076;13.1;13.2;0.0
580892;A3CPAL;2026-04-14 09:30:19.7384;0.0;3;['TG', 'F', 'BB1'];0.024;0.0548;0.438;0.462;3707.346
178828;A40Z0V;2026-04-14 09:30:19.7678;0.0;5;['LS1', 'SC1', 'TG', 'F', 'BB1'];1.8;0.0247;73.0;74.8;73000.0
1035573;A2DL1B;2026-04-14 09:30:19.8409;2944.0;5;['TG', 'F', 'LS1', 'SC1', 'BB1'];0.08;0.0099;8.055;8.135;2952.0
1250465;603111;2026-04-14 09:30:19.8964;0.0;5;['TG', 'DE', 'LS1', 'SC1', 'F'];0.2;0.0034;58.0;58.2;15022.0
3386676;A41G72;2026-04-14 09:30:19.9237;0.0;1;['F'];0.6;0.0201;29.8;30.4;0.0
2022886;A1J2LY;2026-04-14 09:30:20.0107;0.0;4;['TG', 'LS1', 'BB1', 'F'];1.9;0.0243;78.04;79.94;4915.259999999999
1306140;A2PP68;2026-04-14 09:30:20.0572;0.0;3;['TG', 'LS1', 'F'];2.0;0.0161;124.2;126.2;5928.0
233064;A14QAF;2026-04-14 09:30:20.1064;5859.9;4;['TG', 'LS1', 'SC1', 'BB1'];1.0;0.0145;69.0;70.0;5928.84
1279451;A1W078;2026-04-14 09:30:20.1522;5752.799999999999;4;['TG', 'LS1', 'SC1', 'BB1'];0.128;0.0338;3.792;3.92;5756.5599999999995
103775;862484;2026-04-14 09:30:20.1952;0.0;4;['TG', 'LS1', 'F', 'SC1'];0.4;0.0096;41.8;42.2;9805.6
144805;A0LCTL;2026-04-14 09:30:20.2943;0.0;3;['F', 'TG', 'LS1'];0.054;0.0456;1.184;1.238;942.1279999999999
2525536;A14XX5;2026-04-14 09:30:20.3428;9853.2;3;['TG', 'BB1', 'F'];0.195;0.0082;23.8;23.995;9877.0
104265;920332;2026-04-14 09:30:20.3877;14375.4;5;['SC1', 'F', 'TG', 'LS1', 'DE'];0.9;0.0012;756.7;757.6;15132.0
2226160;A14P76;2026-04-14 09:30:20.4374;14914.9;3;['TG', 'F', 'SC1'];0.046;0.006;7.7;7.746;14922.6
3925792;A1CXEA;2026-04-14 09:30:20.4871;0.0;3;['LS1', 'F', 'SC1'];0.255;0.0238;10.7;10.955;0.0
200604;851204;2026-04-14 09:30:20.5210;0.0;4;['TG', 'LS1', 'SC1', 'F'];0.062;0.0104;5.952;6.014;5072.912
2488749;A2JNTN;2026-04-14 09:30:20.5619;5915.14;4;['F', 'TG', 'LS1', 'SC1'];0.34;0.0096;35.42;35.76;5950.56
611698;A1XE7G;2026-04-14 09:30:20.6037;3999.6800000000003;4;['TG', 'LS1', 'SC1', 'F'];0.022;0.0239;0.922;0.944;3073.44
1454995;880054;2026-04-14 09:30:20.6696;5917.0;2;['F', 'TG'];0.5;0.0082;61.0;61.5;5978.0
543034;A2PCBS;2026-04-14 09:30:20.7087;0.0;1;['F'];0.031;0.0937;0.331;0.362;0.0
207412;859357;2026-04-14 09:30:20.7802;4920.3;5;['SC1', 'F', 'TG', 'LS1', 'BB1'];0.89;0.0119;74.55;75.44;4994.849999999999
502316;A41CHS;2026-04-14 09:30:20.8177;0.0;4;['F', 'LS1', 'SC1', 'BB1'];0.1;0.0154;6.5;6.6;0.0
2147830;857127;2026-04-14 09:30:20.8460;1962.5;5;['LS1', 'TG', 'F', 'BB1', 'SC1'];0.9;0.0114;79.0;79.9;2041.0
1693870;A1W9DT;2026-04-14 09:30:20.8927;0.0;5;['TG', 'F', 'LS1', 'SC1', 'BB1'];15.0;0.0161;930.0;945.0;6510.0
1867939;A40F8M;2026-04-14 09:30:20.9379;5844.950000000001;3;['TG', 'LS1', 'SC1'];0.99;0.0246;40.31;41.3;5885.26
501778;857498;2026-04-14 09:30:20.9667;0.0;4;['TG', 'LS1', 'SC1', 'F'];11.0;0.0112;980.5;991.5;3922.0
1735478;A3EDT1;2026-04-14 09:30:21.0056;0.0;3;['TG', 'LS1', 'F'];0.04;0.006;6.71;6.75;3330.0
1041846;A0Q8E2;2026-04-14 09:30:21.0438;4898.25;3;['TG', 'LS1', 'BB1'];1.66;0.0119;139.98;141.64;5038.2
277663;879080;2026-04-14 09:30:21.0730;0.0;3;['F', 'TG', 'BB1'];1.98;0.0185;107.0;108.98;9844.0
2362582;A2DXZE;2026-04-14 09:30:21.1094;0.0;3;['F', 'LS1', 'BB1'];0.04;0.0342;1.17;1.21;0.0
166895;A3DUWU;2026-04-14 09:30:21.1463;0.0;3;['SC1', 'F', 'LS1'];0.22;0.0476;4.62;4.84;0.0
2093786;A0NGSQ;2026-04-14 09:30:21.2234;5857.5;4;['F', 'TG', 'LS1', 'SC1'];0.2;0.0242;8.25;8.45;5865.75
2476008;A14SPA;2026-04-14 09:30:21.2823;0.0;2;['TG', 'BB1'];0.0;0.0;52.0;52.0;3016.0
302453;902961;2026-04-14 09:30:21.3269;5945.160000000001;5;['TG', 'LS1', 'SC1', 'F', 'BB1'];0.0;0.0;4.46;4.46;5949.6
3057555;A41XTL;2026-04-14 09:30:21.3701;;2;['TG', 'LS1'];0.4;0.0339;11.8;12.2;5805.6
951795;A2QLK5;2026-04-14 09:30:21.4223;0.0;2;['LS1', 'F'];0.16;0.0988;1.62;1.78;0.0
605255;A1JATK;2026-04-14 09:30:21.4820;0.0;2;['F', 'LS1'];0.0675;0.0091;7.385;7.4525;0.0
1494839;A12EA8;2026-04-14 09:30:21.5101;5886.45;4;['F', 'TG', 'LS1', 'SC1'];0.84;0.0147;57.16;58.0;5943.599999999999
144813;A0JJ1Q;2026-04-14 09:30:21.5519;5922.75;5;['TG', 'F', 'BB1', 'SC1', 'LS1'];0.148;0.0112;13.252;13.4;5936.0
1519605;891600;2026-04-14 09:30:21.5936;5816.4;4;['F', 'TG', 'SC1', 'BB1'];0.72;0.0162;44.48;45.2;5860.8
2219956;A2JG9J;2026-04-14 09:30:21.6382;0.0;2;['F', 'LS1'];0.08;0.0762;1.05;1.13;0.0
2767140;856788;2026-04-14 09:30:21.6968;0.0;2;['TG', 'BB1'];0.49;0.0072;68.51;69.0;5959.5
2212179;A1J1E2;2026-04-14 09:30:21.7715;0.0;4;['F', 'LS1', 'SC1', 'BB1'];-1.788;-0.1967;9.088;7.3;0.0
3751526;A3D1JL;2026-04-14 09:30:21.8414;0.0;2;['TG', 'F'];0.2;0.0187;10.7;10.9;4900.599999999999
930974;910163;2026-04-14 09:30:21.8889;0.0;2;['F', 'BB1'];3.9;0.0137;284.1;288.0;0.0
1621686;A2P6UE;2026-04-14 09:30:21.9422;4908.2;4;['TG', 'F', 'LS1', 'SC1'];0.2;0.0198;10.12;10.32;4918.32
144815;940699;2026-04-14 09:30:21.9902;0.0;4;['TG', 'SC1', 'F', 'LS1'];1.0;0.0244;41.0;42.0;3936.0
144821;893638;2026-04-14 09:30:22.0273;0.0;3;['LS1', 'BB1', 'F'];2.6;0.1092;23.8;26.4;0.0
104028;888781;2026-04-14 09:30:22.0871;0.0;3;['LS1', 'SC1', 'BB1'];0.14;0.0583;2.4;2.54;0.0
144822;A0LFER;2026-04-14 09:30:22.1348;0.0;4;['F', 'LS1', 'SC1', 'BB1'];1.0;0.0105;95.5;96.5;0.0
144823;A0JDTM;2026-04-14 09:30:22.1769;0.0;1;['BB1'];11.0;0.0564;195.0;206.0;0.0
144828;579253;2026-04-14 09:30:22.2283;0.0;3;['LS1', 'SC1', 'BB1'];16.0;0.0567;282.0;298.0;0.0
576556;A2AC61;2026-04-14 09:30:22.3360;0.0;5;['TG', 'SC1', 'F', 'BB1', 'LS1'];0.3;0.037;8.1;8.4;3863.7
757891;A2N5RY;2026-04-14 09:30:22.3918;0.0;5;['TG', 'LS1', 'SC1', 'F', 'BB1'];0.51;0.0073;69.68;70.19;9939.93
1824364;A1JS4X;2026-04-14 09:30:22.4350;8773.800000000001;4;['TG', 'F', 'LS1', 'SC1'];2.25;0.0215;104.5;106.75;8878.25
1015179;A3CQZY;2026-04-14 09:30:22.5141;0.0;4;['TG', 'F', 'LS1', 'BB1'];1.0;0.006;168.0;169.0;3024.0
2074029;A3EE5F;2026-04-14 09:30:22.6234;0.0;4;['TG', 'SC1', 'LS1', 'F'];0.05;0.0077;6.5;6.55;2964.0
3272833;A3DHPC;2026-04-14 09:30:22.6949;0.0;5;['TG', 'F', 'LS1', 'SC1', 'BB1'];0.475;0.0096;49.49;49.965;9945.48
839135;A1JFMW;2026-04-14 09:30:22.7260;4625.5;4;['TG', 'F', 'LS1', 'SC1'];2.0;0.0048;420.5;422.5;5046.0
543043;694482;2026-04-14 09:30:22.7697;0.0;2;['LS1', 'TG'];0.2;0.0088;22.6;22.8;10077.6
2307893;A1W02H;2026-04-14 09:30:22.8091;0.0;1;['BB1'];4.0;0.0313;127.7;131.7;0.0
2430015;A2N4PN;2026-04-14 09:30:22.8475;0.0;1;['LS1'];1.37;1.1709;1.17;2.54;0.0
321937;A0CA2A;2026-04-14 09:30:22.8831;0.0;1;['BB1'];0.285;0.0096;29.75;30.035;0.0
1755438;924153;2026-04-14 09:30:22.9128;0.0;4;['BB1', 'F', 'SC1', 'TG'];1.0;0.0132;76.0;77.0;4832.0
231274;A0RGRD;2026-04-14 09:30:22.9538;0.0;1;['BB1'];0.58;0.1801;3.22;3.8;0.0
748869;A142VP;2026-04-14 09:30:22.9993;11222.445;5;['TG', 'F', 'LS1', 'SC1', 'DE'];0.04;0.0025;16.015;16.055;6039.375
147266;A0NAKZ;2026-04-14 09:30:23.0289;0.0;3;['SC1', 'LS1', 'F'];0.5;0.0467;10.7;11.2;0.0
1256614;881782;2026-04-14 09:30:23.0662;0.0;2;['BB1', 'F'];1.6;0.0324;49.4;51.0;0.0
268001;908170;2026-04-14 09:30:23.1568;5887.7771999999995;4;['TG', 'LS1', 'F', 'BB1'];0.0126;0.0166;0.7604;0.773;5888.5376
1343988;A3C9LR;2026-04-14 09:30:23.1901;0.0;2;['BB1', 'F'];0.232;0.026;8.92;9.152;0.0
3043832;A3DNV1;2026-04-14 09:30:23.2523;0.0;4;['LS1', 'F', 'SC1', 'BB1'];0.022;0.0027;8.274;8.296;0.0
375478;A1CUUM;2026-04-14 09:30:23.3110;0.0;4;['TG', 'F', 'LS1', 'BB1'];0.2;0.0156;12.8;13.0;4928.0
103641;853986;2026-04-14 09:30:23.4290;0.0;5;['TG', 'SC1', 'LS1', 'F', 'DE'];0.135;0.0041;32.61;32.745;6522.0
1434046;A0DLHS;2026-04-14 09:30:23.4583;0.0;5;['TG', 'LS1', 'SC1', 'F', 'BB1'];0.52;0.0092;56.62;57.14;4980.8
2827589;A2DM1T;2026-04-14 09:30:23.5088;0.0;2;['BB1', 'F'];1.5;0.018;83.47;84.97;0.0
1616017;919175;2026-04-14 09:30:23.5551;0.0;5;['SC1', 'F', 'TG', 'LS1', 'BB1'];0.5;0.0087;57.5;58.0;9804.0
3019606;A1T9C5;2026-04-14 09:30:23.6111;5903.999999999999;5;['TG', 'F', 'LS1', 'SC1', 'BB1'];0.45;0.0137;32.82;33.27;5936.799999999999
675603;A0CBFZ;2026-04-14 09:30:23.6569;0.0;4;['SC1', 'F', 'LS1', 'BB1'];0.0;0.0;45.4667576;45.4667576;0.0
987466;A2P60S;2026-04-14 09:30:23.7038;0.0;3;['LS1', 'F', 'BB1'];0.1;0.0017;58.4;58.5;0.0
103868;871394;2026-04-14 09:30:23.7517;9880.185000000001;4;['TG', 'F', 'LS1', 'SC1'];0.205;0.0106;19.335;19.54;9899.52
200822;895791;2026-04-14 09:30:23.7856;5922.0;4;['TG', 'LS1', 'SC1', 'BB1'];0.099;0.0118;8.4;8.499;5930.400000000001
103791;864439;2026-04-14 09:30:23.8221;0.0;5;['LS1', 'SC1', 'F', 'TG', 'BB1'];0.2;0.0141;14.2;14.4;6902.0
807806;851271;2026-04-14 09:30:23.8690;5796.000000000001;3;['BB1', 'TG', 'SC1'];0.4;0.0247;16.2;16.6;5812.1
1467755;A2JCE7;2026-04-14 09:30:23.9073;0.0;2;['F', 'LS1'];0.18;0.0776;2.32;2.5;0.0
200845;898521;2026-04-14 09:30:23.9443;0.0;3;['TG', 'LS1', 'F'];2.75;0.0236;116.7;119.45;9802.800000000001
200650;859888;2026-04-14 09:30:23.9692;9885.96;4;['TG', 'LS1', 'F', 'SC1'];0.56;0.0071;78.46;79.02;9964.42
855113;868056;2026-04-14 09:30:24.0238;0.0;5;['SC1', 'TG', 'F', 'LS1', 'BB1'];0.149;0.0116;12.825;12.974;5925.15
1275124;923728;2026-04-14 09:30:24.0691;9709.699999999999;5;['TG', 'LS1', 'SC1', 'F', 'BB1'];2.7;0.0214;126.3;129.0;9835.8
147273;870932;2026-04-14 09:30:24.1111;3896.2000000000003;3;['F', 'TG', 'BB1'];0.378;0.0234;16.122;16.5;3912.3
201023;927014;2026-04-14 09:30:24.1880;0.0;2;['TG', 'BB1'];0.37;0.0216;17.13;17.5;9747.0
880190;A2PH3J;2026-04-14 09:30:24.2246;5801.175;4;['TG', 'LS1', 'F', 'BB1'];0.01;0.011;0.905;0.915;5802.06
2383983;A119D1;2026-04-14 09:30:24.2610;0.0;1;['BB1'];1.5;0.0223;67.18;68.68;0.0
2502693;A3DQHT;2026-04-14 09:30:24.2899;4880.4;2;['TG', 'BB1'];0.288;0.0196;14.706;14.994;4895.099999999999
394830;887890;2026-04-14 09:30:24.3347;5946.599999999999;1;['TG'];0.05;0.0053;9.35;9.4;5955.95
2547941;A2N5NP;2026-04-14 09:30:24.3714;0.0;3;['LS1', 'F', 'TG'];0.17;0.0122;13.975;14.145;5911.425
191226;854693;2026-04-14 09:30:24.4260;15048.494999999999;5;['TG', 'SC1', 'LS1', 'DE', 'F'];0.085;0.0051;16.58;16.665;3041.2200000000003
723394;889997;2026-04-14 09:30:24.4737;5708.599999999999;3;['TG', 'LS1', 'SC1'];2.9;0.0117;248.2;251.1;3268.2000000000003
328231;A0YGZH;2026-04-14 09:30:24.5088;0.0;1;['F'];0.0035;0.0047;0.7515;0.755;0.0
118434;A1W8D3;2026-04-14 09:30:24.5368;0.0;3;['F', 'LS1', 'BB1'];0.05;0.0016;31.9;31.95;0.0
895066;A1KAFY;2026-04-14 09:30:24.5808;0.0;4;['F', 'LS1', 'SC1', 'BB1'];0.02;0.0006;34.06;34.08;0.0
3672213;A2PMGD;2026-04-14 09:30:24.6687;0.0;3;['SC1', 'LS1', 'BB1'];1.0;0.0167;60.0;61.0;0.0
412656;A41AV3;2026-04-14 09:30:24.7155;0.0;5;['TG', 'F', 'LS1', 'SC1', 'BB1'];0.05;0.0287;1.74;1.79;4964.22
2496499;A0JD3R;2026-04-14 09:30:24.7583;0.0;5;['TG', 'LS1', 'F', 'SC1', 'BB1'];0.12;0.0146;8.205;8.325;4794.405000000001
104235;917076;2026-04-14 09:30:24.7980;0.0;0;[];0.305;0.0351;8.695;9.0;0.0
1033164;A2DPX6;2026-04-14 09:30:24.8681;0.0;2;['F', 'LS1'];0.0;0.0;36.7;36.7;0.0
675850;A3CWEW;2026-04-14 09:30:24.9265;0.0;5;['TG', 'F', 'SC1', 'LS1', 'BB1'];0.14;0.0282;4.96;5.1;4762.8
370053;A3CU0F;2026-04-14 09:30:24.9567;0.0;2;['F', 'BB1'];0.0038;0.0039;0.96975;0.9735;0.0
103564;851292;2026-04-14 09:30:24.9960;0.0;5;['TG', 'F', 'LS1', 'SC1', 'BB1'];0.14;0.0047;29.96;30.1;4917.0
929888;879539;2026-04-14 09:30:25.0510;0.0;3;['F', 'LS1', 'BB1'];0.0;0.0;15.475;15.475;0.0
962020;A0DPR3;2026-04-14 09:30:25.1055;0.0;3;['F', 'LS1', 'BB1'];0.0;0.0;16.515;16.515;0.0
847540;888286;2026-04-14 09:30:25.1510;0.0;4;['F', 'SC1', 'TG', 'LS1'];1.0;0.0078;128.3;129.3;10007.400000000001
1992108;A3CNVP;2026-04-14 09:30:25.2426;0.0;2;['F', 'BB1'];0.0;0.0;7.872;7.872;0.0
1800785;A2ALR9;2026-04-14 09:30:25.3354;9966.6;5;['LS1', 'TG', 'F', 'SC1', 'BB1'];0.25;0.0028;88.25;88.5;10054.800000000001
194091;A0ERTZ;2026-04-14 09:30:25.3850;0.0;4;['TG', 'F', 'LS1', 'SC1'];0.268;0.0206;13.0;13.268;9893.0
914067;A113GG;2026-04-14 09:30:25.4192;0.0;4;['TG', 'F', 'LS1', 'BB1'];0.4;0.0178;22.48;22.88;3934.0
2916169;A1J2CU;2026-04-14 09:30:25.4746;0.0;3;['F', 'LS1', 'BB1'];0.0;0.0;176.75;176.75;0.0
1401277;A1XB6K;2026-04-14 09:30:25.5127;0.0;5;['TG', 'LS1', 'F', 'SC1', 'BB1'];0.022;0.029;0.759;0.781;2916.078
103565;851297;2026-04-14 09:30:25.5489;9855.95;5;['LS1', 'TG', 'SC1', 'F', 'DE'];0.66;0.0039;167.7;168.36;10023.0
1137418;A3D6RC;2026-04-14 09:30:25.6017;0.0;5;['TG', 'F', 'LS1', 'SC1', 'BB1'];0.35;0.0184;19.05;19.4;4932.9
1908176;A3CSN0;2026-04-14 09:30:25.6442;5891.86;5;['TG', 'LS1', 'SC1', 'F', 'BB1'];0.06;0.0107;5.59;5.65;5897.45
752700;A140KD;2026-04-14 09:30:25.6941;12052.96;5;['F', 'TG', 'LS1', 'SC1', 'DE'];0.09;0.0043;21.17;21.26;6043.52
1884235;A2PDZF;2026-04-14 09:30:25.7343;0.0;4;['F', 'LS1', 'SC1', 'BB1'];0.004;0.0005;8.876;8.88;0.0
625987;894306;2026-04-14 09:30:25.7738;0.0;4;['TG', 'F', 'LS1', 'BB1'];0.87;0.0123;70.98;71.85;9866.220000000001
972136;A2P9A4;2026-04-14 09:30:25.7990;0.0;5;['SC1', 'TG', 'LS1', 'BB1', 'F'];0.0;0.0;5.4;5.4;6075.0
220481;891252;2026-04-14 09:30:25.8567;5859.0;3;['TG', 'F', 'BB1'];0.388;0.0205;18.908;19.296;5877.9
147281;A0MX4M;2026-04-14 09:30:25.8981;0.0;3;['SC1', 'LS1', 'F'];1.2;0.0382;31.4;32.6;0.0
1822691;A2AQ05;2026-04-14 09:30:25.9458;0.0;3;['LS1', 'F', 'BB1'];0.785;0.02;39.2;39.985;0.0
147282;A0JKBX;2026-04-14 09:30:25.9872;0.0;3;['TG', 'LS1', 'BB1'];0.1;0.0127;7.85;7.95;5911.05
2275037;A2QMYY;2026-04-14 09:30:26.0289;9081.8;4;['TG', 'LS1', 'SC1', 'F'];0.12;0.0066;18.2;18.32;9100.0
1574838;A2DH1A;2026-04-14 09:30:26.0555;9674.0;5;['TG', 'F', 'LS1', 'SC1', 'DE'];2.8;0.0101;276.4;279.2;9950.4
1363443;853788;2026-04-14 09:30:26.0997;0.0;1;['F'];1.6;0.0625;25.6;27.2;0.0
101347;A3CRL8;2026-04-14 09:30:26.1339;0.0;4;['LS1', 'F', 'SC1', 'BB1'];0.008;0.0005;15.812;15.82;0.0
1770219;A3CVQD;2026-04-14 09:30:26.1952;3894.0;5;['TG', 'F', 'LS1', 'SC1', 'BB1'];0.06;0.0227;2.64;2.7;3896.6400000000003
103813;866953;2026-04-14 09:30:26.2340;19686.0;5;['TG', 'LS1', 'F', 'SC1', 'DE'];0.45;0.0016;289.9;290.35;19975.5
854569;A2N7M5;2026-04-14 09:30:26.2885;0.0;3;['F', 'LS1', 'BB1'];1.0;0.0943;10.6;11.6;0.0
653591;858326;2026-04-14 09:30:26.3327;0.0;2;['TG', 'BB1'];-0.06;-0.0029;20.4;20.34;6854.4
103846;870153;2026-04-14 09:30:26.3858;14866.5;5;['F', 'TG', 'LS1', 'SC1', 'DE'];1.0;0.005;198.22;199.22;8168.0199999999995
1636830;A1H9GK;2026-04-14 09:30:26.4464;0.0;0;[];0.22;0.0873;2.52;2.74;0.0
131202;347443;2026-04-14 09:30:26.4765;0.0;2;['SC1', 'LS1'];0.7;0.0476;14.7;15.4;0.0
501783;850875;2026-04-14 09:30:26.5399;9955.66;4;['F', 'TG', 'LS1', 'SC1'];0.075;0.0043;17.41;17.485;6032.325
909620;918239;2026-04-14 09:30:26.5715;5957.295999999999;4;['TG', 'F', 'LS1', 'SC1'];0.07;0.0041;17.2;17.27;5975.160000000001
983132;A14WN3;2026-04-14 09:30:26.6106;9900.0;5;['TG', 'F', 'LS1', 'SC1', 'BB1'];1.18;0.0089;132.02;133.2;10032.0
2301638;A2N69Z;2026-04-14 09:30:26.6655;0.0;2;['BB1', 'F'];2.5;0.0275;91.0;93.5;0.0
2073605;A2PZ2D;2026-04-14 09:30:26.7061;14728.8;5;['LS1', 'TG', 'F', 'SC1', 'DE'];1.2;0.0055;217.1;218.3;6137.599999999999
250193;A2JN56;2026-04-14 09:30:26.8236;0.0;2;['LS1', 'SC1'];0.6;0.0135;44.4;45.0;0.0
919464;A2ACSM;2026-04-14 09:30:26.8790;0.0;4;['TG', 'LS1', 'SC1', 'BB1'];8.4;0.0185;454.7;463.1;9990.2
888741;A12CWQ;2026-04-14 09:30:26.9263;0.0;5;['TG', 'DE', 'LS1', 'F', 'SC1'];1.5;0.0086;173.5;175.0;5865.0
130754;A1JGC5;2026-04-14 09:30:26.9521;0.0;2;['F', 'LS1'];0.0;0.0;7.436;7.436;0.0
149025;885365;2026-04-14 09:30:27.0481;6716.5;4;['TG', 'LS1', 'SC1', 'F'];3.4;0.0177;191.9;195.3;6908.400000000001
149026;867622;2026-04-14 09:30:27.0846;6893.904;5;['TG', 'LS1', 'SC1', 'F', 'DE'];0.118;0.0084;14.022;14.14;6907.916
609119;A1JE8X;2026-04-14 09:30:27.1264;0.0;4;['TG', 'LS1', 'F', 'SC1'];4.9;0.0147;332.9;337.8;9987.0
549963;A0DQGM;2026-04-14 09:30:27.1675;5828.0;4;['TG', 'LS1', 'SC1', 'BB1'];0.3;0.0254;11.8;12.1;5839.75
1261907;A0DKTV;2026-04-14 09:30:27.2080;0.0;5;['F', 'TG', 'LS1', 'SC1', 'BB1'];2.0;0.0187;107.0;109.0;5992.0
1492898;A3ES40;2026-04-14 09:30:27.2592;14820.0;4;['TG', 'LS1', 'F', 'SC1'];0.31;0.0051;60.22;60.53;14880.0
2716840;A2AF74;2026-04-14 09:30:27.3145;0.0;4;['TG', 'F', 'LS1', 'BB1'];0.3;0.0234;12.8;13.1;4851.2
1426702;A2JL12;2026-04-14 09:30:27.3560;0.0;5;['TG', 'F', 'SC1', 'LS1', 'BB1'];0.1;0.038;2.63;2.73;4755.04
780380;A0YAKV;2026-04-14 09:30:27.4063;9822.150000000001;5;['TG', 'LS1', 'SC1', 'F', 'BB1'];1.0;0.0074;134.85;135.85;9956.7
2959916;A3EUR0;2026-04-14 09:30:27.4391;;4;['TG', 'LS1', 'SC1', 'F'];0.38;0.0112;33.82;34.2;9843.119999999999
122914;A3CQZU;2026-04-14 09:30:27.4809;5954.639999999999;5;['TG', 'F', 'LS1', 'SC1', 'BB1'];0.3;0.0087;34.62;34.92;5989.259999999999
166923;A0RF6V;2026-04-14 09:30:27.5108;5849.2;5;['TG', 'LS1', 'SC1', 'F', 'BB1'];0.8;0.0191;41.78;42.58;5890.9800000000005
2300849;A3DP3Q;2026-04-14 09:30:27.5770;0.0;4;['SC1', 'F', 'LS1', 'BB1'];0.34;0.0118;28.75;29.09;0.0
992455;A0LBNM;2026-04-14 09:30:27.6253;0.0;4;['F', 'BB1', 'SC1', 'LS1'];1.5;0.0254;59.0;60.5;0.0
2087661;894139;2026-04-14 09:30:27.6705;0.0;1;['F'];2.0;0.0183;109.0;111.0;0.0
2842283;A2AKNG;2026-04-14 09:30:27.7124;5418.0;4;['TG', 'LS1', 'SC1', 'F'];13.5;0.0299;451.5;465.0;5869.5
1841537;A2PVC6;2026-04-14 09:30:27.8320;0.0;5;['TG', 'LS1', 'F', 'SC1', 'BB1'];0.04;0.0198;2.02;2.06;1926.0
769792;602224;2026-04-14 09:30:27.8969;6905.6;4;['TG', 'F', 'LS1', 'SC1'];1.05;0.0097;107.9;108.95;7013.5
857350;A3EW2K;2026-04-14 09:30:27.9545;0.0;4;['SC1', 'F', 'LS1', 'BB1'];0.6;0.0455;13.2;13.8;0.0
847095;A2ATTS;2026-04-14 09:30:28.0044;0.0;0;[];0.0;0.0;0.0;0.0;0.0
2647781;A0MRJ7;2026-04-14 09:30:28.0496;0.0;2;['F', 'LS1'];0.0;0.0;79.84;79.84;0.0
504670;A2AJTS;2026-04-14 09:30:28.0917;0.0;4;['TG', 'F', 'LS1', 'BB1'];3.6;0.0193;186.8;190.4;9900.400000000001
765027;A3E2GR;2026-04-14 09:30:28.1370;;2;['TG', 'F'];0.1;0.055;1.819;1.919;3624.8160000000003
365048;936793;2026-04-14 09:30:28.1825;0.0;2;['TG', 'SC1'];0.3;0.0127;23.6;23.9;4911.5
3283244;A409MX;2026-04-14 09:30:28.2243;9841.8;4;['TG', 'LS1', 'F', 'SC1'];0.4;0.0142;28.2;28.6;9870.0
2137797;916694;2026-04-14 09:30:28.2689;0.0;2;['BB1', 'SC1'];2.0;0.0164;122.0;124.0;0.0
101157;A3DWMU;2026-04-14 09:30:28.3387;0.0;3;['TG', 'BB1', 'F'];0.04;0.0222;1.8;1.84;1909.6
687685;A2PLWN;2026-04-14 09:30:28.3875;2863.2;1;['TG'];0.1;0.0417;2.4;2.5;2865.6
2972047;A2PJPB;2026-04-14 09:30:28.4260;0.0;4;['LS1', 'F', 'TG', 'BB1'];0.46;0.0168;27.43;27.89;2959.2
1198020;877444;2026-04-14 09:30:28.4723;0.0;4;['TG', 'F', 'LS1', 'SC1'];1.5;0.0086;173.8;175.3;10080.400000000001
1881754;888210;2026-04-14 09:30:28.5179;9714.0;5;['TG', 'LS1', 'SC1', 'F', 'DE'];3.9;0.008;485.7;489.6;10199.699999999999
1283914;A11404;2026-04-14 09:30:28.5501;0.0;4;['TG', 'F', 'LS1', 'BB1'];0.07;0.0228;3.07;3.14;2445.87
200514;861219;2026-04-14 09:30:28.5836;0.0;5;['SC1', 'TG', 'F', 'DE', 'LS1'];3.0;0.0129;231.7;234.7;5560.799999999999
201025;927079;2026-04-14 09:30:28.6287;14815.68;5;['TG', 'F', 'LS1', 'SC1', 'DE'];0.64;0.006;107.36;108.0;14923.039999999999
146781;929096;2026-04-14 09:30:28.6739;3910.686;4;['TG', 'F', 'LS1', 'BB1'];0.108;0.0229;4.706;4.814;3915.3920000000003
2208641;A2DTD8;2026-04-14 09:30:28.7263;0.0;2;['F', 'BB1'];0.04;0.0606;0.66;0.7;0.0
571962;164676;2026-04-14 09:30:28.7524;0.0;2;['F', 'LS1'];0.2;0.0149;13.4;13.6;0.0
2033455;A2QQ2E;2026-04-14 09:30:28.7955;0.0;4;['SC1', 'TG', 'LS1', 'F'];0.1;0.0162;6.18;6.28;4925.46
2497092;A2H8YL;2026-04-14 09:30:28.8385;0.0;2;['TG', 'BB1'];0.016;0.063;0.254;0.27;1876.806
2811691;A2QNWU;2026-04-14 09:30:28.8752;0.0;5;['TG', 'F', 'LS1', 'SC1', 'BB1'];0.8;0.0303;26.4;27.2;3880.7999999999997
1040603;A2PHD4;2026-04-14 09:30:28.9143;;1;['TG'];0.035;0.0341;1.025;1.06;1060.0
2212254;A2AEDW;2026-04-14 09:30:28.9837;0.0;3;['F', 'SC1', 'BB1'];0.04;0.0012;33.29;33.33;0.0
216583;A2ANZB;2026-04-14 09:30:29.0289;9662.4;3;['TG', 'LS1', 'SC1'];2.52;0.0287;87.84;90.36;9750.24
200825;896133;2026-04-14 09:30:29.0753;0.0;4;['TG', 'LS1', 'SC1', 'F'];0.66;0.0082;80.84;81.5;9943.32
1036914;A1T87A;2026-04-14 09:30:29.1182;0.0;4;['F', 'LS1', 'TG', 'BB1'];0.002;0.0078;0.256;0.258;1919.52
2881410;A3CSBE;2026-04-14 09:30:29.1752;5859.756;5;['LS1', 'TG', 'SC1', 'BB1', 'F'];0.019;0.0075;2.527;2.546;5862.24
1376979;A0YGZB;2026-04-14 09:30:29.2168;0.0;2;['F', 'LS1'];0.6;0.0465;12.9;13.5;0.0
3675097;A2JBRN;2026-04-14 09:30:29.2585;2924.58;4;['F', 'TG', 'LS1', 'BB1'];0.1;0.0211;4.74;4.84;2929.32
254236;936207;2026-04-14 09:30:29.3194;0.0;4;['LS1', 'F', 'SC1', 'BB1'];0.0;0.0;43.53;43.53;0.0
2711098;A4197Y;2026-04-14 09:30:29.4684;0.0;4;['TG', 'F', 'LS1', 'BB1'];0.02;0.0175;1.14;1.16;3869.1199999999994
2040565;A0MJ2D;2026-04-14 09:30:29.5384;4915.76;5;['TG', 'F', 'LS1', 'SC1', 'BB1'];0.06;0.0174;3.44;3.5;4919.2
192192;919668;2026-04-14 09:30:29.5696;7825.5;2;['TG', 'LS1'];0.25;0.0213;11.75;12.0;7837.25
290643;907466;2026-04-14 09:30:29.6323;0.0;5;['LS1', 'TG', 'SC1', 'BB1', 'F'];0.0;0.0;24.995;24.995;7440.0
382171;A0NA9V;2026-04-14 09:30:29.7038;0.0;1;['TG'];0.15;0.0183;8.2;8.35;3927.7999999999997
3105379;A2P070;2026-04-14 09:30:29.7895;9860.62;3;['TG', 'LS1', 'SC1'];0.72;0.0097;74.14;74.86;9934.76
552678;A2AHZS;2026-04-14 09:30:29.8850;0.0;2;['SC1', 'BB1'];1.01;0.0158;64.11;65.12;0.0
1213409;A1JYNM;2026-04-14 09:30:29.9864;9746.1;5;['TG', 'LS1', 'SC1', 'F', 'BB1'];1.79;0.0187;95.55;97.34;9841.65
1641909;907651;2026-04-14 09:30:30.0842;0.0;4;['TG', 'F', 'LS1', 'SC1'];0.35;0.0105;33.3;33.65;9893.6
1834697;A40MSN;2026-04-14 09:30:30.1437;0.0;4;['TG', 'F', 'SC1', 'BB1'];0.2;0.0091;22.0;22.2;5874.0
721135;909619;2026-04-14 09:30:30.2304;9812.5;2;['TG', 'BB1'];0.32;0.0051;62.68;63.0;9875.0
808722;A1JJA3;2026-04-14 09:30:30.2791;9765.14;4;['TG', 'LS1', 'F', 'BB1'];3.06;0.0241;126.9;129.96;9891.96
774951;A0H1E7;2026-04-14 09:30:30.3424;9804.0;3;['TG', 'BB1', 'F'];1.0;0.0155;64.5;65.5;9868.5
526465;A2JLEP;2026-04-14 09:30:30.4145;0.0;2;['SC1', 'BB1'];1.13;0.0245;46.2;47.33;0.0
100409;A400EJ;2026-04-14 09:30:30.4877;0.0;4;['TG', 'LS1', 'F', 'BB1'];0.0445;0.0493;0.9035;0.948;2857.995
556283;A1H74T;2026-04-14 09:30:30.5634;;3;['SC1', 'TG', 'BB1'];0.19;0.008;23.61;23.8;3988.4
103425;A3CMP3;2026-04-14 09:30:30.7116;0.0;3;['TG', 'F', 'LS1'];0.03;0.0265;1.13;1.16;1450.9199999999998
2090403;A1XB32;2026-04-14 09:30:30.8023;;4;['TG', 'F', 'LS1', 'BB1'];0.15;0.0278;5.4;5.55;3893.4
729587;A1XDU6;2026-04-14 09:30:30.8653;0.0;2;['F', 'BB1'];3.45;0.0141;244.55;248.0;0.0
580850;A2PSSH;2026-04-14 09:30:30.9382;0.0;2;['F', 'BB1'];0.036;0.0296;1.216;1.252;0.0
612701;A2AC9U;2026-04-14 09:30:30.9972;0.0;4;['TG', 'F', 'LS1', 'BB1'];0.35;0.0173;20.25;20.6;3939.0
2662164;A2DGXH;2026-04-14 09:30:31.0631;0.0;4;['SC1', 'LS1', 'TG', 'F'];0.5;0.0117;42.88;43.38;5940.860000000001
2022313;A3EKZ2;2026-04-14 09:30:31.1696;0.0;3;['F', 'LS1', 'BB1'];0.2;0.0169;11.8;12.0;0.0
3497165;A2DJYH;2026-04-14 09:30:31.2178;0.0;3;['SC1', 'F', 'LS1'];0.25;0.0459;5.45;5.7;0.0
1581829;A2QRE5;2026-04-14 09:30:31.2911;0.0;4;['TG', 'F', 'LS1', 'BB1'];0.012;0.0588;0.204;0.216;1399.2359999999999
635688;A0MQX8;2026-04-14 09:30:31.3366;0.0;4;['TG', 'F', 'LS1', 'SC1'];2.2;0.0132;166.9;169.1;10014.0
200827;897013;2026-04-14 09:30:31.4104;;3;['F', 'TG', 'BB1'];0.15;0.0173;8.65;8.8;5856.599999999999
103674;855681;2026-04-14 09:30:31.5054;0.0;4;['LS1', 'F', 'SC1', 'DE'];0.07;0.0013;55.86;55.93;0.0
701265;A1169G;2026-04-14 09:30:31.5699;5774.549999999999;1;['TG'];0.25;0.0365;6.85;7.1;5781.4
1068424;A2AMZW;2026-04-14 09:30:31.6046;0.0;2;['TG', 'F'];1.0;0.0135;74.0;75.0;9842.0
594113;A2AG6H;2026-04-14 09:30:31.6359;0.0;4;['SC1', 'TG', 'F', 'LS1'];0.24;0.0201;11.96;12.2;6007.68
131423;A0MQY6;2026-04-14 09:30:31.6727;9883.15;3;['TG', 'LS1', 'SC1'];0.42;0.0066;63.16;63.58;9946.1
1545705;A2PBZV;2026-04-14 09:30:31.7069;0.0;3;['SC1', 'F', 'LS1'];2.0;0.0167;120.0;122.0;0.0
402563;A1JYG7;2026-04-14 09:30:31.7561;0.0;2;['BB1', 'F'];0.375;0.0163;23.025;23.4;0.0
706851;A1W5H0;2026-04-14 09:30:31.8356;0.0;5;['TG', 'F', 'SC1', 'LS1', 'DE'];0.78;0.0056;139.22;140.0;5568.0
1323334;A0MWY3;2026-04-14 09:30:31.8763;9738.300000000001;5;['SC1', 'TG', 'F', 'LS1', 'BB1'];7.65;0.0258;296.0;303.65;10033.400000000001
103569;851399;2026-04-14 09:30:31.9154;15894.8;5;['SC1', 'F', 'TG', 'LS1', 'DE'];0.15;0.0007;201.2;201.35;16096.0
200620;853881;2026-04-14 09:30:31.9591;0.0;4;['F', 'TG', 'LS1', 'SC1'];0.18;0.003;60.8;60.98;9971.199999999999
103570;851413;2026-04-14 09:30:32.0289;;1;['TG'];0.2;0.0065;31.0;31.2;9920.0
199841;924926;2026-04-14 09:30:32.0714;0.0;2;['F', 'LS1'];0.8;0.0296;27.0;27.8;0.0
2587516;A2PYCU;2026-04-14 09:30:32.1285;0.0;1;['BB1'];0.42;0.25;1.68;2.1;0.0
1988433;907551;2026-04-14 09:30:32.1809;5791.2;1;['TG'];0.4;0.0315;12.7;13.1;5803.9
2862079;A0MKCL;2026-04-14 09:30:32.2271;0.0;2;['F', 'LS1'];0.0;0.0;34.308;34.308;0.0
104000;886053;2026-04-14 09:30:32.3084;5007.2;5;['TG', 'LS1', 'F', 'SC1', 'DE'];1.6;0.0051;312.95;314.55;5320.15
150119;888024;2026-04-14 09:30:32.3724;9701.25;5;['TG', 'F', 'LS1', 'SC1', 'DE'];1.05;0.0027;389.55;390.6;10089.300000000001
2109450;A2QA6B;2026-04-14 09:30:32.4135;4818.4;4;['TG', 'LS1', 'SC1', 'BB1'];0.96;0.0302;31.8;32.76;4850.099999999999
3950201;A3D5BY;2026-04-14 09:30:32.5191;0.0;3;['LS1', 'F', 'SC1'];0.35;0.0169;20.66;21.01;0.0
1756461;A3DMJV;2026-04-14 09:30:32.5541;0.0;3;['LS1', 'SC1', 'BB1'];0.07;0.0099;7.09;7.16;0.0
675885;A2ACMZ;2026-04-14 09:30:32.5859;0.0;5;['TG', 'LS1', 'SC1', 'F', 'BB1'];0.92;0.0146;63.22;64.14;5942.68
2882272;A3C4QT;2026-04-14 09:30:32.6248;7633.47;5;['TG', 'LS1', 'BB1', 'SC1', 'F'];0.27;0.0106;25.53;25.8;7659.0
1717781;A2DT49;2026-04-14 09:30:32.6646;0.0;4;['F', 'SC1', 'TG', 'LS1'];0.065;0.0221;2.935;3.0;4862.22
1411872;A1J2CW;2026-04-14 09:30:32.7146;0.0;2;['F', 'LS1'];0.05;0.0012;41.925;41.975;0.0
110851;A3ENPZ;2026-04-14 09:30:32.7744;0.0;1;['F'];0.07;0.0824;0.85;0.92;0.0
205938;A118V4;2026-04-14 09:30:32.8318;0.0;2;['BB1', 'F'];2.0;0.0255;78.5;80.5;0.0
983201;A2JSPM;2026-04-14 09:30:32.8823;0.0;5;['SC1', 'F', 'TG', 'LS1', 'DE'];1.7;0.0117;145.55;147.25;10015.35
2344068;A2JGN8;2026-04-14 09:30:32.9122;0.0;5;['TG', 'F', 'LS1', 'SC1', 'BB1'];0.02;0.0187;1.07;1.09;4843.62
764481;A0YB48;2026-04-14 09:30:32.9600;0.0;5;['BB1', 'TG', 'LS1', 'F', 'SC1'];0.2;0.0065;30.9;31.1;6180.0
2004063;A14MS9;2026-04-14 09:30:32.9974;0.0;4;['SC1', 'TG', 'LS1', 'F'];0.58;0.0061;94.76;95.34;7012.240000000001
248739;A0X789;2026-04-14 09:30:33.0694;0.0;1;['TG'];0.12;0.0385;3.12;3.24;1620.0
1454215;A40EDR;2026-04-14 09:30:33.1253;0.0;3;['SC1', 'LS1', 'BB1'];0.132;0.0364;3.628;3.76;0.0
1398552;A1JNEX;2026-04-14 09:30:33.1722;0.0;1;['TG'];0.2;0.0294;6.8;7.0;2903.6
1847985;A3CUTN;2026-04-14 09:30:33.1947;0.0;2;['F', 'LS1'];0.22;0.0982;2.24;2.46;0.0
156089;A0RGKJ;2026-04-14 09:30:33.2739;9717.4;5;['TG', 'F', 'LS1', 'SC1', 'BB1'];0.15;0.0195;7.7;7.85;9725.1
2666300;A2JPHL;2026-04-14 09:30:33.3182;2939.2000000000003;5;['TG', 'LS1', 'F', 'SC1', 'BB1'];0.3;0.017;17.6;17.9;2956.8
150526;888379;2026-04-14 09:30:33.3613;9771.119999999999;4;['TG', 'LS1', 'F', 'BB1'];1.3;0.0163;79.9;81.2;9850.56
590604;A2PXQ6;2026-04-14 09:30:33.4209;0.0;5;['LS1', 'F', 'TG', 'SC1', 'BB1'];1.0;0.0196;51.0;52.0;3927.0
2151649;876041;2026-04-14 09:30:33.4734;0.0;2;['BB1', 'SC1'];1.48;0.0214;69.0;70.48;0.0
716757;A3EHQ7;2026-04-14 09:30:33.5013;2270.4;3;['TG', 'LS1', 'BB1'];0.28;0.0805;3.48;3.76;2273.84
684026;A2QJAM;2026-04-14 09:30:33.5456;5878.2;3;['TG', 'F', 'LS1'];0.2;0.0198;10.1;10.3;5888.3
103537;850628;2026-04-14 09:30:33.6161;7719.799999999999;5;['SC1', 'F', 'TG', 'LS1', 'DE'];0.3;0.0011;266.25;266.55;7986.0
150567;A0LF36;2026-04-14 09:30:33.6678;0.0;3;['F', 'LS1', 'BB1'];0.4;0.0142;28.2;28.6;0.0
200775;886423;2026-04-14 09:30:33.7105;0.0;3;['TG', 'LS1', 'SC1'];2.2;0.0085;258.5;260.7;4131.2
200754;883746;2026-04-14 09:30:33.7588;0.0;2;['TG', 'BB1'];0.15;0.0156;9.6;9.75;8860.8
705380;A3DJQG;2026-04-14 09:30:33.7988;0.0;5;['TG', 'LS1', 'SC1', 'BB1', 'F'];0.15;0.0308;4.87;5.02;4844.67
1114961;A3CY1L;2026-04-14 09:30:33.8463;0.0;5;['TG', 'F', 'LS1', 'SC1', 'BB1'];1.16;0.0132;88.06;89.22;5978.56
100494;A3DTNN;2026-04-14 09:30:33.8946;0.0;4;['TG', 'SC1', 'F', 'LS1'];1.0;0.0094;106.0;107.0;9858.0
385705;A2P89S;2026-04-14 09:30:33.9427;0.0;4;['TG', 'F', 'LS1', 'BB1'];0.3;0.0165;18.2;18.5;2948.4
2054553;A2PRW6;2026-04-14 09:30:33.9905;1458.816;4;['TG', 'F', 'LS1', 'SC1'];0.016;0.0202;0.793;0.809;823.562
1119248;A112ST;2026-04-14 09:30:34.0419;0.0;4;['TG', 'SC1', 'LS1', 'F'];0.1;0.004;25.0;25.1;74850.0
1493813;A2JMVU;2026-04-14 09:30:34.0819;0.0;4;['TG', 'LS1', 'SC1', 'F'];0.38;0.0097;39.07;39.45;3985.14
3049741;A2DKYC;2026-04-14 09:30:34.1265;0.0;4;['TG', 'F', 'LS1', 'BB1'];0.042;0.0446;0.942;0.984;3811.555
1011131;A0YGY4;2026-04-14 09:30:34.1809;0.0;2;['F', 'LS1'];0.04;0.0009;42.32;42.36;0.0
200532;541867;2026-04-14 09:30:34.2616;5855.9619999999995;3;['TG', 'LS1', 'SC1'];0.096;0.0236;4.061;4.157;5860.023
767569;A0Q87R;2026-04-14 09:30:34.3029;4069.5499999999997;4;['F', 'TG', 'LS1', 'SC1'];0.15;0.0073;20.45;20.6;4090.0
1098081;A0Q6F9;2026-04-14 09:30:34.3784;0.0;3;['LS1', 'SC1', 'BB1'];2.76;0.0251;110.0;112.76;0.0
103613;853260;2026-04-14 09:30:34.4203;26025.75;5;['F', 'TG', 'LS1', 'SC1', 'DE'];0.3;0.0015;201.95;202.25;26214.5
1530668;908217;2026-04-14 09:30:34.4759;0.0;2;['BB1', 'F'];10.0;0.0368;272.0;282.0;0.0
309415;A1JQ41;2026-04-14 09:30:34.5132;0.0;5;['TG', 'F', 'LS1', 'SC1', 'BB1'];0.6;0.016;37.4;38.0;3906.0000000000005
680295;A1C4VT;2026-04-14 09:30:34.5585;0.0;1;['BB1'];0.5;0.0385;13.0;13.5;0.0
2570175;A2PGZM;2026-04-14 09:30:34.6138;0.0;4;['TG', 'F', 'LS1', 'SC1'];0.12;0.0199;6.02;6.14;7356.0
495495;A2PRCV;2026-04-14 09:30:34.6606;0.0;1;['LS1'];0.44;0.0185;23.84;24.28;0.0
1131683;A0YF1W;2026-04-14 09:30:34.7140;;2;['TG', 'BB1'];0.2;0.0077;26.0;26.2;3978.0
2993966;A0RAQX;2026-04-14 09:30:34.7679;0.0;2;['TG', 'LS1'];1.5;0.0163;92.0;93.5;4968.0
2338210;A1T7HQ;2026-04-14 09:30:34.8060;0.0;3;['F', 'LS1', 'BB1'];0.05;0.0009;58.475;58.525;0.0
1056073;A0LEFS;2026-04-14 09:30:34.8496;0.0;3;['TG', 'LS1', 'BB1'];0.595;0.0192;31.04;31.635;5897.599999999999
103805;865884;2026-04-14 09:30:34.8883;13527.0;5;['F', 'TG', 'LS1', 'DE', 'SC1'];6.6;0.0044;1505.0;1511.6;15030.0
2781998;A2QBE8;2026-04-14 09:30:34.9301;0.0;4;['TG', 'BB1', 'LS1', 'SC1'];0.1;0.0074;13.6;13.7;8911.0
639610;A2DQ76;2026-04-14 09:30:34.9692;;3;['F', 'TG', 'BB1'];0.15;0.0275;5.45;5.6;3858.6
243559;A2LQV6;2026-04-14 09:30:35.0012;4948.8;4;['SC1', 'TG', 'LS1', 'F'];0.68;0.0082;82.48;83.16;5031.280000000001
3204072;A2QAHR;2026-04-14 09:30:35.0399;0.0;2;['TG', 'BB1'];0.07;0.0355;1.97;2.04;2863.56
962215;A0YGKY;2026-04-14 09:30:35.0786;0.0;3;['F', 'LS1', 'BB1'];0.0;0.0;7.79;7.79;0.0
104281;922613;2026-04-14 09:30:35.1368;0.0;5;['F', 'LS1', 'SC1', 'TG', 'BB1'];0.3;0.0159;18.9;19.2;4857.299999999999
2569958;884567;2026-04-14 09:30:35.1851;0.0;3;['F', 'LS1', 'BB1'];3.7;0.0134;276.3;280.0;0.0
625932;A0J4J3;2026-04-14 09:30:35.2527;0.0;1;['SC1'];5.0;0.0424;118.0;123.0;0.0
3458347;A3DWPS;2026-04-14 09:30:35.3050;0.0;2;['TG', 'F'];0.0155;0.0852;0.182;0.1975;1841.2939999999999
1485194;A2QR0G;2026-04-14 09:30:35.3519;0.0;4;['F', 'LS1', 'SC1', 'BB1'];0.085;0.0971;0.875;0.96;0.0
1087572;A2DG49;2026-04-14 09:30:35.3783;0.0;5;['TG', 'LS1', 'BB1', 'F', 'SC1'];0.55;0.0336;16.35;16.9;2893.9500000000003
3313819;A3CR8G;2026-04-14 09:30:35.4211;0.0;4;['TG', 'F', 'LS1', 'BB1'];0.2;0.018;11.1;11.3;8857.8
2099347;A2PTTD;2026-04-14 09:30:35.4659;;1;['TG'];0.2;0.008;25.0;25.2;2975.0
194525;A40YLC;2026-04-14 09:30:35.5150;0.0;2;['TG', 'LS1'];0.2;0.0288;6.95;7.15;4851.1
490963;A2QD9Y;2026-04-14 09:30:35.5593;0.0;3;['TG', 'F', 'LS1'];1.0;0.0149;67.2;68.2;14807.0
757441;A0MXKB;2026-04-14 09:30:35.5993;0.0;3;['F', 'LS1', 'BB1'];1.046;0.094;11.126;12.172;0.0
151395;876635;2026-04-14 09:30:35.6278;0.0;5;['TG', 'LS1', 'F', 'BB1', 'SC1'];1.49;0.0343;43.41;44.9;9680.429999999998
116943;A2QLX7;2026-04-14 09:30:35.6550;0.0;4;['TG', 'LS1', 'F', 'BB1'];0.12;0.0146;8.22;8.34;4899.120000000001
1039682;855783;2026-04-14 09:30:35.7034;0.0;5;['SC1', 'F', 'TG', 'LS1', 'BB1'];0.755;0.0227;33.24;33.995;8798.0
3530479;A0YFMB;2026-04-14 09:30:35.7541;5846.85;2;['TG', 'BB1'];0.2;0.0219;9.15;9.35;5856.0
463728;A3EEHU;2026-04-14 09:30:35.7983;0.0;4;['LS1', 'TG', 'F', 'SC1'];-0.01;-0.0007;14.8;14.79;8842.68
1242654;A1W0R0;2026-04-14 09:30:35.8787;0.0;2;['F', 'LS1'];0.0;0.0;27.7;27.7;0.0
438398;A0DQW9;2026-04-14 09:30:35.9225;0.0;2;['F', 'LS1'];0.35;0.0052;66.85;67.2;0.0
1174876;A2JQPZ;2026-04-14 09:30:35.9812;9893.715;4;['SC1', 'TG', 'F', 'LS1'];0.165;0.0075;22.035;22.2;5560.0
700646;868040;2026-04-14 09:30:36.0793;0.0;3;['F', 'LS1', 'BB1'];0.1;0.0439;2.28;2.38;0.0
178283;869353;2026-04-14 09:30:36.1103;0.0;5;['LS1', 'TG', 'SC1', 'F', 'DE'];0.36;0.0197;18.27;18.63;6887.79
1041759;A12B6J;2026-04-14 09:30:36.1498;0.0;5;['TG', 'LS1', 'SC1', 'F', 'DE'];1.55;0.0055;281.75;283.3;10143.0
3257420;A40NJT;2026-04-14 09:30:36.1903;0.0;3;['F', 'TG', 'BB1'];0.15;0.0242;6.2;6.35;2498.6
1733163;896864;2026-04-14 09:30:36.2210;0.0;4;['F', 'LS1', 'SC1', 'BB1'];1.4;0.0569;24.6;26.0;0.0
1452897;905164;2026-04-14 09:30:36.2638;5880.599999999999;3;['F', 'BB1', 'TG'];0.38;0.0157;24.205;24.585;5904.8
1207091;A12EMH;2026-04-14 09:30:36.3109;0.0;1;['BB1'];0.4;0.018;22.2;22.6;0.0
1457042;A2DNR8;2026-04-14 09:30:36.3394;0.0;5;['SC1', 'TG', 'F', 'LS1', 'BB1'];0.3;0.0251;11.96;12.26;5742.178
200629;855178;2026-04-14 09:30:36.3862;9883.28;5;['TG', 'LS1', 'SC1', 'F', 'DE'];0.6;0.0073;81.89;82.49;9964.960000000001
501793;883111;2026-04-14 09:30:36.4141;0.0;2;['TG', 'F'];0.4;0.0205;19.5;19.9;9789.0
432368;A1H6GK;2026-04-14 09:30:36.4643;11842.7;5;['TG', 'F', 'LS1', 'SC1', 'DE'];0.34;0.0126;27.09;27.43;11865.42
2596838;A2P39A;2026-04-14 09:30:36.4887;0.0;5;['SC1', 'LS1', 'F', 'BB1', 'TG'];0.5;0.036;13.9;14.4;3946.8
2447145;A2APEC;2026-04-14 09:30:36.5275;9670.4;4;['SC1', 'TG', 'LS1', 'F'];2.7;0.0089;302.2;304.9;9972.6
1564783;KGX887;2026-04-14 09:30:36.5784;0.0;3;['F', 'LS1', 'BB1'];0.0;0.0;11.3175;11.3175;0.0
304188;863669;2026-04-14 09:30:36.6122;0.0;1;['BB1'];2.78;0.0233;119.24;122.02;0.0
2433320;A2PWTB;2026-04-14 09:30:36.6369;0.0;3;['LS1', 'F', 'BB1'];0.0;0.0;26.05;26.05;0.0
2797984;A1XD6Z;2026-04-14 09:30:36.6599;0.0;5;['F', 'TG', 'LS1', 'SC1', 'BB1'];0.695;0.0287;24.2;24.895;3872.0
2036637;A0X92U;2026-04-14 09:30:36.7176;0.0;2;['LS1', 'BB1'];3.6;0.2118;17.0;20.6;0.0
2697389;A3ECGY;2026-04-14 09:30:36.7611;0.0;4;['TG', 'LS1', 'SC1', 'BB1'];1.41;0.0268;52.58;53.99;4882.5
351937;A2N6P0;2026-04-14 09:30:36.8018;0.0;5;['TG', 'LS1', 'SC1', 'BB1', 'F'];0.96;0.0273;35.12;36.08;4881.679999999999
241136;884195;2026-04-14 09:30:36.8417;7846.305;4;['F', 'TG', 'LS1', 'SC1'];0.201;0.0177;11.355;11.556;7857.66
654192;A2AJ7G;2026-04-14 09:30:36.8667;0.0;0;[];0.0;0.0;41.32;41.32;0.0
1308954;940936;2026-04-14 09:30:36.9066;0.0;4;['LS1', 'SC1', 'BB1', 'F'];0.4;0.0165;24.2;24.6;0.0
100033;A2DK07;2026-04-14 09:30:36.9510;0.0;3;['F', 'LS1', 'BB1'];0.06;0.0014;43.1;43.16;0.0
3835728;A3D9X7;2026-04-14 09:30:37.0120;0.0;1;['F'];0.045;0.0025;18.18;18.225;0.0
101051;A2PJSK;2026-04-14 09:30:37.0437;0.0;5;['SC1', 'TG', 'F', 'LS1', 'BB1'];0.9;0.0146;61.68;62.58;8879.039999999999
331562;888358;2026-04-14 09:30:37.0984;4868.976;5;['LS1', 'TG', 'F', 'SC1', 'BB1'];0.068;0.0288;2.359;2.427;4871.335
104060;893161;2026-04-14 09:30:37.1390;0.0;5;['SC1', 'LS1', 'TG', 'F', 'BB1'];0.3;0.0242;12.4;12.7;3811.5
1541828;A2PBCB;2026-04-14 09:30:37.1637;0.0;3;['TG', 'LS1', 'SC1'];0.03;0.0135;2.22;2.25;3852.21
1671574;A14TU4;2026-04-14 09:30:37.1915;14468.058;5;['TG', 'LS1', 'SC1', 'F', 'DE'];0.084;0.0044;19.062;19.146;5137.023999999999
480256;A0YAND;2026-04-14 09:30:37.2297;9876.58;4;['SC1', 'TG', 'LS1', 'F'];0.27;0.0043;62.71;62.98;4729.5
1639545;A3CTLH;2026-04-14 09:30:37.2830;;3;['TG', 'F', 'SC1'];0.08;0.0289;2.77;2.85;9635.16
200605;851544;2026-04-14 09:30:37.3108;9883.12;5;['LS1', 'TG', 'F', 'SC1', 'DE'];0.37;0.0064;57.51;57.88;9940.58
834456;776950;2026-04-14 09:30:37.3347;0.0;5;['TG', 'LS1', 'F', 'SC1', 'BB1'];0.084;0.0151;5.57;5.654;4912.740000000001
1335185;A1JVSJ;2026-04-14 09:30:37.3785;0.0;3;['F', 'LS1', 'BB1'];0.0;0.0;62.3;62.3;0.0
2932422;A2JH2F;2026-04-14 09:30:37.4218;0.0;5;['TG', 'F', 'LS1', 'SC1', 'BB1'];0.9;0.004;227.2;228.1;6107.4
1041325;A2DHB8;2026-04-14 09:30:37.4716;0.0;3;['F', 'LS1', 'BB1'];0.04;0.001;39.26;39.3;0.0
228845;854118;2026-04-14 09:30:37.5246;0.0;1;['TG'];1.0;0.0152;66.0;67.0;6006.0
1282940;A41B50;2026-04-14 09:30:37.5851;4882.8195;2;['TG', 'LS1'];0.078;0.0397;1.967;2.045;4884.786
226265;A143UH;2026-04-14 09:30:37.6331;0.0;5;['TG', 'LS1', 'SC1', 'F', 'BB1'];0.178;0.0242;7.342;7.52;2904.7200000000003
646881;865545;2026-04-14 09:30:37.6807;0.0;0;[];0.275;0.0201;13.7;13.975;0.0
2639190;A3C5GK;2026-04-14 09:30:37.7220;9814.07;4;['TG', 'LS1', 'SC1', 'F'];0.215;0.0196;10.99;11.205;9825.06
200401;576798;2026-04-14 09:30:37.7515;0.0;2;['LS1', 'BB1'];2.1;0.1448;14.5;16.6;0.0
275720;A0B68Y;2026-04-14 09:30:37.7935;0.0;3;['TG', 'BB1', 'LS1'];0.16;0.0432;3.7;3.86;3825.8
668849;A1W61X;2026-04-14 09:30:37.8326;0.0;3;['TG', 'LS1', 'BB1'];0.61;0.0183;33.25;33.86;4921.0
1369922;254570;2026-04-14 09:30:37.8771;0.0;2;['TG', 'LS1'];0.64;0.0251;25.46;26.1;7332.4800000000005
3807999;A2DJND;2026-04-14 09:30:37.9176;0.0;4;['BB1', 'TG', 'LS1', 'SC1'];0.92;0.0088;104.08;105.0;3952.0
758223;A2P93Z;2026-04-14 09:30:37.9742;0.0;4;['TG', 'F', 'SC1', 'LS1'];0.3;0.0192;15.65;15.95;8748.35
2988999;904523;2026-04-14 09:30:38.0188;0.0;2;['LS1', 'BB1'];3.0;0.0429;70.0;73.0;0.0
1497695;A1JZ6S;2026-04-14 09:30:38.0604;0.0;3;['TG', 'LS1', 'BB1'];7.9;0.0293;269.4;277.3;8890.199999999999
353750;866808;2026-04-14 09:30:38.0964;0.0;5;['TG', 'LS1', 'F', 'SC1', 'BB1'];0.2;0.0165;12.1;12.3;3912.0
315058;919518;2026-04-14 09:30:38.1290;0.0;4;['SC1', 'LS1', 'F', 'BB1'];0.8;0.0497;16.1;16.9;0.0
713126;884625;2026-04-14 09:30:38.1547;5898.92;4;['TG', 'F', 'LS1', 'SC1'];0.44;0.0133;33.14;33.58;5932.06
1274489;A2PM3H;2026-04-14 09:30:38.1969;9699.2;5;['TG', 'LS1', 'SC1', 'DE', 'F'];2.0;0.0066;303.1;305.1;10002.300000000001
132971;729780;2026-04-14 09:30:38.2384;0.0;5;['TG', 'LS1', 'F', 'SC1', 'BB1'];0.0;0.0;94.43;94.43;9400.0
1050664;A40C39;2026-04-14 09:30:38.2703;0.0;1;['BB1'];4.05;0.0182;222.25;226.3;0.0
1038002;860095;2026-04-14 09:30:38.3105;0.0;3;['SC1', 'F', 'LS1'];0.6;0.0213;28.2;28.8;0.0
2638307;A1XD2P;2026-04-14 09:30:38.3666;0.0;3;['SC1', 'TG', 'BB1'];0.1;0.0116;8.6;8.7;8823.6
440639;897575;2026-04-14 09:30:38.4033;0.0;2;['TG', 'BB1'];0.15;0.0197;7.6;7.75;4871.599999999999
377583;A40L1V;2026-04-14 09:30:38.4525;5950.099999999999;5;['TG', 'LS1', 'SC1', 'F', 'DE'];0.45;0.002;228.85;229.3;6178.95
1165035;A12FFH;2026-04-14 09:30:38.5035;0.0;2;['BB1', 'F'];1.78;0.0159;112.0;113.78;0.0
1425057;A2ATEK;2026-04-14 09:30:38.5433;9905.519999999999;4;['TG', 'LS1', 'SC1', 'F'];0.32;0.0089;35.76;36.08;9941.279999999999
492097;858141;2026-04-14 09:30:38.5862;0.0;1;['BB1'];2.0;0.0166;120.62;122.62;0.0
1823454;899376;2026-04-14 09:30:38.6470;0.0;4;['TG', 'F', 'LS1', 'BB1'];0.2;0.0488;4.1;4.3;3817.0999999999995
2125388;887830;2026-04-14 09:30:38.7046;0.0;5;['TG', 'F', 'LS1', 'SC1', 'BB1'];3.0;0.0213;141.0;144.0;9729.0
294073;A110MJ;2026-04-14 09:30:38.7505;0.0;5;['TG', 'F', 'LS1', 'SC1', 'BB1'];0.25;0.0263;9.5;9.75;2926.0
102664;A117UE;2026-04-14 09:30:38.7897;0.0;5;['TG', 'F', 'LS1', 'SC1', 'BB1'];0.4;0.0058;69.2;69.6;4982.400000000001
2883957;A2QG8U;2026-04-14 09:30:38.8298;0.0;3;['F', 'LS1', 'BB1'];0.0;0.0;3.676;3.676;0.0
1008526;A2P5PP;2026-04-14 09:30:38.8796;;4;['TG', 'F', 'BB1', 'SC1'];0.18;0.0446;4.04;4.22;1434.2
638271;A0B8S2;2026-04-14 09:30:38.9184;0.0;4;['TG', 'F', 'LS1', 'SC1'];0.435;0.0094;46.41;46.845;5986.889999999999
3149395;A40JGP;2026-04-14 09:30:38.9958;0.0;5;['LS1', 'TG', 'SC1', 'F', 'BB1'];0.8;0.018;44.4;45.2;4928.4
200723;878255;2026-04-14 09:30:39.1191;0.0;5;['SC1', 'LS1', 'BB1', 'TG', 'F'];0.54;0.0058;92.46;93.0;6164.0
200834;897933;2026-04-14 09:30:39.1784;0.0;5;['LS1', 'F', 'TG', 'DE', 'SC1'];0.08;0.0013;63.56;63.64;8951.68
2134960;A2DK0X;2026-04-14 09:30:39.2209;0.0;3;['TG', 'BB1', 'SC1'];0.6;0.0214;28.0;28.6;4872.0
3079022;860437;2026-04-14 09:30:39.2838;0.0;1;['BB1'];1.0;0.0435;23.0;24.0;0.0
163283;A0YERL;2026-04-14 09:30:39.3187;5824.0;1;['TG'];1.0;0.0096;104.0;105.0;5928.0
3174375;A3EMJP;2026-04-14 09:30:39.3635;0.0;4;['TG', 'F', 'LS1', 'BB1'];0.028;0.0318;0.88;0.908;2925.12
501811;883524;2026-04-14 09:30:39.4564;0.0;5;['LS1', 'F', 'TG', 'SC1', 'BB1'];0.09;0.0095;9.508;9.598;2976.004
1834837;A1J2MD;2026-04-14 09:30:39.5062;0.0;5;['TG', 'SC1', 'F', 'LS1', 'BB1'];0.111;0.0224;4.96;5.071;3898.56
1922942;A11946;2026-04-14 09:30:39.5466;0.0;3;['SC1', 'F', 'LS1'];0.02;0.0007;29.87;29.89;0.0
1190905;A2P5AH;2026-04-14 09:30:39.5876;0.0;1;['BB1'];0.3;0.0201;14.9;15.2;0.0
903314;A1W5CT;2026-04-14 09:30:39.6314;0.0;4;['TG', 'F', 'LS1', 'SC1'];1.65;0.0124;133.3;134.95;9978.75
1306453;A0LB2B;2026-04-14 09:30:39.6619;0.0;5;['F', 'TG', 'LS1', 'SC1', 'BB1'];1.39;0.0143;97.06;98.45;5917.0
2499784;A2P7Z1;2026-04-14 09:30:39.7073;9892.08;4;['TG', 'F', 'LS1', 'SC1'];0.4;0.008;49.96;50.36;9942.04
555529;A2PNFU;2026-04-14 09:30:39.7313;9824.98;4;['TG', 'LS1', 'SC1', 'F'];0.22;0.0167;13.135;13.355;9838.115
1723825;A12HU0;2026-04-14 09:30:39.7746;4892.34;4;['TG', 'F', 'LS1', 'SC1'];0.72;0.0197;36.51;37.23;4928.849999999999
103554;851022;2026-04-14 09:30:39.8091;0.0;3;['LS1', 'TG', 'SC1'];0.46;0.0061;76.02;76.48;3069.6
482244;924838;2026-04-14 09:30:39.8629;0.0;5;['TG', 'LS1', 'SC1', 'F', 'BB1'];6.2;0.0142;436.8;443.0;9172.800000000001
1377458;A0B7GH;2026-04-14 09:30:39.9031;0.0;4;['F', 'LS1', 'SC1', 'BB1'];0.12;0.0053;22.44;22.56;0.0
2003372;A2AKRS;2026-04-14 09:30:39.9743;0.0;2;['F', 'LS1'];0.015;0.0005;28.57;28.585;0.0
425643;A2QQ8Z;2026-04-14 09:30:40.0181;7800.799999999999;4;['TG', 'LS1', 'SC1', 'BB1'];0.915;0.023;39.835;40.75;7840.599999999999
462951;A3CUD4;2026-04-14 09:30:40.0560;0.0;2;['F', 'LS1'];0.008;0.0009;8.828;8.836;0.0
1591791;A2PFHR;2026-04-14 09:30:40.1065;9895.740000000002;4;['TG', 'LS1', 'SC1', 'F'];0.185;0.0098;18.885;19.07;9914.625
1571071;A2H97M;2026-04-14 09:30:40.1478;0.0;3;['TG', 'BB1', 'LS1'];0.06;0.0314;1.91;1.97;2891.74
194685;985244;2026-04-14 09:30:40.1729;0.0;3;['F', 'LS1', 'BB1'];1.23;0.2847;4.32;5.55;0.0
3011258;A12DQA;2026-04-14 09:30:40.2237;0.0;3;['TG', 'LS1', 'SC1'];1.2;0.0271;44.2;45.4;8795.800000000001
3018635;A12DQC;2026-04-14 09:30:40.2815;0.0;0;[];0.0;0.0;0.0;0.0;0.0
2839982;A3ERTA;2026-04-14 09:30:40.3088;0.0;1;['BB1'];0.97;0.0127;76.51;77.48;0.0
1923375;A3ERSY;2026-04-14 09:30:40.3506;0.0;0;[];0.0;0.0;0.0;0.0;0.0
153030;925083;2026-04-14 09:30:40.3955;4882.200000000001;4;['TG', 'F', 'LS1', 'SC1'];0.4;0.0194;20.6;21.0;4902.8
1228832;A40EPB;2026-04-14 09:30:40.4313;0.0;5;['TG', 'LS1', 'SC1', 'BB1', 'F'];1.2;0.0364;33.0;34.2;5793.92
253713;A1C9RN;2026-04-14 09:30:40.5003;0.0;5;['F', 'TG', 'LS1', 'SC1', 'BB1'];2.0;0.011;182.0;184.0;3077.0
1780066;A1420J;2026-04-14 09:30:40.5383;0.0;2;['F', 'LS1'];0.66;0.205;3.22;3.88;0.0
102913;A2PT2T;2026-04-14 09:30:40.5870;6825.81;5;['F', 'TG', 'SC1', 'LS1', 'BB1'];0.128;0.0131;9.8;9.928;6838.316
103736;858560;2026-04-14 09:30:40.6293;48874.6;5;['LS1', 'F', 'SC1', 'TG', 'DE'];2.1;0.0027;788.3;790.4;49662.899999999994
3411067;A2APH1;2026-04-14 09:30:40.6768;0.0;1;['BB1'];0.52;0.0072;72.6;73.12;0.0
1072672;A0YH5Z;2026-04-14 09:30:40.7228;0.0;2;['TG', 'F'];0.1;0.0093;10.8;10.9;3942.0000000000005
605900;908231;2026-04-14 09:30:40.7838;;2;['BB1', 'TG'];5.05;0.0231;218.95;224.0;9810.0
200649;859406;2026-04-14 09:30:40.8452;0.0;4;['TG', 'LS1', 'F', 'SC1'];0.25;0.0085;29.55;29.8;5963.04
1918009;A14WKW;2026-04-14 09:30:40.9451;3880.1000000000004;3;['SC1', 'BB1', 'TG'];0.4;0.0248;16.1;16.5;3896.2000000000003
311007;904057;2026-04-14 09:30:40.9867;0.0;4;['TG', 'F', 'LS1', 'BB1'];0.88;0.0092;95.5;96.38;8977.0
628856;A2PP89;2026-04-14 09:30:41.0388;0.0;5;['TG', 'F', 'LS1', 'SC1', 'BB1'];0.07;0.056;1.25;1.32;2833.404
708643;A0JEFP;2026-04-14 09:30:41.0791;9781.8;2;['TG', 'BB1'];0.555;0.0202;27.425;27.98;9809.199999999999
105067;A2JRNS;2026-04-14 09:30:41.1136;0.0;5;['TG', 'LS1', 'SC1', 'F', 'BB1'];0.52;0.0159;32.72;33.24;4940.72
1952628;914076;2026-04-14 09:30:41.1418;0.0;5;['TG', 'F', 'LS1', 'SC1', 'BB1'];4.0;0.0169;236.0;240.0;6136.0
762275;893593;2026-04-14 09:30:41.1800;0.0;2;['BB1', 'F'];5.25;0.0161;326.0;331.25;0.0
1469403;A0H0VZ;2026-04-14 09:30:41.2352;0.0;5;['TG', 'LS1', 'F', 'SC1', 'DE'];1.3;0.0093;140.15;141.45;4064.3500000000004
1141897;A2DHCV;2026-04-14 09:30:41.2764;0.0;3;['TG', 'LS1', 'F'];0.4;0.0351;11.4;11.8;1921.0000000000002
700979;A41K8H;2026-04-14 09:30:41.3245;0.0;1;['BB1'];0.08;0.0331;2.42;2.5;0.0
2630599;A2N63A;2026-04-14 09:30:41.3664;7932.6;5;['TG', 'F', 'LS1', 'SC1', 'BB1'];0.2;0.0088;22.6;22.8;7955.200000000001
2259090;A3DN57;2026-04-14 09:30:41.4116;0.0;4;['TG', 'LS1', 'BB1', 'F'];0.03;0.0192;1.56;1.59;4775.84
2985756;A143LM;2026-04-14 09:30:41.4497;;3;['TG', 'F', 'SC1'];0.07;0.0593;1.18;1.25;4687.075
104073;894648;2026-04-14 09:30:41.5002;20420.4;5;['TG', 'LS1', 'SC1', 'F', 'DE'];1.2;0.0023;523.6;524.8;20944.0
501814;851615;2026-04-14 09:30:41.5449;0.0;3;['F', 'TG', 'LS1'];0.2;0.0021;93.6;93.8;5051.160000000001
1057108;A2H5T5;2026-04-14 09:30:41.5771;0.0;2;['TG', 'F'];0.4;0.0417;9.6;10.0;5721.599999999999
1663946;A0YF75;2026-04-14 09:30:41.6253;0.0;3;['F', 'LS1', 'BB1'];0.02;0.0004;57.14;57.16;0.0
3798053;A3EYU4;2026-04-14 09:30:41.6861;5838.25;3;['TG', 'F', 'BB1'];0.01;0.0083;1.21;1.22;5839.46
207644;861032;2026-04-14 09:30:41.7535;0.0;4;['TG', 'LS1', 'SC1', 'F'];0.85;0.0133;63.7;64.55;8918.0
103745;859545;2026-04-14 09:30:41.7923;7729.3;4;['TG', 'F', 'LS1', 'SC1'];2.0;0.0096;208.9;210.9;7938.2
670084;A41FLM;2026-04-14 09:30:41.8275;;4;['TG', 'LS1', 'F', 'SC1'];0.08;0.0103;7.78;7.86;9896.16
2861832;A2PJ6S;2026-04-14 09:30:41.8691;0.0;3;['LS1', 'SC1', 'BB1'];1.2;0.0423;28.4;29.6;0.0
2993959;A3E2GS;2026-04-14 09:30:41.8934;0.0;4;['TG', 'SC1', 'LS1', 'BB1'];0.05;0.0316;1.58;1.63;3825.1800000000003
162923;A0MXBY;2026-04-14 09:30:41.9455;10838.8;5;['TG', 'LS1', 'SC1', 'F', 'DE'];1.0;0.0073;137.4;138.4;10976.0
2725141;A2QMYN;2026-04-14 09:30:41.9893;0.0;4;['TG', 'SC1', 'F', 'LS1'];0.1;0.0152;6.6;6.7;4935.91
202949;A14WK0;2026-04-14 09:30:42.0411;0.0;5;['TG', 'SC1', 'LS1', 'F', 'DE'];0.0;0.0;749.9;749.9;9748.699999999999
589443;A2QLX2;2026-04-14 09:30:42.1207;0.0;2;['LS1', 'F'];0.03;0.028;1.07;1.1;0.0
2057269;A2PE38;2026-04-14 09:30:42.1767;9855.5;5;['TG', 'SC1', 'LS1', 'DE', 'F'];0.15;0.013;11.5;11.65;9867.0
2592373;A2G82N;2026-04-14 09:30:42.2219;0.0;2;['F', 'SC1'];0.3;0.0227;13.2;13.5;0.0
501815;863582;2026-04-14 09:30:42.2658;0.0;4;['TG', 'F', 'LS1', 'SC1'];1.75;0.0093;187.25;189.0;7115.5
149174;874020;2026-04-14 09:30:42.3157;4895.54;5;['TG', 'F', 'LS1', 'SC1', 'BB1'];0.06;0.0121;4.94;5.0;4900.4800000000005
784019;A3DH8P;2026-04-14 09:30:42.3517;3918.48;5;['TG', 'F', 'LS1', 'SC1', 'BB1'];0.09;0.0106;8.475;8.565;3929.2499999999995
200741;882538;2026-04-14 09:30:42.3849;4918.4;2;['BB1', 'TG'];0.15;0.0065;23.25;23.4;4941.599999999999
724981;880883;2026-04-14 09:30:42.4056;0.0;4;['TG', 'LS1', 'SC1', 'F'];0.29;0.0093;31.1;31.39;9952.0
2085129;A0QZ91;2026-04-14 09:30:42.4581;0.0;2;['F', 'BB1'];0.6;0.0882;6.8;7.4;0.0
968154;A1JSBW;2026-04-14 09:30:42.4936;11906.4;5;['F', 'TG', 'LS1', 'SC1', 'BB1'];0.054;0.0033;16.4;16.454;11922.8
1743824;888374;2026-04-14 09:30:42.5247;0.0;1;['BB1'];0.98;0.0093;104.82;105.8;0.0
1263079;920343;2026-04-14 09:30:42.5605;7881.200000000001;5;['F', 'TG', 'LS1', 'SC1', 'BB1'];1.4;0.006;232.1;233.5;8113.0
355106;A2QHVL;2026-04-14 09:30:42.6059;11857.2;4;['SC1', 'TG', 'F', 'LS1'];0.5;0.0104;48.2;48.7;11905.400000000001
2167279;A1XFCC;2026-04-14 09:30:42.6512;0.0;1;['BB1'];3.04;0.0209;145.26;148.3;0.0
1808169;898493;2026-04-14 09:30:42.6736;9814.9;5;['SC1', 'TG', 'LS1', 'F', 'BB1'];1.15;0.0143;80.45;81.6;9895.35
344129;A0M63R;2026-04-14 09:30:42.7267;0.0;4;['TG', 'SC1', 'F', 'DE'];1.5;0.0032;468.6;470.1;20119.7
601512;A0Q9UM;2026-04-14 09:30:42.8239;0.0;3;['LS1', 'F', 'BB1'];8.0;0.0299;267.5;275.5;0.0
846069;A1JU1D;2026-04-14 09:30:42.8648;5790.2;5;['F', 'TG', 'LS1', 'BB1', 'SC1'];2.2;0.0098;224.0;226.2;6012.9
1056098;888353;2026-04-14 09:30:42.9114;;3;['TG', 'BB1', 'LS1'];0.192;0.0106;18.1;18.292;6932.3
231495;A1W6ND;2026-04-14 09:30:42.9438;0.0;4;['TG', 'F', 'LS1', 'BB1'];0.04;0.0136;2.94;2.98;3918.64
501816;A0MS7Y;2026-04-14 09:30:42.9857;0.0;4;['TG', 'F', 'LS1', 'SC1'];0.14;0.0086;16.26;16.4;6943.02
2925879;898166;2026-04-14 09:30:43.0150;5840.45;3;['LS1', 'TG', 'BB1'];0.67;0.0212;31.63;32.3;5872.02
1192532;A2P2R5;2026-04-14 09:30:43.0691;6793.6;5;['F', 'TG', 'LS1', 'SC1', 'BB1'];1.1;0.0102;107.4;108.5;6899.75
296524;A2APCZ;2026-04-14 09:30:43.1254;0.0;5;['F', 'TG', 'LS1', 'SC1', 'BB1'];2.5;0.0057;442.3;444.8;6227.2
1408979;A1C1SD;2026-04-14 09:30:43.2124;5854.02;3;['TG', 'F', 'BB1'];0.04;0.0155;2.58;2.62;5856.6
2309814;A2P75A;2026-04-14 09:30:43.2586;5916.0;4;['TG', 'LS1', 'SC1', 'BB1'];0.135;0.0132;10.22;10.355;5929.1050000000005
819277;A0X8Y3;2026-04-14 09:30:43.3052;22754.4;4;['SC1', 'TG', 'F', 'LS1'];0.225;0.0049;45.775;46.0;22800.0
2827996;A2AS8R;2026-04-14 09:30:43.3853;0.0;1;['BB1'];0.27;0.1371;1.97;2.24;0.0
200972;913804;2026-04-14 09:30:43.4318;9582.3;4;['TG', 'LS1', 'F', 'BB1'];3.6;0.0342;105.4;109.0;9687.6
371543;A2JSM9;2026-04-14 09:30:43.4627;5924.799999999999;4;['TG', 'LS1', 'SC1', 'BB1'];0.1;0.0089;11.2;11.3;5936.0
1959117;A2DMZL;2026-04-14 09:30:43.5116;0.0;5;['TG', 'SC1', 'F', 'LS1', 'BB1'];0.053;0.0238;2.228;2.281;3896.64
200739;881964;2026-04-14 09:30:43.5370;9751.0;5;['SC1', 'LS1', 'TG', 'F', 'BB1'];0.465;0.0189;24.6;25.065;9775.5
743166;A2QQBE;2026-04-14 09:30:43.5903;0.0;5;['SC1', 'TG', 'F', 'LS1', 'DE'];0.079;0.0089;8.85;8.929;13275.0
1068494;A1JEXK;2026-04-14 09:30:43.6215;0.0;5;['TG', 'SC1', 'LS1', 'F', 'DE'];2.51;0.0133;188.44;190.95;9729.199999999999
1744649;A2QHK8;2026-04-14 09:30:43.6703;0.0;4;['F', 'TG', 'LS1', 'SC1'];0.04;0.0155;2.58;2.62;3916.44
574261;A1C6AM;2026-04-14 09:30:43.7014;0.0;3;['F', 'LS1', 'BB1'];0.22;0.0651;3.38;3.6;0.0
1206465;914727;2026-04-14 09:30:43.7464;5947.200000000001;2;['TG', 'BB1'];0.195;0.0083;23.605;23.8;5970.8
1491247;885036;2026-04-14 09:30:43.7751;9882.0;4;['TG', 'F', 'LS1', 'SC1'];15.0;0.0091;1650.0;1665.0;11529.0
2464374;A0B897;2026-04-14 09:30:43.8225;9869.1;4;['TG', 'LS1', 'SC1', 'F'];1.9;0.0129;147.35;149.25;10019.8
2384419;A3CQSL;2026-04-14 09:30:43.8670;8742.816;5;['TG', 'F', 'LS1', 'SC1', 'BB1'];0.092;0.0272;3.38;3.472;8746.189
979338;A1JNDJ;2026-04-14 09:30:43.9195;0.0;3;['LS1', 'SC1', 'BB1'];1.35;0.0235;57.5;58.85;0.0
275749;858415;2026-04-14 09:30:43.9583;0.0;4;['TG', 'F', 'LS1', 'SC1'];1.45;0.0099;146.85;148.3;9985.8
501818;913070;2026-04-14 09:30:43.9882;9739.2;5;['TG', 'SC1', 'LS1', 'F', 'DE'];2.15;0.0071;304.4;306.55;10045.199999999999
1616075;889585;2026-04-14 09:30:44.0119;0.0;4;['F', 'TG', 'LS1', 'SC1'];2.0;0.0037;539.0;541.0;15092.0
2241281;A3CNLD;2026-04-14 09:30:44.0633;15590.24;5;['F', 'TG', 'SC1', 'LS1', 'DE'];0.18;0.0016;112.22;112.4;15702.4
329860;578074;2026-04-14 09:30:44.1947;0.0;1;['F'];1.0;0.0066;151.0;152.0;0.0
807807;861257;2026-04-14 09:30:44.2408;9507.699999999999;5;['TG', 'LS1', 'F', 'BB1', 'SC1'];6.4;0.0208;308.0;314.4;9817.6
847237;A0F602;2026-04-14 09:30:44.2953;25488.0;4;['TG', 'LS1', 'DE', 'F'];0.8;0.0019;432.0;432.8;25920.0
2575235;A3DVW8;2026-04-14 09:30:44.3520;0.0;2;['TG', 'BB1'];0.098;0.0132;7.402;7.5;3929.4
100201;A1JTVV;2026-04-14 09:30:44.4057;0.0;5;['TG', 'LS1', 'SC1', 'F', 'BB1'];1.42;0.0284;50.0;51.42;4840.3
2365079;A2P75D;2026-04-14 09:30:44.4312;9914.005000000001;5;['LS1', 'TG', 'F', 'SC1', 'DE'];0.18;0.0064;28.085;28.265;9942.09
231500;A112H0;2026-04-14 09:30:44.4539;0.0;2;['TG', 'BB1'];0.02;0.0046;4.36;4.38;3945.8
100156;A1JH3T;2026-04-14 09:30:44.4865;5744.099999999999;5;['TG', 'F', 'LS1', 'BB1', 'SC1'];3.84;0.0274;140.16;144.0;5884.2
972840;880420;2026-04-14 09:30:44.5404;4855.2;4;['TG', 'LS1', 'BB1', 'SC1'];0.3;0.0294;10.2;10.5;4865.4
103573;851704;2026-04-14 09:30:44.5909;0.0;2;['LS1', 'SC1'];0.065;0.0053;12.32;12.385;0.0
1343277;905720;2026-04-14 09:30:44.6239;5882.400000000001;4;['TG', 'F', 'LS1', 'BB1'];0.395;0.0173;22.805;23.2;5905.2
617230;A0RM07;2026-04-14 09:30:44.6505;3933.2400000000002;5;['LS1', 'F', 'TG', 'SC1', 'BB1'];0.155;0.0086;18.105;18.26;3951.2000000000003
910896;A2AGVE;2026-04-14 09:30:44.6868;;2;['TG', 'BB1'];0.03;0.0441;0.68;0.71;3815.4800000000005
471031;907462;2026-04-14 09:30:44.7362;;4;['BB1', 'TG', 'LS1', 'SC1'];1.0;0.0175;57.0;58.0;9861.0
200642;858250;2026-04-14 09:30:44.7930;0.0;4;['LS1', 'TG', 'SC1', 'F'];0.1;0.0022;45.89;45.99;6960.08
103697;856958;2026-04-14 09:30:44.8339;20397.8;5;['TG', 'F', 'LS1', 'SC1', 'DE'];0.5;0.0019;258.25;258.75;20656.0
126770;A3DMEX;2026-04-14 09:30:44.8729;0.0;5;['TG', 'LS1', 'F', 'SC1', 'BB1'];0.38;0.0193;19.74;20.12;3928.2599999999998
3212082;919322;2026-04-14 09:30:44.9128;0.0;4;['TG', 'F', 'LS1', 'SC1'];2.5;0.026;96.0;98.5;9792.0
200809;893953;2026-04-14 09:30:44.9610;0.0;4;['TG', 'SC1', 'LS1', 'F'];2.6;0.0035;733.4;736.0;10267.6
1453235;900961;2026-04-14 09:30:45.0006;0.0;1;['BB1'];0.75;0.1027;7.3;8.05;0.0
1789515;A2PXWX;2026-04-14 09:30:45.0325;0.0;2;['TG', 'F'];0.01;0.0147;0.68;0.69;1909.44
153052;A0ETK5;2026-04-14 09:30:45.0583;7890.404;4;['TG', 'F', 'LS1', 'SC1'];0.056;0.0134;4.166;4.222;7894.570000000001
434790;889384;2026-04-14 09:30:45.1682;9938.03;4;['TG', 'F', 'LS1', 'BB1'];0.069;0.0076;9.031;9.1;9958.08
1347749;A0RELL;2026-04-14 09:30:45.2326;0.0;3;['SC1', 'F', 'LS1'];0.3;0.0163;18.4;18.7;0.0
2482836;A1T8K6;2026-04-14 09:30:45.2670;0.0;2;['F', 'LS1'];0.8;0.0449;17.8;18.6;0.0
2502520;A2APTV;2026-04-14 09:30:45.3173;0.0;4;['TG', 'F', 'LS1', 'SC1'];15.7;0.0375;418.7;434.4;5010.0
240654;A0LF1J;2026-04-14 09:30:45.3428;0.0;3;['TG', 'BB1', 'F'];0.08;0.0168;4.76;4.84;4898.04
153053;A0MYNP;2026-04-14 09:30:45.3667;14027.4;5;['TG', 'SC1', 'F', 'LS1', 'DE'];2.2;0.0014;1560.6;1562.8;15586.0
2436175;985284;2026-04-14 09:30:45.3873;4857.8;4;['TG', 'F', 'LS1', 'BB1'];0.024;0.0264;0.908;0.932;4858.7080000000005
1737659;A2DUS5;2026-04-14 09:30:45.4116;0.0;3;['F', 'LS1', 'BB1'];0.0;0.0;23.08;23.08;0.0
774746;A0YD8Q;2026-04-14 09:30:45.4338;16116.24;6;['F', 'TG', 'LS1', 'SC1', 'DE', 'BB1'];0.38;0.0037;101.5;101.88;16217.6
200960;911843;2026-04-14 09:30:45.4545;9620.8;4;['TG', 'LS1', 'F', 'BB1'];2.78;0.0405;68.72;71.5;9689.52
200687;870346;2026-04-14 09:30:45.4825;4879.400000000001;5;['TG', 'LS1', 'F', 'BB1', 'SC1'];1.75;0.0222;78.75;80.5;4961.25
2716157;A2PEYJ;2026-04-14 09:30:45.5606;0.0;2;['TG', 'LS1'];-0.002;-0.0076;0.262;0.26;1547.78
1344148;882361;2026-04-14 09:30:45.6213;;3;['TG', 'BB1', 'F'];0.82;0.0137;59.68;60.5;9817.5
653577;876864;2026-04-14 09:30:45.6526;0.0;5;['TG', 'LS1', 'F', 'SC1', 'BB1'];2.0;0.036;55.5;57.5;9657.0
3808292;A14W08;2026-04-14 09:30:45.7004;0.0;0;[];0.016;0.0031;5.2;5.216;0.0
277099;A41U68;2026-04-14 09:30:45.7375;2867.4;4;['F', 'TG', 'LS1', 'BB1'];0.0;0.0;16.3;0.0;2883.6
2533757;A0DQFX;2026-04-14 09:30:45.7958;5876.5;1;['TG'];1.0;0.0124;80.5;81.5;5957.0
1136190;900070;2026-04-14 09:30:45.8497;0.0;5;['TG', 'F', 'LS1', 'SC1', 'BB1'];0.15;0.025;6.0;6.15;5862.0
502345;934623;2026-04-14 09:30:45.8938;0.0;5;['TG', 'F', 'LS1', 'SC1', 'DE'];0.87;0.0137;63.62;64.49;9924.72
200951;910553;2026-04-14 09:30:45.9339;9104.0;5;['F', 'TG', 'LS1', 'SC1', 'DE'];8.0;0.007;1139.0;1147.0;10251.0
711642;A0BMH8;2026-04-14 09:30:45.9769;0.0;3;['TG', 'F', 'LS1'];0.25;0.0329;7.6;7.85;1882.5
385682;A0YF6K;2026-04-14 09:30:46.0076;0.0;2;['F', 'LS1'];0.6;0.0397;15.1;15.7;0.0
103858;870747;2026-04-14 09:30:46.0577;98191.59999999999;5;['F', 'LS1', 'SC1', 'TG', 'DE'];0.05;0.0002;328.4;328.45;98505.0
614443;A1JUDY;2026-04-14 09:30:46.0939;5869.9368;4;['F', 'TG', 'SC1', 'LS1'];0.0066;0.0125;0.5264;0.533;5870.457
200567;722713;2026-04-14 09:30:46.1200;0.0;4;['F', 'SC1', 'BB1', 'LS1'];0.16;0.0014;115.16;115.32;0.0
2575687;A41EXE;2026-04-14 09:30:46.1573;;3;['TG', 'LS1', 'F'];2.0;0.0235;85.0;87.0;127500.0
104001;886105;2026-04-14 09:30:46.2011;5004.8;5;['TG', 'LS1', 'SC1', 'F', 'DE'];0.26;0.0042;62.55;62.81;5065.74
776587;A2N5AS;2026-04-14 09:30:46.2576;0.0;3;['TG', 'LS1', 'F'];0.03;0.0149;2.01;2.04;2962.5750000000003
103833;869020;2026-04-14 09:30:46.3229;36590.4;5;['SC1', 'F', 'TG', 'LS1', 'DE'];0.0;0.0;369.65;369.65;36960.0
2585115;A3CV9D;2026-04-14 09:30:46.3689;4946.634;4;['TG', 'F', 'SC1', 'LS1'];0.012;0.0087;1.386;1.398;2521.9919999999997
542126;889495;2026-04-14 09:30:46.4163;4903.599999999999;4;['TG', 'LS1', 'F', 'SC1'];0.75;0.007;106.6;107.35;5010.2
824550;923608;2026-04-14 09:30:46.4620;0.0;5;['SC1', 'BB1', 'TG', 'F', 'LS1'];2.88;0.024;120.12;123.0;9840.0
200518;863205;2026-04-14 09:30:46.4948;5803.3;5;['LS1', 'TG', 'F', 'BB1', 'SC1'];0.3;0.0229;13.1;13.4;5816.4
1405985;A3CQUB;2026-04-14 09:30:46.5363;0.0;1;['BB1'];0.365;0.0104;34.945;35.31;0.0
944311;885032;2026-04-14 09:30:46.5740;0.0;2;['SC1', 'BB1'];2.04;0.0334;61.09;63.13;0.0
117578;A3DMH5;2026-04-14 09:30:46.6075;0.0;3;['TG', 'LS1', 'BB1'];0.18;0.0379;4.748;4.928;2891.532
543129;A3EQWL;2026-04-14 09:30:46.6409;0.0;2;['TG', 'F'];0.0475;0.0558;0.8515;0.899;3792.581
2043994;A3C5TU;2026-04-14 09:30:46.6795;3846.705;5;['TG', 'F', 'LS1', 'BB1', 'SC1'];0.435;0.0267;16.265;16.7;3864.0000000000005
2064051;A2PM29;2026-04-14 09:30:46.7093;0.0;4;['TG', 'F', 'LS1', 'BB1'];3.98;0.0498;79.96;83.94;5757.12
1454264;A2QCW7;2026-04-14 09:30:46.7357;9820.800000000001;1;['TG'];0.2;0.0161;12.4;12.6;9833.2
987744;883036;2026-04-14 09:30:46.7660;4889.92;5;['TG', 'LS1', 'SC1', 'F', 'BB1'];0.29;0.0245;11.84;12.13;4901.76
511479;A0HF5M;2026-04-14 09:30:46.8040;0.0;1;['TG'];0.018;0.0012;15.222;15.24;9682.4
657847;A0LEKK;2026-04-14 09:30:46.8394;0.0;5;['LS1', 'TG', 'SC1', 'BB1', 'F'];0.03;0.0041;7.25;7.28;3893.25
1835276;A2N9D9;2026-04-14 09:30:46.8619;0.0;5;['TG', 'F', 'LS1', 'SC1', 'DE'];0.11;0.0026;43.075;43.185;7753.500000000001
102528;869795;2026-04-14 09:30:46.8917;0.0;5;['TG', 'LS1', 'SC1', 'F', 'BB1'];0.7;0.0032;219.1;219.8;10014.199999999999
2702993;A1XDZ8;2026-04-14 09:30:46.9324;9612.0;4;['TG', 'F', 'SC1', 'BB1'];1.0;0.0185;54.0;55.0;9666.0
1844249;885067;2026-04-14 09:30:46.9785;9861.24;3;['TG', 'SC1', 'LS1'];0.72;0.0081;89.0;89.72;9950.08
996827;898178;2026-04-14 09:30:47.0051;0.0;2;['F', 'LS1'];0.05;0.0083;6.0;6.05;0.0
1135395;A3CSB5;2026-04-14 09:30:47.0605;0.0;4;['TG', 'LS1', 'F', 'BB1'];0.1;0.0284;3.52;3.62;2907.52
1249323;157781;2026-04-14 09:30:47.0866;9902.1;4;['TG', 'LS1', 'SC1', 'F'];1.0;0.0079;126.9;127.9;10025.1
502348;A0DPTB;2026-04-14 09:30:47.1529;0.0;4;['TG', 'F', 'LS1', 'SC1'];0.31;0.0082;37.78;38.09;9936.14
486515;890467;2026-04-14 09:30:47.1807;0.0;3;['TG', 'F', 'BB1'];1.84;0.0224;82.16;84.0;9758.0
2034641;A14W1F;2026-04-14 09:30:47.2037;0.0;2;['F', 'LS1'];0.04;0.0007;54.12;54.16;0.0
1278095;A1J4U0;2026-04-14 09:30:47.2453;5831.595;5;['TG', 'F', 'LS1', 'SC1', 'DE'];0.125;0.0026;49.005;49.13;5880.6
2083643;A2DYB1;2026-04-14 09:30:47.2733;14716.8;4;['TG', 'F', 'LS1', 'SC1'];2.3;0.0114;201.6;203.9;5302.7
729880;A0DLC4;2026-04-14 09:30:47.3299;10458.0;4;['TG', 'LS1', 'BB1', 'SC1'];8.0;0.0069;1164.0;1172.0;11620.0
216468;882462;2026-04-14 09:30:47.3717;4878.599999999999;2;['TG', 'LS1'];0.3;0.0213;14.1;14.4;4892.7
3400774;A40JML;2026-04-14 09:30:47.4125;0.0;5;['TG', 'F', 'LS1', 'BB1', 'SC1'];1.8;0.0385;46.8;48.6;5778.400000000001
503869;A14U5Z;2026-04-14 09:30:47.4598;14931.54;4;['TG', 'F', 'LS1', 'SC1'];0.28;0.0044;63.81;64.09;5130.4
1406723;A2P939;2026-04-14 09:30:47.5147;5832.0;5;['LS1', 'TG', 'SC1', 'F', 'BB1'];0.5;0.0278;18.0;18.5;5850.0
200979;915246;2026-04-14 09:30:47.5713;0.0;4;['TG', 'LS1', 'F', 'SC1'];3.0;0.0081;372.0;375.0;10044.0
329365;865511;2026-04-14 09:30:47.5967;5852.0;4;['TG', 'LS1', 'SC1', 'BB1'];2.4;0.009;266.0;268.4;6118.0
103999;885836;2026-04-14 09:30:47.6587;9804.8;5;['F', 'TG', 'LS1', 'SC1', 'DE'];0.85;0.0055;153.25;154.1;9958.0
774141;A0EADM;2026-04-14 09:30:47.7454;0.0;5;['TG', 'F', 'LS1', 'BB1', 'SC1'];3.96;0.0268;148.0;151.96;9748.199999999999
978858;A1JFWK;2026-04-14 09:30:47.7903;0.0;4;['TG', 'LS1', 'SC1', 'F'];0.09;0.0043;20.94;21.03;10136.460000000001
1031988;910686;2026-04-14 09:30:47.8245;4870.5;5;['TG', 'F', 'SC1', 'BB1', 'LS1'];0.25;0.0262;9.55;9.8;4880.05
357135;A0YHMA;2026-04-14 09:30:47.8550;0.0;5;['TG', 'F', 'LS1', 'SC1', 'DE'];3.0;0.0081;372.2;375.2;10049.4
411436;887998;2026-04-14 09:30:47.8991;0.0;4;['TG', 'LS1', 'SC1', 'BB1'];0.8;0.0357;22.4;23.2;2912.0
1730779;A2PBD2;2026-04-14 09:30:47.9243;0.0;3;['LS1', 'F', 'BB1'];0.04;0.0021;19.18;19.22;0.0
973750;A0YF6H;2026-04-14 09:30:47.9982;0.0;3;['F', 'LS1', 'BB1'];0.15;0.0009;165.6;165.75;0.0
1866768;813148;2026-04-14 09:30:48.0217;0.0;2;['F', 'LS1'];0.3;0.0288;10.4;10.7;0.0
2152385;887240;2026-04-14 09:30:48.0663;0.0;4;['TG', 'LS1', 'BB1', 'SC1'];2.05;0.0197;104.0;106.05;9832.5
950115;A0J2LX;2026-04-14 09:30:48.1071;4866.68;5;['TG', 'LS1', 'F', 'BB1', 'SC1'];0.48;0.0187;25.6;26.08;4894.08
807182;A0YF6G;2026-04-14 09:30:48.1460;0.0;3;['F', 'SC1', 'LS1'];0.0;0.0;11.076;11.076;0.0
502349;856127;2026-04-14 09:30:48.1940;0.0;4;['TG', 'F', 'LS1', 'SC1'];1.18;0.0369;32.02;33.2;9509.94
1740368;A1W33K;2026-04-14 09:30:48.2660;0.0;5;['TG', 'LS1', 'BB1', 'F', 'SC1'];7.05;0.0169;416.75;423.8;9974.400000000001
104090;897518;2026-04-14 09:30:48.3137;0.0;4;['TG', 'LS1', 'SC1', 'F'];0.116;0.0302;3.84;3.956;4835.9839999999995
106493;A2PZCL;2026-04-14 09:30:48.3608;0.0;4;['TG', 'F', 'LS1', 'BB1'];0.021;0.0344;0.61;0.631;2419.2599999999998
201001;919692;2026-04-14 09:30:48.4186;9935.1;1;['TG'];0.05;0.0088;5.7;5.75;9940.800000000001
651824;A3ENR7;2026-04-14 09:30:48.5054;0.0;2;['BB1', 'F'];0.046;0.1756;0.262;0.308;0.0
2015659;A2N4PB;2026-04-14 09:30:48.5629;19955.08;4;['TG', 'F', 'LS1', 'SC1'];0.03;0.0054;5.58;5.61;19960.62
2402779;A1W8UB;2026-04-14 09:30:48.6055;4884.0;4;['TG', 'LS1', 'SC1', 'BB1'];0.665;0.0202;33.0;33.665;4917.0
2005091;A2JNM6;2026-04-14 09:30:48.6358;0.0;2;['F', 'LS1'];0.02;0.0006;36.36;36.38;0.0
515771;A0BLR4;2026-04-14 09:30:48.6620;9809.0;5;['F', 'TG', 'LS1', 'SC1', 'DE'];1.25;0.0087;144.3;145.55;9956.7
200579;766101;2026-04-14 09:30:48.7465;0.0;1;['F'];1.0;0.0155;64.5;65.5;0.0
653579;888265;2026-04-14 09:30:48.7936;0.0;4;['TG', 'F', 'LS1', 'SC1'];55.0;0.0096;5750.0;5805.0;5720.0
1811771;A2QLRE;2026-04-14 09:30:48.8273;0.0;5;['TG', 'F', 'LS1', 'SC1', 'BB1'];0.3;0.0184;16.3;16.6;4779.0
683631;A3EQWM;2026-04-14 09:30:48.8675;9761.4;5;['LS1', 'F', 'TG', 'SC1', 'BB1'];0.8;0.0214;37.4;38.2;9798.8
2363027;A2PSNF;2026-04-14 09:30:48.9047;0.0;4;['TG', 'F', 'LS1', 'BB1'];0.04;0.0462;0.865;0.905;484.4
1038865;A2PTUS;2026-04-14 09:30:48.9413;5817.599999999999;3;['TG', 'LS1', 'BB1'];0.04;0.0278;1.44;1.48;5819.04
1405708;A2QKZM;2026-04-14 09:30:48.9933;0.0;3;['F', 'LS1', 'BB1'];0.14;0.0053;26.26;26.4;0.0
3089944;877793;2026-04-14 09:30:49.0319;4889.28;5;['TG', 'F', 'LS1', 'SC1', 'BB1'];0.68;0.0183;37.07;37.75;4927.65
619144;813516;2026-04-14 09:30:49.0825;14871.6;5;['F', 'TG', 'LS1', 'SC1', 'DE'];0.4;0.0055;73.1;73.5;14985.499999999998
1272258;A2DV3H;2026-04-14 09:30:49.1231;0.0;1;['F'];0.12;0.0129;9.32;9.44;0.0
1437673;887530;2026-04-14 09:30:49.1655;0.0;4;['F', 'LS1', 'SC1', 'BB1'];5.5;0.0667;82.5;88.0;0.0
3123992;A2N9D5;2026-04-14 09:30:49.2095;0.0;2;['F', 'LS1'];1.4;0.0206;67.8;69.2;0.0
635159;A3CWJR;2026-04-14 09:30:49.2684;0.0;0;[];0.32;0.0222;14.43;14.75;0.0
678646;901644;2026-04-14 09:30:49.3005;9937.199999999999;5;['F', 'TG', 'SC1', 'LS1', 'BB1'];0.195;0.0066;29.405;29.6;9966.6
1056099;854564;2026-04-14 09:30:49.3384;0.0;4;['SC1', 'LS1', 'BB1', 'F'];0.98;0.0127;77.0;77.98;0.0
556096;884296;2026-04-14 09:30:49.3726;0.0;1;['F'];2.0;0.028;71.5;73.5;0.0
888881;A1WYXP;2026-04-14 09:30:49.4344;0.0;2;['SC1', 'LS1'];0.6;0.0432;13.9;14.5;0.0
760615;A0JMJZ;2026-04-14 09:30:49.4990;0.0;4;['SC1', 'LS1', 'F', 'BB1'];0.165;0.0045;37.07;37.235;0.0
3598985;A14VRL;2026-04-14 09:30:49.5373;5898.099999999999;5;['SC1', 'TG', 'LS1', 'F', 'BB1'];0.46;0.0132;34.94;35.4;5933.0
2459261;A2H5Q0;2026-04-14 09:30:49.5629;3948.0;3;['TG', 'F', 'BB1'];0.175;0.0083;21.025;21.2;3969.0
750191;880900;2026-04-14 09:30:49.5903;0.0;2;['BB1', 'F'];0.2;0.0893;2.24;2.44;0.0
241005;A1J0X2;2026-04-14 09:30:49.6860;0.0;1;['TG'];0.2;0.009;22.2;22.4;5927.4
3692538;A41MYP;2026-04-14 09:30:49.7845;0.0;4;['TG', 'F', 'BB1', 'LS1'];0.154;0.0134;11.5;11.654;4922.0
1472536;A11132;2026-04-14 09:30:49.8234;0.0;1;['TG'];0.25;0.0368;6.8;7.05;5780.0
279289;A3C5RC;2026-04-14 09:30:49.8577;;5;['TG', 'BB1', 'F', 'LS1', 'SC1'];0.05;0.0059;8.5;8.55;5040.5
1126191;A3DC14;2026-04-14 09:30:49.9023;5959.5;1;['TG'];0.1;0.0069;14.5;14.6;5974.0
1059272;A419UB;2026-04-14 09:30:49.9596;0.0;5;['TG', 'LS1', 'SC1', 'F', 'BB1'];1.96;0.029;67.5;69.46;3902.2400000000002
1275136;A2P7N6;2026-04-14 09:30:49.9926;0.0;3;['F', 'LS1', 'BB1'];0.024;0.0041;5.808;5.832;0.0
283611;883297;2026-04-14 09:30:50.0407;0.0;4;['TG', 'LS1', 'F', 'BB1'];0.216;0.0282;7.652;7.868;8753.888
1046033;120159;2026-04-14 09:30:50.0793;0.0;5;['TG', 'LS1', 'F', 'SC1', 'BB1'];0.166;0.0247;6.714;6.88;3907.5480000000002
3832265;A2QL51;2026-04-14 09:30:50.1527;4777.5;2;['TG', 'LS1'];0.06;0.0236;2.54;2.6;4780.0
2441719;A3C6XW;2026-04-14 09:30:50.2382;5913.0;5;['TG', 'F', 'LS1', 'SC1', 'BB1'];0.1;0.0111;9.0;9.1;5922.0
178342;883723;2026-04-14 09:30:50.2782;0.0;4;['LS1', 'F', 'TG', 'SC1'];0.01;0.0001;85.4;85.41;8500.0
1011172;A0ET3X;2026-04-14 09:30:50.3167;0.0;3;['TG', 'F', 'BB1'];0.18;0.0446;4.04;4.22;1434.2
154551;A0NHKR;2026-04-14 09:30:50.3758;9924.6;5;['LS1', 'F', 'TG', 'SC1', 'DE'];0.83;0.01;83.39;84.22;10006.8
200534;552484;2026-04-14 09:30:50.4078;26165.49;5;['F', 'TG', 'LS1', 'SC1', 'DE'];0.06;0.0007;87.51;87.57;26253.0
152200;501822;2026-04-14 09:30:50.4541;0.0;1;['TG'];1.0;0.0106;94.5;95.5;9922.5
200539;578078;2026-04-14 09:30:50.4920;5870.5;1;['TG'];0.3;0.0151;19.9;20.2;5890.4
313339;A1J2WE;2026-04-14 09:30:50.5156;0.0;1;['F'];0.08;0.0284;2.82;2.9;0.0
1951896;925244;2026-04-14 09:30:50.5581;4902.12;5;['TG', 'SC1', 'LS1', 'F', 'BB1'];0.5;0.0182;27.54;28.04;4929.66
3756494;A41FLH;2026-04-14 09:30:50.6159;0.0;5;['F', 'TG', 'LS1', 'SC1', 'BB1'];0.114;0.0148;7.714;7.828;14826.308
1660398;A2QBFN;2026-04-14 09:30:50.6698;5882.0;5;['TG', 'F', 'LS1', 'SC1', 'BB1'];0.3;0.0176;17.0;17.3;5899.0
468310;900964;2026-04-14 09:30:50.7451;0.0;5;['TG', 'LS1', 'SC1', 'F', 'BB1'];2.04;0.0192;106.36;108.4;4996.099999999999
1519699;A2JPMY;2026-04-14 09:30:50.7856;0.0;4;['LS1', 'TG', 'F', 'BB1'];0.038;0.0329;1.155;1.193;3821.895
2300473;A3EX79;2026-04-14 09:30:50.8422;;1;['TG'];0.4;0.0247;16.2;16.6;5864.4
2359969;A41F4Y;2026-04-14 09:30:50.8715;0.0;4;['TG', 'LS1', 'SC1', 'BB1'];0.5;0.013;38.33;38.83;5902.82
2325542;A2PDNK;2026-04-14 09:30:50.9051;0.0;4;['TG', 'F', 'SC1', 'LS1'];0.016;0.0288;0.556;0.572;3800.5200000000004
1875522;A3DHHX;2026-04-14 09:30:50.9528;0.0;4;['TG', 'F', 'SC1', 'BB1'];1.2;0.0252;47.6;48.8;5854.8
193869;A12DW2;2026-04-14 09:30:51.0437;0.0;5;['SC1', 'TG', 'LS1', 'F', 'BB1'];0.146;0.0172;8.478;8.624;4883.304999999999
1517273;A3D7BQ;2026-04-14 09:30:51.0929;0.0;5;['F', 'TG', 'LS1', 'SC1', 'BB1'];0.115;0.0178;6.45;6.565;9771.75
502354;857534;2026-04-14 09:30:51.1315;9860.76;5;['TG', 'SC1', 'LS1', 'F', 'BB1'];0.56;0.0083;67.1;67.66;9930.8
502357;860036;2026-04-14 09:30:51.1665;0.0;4;['F', 'TG', 'SC1', 'LS1'];0.04;0.0123;3.253;3.293;9867.213
1558073;A0B5U3;2026-04-14 09:30:51.1908;0.0;1;['BB1'];10.4;0.0187;554.9;565.3;0.0
103635;853823;2026-04-14 09:30:51.2584;34788.32;6;['SC1', 'F', 'TG', 'LS1', 'DE', 'BB1'];0.24;0.0024;99.9;100.14;34888.0
876101;854501;2026-04-14 09:30:51.3059;4863.599999999999;2;['TG', 'BB1'];0.3;0.0238;12.6;12.9;4876.2
1279363;A1W03Z;2026-04-14 09:30:51.3337;;2;['TG', 'F'];0.4;0.019;21.0;21.4;9786.0
1279364;A1W048;2026-04-14 09:30:51.3726;0.0;1;['TG'];0.6;0.0248;24.2;24.8;7816.599999999999
736875;A12C7Z;2026-04-14 09:30:51.4190;4944.0;2;['TG', 'BB1'];0.066;0.0064;10.3;10.366;4954.3
2843352;622325;2026-04-14 09:30:51.4651;9815.400000000001;5;['F', 'TG', 'SC1', 'LS1', 'BB1'];2.2;0.0141;155.9;158.1;9971.2
1591645;A1JMSR;2026-04-14 09:30:51.5186;0.0;3;['F', 'LS1', 'BB1'];0.15;0.0023;65.6;65.75;0.0
264145;A1CZ4H;2026-04-14 09:30:51.5479;19842.48;4;['F', 'SC1', 'TG', 'LS1'];0.84;0.0108;78.12;78.96;5616.099999999999
3663693;A14QBV;2026-04-14 09:30:51.6118;0.0;1;['BB1'];1.175;0.0547;21.48;22.655;0.0
1516443;A2DVCF;2026-04-14 09:30:51.6858;3893.4;5;['TG', 'LS1', 'SC1', 'BB1', 'F'];0.14;0.0222;6.32;6.46;3899.7
1424826;905394;2026-04-14 09:30:51.7828;0.0;5;['SC1', 'LS1', 'TG', 'F', 'BB1'];2.5;0.0289;86.5;89.0;9774.5
1945877;A3DFK2;2026-04-14 09:30:51.8382;0.0;3;['F', 'LS1', 'BB1'];0.002;0.0005;3.824;3.826;0.0
103814;866993;2026-04-14 09:30:51.8893;18245.934999999998;6;['F', 'SC1', 'TG', 'LS1', 'DE', 'BB1'];0.005;0.0001;36.565;36.57;18282.5
1017239;905551;2026-04-14 09:30:51.9351;0.0;4;['SC1', 'F', 'BB1', 'LS1'];0.2;0.0183;10.9;11.1;0.0
502373;876731;2026-04-14 09:30:51.9704;0.0;4;['TG', 'F', 'LS1', 'SC1'];0.69;0.0173;39.8;40.49;5915.3
3241180;A0JC64;2026-04-14 09:30:52.0854;0.0;1;['LS1'];0.8;0.0479;16.7;17.5;0.0
2231549;A2N7LN;2026-04-14 09:30:52.1614;2937.7599999999998;3;['TG', 'LS1', 'F'];0.05;0.0205;2.44;2.49;2940.2
229999;A1C8V1;2026-04-14 09:30:52.1855;0.0;1;['TG'];0.25;0.0296;8.45;8.7;5813.599999999999
199250;892885;2026-04-14 09:30:52.2254;0.0;5;['LS1', 'SC1', 'TG', 'BB1', 'F'];0.0;0.0;8.8;8.8;5148.0
511480;912593;2026-04-14 09:30:52.2617;0.0;3;['TG', 'SC1', 'BB1'];0.1;0.0142;7.05;7.15;4843.349999999999
896644;A3CPCS;2026-04-14 09:30:52.3187;0.0;2;['F', 'LS1'];0.0;0.0;15.16;15.16;0.0
1160034;866725;2026-04-14 09:30:52.3552;4926.599999999999;4;['F', 'TG', 'LS1', 'SC1'];3.3;0.0141;234.6;237.9;5161.2
200666;867028;2026-04-14 09:30:52.3856;9831.9;3;['TG', 'F', 'LS1'];1.4;0.0056;252.2;253.6;10088.0
103870;871628;2026-04-14 09:30:52.4253;0.0;2;['LS1', 'BB1'];0.002;0.0002;9.872;9.874;0.0
2226231;A2QEP7;2026-04-14 09:30:52.4749;0.0;4;['TG', 'F', 'SC1', 'LS1'];0.32;0.014;22.87;23.19;4851.38
178344;854009;2026-04-14 09:30:52.5069;0.0;4;['TG', 'F', 'LS1', 'SC1'];1.1;0.0084;130.5;131.6;5089.5
103583;851915;2026-04-14 09:30:52.5554;9798.8;5;['TG', 'LS1', 'SC1', 'F', 'DE'];3.2;0.0056;576.4;579.6;10375.199999999999
108044;A2N6X4;2026-04-14 09:30:52.6272;2938.88;5;['SC1', 'TG', 'LS1', 'F', 'BB1'];0.8;0.0174;45.92;46.72;2984.8
2270653;A2PUXE;2026-04-14 09:30:52.7029;0.0;4;['TG', 'LS1', 'F', 'SC1'];0.42;0.0264;15.9;16.32;9725.76
612615;A2N84G;2026-04-14 09:30:52.8243;0.0;2;['F', 'LS1'];4.2;0.0946;44.4;48.6;0.0
2109275;A2QE9X;2026-04-14 09:30:52.8568;;4;['LS1', 'TG', 'SC1', 'BB1'];0.2;0.0152;13.2;13.4;3854.3999999999996
788051;907122;2026-04-14 09:30:52.9294;0.0;4;['TG', 'SC1', 'LS1', 'BB1'];-0.56;-0.0042;132.0;131.44;5148.0
325781;A2PKMZ;2026-04-14 09:30:52.9701;0.0;3;['TG', 'LS1', 'SC1'];0.06;0.0087;6.9;6.96;3480.0
683489;866931;2026-04-14 09:30:53.0048;9723.480000000001;4;['LS1', 'SC1', 'TG', 'F'];0.005;0.0002;32.645;32.65;9756.000000000002
187774;A0YF6B;2026-04-14 09:30:53.0366;0.0;3;['SC1', 'F', 'LS1'];0.02;0.0004;51.66;51.68;0.0
132449;A3DFKW;2026-04-14 09:30:53.1084;0.0;1;['BB1'];0.225;0.4245;0.53;0.755;0.0
482148;A113R6;2026-04-14 09:30:53.2048;0.0;4;['TG', 'LS1', 'SC1', 'BB1'];0.072;0.0069;10.5;10.572;4956.0
821900;903911;2026-04-14 09:30:53.2514;5890.240000000001;4;['TG', 'LS1', 'F', 'BB1'];0.12;0.019;6.32;6.44;5896.56
193264;851918;2026-04-14 09:30:53.3059;9772.199999999999;4;['TG', 'F', 'LS1', 'SC1'];1.66;0.0104;160.2;161.86;9932.4
860206;A40SKF;2026-04-14 09:30:53.3487;0.0;2;['LS1', 'F'];0.016;0.0322;0.497;0.513;0.0
1748885;A2ACQE;2026-04-14 09:30:53.3771;9796.8;5;['LS1', 'F', 'TG', 'SC1', 'BB1'];0.57;0.0181;31.435;32.005;9828.199999999999
104246;918422;2026-04-14 09:30:53.4209;48192.82;5;['SC1', 'LS1', 'F', 'TG', 'DE'];0.04;0.0002;161.2;161.24;48354.0
1369925;858352;2026-04-14 09:30:53.4584;0.0;4;['LS1', 'SC1', 'F', 'BB1'];0.975;0.0239;40.8;41.775;0.0
1424711;A2PXK0;2026-04-14 09:30:53.5188;5881.995;4;['TG', 'F', 'LS1', 'BB1'];0.159;0.0173;9.215;9.374;5891.2
371466;A1H5JY;2026-04-14 09:30:53.5874;19663.920000000002;4;['TG', 'F', 'SC1', 'LS1'];0.92;0.0116;79.3;80.22;19745.7
383728;909273;2026-04-14 09:30:53.6190;3736.5;4;['TG', 'LS1', 'SC1', 'BB1'];5.7;0.0228;250.0;255.7;3985.6
100420;A3D4SC;2026-04-14 09:30:53.6440;0.0;5;['F', 'SC1', 'TG', 'LS1', 'BB1'];0.07;0.0069;10.2;10.27;5967.0
1741564;A2QJUT;2026-04-14 09:30:53.6857;0.0;5;['TG', 'F', 'LS1', 'SC1', 'BB1'];2.67;0.0239;111.88;114.55;9674.4
168375;A41264;2026-04-14 09:30:53.7302;0.0;4;['TG', 'F', 'LS1', 'SC1'];0.15;0.0142;10.6;10.75;4929.0
200607;851921;2026-04-14 09:30:53.7910;0.0;5;['LS1', 'F', 'SC1', 'DE', 'BB1'];0.025;0.0005;48.955;48.98;0.0
1085446;A2PFQU;2026-04-14 09:30:53.8418;0.0;3;['TG', 'F', 'LS1'];0.0078;0.0242;0.322;0.3298;2927.4145999999996
818933;865291;2026-04-14 09:30:53.8665;0.0;2;['TG', 'BB1'];0.395;0.0125;31.605;32.0;5940.8
1541699;A2QA2D;2026-04-14 09:30:53.9205;0.0;3;['SC1', 'LS1', 'F'];1.6;0.0442;36.2;37.8;0.0
1215406;A1JTAH;2026-04-14 09:30:53.9762;0.0;1;['F'];0.015;0.8824;0.017;0.032;0.0
989027;A1180P;2026-04-14 09:30:54.0130;;3;['TG', 'LS1', 'BB1'];0.099;0.0132;7.501;7.6;5878.05
109522;A2PSZH;2026-04-14 09:30:54.0349;0.0;4;['TG', 'LS1', 'F', 'SC1'];0.024;0.016;1.504;1.528;7520.0
2675443;A2QG4Z;2026-04-14 09:30:54.0694;0.0;3;['F', 'BB1', 'TG'];0.16;0.0343;4.66;4.82;1925.6
1824270;865311;2026-04-14 09:30:54.1143;0.0;4;['F', 'LS1', 'SC1', 'BB1'];1.0;0.0164;61.0;62.0;0.0
1462232;588716;2026-04-14 09:30:54.1852;0.0;5;['TG', 'F', 'LS1', 'SC1', 'BB1'];0.4;0.0417;9.6;10.0;3756.45
2172955;A2DNKR;2026-04-14 09:30:54.2238;9946.640000000001;4;['TG', 'F', 'LS1', 'SC1'];0.33;0.0059;55.88;56.21;3041.28
2137056;923655;2026-04-14 09:30:54.2698;19615.68;4;['SC1', 'LS1', 'TG', 'F'];1.8;0.0103;175.16;176.96;19793.079999999998
1781996;883852;2026-04-14 09:30:54.3107;5821.2;5;['TG', 'LS1', 'SC1', 'F', 'BB1'];0.4;0.0202;19.8;20.2;5841.0
1299136;883298;2026-04-14 09:30:54.3462;0.0;4;['TG', 'LS1', 'F', 'SC1'];0.16;0.0045;35.24;35.4;9937.68
1652242;851936;2026-04-14 09:30:54.4394;4803.96;3;['F', 'LS1', 'TG'];0.67;0.0273;24.58;25.25;4830.44
1233471;A14WW1;2026-04-14 09:30:54.5012;14771.94;3;['TG', 'LS1', 'BB1'];0.96;0.0124;77.52;78.48;14849.28
4388360;A4193B;2026-04-14 09:30:54.5480;4954.3;4;['TG', 'F', 'LS1', 'SC1'];0.1;0.0097;10.3;10.4;4964.6
103871;871706;2026-04-14 09:30:54.5882;9804.24;5;['TG', 'F', 'LS1', 'SC1', 'DE'];0.94;0.0147;64.08;65.02;9868.32
676640;890454;2026-04-14 09:30:54.6372;9845.67;4;['F', 'TG', 'LS1', 'SC1'];0.48;0.0125;38.39;38.87;9883.980000000001
510461;632313;2026-04-14 09:30:54.6933;0.0;3;['TG', 'BB1', 'F'];0.945;0.0323;29.255;30.2;9636.0
1537682;A0NBFF;2026-04-14 09:30:54.7566;0.0;5;['TG', 'F', 'LS1', 'SC1', 'BB1'];0.343;0.0359;9.557;9.9;3341.7599999999998
201047;930124;2026-04-14 09:30:54.8203;5920.179999999999;5;['TG', 'F', 'SC1', 'LS1', 'DE'];0.29;0.0048;60.42;60.71;5980.589999999999
2167546;A1XB2X;2026-04-14 09:30:54.8567;0.0;5;['TG', 'F', 'LS1', 'SC1', 'BB1'];1.33;0.0179;74.5;75.83;5885.5
1351202;A2QLNR;2026-04-14 09:30:54.8892;0.0;5;['SC1', 'TG', 'F', 'LS1', 'BB1'];0.05;0.0062;8.02;8.07;2017.5
3663685;878237;2026-04-14 09:30:54.9345;0.0;2;['F', 'BB1'];0.808;0.0428;18.89;19.698;0.0
194468;A40ZAX;2026-04-14 09:30:54.9667;0.0;3;['TG', 'LS1', 'BB1'];0.2;0.0354;5.65;5.85;2406.9
114429;A2JDGD;2026-04-14 09:30:54.9898;0.0;4;['F', 'TG', 'LS1', 'BB1'];0.255;0.0342;7.455;7.71;3855.8
453869;911060;2026-04-14 09:30:55.0332;9894.14;5;['TG', 'LS1', 'SC1', 'F', 'DE'];0.38;0.0053;72.22;72.6;9966.36
595352;A2ABC0;2026-04-14 09:30:55.1583;9827.699999999999;4;['TG', 'LS1', 'SC1', 'BB1'];0.7;0.0146;47.96;48.66;9877.7
1579091;A2JNEB;2026-04-14 09:30:55.2722;0.0;5;['TG', 'F', 'BB1', 'LS1', 'SC1'];0.25;0.0272;9.2;9.45;3900.7999999999997
795784;A2PUFT;2026-04-14 09:30:55.3113;0.0;4;['TG', 'LS1', 'F', 'SC1'];1.9;0.0086;220.6;222.5;10368.199999999999
2517878;A2QHR0;2026-04-14 09:30:55.3905;5552.296;4;['TG', 'F', 'LS1', 'SC1'];0.036;0.0097;3.704;3.74;3746.0
2393464;A2JRLX;2026-04-14 09:30:55.4241;4921.55;2;['TG', 'BB1'];0.186;0.0145;12.864;13.05;4934.4
231876;A0MUUJ;2026-04-14 09:30:55.4569;0.0;4;['TG', 'SC1', 'F', 'LS1'];0.0321;0.0328;0.9779;1.01;2897.7
1175585;A2PSPF;2026-04-14 09:30:55.5066;0.0;3;['SC1', 'F', 'LS1'];0.2;0.0469;4.26;4.46;0.0
2014633;A1411R;2026-04-14 09:30:55.5503;0.0;1;['F'];0.95;0.0995;9.55;10.5;0.0
103869;871460;2026-04-14 09:30:55.6387;0.0;4;['SC1', 'LS1', 'F', 'DE'];0.2;0.0015;134.36;134.56;0.0
1395315;A1CTNU;2026-04-14 09:30:55.6869;0.0;4;['TG', 'LS1', 'F', 'BB1'];0.05;0.0156;3.195;3.245;2948.9849999999997
1442006;A2PZEY;2026-04-14 09:30:55.7407;0.0;3;['SC1', 'TG', 'BB1'];0.915;0.038;24.085;25.0;3816.0
1428194;A1W1L6;2026-04-14 09:30:55.7872;0.0;4;['F', 'LS1', 'SC1', 'BB1'];0.01;0.0006;17.625;17.635;0.0
178983;881351;2026-04-14 09:30:55.8109;3939.0;4;['TG', 'LS1', 'F', 'BB1'];0.04;0.0154;2.6;2.64;3941.6
1067417;A3DR6C;2026-04-14 09:30:55.8523;7936.099999999999;5;['TG', 'F', 'BB1', 'LS1', 'SC1'];0.036;0.0059;6.1;6.136;2517.4
1591056;A2PA31;2026-04-14 09:30:55.8817;0.0;5;['TG', 'SC1', 'F', 'LS1', 'BB1'];0.02;0.01;2.0;2.02;1952.0
994980;A2P208;2026-04-14 09:30:55.9298;0.0;4;['TG', 'LS1', 'BB1', 'SC1'];0.272;0.0313;8.7;8.972;2909.14
771384;A3CPKP;2026-04-14 09:30:55.9805;0.0;5;['SC1', 'TG', 'F', 'LS1', 'BB1'];0.112;0.0156;7.186;7.298;4909.016
2043771;A0NDW6;2026-04-14 09:30:56.0278;0.0;3;['F', 'SC1', 'BB1'];0.25;0.0251;9.95;10.2;0.0
874523;A3C684;2026-04-14 09:30:56.0900;5861.635;4;['F', 'TG', 'LS1', 'BB1'];0.03;0.0148;2.03;2.06;5863.650000000001
126474;929254;2026-04-14 09:30:56.1151;0.0;3;['SC1', 'LS1', 'BB1'];0.2;0.0075;26.6;26.8;0.0
782212;A0DPEY;2026-04-14 09:30:56.1401;0.0;2;['F', 'LS1'];0.03;0.0027;10.92;10.95;0.0
368107;A0DK9X;2026-04-14 09:30:56.1854;0.0;4;['SC1', 'TG', 'LS1', 'F'];1.1;0.0116;94.95;96.05;5981.85
3309707;A2H652;2026-04-14 09:30:56.2244;0.0;2;['F', 'BB1'];0.0033;0.0005;7.30665936;7.30999269;0.0
930436;A2JAAV;2026-04-14 09:30:56.2793;0.0;3;['SC1', 'F', 'LS1'];0.7;0.05;14.0;14.7;0.0
2859682;A3DPH3;2026-04-14 09:30:56.3294;0.0;3;['F', 'BB1', 'SC1'];2.0;0.0392;51.0;53.0;0.0
4137158;A2QQXK;2026-04-14 09:30:56.3670;0.0;3;['TG', 'LS1', 'BB1'];0.222;0.017;13.05;13.272;5905.308
253299;870494;2026-04-14 09:30:56.4075;4896.3;4;['F', 'TG', 'LS1', 'BB1'];0.05;0.0004;129.0;129.05;5027.1
2016695;A2P1UZ;2026-04-14 09:30:56.4519;9887.02;5;['F', 'TG', 'LS1', 'SC1', 'DE'];0.58;0.0084;69.14;69.72;9956.16
1911854;919111;2026-04-14 09:30:56.5212;5890.0;5;['TG', 'LS1', 'F', 'SC1', 'BB1'];1.0;0.0129;77.5;78.5;5967.5
155895;A3CV8N;2026-04-14 09:30:56.5835;5831.45;3;['TG', 'LS1', 'F'];0.016;0.0287;0.558;0.574;5832.0075
152884;A4046T;2026-04-14 09:30:56.6233;0.0;3;['F', 'TG', 'LS1'];0.01;0.0461;0.217;0.227;2940.4584
275685;645086;2026-04-14 09:30:56.6648;0.0;5;['TG', 'SC1', 'LS1', 'BB1', 'F'];0.03;0.0077;3.92;3.95;4962.72
792790;A2DQ8S;2026-04-14 09:30:56.7123;0.0;3;['TG', 'LS1', 'BB1'];0.14;0.0609;2.3;2.44;2359.7999999999997
1434040;A2PYY3;2026-04-14 09:30:56.7544;0.0;5;['TG', 'SC1', 'LS1', 'F', 'BB1'];0.29;0.0061;47.25;47.54;9746.88
869336;904611;2026-04-14 09:30:56.7948;5777.92;2;['TG', 'BB1'];0.08;0.0312;2.56;2.64;5777.92
818454;A0LCN9;2026-04-14 09:30:56.8560;5858.7;4;['TG', 'LS1', 'SC1', 'BB1'];2.32;0.0234;99.32;101.64;5959.2
2400330;859547;2026-04-14 09:30:56.8981;0.0;5;['F', 'TG', 'LS1', 'SC1', 'BB1'];0.505;0.0141;35.8;36.305;9845.0
384938;A41EJT;2026-04-14 09:30:56.9374;5857.280000000001;4;['TG', 'LS1', 'BB1', 'F'];0.18;0.0216;8.32;8.5;5865.6
102493;A2JG23;2026-04-14 09:30:56.9971;3939.65;3;['TG', 'LS1', 'F'];0.015;0.0094;1.595;1.61;3941.245
1282086;A1J9SG;2026-04-14 09:30:57.0421;0.0;3;['TG', 'LS1', 'SC1'];0.51;0.0148;34.53;35.04;9875.58
1322576;912670;2026-04-14 09:30:57.1186;0.0;1;['SC1'];2.5;0.0472;53.0;55.5;0.0
1443941;541307;2026-04-14 09:30:57.1841;0.0;3;['TG', 'BB1', 'SC1'];0.125;0.0036;34.8;34.925;5915.999999999999
502378;851962;2026-04-14 09:30:57.2218;0.0;4;['TG', 'DE', 'LS1', 'F'];0.3;0.0201;14.9;15.2;5870.6
1784255;A140CF;2026-04-14 09:30:57.2595;0.0;3;['TG', 'LS1', 'BB1'];1.86;0.0141;132.08;133.94;7920.0
815254;A2APXA;2026-04-14 09:30:57.2898;0.0;2;['LS1', 'TG'];0.6;0.0351;17.1;17.7;4839.3
504930;867679;2026-04-14 09:30:57.3487;0.0;5;['TG', 'F', 'SC1', 'LS1', 'DE'];2.0;0.0106;188.0;190.0;6016.0
200402;893094;2026-04-14 09:30:57.4090;0.0;2;['LS1', 'BB1'];1.5;0.0288;52.0;53.5;0.0
974834;529983;2026-04-14 09:30:57.4355;0.0;5;['TG', 'LS1', 'SC1', 'F', 'BB1'];0.37;0.0074;50.0;50.37;8950.0
515273;852026;2026-04-14 09:30:57.4857;0.0;4;['TG', 'F', 'LS1', 'SC1'];1.86;0.0201;92.68;94.54;8897.28
509153;895250;2026-04-14 09:30:57.5317;0.0;5;['TG', 'LS1', 'SC1', 'F', 'DE'];0.37;0.0111;33.36;33.73;8907.119999999999
636814;A2AHAN;2026-04-14 09:30:57.5631;0.0;0;[];0.004;0.0063;0.632;0.636;0.0
763231;A1JHA5;2026-04-14 09:30:57.5896;0.0;4;['TG', 'LS1', 'SC1', 'F'];0.64;0.0085;75.34;75.98;3010.4
1881567;A1W0MW;2026-04-14 09:30:57.6324;0.0;2;['LS1', 'BB1'];1.42;0.024;59.14;60.56;0.0
1624359;A1H9GN;2026-04-14 09:30:57.6795;0.0;5;['TG', 'LS1', 'F', 'SC1', 'DE'];1.0;0.0088;114.0;115.0;10032.0
200513;861114;2026-04-14 09:30:57.7583;9934.16;5;['F', 'TG', 'LS1', 'SC1', 'DE'];0.52;0.0048;108.0;108.52;10044.0
1088745;A1C3EQ;2026-04-14 09:30:57.8303;0.0;4;['TG', 'F', 'SC1', 'LS1'];0.033;0.027;1.223;1.256;2864.418
205166;A1H68T;2026-04-14 09:30:57.8809;0.0;1;['BB1'];0.205;0.0101;20.3;20.505;0.0
201061;932483;2026-04-14 09:30:57.9042;0.0;4;['TG', 'F', 'LS1', 'SC1'];2.25;0.0126;177.95;180.2;9942.800000000001
892430;A2PF9K;2026-04-14 09:30:57.9389;0.0;5;['TG', 'F', 'LS1', 'SC1', 'BB1'];0.128;0.0251;5.098;5.226;3890.224
828711;A2QA4J;2026-04-14 09:30:57.9653;16863.82;5;['SC1', 'F', 'TG', 'LS1', 'DE'];0.08;0.0007;113.2;113.28;16977.0
267978;A1JZ0Q;2026-04-14 09:30:57.9960;20573.920000000002;5;['SC1', 'F', 'TG', 'LS1', 'DE'];0.2;0.0014;138.08;138.28;20712.000000000004
520571;A0LEB0;2026-04-14 09:30:58.0253;0.0;2;['TG', 'LS1'];1.5;0.0205;73.0;74.5;3942.0
3672697;A408D6;2026-04-14 09:30:58.0641;0.0;3;['SC1', 'BB1', 'F'];0.2;0.0127;15.7;15.9;0.0
1051605;896795;2026-04-14 09:30:58.1215;0.0;2;['BB1', 'F'];0.21;0.0071;29.6;29.81;0.0
1675994;867279;2026-04-14 09:30:58.1474;5873.86;3;['SC1', 'TG', 'LS1'];0.25;0.0217;11.54;11.79;5885.4
1809186;A12CUR;2026-04-14 09:30:58.1844;0.0;5;['TG', 'LS1', 'F', 'BB1', 'SC1'];0.46;0.0083;55.2;55.66;4806.0
860420;A14Q9C;2026-04-14 09:30:58.2624;0.0;4;['TG', 'LS1', 'F', 'BB1'];0.036;0.0259;1.388;1.424;1665.6
1988617;A412AL;2026-04-14 09:30:58.3064;0.0;3;['TG', 'LS1', 'SC1'];0.149;0.0165;9.018;9.167;9820.602
111487;A2PN0J;2026-04-14 09:30:58.3477;0.0;1;['SC1'];1.2;0.0455;26.4;27.6;0.0
333810;A0KEQ1;2026-04-14 09:30:58.3969;0.0;4;['F', 'LS1', 'SC1', 'BB1'];0.55;0.0887;6.2;6.75;0.0
1822550;A2AQ45;2026-04-14 09:30:58.4579;0.0;5;['TG', 'F', 'BB1', 'LS1', 'SC1'];0.1;0.0106;9.45;9.55;8714.199999999999
509262;855950;2026-04-14 09:30:58.4820;8374.0;5;['TG', 'LS1', 'SC1', 'F', 'DE'];6.4;0.0076;837.4;843.8;9211.4
2855700;A2PJFZ;2026-04-14 09:30:58.5282;0.0;4;['TG', 'LS1', 'F', 'BB1'];0.895;0.0189;47.23;48.125;3967.3199999999997
1054329;873181;2026-04-14 09:30:58.5746;0.0;1;['TG'];2.5;0.0266;94.0;96.5;5922.0
200887;905153;2026-04-14 09:30:58.6153;0.0;5;['TG', 'LS1', 'BB1', 'F', 'SC1'];0.482;0.0554;8.7;9.182;4685.04
200672;868284;2026-04-14 09:30:58.6801;9919.32;5;['F', 'TG', 'LS1', 'SC1', 'DE'];0.33;0.0044;75.72;76.05;9995.039999999999
884756;A1XFVG;2026-04-14 09:30:58.7244;0.0;4;['TG', 'F', 'LS1', 'SC1'];0.95;0.0094;101.15;102.1;6979.35
1361276;A1XE9W;2026-04-14 09:30:58.7625;0.0;5;['BB1', 'TG', 'F', 'LS1', 'SC1'];2.11;0.0253;83.5;85.61;3924.5
1860739;A14R7U;2026-04-14 09:30:58.8169;10024.74;5;['SC1', 'F', 'TG', 'LS1', 'DE'];0.015;0.0004;40.28;40.295;10065.0
828315;A3CTHF;2026-04-14 09:30:58.8727;0.0;3;['SC1', 'TG', 'F'];0.1;0.0248;4.04;4.14;3902.64
1621290;A2DPT7;2026-04-14 09:30:58.9104;0.0;3;['TG', 'LS1', 'SC1'];0.29;0.012;24.12;24.41;4954.3
1449484;A2PF3F;2026-04-14 09:30:58.9610;0.0;2;['TG', 'LS1'];0.026;0.0301;0.864;0.89;2761.344
3172332;A0YF1P;2026-04-14 09:30:59.0063;0.0;3;['SC1', 'LS1', 'F'];0.3;0.0261;11.5;11.8;0.0
200867;901951;2026-04-14 09:30:59.0379;0.0;4;['TG', 'LS1', 'BB1', 'SC1'];0.465;0.0132;35.2;35.665;3967.43
2383751;A2PR0M;2026-04-14 09:30:59.0924;9872.619999999999;4;['TG', 'SC1', 'LS1', 'F'];0.07;0.0175;4.01;4.08;9876.63
1084152;905441;2026-04-14 09:30:59.1359;;1;['TG'];0.1;0.0078;12.9;13.0;3947.4
2941520;A2PRK9;2026-04-14 09:30:59.1799;5860.799999999999;5;['TG', 'LS1', 'F', 'SC1', 'BB1'];0.4;0.0152;26.4;26.8;5887.2
1067724;A0Q4ZU;2026-04-14 09:30:59.2243;0.0;4;['TG', 'F', 'LS1', 'BB1'];0.253;0.0253;9.985;10.238;5841.224999999999
972063;A0MWJE;2026-04-14 09:30:59.2659;9768.0;3;['TG', 'F', 'BB1'];1.74;0.0132;132.26;134.0;9900.0
541902;A14Y65;2026-04-14 09:30:59.3162;0.0;5;['SC1', 'TG', 'F', 'LS1', 'BB1'];2.7;0.0096;280.5;283.2;3084.3999999999996
103585;851995;2026-04-14 09:30:59.3573;15760.36;5;['TG', 'F', 'LS1', 'SC1', 'DE'];0.26;0.002;132.44;132.7;15892.8
101311;A2PXSY;2026-04-14 09:30:59.3945;0.0;3;['SC1', 'F', 'BB1'];0.6;0.0205;29.2;29.8;0.0
697638;A140K1;2026-04-14 09:30:59.4352;0.0;4;['F', 'LS1', 'SC1', 'BB1'];0.98;0.0132;74.5;75.48;0.0
200602;850943;2026-04-14 09:30:59.4845;0.0;3;['TG', 'LS1', 'SC1'];0.78;0.01;78.34;79.12;8930.76
635101;A1W5VC;2026-04-14 09:30:59.5174;0.0;4;['TG', 'F', 'LS1', 'BB1'];0.29;0.0285;10.19;10.48;2924.5299999999997
1303730;A2DNTL;2026-04-14 09:30:59.5630;0.0;2;['F', 'LS1'];1.0;0.0342;29.2;30.2;0.0
309314;A3DTTK;2026-04-14 09:30:59.5876;0.0;5;['TG', 'LS1', 'F', 'SC1', 'BB1'];0.46;0.027;17.04;17.5;2856.1
1066296;A3C69T;2026-04-14 09:30:59.6363;0.0;3;['F', 'LS1', 'BB1'];0.0;0.0;13.28;13.28;0.0
107717;A2PLTK;2026-04-14 09:30:59.6639;0.0;5;['F', 'TG', 'LS1', 'SC1', 'BB1'];0.186;0.0349;5.324;5.51;2869.636
199636;898255;2026-04-14 09:30:59.7069;;2;['TG', 'F'];0.3;0.0191;15.7;16.0;4914.099999999999
1760439;A2QL60;2026-04-14 09:30:59.7463;0.0;2;['TG', 'F'];0.14;0.0598;2.34;2.48;4708.08
1771086;121843;2026-04-14 09:30:59.7893;0.0;2;['TG', 'LS1'];0.099;0.0519;1.909;2.008;3802.728
200546;615375;2026-04-14 09:30:59.8947;0.0;5;['TG', 'LS1', 'SC1', 'F', 'BB1'];-0.082;-0.0049;16.8;16.718;16800.0
243037;541501;2026-04-14 09:30:59.9436;0.0;3;['TG', 'LS1', 'SC1'];-0.692;-0.0373;18.55;17.858;46375.0
103586;852009;2026-04-14 09:30:59.9759;;5;['F', 'SC1', 'TG', 'LS1', 'DE'];0.015;0.0006;23.16;23.175;5006.88
1474647;A2QLQY;2026-04-14 09:31:00.0278;0.0;3;['LS1', 'F', 'BB1'];0.035;0.0024;14.67;14.705;0.0
2456413;A1WZ6P;2026-04-14 09:31:00.0661;0.0;4;['TG', 'LS1', 'SC1', 'BB1'];0.97;0.0194;50.03;51.0;5850.0
157788;A0NDBJ;2026-04-14 09:31:00.0872;14880.24;5;['F', 'SC1', 'TG', 'LS1', 'DE'];0.74;0.0054;137.78;138.52;15018.02
2559186;A3CU4U;2026-04-14 09:31:00.1419;3872.0;5;['SC1', 'TG', 'LS1', 'F', 'BB1'];0.6;0.0186;32.2;32.8;3904.0
819085;A1JWQU;2026-04-14 09:31:00.1995;0.0;5;['TG', 'F', 'LS1', 'SC1', 'DE'];2.06;0.0154;134.04;136.1;9719.95
204977;A3EMJQ;2026-04-14 09:31:00.2614;0.0;2;['TG', 'BB1'];0.9;0.0146;61.6;62.5;5904.0
1772082;A3DM9U;2026-04-14 09:31:00.4601;0.0;2;['TG', 'F'];0.07;0.0479;1.46;1.53;1908.22
1209026;879430;2026-04-14 09:31:00.5898;4916.17;4;['LS1', 'TG', 'SC1', 'BB1'];0.365;0.0094;38.97;39.335;4954.88
1256460;A2PMY3;2026-04-14 09:31:00.7597;0.0;5;['TG', 'BB1', 'LS1', 'F', 'SC1'];0.05;0.0068;7.3;7.35;2930.4
1754214;A404G9;2026-04-14 09:31:00.8064;4876.96;2;['TG', 'LS1'];0.045;0.0276;1.63;1.675;4878.589999999999
1304202;A0YJBW;2026-04-14 09:31:00.8827;5814.9;4;['TG', 'LS1', 'F', 'BB1'];0.865;0.029;29.82;30.685;5844.72
502334;A1T7JA;2026-04-14 09:31:00.9560;;2;['LS1', 'TG'];0.21;0.0144;14.59;14.8;9787.5
2827402;A2JRK6;2026-04-14 09:31:01.0981;9860.0;3;['TG', 'LS1', 'SC1'];1.2;0.0141;85.0;86.2;9945.0
509424;853915;2026-04-14 09:31:01.1492;0.0;3;['TG', 'LS1', 'F'];1.16;0.0134;86.58;87.74;9867.84
2313262;A2PGMG;2026-04-14 09:31:01.2081;;3;['TG', 'SC1', 'F'];0.3;0.0197;15.2;15.5;8846.4
510222;852025;2026-04-14 09:31:01.2822;4852.686;4;['TG', 'LS1', 'BB1', 'F'];0.226;0.0233;9.718;9.944;4862.372
3751468;A418SM;2026-04-14 09:31:01.3178;0.0;4;['TG', 'LS1', 'BB1', 'F'];0.15;0.0328;4.57;4.72;1448.69
350253;A14U2K;2026-04-14 09:31:01.3806;0.0;5;['F', 'TG', 'LS1', 'BB1', 'SC1'];1.48;0.0251;59.0;60.48;4880.4
2744526;A3C84C;2026-04-14 09:31:01.4575;0.0;4;['F', 'LS1', 'BB1', 'SC1'];0.4;0.0137;29.2;29.6;0.0
3694761;A3ERJQ;2026-04-14 09:31:01.5083;0.0;1;['BB1'];0.018;0.1452;0.124;0.142;0.0
772612;A2QMJZ;2026-04-14 09:31:01.5802;0.0;1;['TG'];0.04;0.0148;2.7;2.74;8839.800000000001
719039;911990;2026-04-14 09:31:01.6817;9700.0;4;['TG', 'LS1', 'SC1', 'BB1'];3.66;0.0189;194.0;197.66;9894.0
828733;A2P4YV;2026-04-14 09:31:01.7444;0.0;4;['F', 'TG', 'LS1', 'BB1'];0.052;0.0481;1.082;1.134;3343.6800000000003
970797;A1JA81;2026-04-14 09:31:01.7840;6016.342500000001;6;['F', 'TG', 'SC1', 'LS1', 'DE', 'BB1'];0.0015;0.0006;2.408;2.4095;6018.750000000001
681518;893819;2026-04-14 09:31:01.8245;0.0;4;['TG', 'LS1', 'F', 'BB1'];1.4;0.0303;46.2;47.6;5816.16
1944752;A41TQY;2026-04-14 09:31:01.8606;;4;['TG', 'F', 'LS1', 'SC1'];0.25;0.0145;17.2;17.45;9838.4
2531026;A0JMVJ;2026-04-14 09:31:01.8873;0.0;4;['TG', 'F', 'LS1', 'SC1'];0.85;0.0046;184.25;185.1;9906.3
1100880;A40VVU;2026-04-14 09:31:01.9291;0.0;4;['LS1', 'TG', 'SC1', 'F'];0.23;0.0273;8.41;8.64;9724.01
100745;A2QK2W;2026-04-14 09:31:01.9514;0.0;4;['TG', 'SC1', 'LS1', 'BB1'];0.044;0.0076;5.758;5.802;2976.886
2062886;PAH0AD;2026-04-14 09:31:01.9739;0.0;4;['SC1', 'LS1', 'F', 'BB1'];-0.039;-0.012;3.239;3.2;0.0
927063;A0JK32;2026-04-14 09:31:02.0000;0.0;3;['LS1', 'BB1', 'F'];0.185;0.0041;44.8;44.985;0.0
448351;A1JS25;2026-04-14 09:31:02.0246;0.0;5;['TG', 'F', 'LS1', 'SC1', 'BB1'];1.99;0.0237;84.01;86.0;9828.0
3675102;A2PJPC;2026-04-14 09:31:02.0655;0.0;3;['BB1', 'F', 'LS1'];0.8;0.0491;16.3;17.1;0.0
1834479;865628;2026-04-14 09:31:02.1037;9858.300000000001;4;['SC1', 'TG', 'LS1', 'F'];2.05;0.0106;194.1;196.15;10049.0
1728847;911299;2026-04-14 09:31:02.1629;9764.22;4;['TG', 'LS1', 'F', 'SC1'];1.07;0.0239;44.85;45.92;9809.01
736600;A2PS8H;2026-04-14 09:31:02.2034;5743.794;5;['TG', 'LS1', 'SC1', 'F', 'BB1'];0.104;0.0411;2.528;2.632;5746.311
1625042;A1WZUH;2026-04-14 09:31:02.2284;5765.759999999999;3;['TG', 'LS1', 'F'];0.86;0.013;66.32;67.18;5831.28
2920290;A2PZG1;2026-04-14 09:31:02.2538;0.0;3;['TG', 'SC1', 'BB1'];0.08;0.0227;3.52;3.6;2926.0
2051931;A400AS;2026-04-14 09:31:02.3564;0.0;3;['TG', 'LS1', 'BB1'];0.15;0.025;5.99;6.14;2919.33
2610000;A0B8P4;2026-04-14 09:31:02.3781;0.0;4;['SC1', 'TG', 'LS1', 'BB1'];10.0;0.0385;260.0;270.0;5980.0
793182;870967;2026-04-14 09:31:02.4360;9901.4;5;['F', 'SC1', 'TG', 'LS1', 'DE'];0.58;0.0073;79.91;80.49;9981.25
244849;915929;2026-04-14 09:31:02.4841;0.0;2;['F', 'BB1'];1.84;0.0138;133.08;134.92;0.0
601561;A0Q78W;2026-04-14 09:31:02.5225;0.0;5;['TG', 'LS1', 'SC1', 'BB1', 'F'];3.0;0.0217;138.0;141.0;8803.2
336615;A1CVKD;2026-04-14 09:31:02.5604;0.0;2;['SC1', 'BB1'];4.0;0.0178;224.85;228.85;0.0
200565;694660;2026-04-14 09:31:02.6014;0.0;0;[];0.0;0.0;0.0;0.0;0.0
103588;852062;2026-04-14 09:31:02.7242;25464.56;6;['F', 'TG', 'LS1', 'SC1', 'BB1', 'DE'];0.24;0.002;121.86;122.1;5256.32
1940289;A2JRQV;2026-04-14 09:31:02.7700;5849.92;4;['TG', 'LS1', 'F', 'SC1'];0.1;0.0248;4.04;4.14;5853.96
3306653;A2P1MS;2026-04-14 09:31:02.8182;0.0;5;['SC1', 'F', 'TG', 'LS1', 'BB1'];1.04;0.0246;42.29;43.33;3932.97
992586;884284;2026-04-14 09:31:02.8851;5920.2;1;['TG'];0.2;0.0085;23.4;23.6;5943.599999999999
512475;865496;2026-04-14 09:31:02.9401;0.0;4;['TG', 'LS1', 'SC1', 'F'];0.25;0.0015;169.0;169.25;9971.0
1041091;A1JBD1;2026-04-14 09:31:02.9775;0.0;4;['TG', 'SC1', 'F', 'LS1'];0.84;0.0072;116.12;116.96;9055.8
1866740;A1J7JT;2026-04-14 09:31:03.0190;0.0;3;['F', 'LS1', 'BB1'];0.0055;0.0053;1.031;1.0365;0.0
1048429;A0B746;2026-04-14 09:31:03.0710;5919.51;4;['F', 'SC1', 'TG', 'LS1'];0.034;0.0152;2.238;2.272;5921.748
2277548;A2PWSL;2026-04-14 09:31:03.1130;0.0;4;['TG', 'F', 'LS1', 'BB1'];0.072;0.0377;1.912;1.984;1927.08
1707046;A2PRLA;2026-04-14 09:31:03.1504;0.0;2;['SC1', 'BB1'];0.0;0.0;8.352;8.352;0.0
565469;A2P4JE;2026-04-14 09:31:03.1943;0.0;4;['TG', 'LS1', 'BB1', 'F'];0.142;0.0335;4.234;4.376;2896.056
1643780;A1JUHT;2026-04-14 09:31:03.2591;5899.65;5;['TG', 'F', 'LS1', 'SC1', 'BB1'];0.35;0.0066;53.15;53.5;5952.8
200574;764959;2026-04-14 09:31:03.3008;0.0;4;['TG', 'F', 'LS1', 'SC1'];0.36;0.0043;83.42;83.78;5997.599999999999
2353415;A1T8LA;2026-04-14 09:31:03.3337;0.0;3;['SC1', 'F', 'LS1'];0.05;0.0008;59.85;59.9;0.0
312507;852070;2026-04-14 09:31:03.3659;0.0;3;['TG', 'LS1', 'F'];1.12;0.0164;68.5;69.62;9864.0
553268;867609;2026-04-14 09:31:03.4118;9769.5;4;['F', 'TG', 'LS1', 'SC1'];2.4;0.0096;250.5;252.9;10020.0
1685988;577952;2026-04-14 09:31:03.4595;0.0;4;['SC1', 'F', 'LS1', 'BB1'];0.015;0.0008;18.625;18.64;0.0
1372533;A2P1AF;2026-04-14 09:31:03.4973;0.0;3;['TG', 'F', 'BB1'];0.07;0.0588;1.19;1.26;5646.55
107709;A3DWEE;2026-04-14 09:31:03.5348;0.0;3;['TG', 'LS1', 'BB1'];0.02;0.0195;1.026;1.046;1937.98
180407;854435;2026-04-14 09:31:03.5744;0.0;4;['TG', 'LS1', 'SC1', 'F'];0.58;0.0056;103.2;103.78;5056.8
1337444;A2AMY9;2026-04-14 09:31:03.6111;0.0;5;['TG', 'F', 'LS1', 'SC1', 'BB1'];0.4;0.0252;15.9;16.3;3911.4
818526;A2P4JB;2026-04-14 09:31:03.6549;0.0;3;['F', 'LS1', 'BB1'];0.0;0.0;2.452;2.452;0.0
384915;A14YFN;2026-04-14 09:31:03.6788;0.0;4;['TG', 'LS1', 'SC1', 'F'];0.38;0.0071;53.74;54.12;6005.44
2051915;A4ZZ0Z;2026-04-14 09:31:03.7255;0.0;4;['TG', 'F', 'LS1', 'BB1'];0.2;0.0445;4.494;4.694;5719.032
2447764;908962;2026-04-14 09:31:03.7533;0.0;4;['F', 'LS1', 'SC1', 'BB1'];1.5;0.0196;76.5;78.0;0.0
1080117;A1C12H;2026-04-14 09:31:03.7812;0.0;1;['TG'];0.2;0.0328;6.1;6.3;4843.4
351944;865108;2026-04-14 09:31:03.8383;0.0;2;['F', 'BB1'];1.8;0.0168;107.2;109.0;0.0
1065075;A12CY9;2026-04-14 09:31:03.8800;9871.06;3;['TG', 'LS1', 'SC1'];0.49;0.0072;67.61;68.1;9938.67
1367729;A1XEYE;2026-04-14 09:31:03.9243;9500.25;5;['SC1', 'LS1', 'TG', 'BB1', 'F'];1.4;0.0349;40.09;41.49;9540.0
1050588;A2PTGZ;2026-04-14 09:31:03.9581;0.0;2;['F', 'LS1'];0.004;0.0052;0.764000382;0.768000384;0.0
307715;A41FSG;2026-04-14 09:31:04.0072;;1;['TG'];1.0;0.0088;114.0;115.0;9918.0
103974;883121;2026-04-14 09:31:04.0512;15554.1;5;['SC1', 'DE', 'LS1', 'TG', 'F'];0.18;0.0016;112.0;112.18;15671.6
1136187;A1J423;2026-04-14 09:31:04.0821;9852.7;5;['TG', 'F', 'LS1', 'SC1', 'BB1'];0.68;0.0099;68.9;69.58;9921.6
3367679;A0MV6A;2026-04-14 09:31:04.1217;5911.8;5;['TG', 'LS1', 'F', 'SC1', 'BB1'];0.1;0.006;16.7;16.8;5928.5
512481;912294;2026-04-14 09:31:04.1748;0.0;4;['LS1', 'TG', 'SC1', 'BB1'];0.4;0.0008;508.4;508.8;5599.0
582610;A2QJX9;2026-04-14 09:31:04.1998;0.0;4;['TG', 'BB1', 'LS1', 'SC1'];0.05;0.0091;5.5;5.55;14676.85
1826290;A2H5CY;2026-04-14 09:31:04.2256;2885.32;3;['TG', 'LS1', 'BB1'];0.08;0.0377;2.12;2.2;2887.44
1809225;A40M9N;2026-04-14 09:31:04.2652;2936.46;3;['TG', 'LS1', 'F'];0.088;0.0163;5.41;5.498;2941.848
200883;904533;2026-04-14 09:31:04.3188;0.0;4;['TG', 'LS1', 'SC1', 'F'];1.2;0.0074;163.25;164.45;11917.25
114045;A2APZJ;2026-04-14 09:31:04.3602;0.0;3;['TG', 'BB1', 'F'];0.02;0.0204;0.98;1.0;3880.7999999999997
845376;A2PXKK;2026-04-14 09:31:04.3988;2909.06;3;['TG', 'LS1', 'BB1'];0.255;0.0269;9.47;9.725;2918.505
3000535;A0RDUR;2026-04-14 09:31:04.4433;2959.2999999999997;2;['TG', 'BB1'];0.056;0.0055;10.144;10.2;2969.4
2995107;A41BJX;2026-04-14 09:31:04.4852;2900.8;3;['TG', 'F', 'LS1'];0.06;0.0324;1.85;1.91;2902.65
1048696;A119ZB;2026-04-14 09:31:04.5300;4921.84;5;['TG', 'F', 'LS1', 'SC1', 'BB1'];0.28;0.0135;20.68;20.96;4942.5199999999995
1789331;924447;2026-04-14 09:31:04.5842;0.0;2;['F', 'LS1'];1.1;0.1111;9.9;11.0;0.0
927359;857241;2026-04-14 09:31:04.6126;9789.119999999999;5;['SC1', 'F', 'TG', 'LS1', 'BB1'];0.91;0.0184;49.44;50.35;9838.56
636357;869766;2026-04-14 09:31:04.6364;2892.8;3;['TG', 'BB1', 'F'];0.194;0.0343;5.653;5.847;2898.4500000000003
2312756;A1436S;2026-04-14 09:31:04.6989;0.0;1;['BB1'];0.6;0.0441;13.6;14.2;0.0
543104;A2DJTU;2026-04-14 09:31:04.7415;0.0;1;['DE'];2.0;0.0189;106.0;108.0;0.0
1572792;863462;2026-04-14 09:31:04.7798;5772.06;4;['TG', 'LS1', 'F', 'BB1'];2.64;0.0288;91.66;94.3;5863.68
2904899;A2QMDC;2026-04-14 09:31:04.8288;0.0;5;['TG', 'F', 'LS1', 'SC1', 'BB1'];0.05;0.0275;1.82;1.87;2899.62
2051218;A2AFZX;2026-04-14 09:31:04.8815;0.0;3;['F', 'LS1', 'BB1'];0.0;0.0;3.84;3.84;0.0
246453;879513;2026-04-14 09:31:04.9088;0.0;4;['F', 'LS1', 'SC1', 'BB1'];0.0;0.0;58.82;58.82;0.0
1272371;A3DX25;2026-04-14 09:31:04.9501;3901.5;3;['TG', 'BB1', 'F'];0.244;0.0181;13.5;13.744;3915.0
103993;885069;2026-04-14 09:31:04.9781;3942.0;5;['TG', 'F', 'LS1', 'SC1', 'BB1'];0.2;0.0068;29.2;29.4;3971.2
878518;A1H7BU;2026-04-14 09:31:05.0228;0.0;2;['TG', 'BB1'];0.15;0.0226;6.65;6.8;1469.65
765921;A0LFMZ;2026-04-14 09:31:05.0672;7786.349999999999;4;['TG', 'LS1', 'SC1', 'F'];0.89;0.0188;47.4;48.29;7833.54
3253075;A2QHNE;2026-04-14 09:31:05.1259;0.0;3;['F', 'LS1', 'BB1'];0.01;0.0009;11.17;11.18;0.0
104164;906870;2026-04-14 09:31:05.1595;14796.32;4;['TG', 'LS1', 'SC1', 'F'];1.16;0.0121;96.08;97.24;14892.4
1335137;A1JD3A;2026-04-14 09:31:05.2170;5709.599999999999;5;['F', 'TG', 'LS1', 'SC1', 'DE'];6.1;0.0192;317.3;323.4;6026.8
2574632;A3EMQ8;2026-04-14 09:31:05.2583;0.0;3;['SC1', 'BB1', 'LS1'];0.3;0.0255;11.75;12.05;0.0
118140;A14W1Q;2026-04-14 09:31:05.2871;0.0;1;['F'];0.015;0.0014;10.925;10.94;0.0
984524;867939;2026-04-14 09:31:05.3129;0.0;5;['TG', 'LS1', 'SC1', 'F', 'BB1'];0.25;0.0071;35.23;35.48;3547.9999999999995
492275;A2PLRS;2026-04-14 09:31:05.3617;5845.84;5;['SC1', 'TG', 'LS1', 'BB1', 'F'];0.04;0.0128;3.12;3.16;5848.92
1947237;A14WK1;2026-04-14 09:31:05.4306;14657.752999999999;5;['TG', 'F', 'LS1', 'SC1', 'BB1'];0.116;0.0263;4.411;4.527;5133.618
2211368;875072;2026-04-14 09:31:05.4787;;2;['TG', 'LS1'];2.5;0.0197;126.6;129.1;9874.8
257613;889684;2026-04-14 09:31:05.5192;4860.0;5;['TG', 'F', 'LS1', 'SC1', 'BB1'];0.4;0.0222;18.0;18.4;4875.29
722980;A115CX;2026-04-14 09:31:05.5435;5785.1;3;['TG', 'BB1', 'SC1'];0.25;0.0299;8.35;8.6;5793.400000000001
431525;A2PZ0R;2026-04-14 09:31:05.5989;9871.599999999999;5;['F', 'TG', 'LS1', 'SC1', 'DE'];0.55;0.0032;170.55;171.1;10041.8
237039;A2N6VM;2026-04-14 09:31:05.6382;5833.02;5;['TG', 'LS1', 'F', 'BB1', 'SC1'];0.016;0.0117;1.363;1.379;5834.360000000001
1224312;A3EC6X;2026-04-14 09:31:05.6662;2792.79;3;['TG', 'LS1', 'F'];0.009;0.0402;0.224;0.233;2793.007
1369926;899744;2026-04-14 09:31:05.6995;10696.25;4;['TG', 'LS1', 'F', 'SC1'];0.05;0.0009;53.75;53.8;10750.0
411198;A2PPXB;2026-04-14 09:31:05.7423;0.0;4;['TG', 'LS1', 'SC1', 'F'];0.014;0.0013;11.03;11.044;2945.0099999999998
2936105;A0YFSC;2026-04-14 09:31:05.7889;0.0;2;['F', 'LS1'];0.005;0.0007;7.58;7.585;0.0
1186072;663749;2026-04-14 09:31:05.8297;2856.6;3;['TG', 'LS1', 'BB1'];0.134;0.0484;2.766;2.9;2859.3599999999997
2842382;A2AHN4;2026-04-14 09:31:05.8763;4855.2;4;['TG', 'F', 'LS1', 'SC1'];1.0;0.021;47.6;48.6;4902.8
1414450;A2JGBV;2026-04-14 09:31:05.9057;0.0;1;['BB1'];1.6;0.0526;30.4;32.0;0.0
1953920;A406FX;2026-04-14 09:31:05.9319;14732.0;4;['SC1', 'TG', 'BB1', 'LS1'];1.0;0.0079;127.0;128.0;14859.0
1880562;905851;2026-04-14 09:31:05.9799;4909.425;5;['TG', 'SC1', 'LS1', 'F', 'BB1'];0.095;0.0189;5.025;5.12;4914.450000000001
2167543;876288;2026-04-14 09:31:06.0309;0.0;3;['TG', 'LS1', 'BB1'];3.44;0.0195;176.7;180.14;4947.599999999999
2024666;888499;2026-04-14 09:31:06.0761;0.0;4;['TG', 'F', 'LS1', 'SC1'];0.5;0.0075;66.5;67.0;9975.0
200734;881535;2026-04-14 09:31:06.1194;9459.0;5;['TG', 'LS1', 'F', 'SC1', 'DE'];5.4;0.0086;630.6;636.0;10089.6
2329880;A3E2G0;2026-04-14 09:31:06.1679;2925.2000000000003;1;['TG'];0.4;0.0194;20.6;21.0;2945.8
539688;A140E0;2026-04-14 09:31:06.2222;0.0;5;['TG', 'LS1', 'F', 'BB1', 'SC1'];0.194;0.0255;7.6;7.794;2920.476
182790;A0B6XA;2026-04-14 09:31:06.2864;0.0;4;['TG', 'LS1', 'F', 'SC1'];0.24;0.0102;23.6;23.84;9889.289999999999
393576;A2PJLA;2026-04-14 09:31:06.3125;2406.084;3;['F', 'TG', 'LS1'];0.018;0.0259;0.696;0.714;2406.776
275589;884241;2026-04-14 09:31:06.4006;10199.199999999999;3;['F', 'LS1', 'TG'];0.3;0.0061;48.8;49.1;10248.0
182825;892629;2026-04-14 09:31:06.4623;0.0;1;['BB1'];1.95;0.0071;274.35;276.3;0.0
1935247;A14VSC;2026-04-14 09:31:06.4917;0.0;4;['SC1', 'LS1', 'BB1', 'F'];0.8;0.0278;28.8;29.6;0.0
2941522;A2PSZF;2026-04-14 09:31:06.5345;0.0;4;['BB1', 'TG', 'F', 'SC1'];0.4;0.0661;6.05;6.45;2323.2
1525844;A1J2C3;2026-04-14 09:31:06.5790;0.0;2;['F', 'LS1'];0.01;0.0025;3.988;3.998;0.0
2988998;A14P3H;2026-04-14 09:31:06.6365;0.0;3;['F', 'LS1', 'BB1'];0.002;0.0003;6.262;6.264;0.0
1839405;870980;2026-04-14 09:31:06.6804;0.0;5;['F', 'TG', 'LS1', 'SC1', 'BB1'];1.4;0.0135;103.4;104.8;4032.6000000000004
967523;900457;2026-04-14 09:31:06.7794;5876.88;4;['TG', 'LS1', 'F', 'BB1'];0.215;0.0137;15.71;15.925;5892.51
1266842;876993;2026-04-14 09:31:06.8170;0.0;4;['LS1', 'F', 'SC1', 'BB1'];0.01;0.0005;21.58;21.59;0.0
1613270;A2PNWR;2026-04-14 09:31:06.8794;0.0;3;['SC1', 'F', 'LS1'];0.12;0.0465;2.58;2.7;0.0
2798299;A2JQN1;2026-04-14 09:31:06.9230;0.0;4;['TG', 'SC1', 'F', 'LS1'];0.0335;0.0229;1.466;1.4995;1954.977
513893;915201;2026-04-14 09:31:06.9480;0.0;4;['F', 'LS1', 'TG', 'SC1'];0.4;0.0022;180.95;181.35;10130.4
315300;895878;2026-04-14 09:31:07.0206;0.0;3;['TG', 'LS1', 'SC1'];1.3;0.0067;195.05;196.35;5699.950000000001
1687287;A2N64R;2026-04-14 09:31:07.0750;8790.6;1;['TG'];0.6;0.0186;32.2;32.8;8822.800000000001
2605763;A3CWGA;2026-04-14 09:31:07.1244;0.0;4;['TG', 'F', 'LS1', 'BB1'];0.4;0.0479;8.35;8.75;2872.4
333254;566037;2026-04-14 09:31:07.1769;0.0;2;['F', 'LS1'];0.1;0.0318;3.14;3.24;0.0
1977153;A2PYWG;2026-04-14 09:31:07.2359;0.0;5;['F', 'TG', 'LS1', 'SC1', 'BB1'];0.85;0.0073;116.0;116.85;4640.0
2340207;A1JMSS;2026-04-14 09:31:07.2847;0.0;2;['F', 'LS1'];0.06;0.0016;37.22;37.28;0.0
2529305;A1W27P;2026-04-14 09:31:07.3359;5861.16;4;['TG', 'F', 'LS1', 'BB1'];0.565;0.0194;29.165;29.73;5890.32
639190;A2PYUS;2026-04-14 09:31:07.3988;5837.7;3;['TG', 'BB1', 'F'];0.478;0.0261;18.3;18.778;5856.0
3391445;A2QEWP;2026-04-14 09:31:07.4404;0.0;1;['TG'];0.14;0.0467;3.0;3.14;3822.0
1033169;A2DPZC;2026-04-14 09:31:07.4854;0.0;3;['LS1', 'F', 'BB1'];0.0;0.0;299.72;299.72;0.0
688398;A11989;2026-04-14 09:31:07.5329;0.0;2;['F', 'LS1'];0.05;0.0081;6.2;6.25;0.0
1632020;A2H5A0;2026-04-14 09:31:07.5826;0.0;4;['TG', 'LS1', 'SC1', 'BB1'];2.0;0.0274;73.0;75.0;2972.5
1408427;A2H8WM;2026-04-14 09:31:07.6349;2869.02;5;['TG', 'SC1', 'BB1', 'LS1', 'F'];0.06;0.03;2.0;2.06;2871.0
1192526;A3DE3J;2026-04-14 09:31:07.6914;25715.136000000002;5;['LS1', 'TG', 'SC1', 'BB1', 'F'];0.172;0.0134;12.864;13.036;25728.0
1316553;A2QQFU;2026-04-14 09:31:07.7178;;1;['TG'];0.8;0.0237;33.8;34.6;5881.2
1992802;A2GSYB;2026-04-14 09:31:07.7631;5825.82;2;['TG', 'BB1'];0.08;0.028;2.86;2.94;5828.679999999999
1940207;A1W58K;2026-04-14 09:31:07.8034;5920.4;3;['SC1', 'TG', 'LS1'];0.41;0.0132;31.16;31.57;5951.56
137683;A0Q3SR;2026-04-14 09:31:07.8467;0.0;3;['TG', 'F', 'BB1'];0.025;0.0217;1.154;1.179;4668.965
352929;868009;2026-04-14 09:31:07.9064;5052.0;4;['F', 'TG', 'SC1', 'LS1'];0.8;0.0095;84.2;85.0;5136.2
1564541;A2H51D;2026-04-14 09:31:07.9503;0.0;4;['SC1', 'F', 'TG', 'LS1'];0.2;0.0134;14.888;15.088;7432.0
972452;A3C47B;2026-04-14 09:31:07.9999;0.0;2;['SC1', 'F'];0.2;0.0149;13.4;13.6;0.0
514028;856701;2026-04-14 09:31:08.0659;9764.15;4;['LS1', 'SC1', 'TG', 'F'];0.23;0.0105;21.82;22.05;9785.8
2592781;A3CVQC;2026-04-14 09:31:08.1053;14834.400000000001;4;['SC1', 'F', 'TG', 'LS1'];0.28;0.0045;61.92;62.2;12066.800000000001
2777272;A2QHVS;2026-04-14 09:31:08.1505;;1;['TG'];0.8;0.0163;49.0;49.8;14798.0
162878;891106;2026-04-14 09:31:08.1903;5023.2429;4;['LS1', 'TG', 'F', 'SC1'];-1.25;-0.0281;44.55;43.3;5066.1766
497624;A419CG;2026-04-14 09:31:08.2858;15006.0;4;['F', 'TG', 'LS1', 'SC1'];0.2;0.0033;61.0;61.2;15067.0
875749;A2JA9Q;2026-04-14 09:31:08.3314;0.0;5;['TG', 'SC1', 'LS1', 'F', 'BB1'];0.049;0.016;3.07;3.119;2953.3399999999997
200882;903978;2026-04-14 09:31:08.3726;0.0;5;['TG', 'LS1', 'F', 'SC1', 'DE'];4.6;0.0134;343.3;347.9;5143.5
2886339;A3DL8F;2026-04-14 09:31:08.4209;0.0;2;['TG', 'LS1'];0.02;0.0253;0.79;0.81;4879.83
1892805;863178;2026-04-14 09:31:08.4758;0.0;2;['F', 'BB1'];1.84;0.0184;100.0;101.84;0.0
2355951;A2DW4X;2026-04-14 09:31:08.5250;0.0;5;['TG', 'LS1', 'SC1', 'F', 'DE'];0.5;0.0057;87.81;88.31;6623.25
319972;859002;2026-04-14 09:31:08.5690;6868.900000000001;3;['TG', 'LS1', 'SC1'];0.63;0.0136;46.16;46.79;6916.5
1016231;919520;2026-04-14 09:31:08.5951;0.0;3;['F', 'SC1', 'LS1'];0.008;0.0005;14.8;14.808;0.0
520412;883563;2026-04-14 09:31:08.6404;14802.900000000001;4;['TG', 'F', 'LS1', 'SC1'];1.1;0.0036;302.1;303.2;15105.000000000002
200685;870053;2026-04-14 09:31:08.6689;9912.060000000001;5;['LS1', 'TG', 'F', 'SC1', 'DE'];1.44;0.0077;187.02;188.46;10099.08
3103259;A3DA8Y;2026-04-14 09:31:08.7099;0.0;4;['TG', 'F', 'LS1', 'SC1'];-0.51;-0.0064;79.51;79.0;7850.0
200767;885652;2026-04-14 09:31:08.7495;9882.4;4;['TG', 'F', 'LS1', 'SC1'];2.6;0.0116;225.0;227.6;10107.0
208377;906901;2026-04-14 09:31:08.7882;0.0;4;['LS1', 'SC1', 'F', 'BB1'];0.06;0.0126;4.78;4.84;0.0
2284973;A40A36;2026-04-14 09:31:08.8818;9769.9;5;['TG', 'F', 'LS1', 'SC1', 'BB1'];0.9;0.0219;41.15;42.05;9810.949999999999
2773111;A114VT;2026-04-14 09:31:08.9138;0.0;1;['F'];0.15;0.0216;6.95;7.1;0.0
120644;A2P426;2026-04-14 09:31:08.9791;4884.0;3;['TG', 'F', 'BB1'];0.05;0.009;5.55;5.6;4889.5
2153246;724531;2026-04-14 09:31:09.0237;0.0;1;['BB1'];0.58;0.0097;59.88;60.46;0.0
469332;A142FC;2026-04-14 09:31:09.0634;5356.0;4;['TG', 'F', 'LS1', 'BB1'];-0.2;-0.0038;52.0;51.8;5408.0
514029;855369;2026-04-14 09:31:09.1098;9911.0;5;['TG', 'F', 'LS1', 'SC1', 'BB1'];1.0;0.0053;187.0;188.0;10098.0
123920;A1CXHX;2026-04-14 09:31:09.1349;3943.2;5;['TG', 'F', 'LS1', 'SC1', 'BB1'];0.2;0.0094;21.2;21.4;3964.4
136349;A1J5LB;2026-04-14 09:31:09.1845;0.0;4;['TG', 'LS1', 'SC1', 'F'];2.0;0.0234;85.5;87.5;3933.0
1633687;A1JWRE;2026-04-14 09:31:09.2494;;4;['TG', 'LS1', 'BB1', 'F'];4.0;0.0063;634.0;638.0;951000.0
745772;A2AHZ7;2026-04-14 09:31:09.2907;0.0;5;['TG', 'LS1', 'SC1', 'F', 'DE'];2.05;0.0056;364.95;367.0;10189.199999999999
755858;A2DKP8;2026-04-14 09:31:09.3415;0.0;4;['F', 'TG', 'LS1', 'SC1'];1.0;0.0053;187.0;188.0;10098.0
2152614;A2DR4T;2026-04-14 09:31:09.3901;3913.7999999999997;4;['TG', 'LS1', 'F', 'BB1'];0.1;0.0152;6.6;6.7;3920.3999999999996
940241;A3EGAB;2026-04-14 09:31:09.5215;14613.24;4;['TG', 'F', 'LS1', 'BB1'];0.74;0.0143;51.82;52.56;14665.06
166487;A3DAF4;2026-04-14 09:31:09.5762;0.0;4;['LS1', 'TG', 'BB1', 'SC1'];1.2;0.0397;30.2;31.4;4832.0
3028411;A3DWA3;2026-04-14 09:31:09.6309;0.0;5;['F', 'LS1', 'TG', 'SC1', 'BB1'];0.49;0.0149;32.96;33.45;6921.6
160735;932543;2026-04-14 09:31:09.6714;4902.5;4;['TG', 'LS1', 'SC1', 'BB1'];0.296;0.016;18.504;18.8;4921.0
3213902;A1T7TB;2026-04-14 09:31:09.7094;0.0;1;['F'];0.6;0.2041;2.94;3.54;0.0
358042;A2QFGD;2026-04-14 09:31:09.7586;0.0;3;['F', 'LS1', 'BB1'];0.03;0.0065;4.582;4.612;0.0
1424939;A1CZW5;2026-04-14 09:31:09.7993;0.0;5;['TG', 'F', 'LS1', 'SC1', 'BB1'];0.34;0.014;24.26;24.6;3690.0
2283270;A1T8LD;2026-04-14 09:31:09.8441;0.0;2;['F', 'LS1'];0.008;0.0006;13.472;13.48;0.0
1443940;A1CW7W;2026-04-14 09:31:09.8838;5903.04;5;['TG', 'LS1', 'BB1', 'SC1', 'F'];0.73;0.0163;44.8;45.53;5947.76
2363226;A1CV38;2026-04-14 09:31:09.9074;7884.0;4;['TG', 'LS1', 'F', 'BB1'];0.8;0.0137;58.4;59.2;7942.4
649256;A3DRSJ;2026-04-14 09:31:09.9372;5772.2;4;['TG', 'LS1', 'F', 'BB1'];3.5;0.0188;186.4;189.9;5958.4
1536344;A2P48X;2026-04-14 09:31:09.9757;0.0;2;['SC1', 'BB1'];0.015;0.0005;28.705;28.72;0.0
1680131;A1C9KE;2026-04-14 09:31:10.0180;5888.92;5;['TG', 'LS1', 'SC1', 'F', 'BB1'];0.333;0.0196;17.022;17.355;5905.94
1177641;A111QT;2026-04-14 09:31:10.0446;0.0;4;['TG', 'LS1', 'SC1', 'F'];0.009;0.0067;1.346;1.355;4797.144
2325234;A3D6RL;2026-04-14 09:31:10.1302;0.0;4;['BB1', 'LS1', 'SC1', 'F'];0.696;0.0557;12.5;13.196;0.0
1816086;A0YFSA;2026-04-14 09:31:10.1765;0.0;1;['F'];0.0;0.0;78.225;78.225;0.0
2496227;A3CPAM;2026-04-14 09:31:10.2207;0.0;5;['TG', 'SC1', 'F', 'LS1', 'BB1'];0.15;0.0331;4.53;4.68;5811.990000000001
373162;A0KDU8;2026-04-14 09:31:10.2633;3653.1000000000004;5;['TG', 'LS1', 'F', 'BB1', 'SC1'];8.1;0.0243;334.0;342.1;3985.2000000000003
3531040;862032;2026-04-14 09:31:10.3062;6828.0;4;['TG', 'LS1', 'F', 'BB1'];1.04;0.0183;56.9;57.94;6884.9
627591;A3DNJ3;2026-04-14 09:31:10.3497;0.0;2;['F', 'LS1'];0.0004;0.0005;0.8268;0.8272;0.0
275683;A0B87V;2026-04-14 09:31:10.4016;24761.88;5;['SC1', 'TG', 'LS1', 'F', 'DE'];0.26;0.0018;146.62;146.88;24922.0
1337217;A0LETB;2026-04-14 09:31:10.4421;5854.8;2;['TG', 'BB1'];0.2;0.0168;11.9;12.1;5866.7
2339798;A3CN4A;2026-04-14 09:31:10.5063;0.0;1;['BB1'];0.005;0.0004;12.35;12.355;0.0
962249;A1JMPE;2026-04-14 09:31:10.5421;0.0;3;['F', 'LS1', 'BB1'];0.0;0.0;4.926;4.926;0.0
103963;881823;2026-04-14 09:31:10.6278;0.0;3;['TG', 'F', 'LS1'];20.0;0.0098;2035.0;2055.0;610500.0
200403;896360;2026-04-14 09:31:10.6799;0.0;3;['F', 'LS1', 'TG'];10.0;0.0034;2980.0;2990.0;891000.0
1491167;A3EVQW;2026-04-14 09:31:10.7335;0.0;3;['LS1', 'SC1', 'F'];1.0;0.0137;73.0;74.0;0.0
1007813;A2AS4M;2026-04-14 09:31:10.7913;0.0;5;['TG', 'F', 'LS1', 'SC1', 'BB1'];0.0;0.0;12.9;0.0;2892.8
1201757;883172;2026-04-14 09:31:10.8336;7820.0;2;['TG', 'BB1'];0.77;0.0113;68.0;68.77;7888.0
201075;936386;2026-04-14 09:31:10.8911;0.0;3;['TG', 'F', 'LS1'];0.0056;0.0253;0.221;0.2266;1543.5991999999999
657092;A1JYVT;2026-04-14 09:31:10.9507;4932.400000000001;5;['LS1', 'F', 'TG', 'SC1', 'BB1'];1.85;0.0142;129.85;131.7;5062.200000000001
644787;662283;2026-04-14 09:31:10.9755;0.0;5;['F', 'TG', 'SC1', 'LS1', 'BB1'];-0.055;-0.0014;39.855;39.8;5187.6
103949;879535;2026-04-14 09:31:10.9999;0.0;4;['LS1', 'F', 'SC1', 'BB1'];0.0;0.0;143.78;143.78;0.0
187391;921789;2026-04-14 09:31:11.0232;0.0;3;['LS1', 'F', 'BB1'];0.01;0.0106;0.94;0.95;0.0
1446949;A1J1BH;2026-04-14 09:31:11.0476;0.0;4;['TG', 'LS1', 'SC1', 'F'];0.42;0.0229;18.34;18.76;4891.4400000000005
331605;865585;2026-04-14 09:31:11.1512;0.0;5;['TG', 'SC1', 'LS1', 'F', 'BB1'];0.5;0.0467;10.7;11.2;6708.9
1732237;A3DKUJ;2026-04-14 09:31:11.1912;0.0;2;['F', 'LS1'];1.0;0.0578;17.3;18.3;0.0
1184787;A2DQ2B;2026-04-14 09:31:11.3036;0.0;5;['TG', 'F', 'LS1', 'BB1', 'SC1'];0.182;0.0368;4.94;5.122;1928.021
3910613;A41DVS;2026-04-14 09:31:11.3330;0.0;4;['TG', 'SC1', 'BB1', 'LS1'];0.5;0.0094;53.0;53.5;5989.0
221762;908169;2026-04-14 09:31:11.3762;0.0;2;['F', 'BB1'];0.4;0.012;33.2;33.6;0.0
200836;897961;2026-04-14 09:31:11.4379;5869.5;1;['TG'];0.5;0.0078;64.5;65.0;5934.0
2988991;A0YFR8;2026-04-14 09:31:11.4661;0.0;4;['F', 'SC1', 'LS1', 'BB1'];0.0;0.0;52.82;52.82;0.0
2523774;880597;2026-04-14 09:31:11.5118;3804.7999999999997;3;['TG', 'BB1', 'F'];1.0;0.0302;33.145;34.145;3837.5999999999995
854622;A2JMQW;2026-04-14 09:31:11.5409;0.0;4;['SC1', 'TG', 'F', 'LS1'];0.6;0.0144;41.78;42.38;3897.2400000000002
1904865;A2PY7M;2026-04-14 09:31:11.5812;9763.76;5;['F', 'TG', 'SC1', 'LS1', 'BB1'];0.219;0.0227;9.631;9.85;3083.0499999999997
103906;874171;2026-04-14 09:31:11.6408;0.0;5;['TG', 'LS1', 'F', 'SC1', 'DE'];0.5;0.0061;81.9;82.4;24570.0
935220;898081;2026-04-14 09:31:11.6799;5842.2;3;['TG', 'F', 'BB1'];0.15;0.0192;7.8;7.95;5850.0
1839400;A1W5U2;2026-04-14 09:31:11.7356;7851.76;3;['TG', 'LS1', 'BB1'];1.43;0.0178;80.12;81.55;7931.88
455117;875605;2026-04-14 09:31:11.7905;0.0;2;['F', 'LS1'];2.5;0.0336;74.5;77.0;0.0
2034489;903338;2026-04-14 09:31:11.8324;0.0;2;['F', 'LS1'];0.004;0.0012;3.23;3.234;0.0
259885;883369;2026-04-14 09:31:11.9144;5885.04;5;['TG', 'LS1', 'F', 'SC1', 'BB1'];0.98;0.0188;52.12;53.1;5937.12
800705;A0Q50J;2026-04-14 09:31:11.9569;3884.4;3;['TG', 'F', 'SC1'];0.08;0.0221;3.62;3.7;3888.0
2551473;A2P9T4;2026-04-14 09:31:12.0226;0.0;3;['TG', 'LS1', 'F'];0.035;0.0417;0.84;0.875;1912.6799999999998
188998;A2H5LX;2026-04-14 09:31:12.0615;0.0;4;['TG', 'F', 'LS1', 'SC1'];1.4;0.0192;73.0;74.4;7884.0
237614;919435;2026-04-14 09:31:12.1017;0.0;5;['TG', 'F', 'LS1', 'SC1', 'BB1'];140.0;0.0288;4860.0;5000.0;9720.0
1781917;A1W90J;2026-04-14 09:31:12.1497;4868.8;4;['TG', 'LS1', 'F', 'SC1'];0.6;0.0221;27.2;27.8;4896.0
118025;A1T8QH;2026-04-14 09:31:12.2384;6837.6;2;['TG', 'BB1'];0.56;0.0182;30.8;31.36;6868.400000000001
1961726;A0YFR7;2026-04-14 09:31:12.2913;0.0;2;['F', 'LS1'];0.06;0.0035;17.14;17.2;0.0
828502;A2DQFW;2026-04-14 09:31:12.3444;0.0;3;['TG', 'BB1', 'SC1'];0.15;0.0122;12.25;12.4;8845.0
344900;A2P41W;2026-04-14 09:31:12.3793;2874.4249999999997;4;['TG', 'LS1', 'SC1', 'BB1'];0.015;0.0261;0.575;0.59;2875.0
2882064;A2PU3T;2026-04-14 09:31:12.4393;0.0;5;['TG', 'F', 'SC1', 'LS1', 'BB1'];0.07;0.0175;4.0;4.07;966.7800000000001
245751;A2AHEB;2026-04-14 09:31:12.4681;0.0;1;['TG'];0.07;0.0707;0.99;1.06;1855.26
1973972;860465;2026-04-14 09:31:12.4933;14747.800000000001;4;['TG', 'LS1', 'SC1', 'F'];0.86;0.011;78.14;79.0;14825.42
514458;915266;2026-04-14 09:31:12.5352;0.0;5;['TG', 'LS1', 'SC1', 'F', 'DE'];0.7;0.0086;81.56;82.26;9940.560000000001
1906397;A2QQ7E;2026-04-14 09:31:12.5830;5851.679999999999;4;['F', 'TG', 'LS1', 'BB1'];0.23;0.0229;10.03;10.26;5861.7
104423;864463;2026-04-14 09:31:12.6322;;2;['BB1', 'TG'];1.93;0.0244;79.04;80.97;9796.0
205897;A41MRZ;2026-04-14 09:31:12.6824;0.0;1;['BB1'];0.1;0.0177;5.65;5.75;0.0
3075751;A2JPJ1;2026-04-14 09:31:12.7215;0.0;1;['TG'];0.12;0.0324;3.7;3.82;5790.5
2097798;A3CTJC;2026-04-14 09:31:12.7803;2907.68;4;['F', 'TG', 'LS1', 'SC1'];0.245;0.0228;10.75;10.995;2918.37
4258724;A413XF;2026-04-14 09:31:12.8238;0.0;3;['TG', 'LS1', 'BB1'];0.25;0.0346;7.22;7.47;2858.2200000000003
1101544;A14UQQ;2026-04-14 09:31:12.8479;5885.000000000001;2;['TG', 'F'];0.04;0.0182;2.2;2.24;5887.200000000001
1162568;859232;2026-04-14 09:31:12.8891;14920.08;5;['TG', 'LS1', 'SC1', 'F', 'BB1'];0.29;0.0042;69.72;70.01;14989.8
687275;A2PSPV;2026-04-14 09:31:12.9380;5916.679999999999;4;['TG', 'F', 'LS1', 'SC1'];0.017;0.015;1.13;1.147;5917.8099999999995
843777;A1JX4P;2026-04-14 09:31:12.9930;15195.64;5;['SC1', 'F', 'TG', 'LS1', 'DE'];0.16;0.0021;76.34;76.5;15268.0
2813847;A1JUPT;2026-04-14 09:31:13.0406;0.0;2;['F', 'LS1'];0.5;0.0137;36.6;37.1;0.0
1631473;A1CX0H;2026-04-14 09:31:13.0799;0.0;3;['F', 'LS1', 'BB1'];0.2;0.0217;9.2;9.4;0.0
220717;A14MVX;2026-04-14 09:31:13.1357;5878.8;4;['TG', 'SC1', 'LS1', 'F'];0.6;0.007;85.26;85.86;5964.0
4182570;A417JK;2026-04-14 09:31:13.2023;;4;['TG', 'LS1', 'F', 'SC1'];0.189;0.0325;5.81;5.999;4066.3
703965;634816;2026-04-14 09:31:13.2281;5921.1;4;['TG', 'LS1', 'SC1', 'BB1'];0.188;0.0146;12.908;13.096;5934.0
514459;856050;2026-04-14 09:31:13.3095;9898.0;4;['TG', 'LS1', 'F', 'SC1'];2.55;0.009;282.8;285.35;10180.800000000001
3530159;727566;2026-04-14 09:31:13.3537;0.0;5;['BB1', 'TG', 'F', 'LS1', 'SC1'];1.5;0.0265;56.5;58.0;6206.0
563464;A2QJZH;2026-04-14 09:31:13.3928;0.0;2;['F', 'BB1'];0.0;0.0;4.056;4.056;0.0
2688541;A2PEDU;2026-04-14 09:31:13.4348;0.0;1;['F'];0.4;0.028;14.3;14.7;0.0
1548897;A2DSDS;2026-04-14 09:31:13.4808;0.0;3;['TG', 'LS1', 'BB1'];0.25;0.0467;5.35;5.6;2396.7999999999997
600176;A1J51N;2026-04-14 09:31:13.5120;4918.41;5;['TG', 'LS1', 'SC1', 'BB1', 'F'];0.2;0.0135;14.77;14.97;4933.18
2667231;A2N7LY;2026-04-14 09:31:13.5657;;3;['TG', 'BB1', 'F'];0.1;0.0084;11.9;12.0;5876.400000000001
1698690;A2P0BU;2026-04-14 09:31:13.6163;0.0;4;['F', 'LS1', 'TG', 'SC1'];0.16;0.0142;11.24;11.4;3929.4
102680;632748;2026-04-14 09:31:13.7020;0.0;3;['F', 'LS1', 'BB1'];0.0;0.0;117.675;117.675;0.0
4390406;A420WD;2026-04-14 09:31:13.7689;0.0;3;['F', 'LS1', 'BB1'];0.0;0.0;169.38;169.38;0.0
1564895;SHL1AD;2026-04-14 09:31:13.7980;0.0;4;['SC1', 'F', 'LS1', 'BB1'];0.0;0.0;19.055;19.055;0.0
2298779;A40P1J;2026-04-14 09:31:13.8433;;2;['TG', 'BB1'];0.4;0.037;10.8;11.2;2883.6000000000004
1061762;A3D4TZ;2026-04-14 09:31:13.8857;0.0;2;['LS1', 'F'];0.015;0.0015;9.78;9.795;0.0
1006841;A2AP9V;2026-04-14 09:31:13.9103;0.0;4;['LS1', 'F', 'SC1', 'BB1'];0.015;0.0009;16.29;16.305;0.0
1076360;A2QB4J;2026-04-14 09:31:13.9385;0.0;1;['TG'];0.1;0.0198;5.05;5.15;3908.7
201071;935345;2026-04-14 09:31:13.9752;0.0;5;['TG', 'F', 'LS1', 'SC1', 'BB1'];4.74;0.0268;177.0;181.74;9735.0
1140824;905418;2026-04-14 09:31:14.0175;9750.400000000001;5;['TG', 'LS1', 'F', 'SC1', 'BB1'];0.6;0.017;35.2;35.8;9785.6
1909237;A0ETU4;2026-04-14 09:31:14.0613;;1;['TG'];2.0;0.0189;106.0;108.0;5936.0
100322;A40B02;2026-04-14 09:31:14.1112;4860.8;3;['TG', 'BB1', 'F'];0.1;0.0161;6.2;6.3;4867.0
2226225;A2QES0;2026-04-14 09:31:14.1507;0.0;1;['F'];0.039;0.2308;0.169;0.208;0.0
514460;916647;2026-04-14 09:31:14.2035;9842.599999999999;4;['F', 'TG', 'LS1', 'SC1'];1.45;0.0085;169.7;171.15;10012.3
2603768;A2DUFK;2026-04-14 09:31:14.2435;0.0;2;['TG', 'LS1'];0.186;0.02;9.294;9.48;14730.990000000002
362123;912711;2026-04-14 09:31:14.2976;4867.2;5;['TG', 'F', 'LS1', 'SC1', 'BB1'];1.4;0.0092;152.1;153.5;5019.3
3723152;A40HQN;2026-04-14 09:31:14.4133;5852.08;5;['TG', 'LS1', 'F', 'SC1', 'BB1'];0.1;0.0226;4.42;4.52;5856.5
605931;A2AJXA;2026-04-14 09:31:14.4521;0.0;5;['TG', 'LS1', 'F', 'SC1', 'BB1'];3.0;0.0259;116.0;119.0;9860.0
1808390;A3ELRR;2026-04-14 09:31:14.5226;9869.1;2;['TG', 'F'];0.2;0.01;20.1;20.3;9889.2
2863669;A2QGV5;2026-04-14 09:31:14.5642;4759.6;4;['SC1', 'TG', 'BB1', 'F'];0.6;0.0366;16.4;17.0;4775.900000000001
983131;A2P60W;2026-04-14 09:31:14.6299;5662.5;4;['F', 'SC1', 'TG', 'BB1'];0.754;0.0499;15.104;15.858;5677.599999999999
188309;A3EUNX;2026-04-14 09:31:14.6837;2920.5;4;['TG', 'F', 'LS1', 'BB1'];0.1;0.0221;4.52;4.62;2925.0
898656;878075;2026-04-14 09:31:14.7216;9718.52;4;['TG', 'LS1', 'BB1', 'F'];1.94;0.0243;79.7;81.64;9798.18
575942;857760;2026-04-14 09:31:14.7436;9894.599999999999;5;['TG', 'F', 'LS1', 'SC1', 'DE'];0.415;0.0087;47.8;48.215;9942.4
863782;A2H6Z9;2026-04-14 09:31:14.7686;2956.3199999999997;1;['TG'];0.02;0.0139;1.44;1.46;2957.7599999999998
557126;A2P567;2026-04-14 09:31:14.8208;8797.59;5;['TG', 'F', 'LS1', 'SC1', 'BB1'];0.195;0.0158;12.315;12.51;8809.86
632885;868323;2026-04-14 09:31:14.8570;0.0;3;['TG', 'LS1', 'SC1'];0.54;0.0095;56.86;57.4;9950.5
1434626;A2DGGK;2026-04-14 09:31:14.9160;0.0;4;['TG', 'F', 'LS1', 'BB1'];0.14;0.0333;4.2;4.34;4834.2
242169;A40ZZF;2026-04-14 09:31:14.9563;9776.8;1;['TG'];0.4;0.0165;24.2;24.6;9801.0
2704189;A1JC4F;2026-04-14 09:31:15.0094;0.0;0;[];0.4;0.0137;29.2;29.6;0.0
200554;633835;2026-04-14 09:31:15.0570;0.0;4;['TG', 'LS1', 'SC1', 'F'];0.62;0.0082;76.04;76.66;9961.240000000002
514553;853887;2026-04-14 09:31:15.0886;5810.400000000001;4;['F', 'TG', 'LS1', 'SC1'];2.8;0.0087;322.8;325.6;6133.2
731643;A2DLMS;2026-04-14 09:31:15.1160;0.0;6;['TG', 'F', 'LS1', 'SC1', 'DE', 'BB1'];0.015;0.0034;4.38;4.395;9198.0
1955855;A2QB38;2026-04-14 09:31:15.1512;0.0;5;['TG', 'F', 'LS1', 'SC1', 'DE'];0.2;0.0017;114.4;114.6;22880.0
162105;895007;2026-04-14 09:31:15.1924;6844.8;4;['F', 'LS1', 'SC1', 'TG'];0.6;0.0081;74.4;75.0;6919.200000000001
197564;916129;2026-04-14 09:31:15.2405;0.0;4;['F', 'SC1', 'LS1', 'BB1'];0.004;0.0003;14.264;14.268;0.0
142582;A116CN;2026-04-14 09:31:15.2846;0.0;1;['LS1'];3.0;0.25;12.0;15.0;0.0
640482;A0RBSN;2026-04-14 09:31:15.3725;0.0;1;['TG'];0.03;0.042;0.715;0.745;1434.29
1066377;570781;2026-04-14 09:31:15.4349;0.0;4;['F', 'LS1', 'SC1', 'BB1'];0.008;0.001;7.74;7.748;0.0
1062144;A1JSPB;2026-04-14 09:31:15.4983;0.0;4;['LS1', 'SC1', 'BB1', 'F'];0.0425;0.0038;11.3175;11.36;0.0
163622;A2QPMG;2026-04-14 09:31:15.5394;12545.49;4;['F', 'TG', 'LS1', 'SC1'];0.19;0.0131;14.482;14.672;12559.960000000001
1409454;A2JNBW;2026-04-14 09:31:15.5798;0.0;2;['TG', 'BB1'];0.2;0.0161;12.4;12.6;4885.6
671135;A0RGYK;2026-04-14 09:31:15.6233;6926.639999999999;5;['F', 'TG', 'LS1', 'SC1', 'BB1'];0.11;0.0084;13.02;13.13;6939.66
372853;A14QVM;2026-04-14 09:31:15.6534;0.0;4;['TG', 'SC1', 'LS1', 'F'];0.3;0.0081;37.0;37.3;4476.0
2936116;A2DHUS;2026-04-14 09:31:15.7056;0.0;5;['LS1', 'TG', 'F', 'BB1', 'SC1'];0.42;0.0079;53.0;53.42;3049.5
3735266;A2QHRF;2026-04-14 09:31:15.7493;2866.986;3;['TG', 'F', 'LS1'];0.022;0.0442;0.498;0.52;2867.484
2141344;A3DS0P;2026-04-14 09:31:15.7906;0.0;3;['SC1', 'BB1', 'F'];0.83;0.0188;44.23;45.06;0.0
1050700;A3DE5S;2026-04-14 09:31:15.8173;0.0;0;[];0.006;0.0021;2.83;2.836;0.0
255450;A41NPA;2026-04-14 09:31:15.8474;9789.779999999999;4;['F', 'TG', 'LS1', 'SC1'];0.82;0.0119;68.9;69.72;9858.24
708242;A407ZE;2026-04-14 09:31:15.9158;9735.2;3;['TG', 'LS1', 'SC1'];1.4;0.0247;56.6;58.0;9791.800000000001
865827;910513;2026-04-14 09:31:15.9545;0.0;2;['F', 'BB1'];1.41;0.0247;57.09;58.5;0.0
1407354;861171;2026-04-14 09:31:15.9813;4830.0;4;['TG', 'F', 'LS1', 'BB1'];1.31;0.0285;46.0;47.31;4876.0
367461;853688;2026-04-14 09:31:16.0235;0.0;4;['TG', 'BB1', 'LS1', 'SC1'];0.098;0.0056;17.51;17.608;9552.599999999999
2957003;A12HSY;2026-04-14 09:31:16.0768;0.0;4;['LS1', 'SC1', 'F', 'BB1'];0.0;0.0;40.34;40.34;0.0
1730015;A2JPF2;2026-04-14 09:31:16.1195;9811.199999999999;5;['LS1', 'TG', 'SC1', 'BB1', 'F'];0.205;0.0183;11.21;11.415;9822.4
2982895;A2PJ0C;2026-04-14 09:31:16.1610;0.0;3;['SC1', 'LS1', 'F'];1.0;0.027;37.0;38.0;0.0
200610;852523;2026-04-14 09:31:16.2125;0.0;6;['F', 'TG', 'LS1', 'SC1', 'DE', 'BB1'];0.41;0.005;81.22;81.63;9990.06
331736;A0HG1Y;2026-04-14 09:31:16.2594;9735.0;4;['F', 'SC1', 'TG', 'LS1'];2.75;0.0166;165.55;168.3;9900.0
103777;862837;2026-04-14 09:31:16.3037;0.0;5;['LS1', 'TG', 'SC1', 'F', 'DE'];0.26;0.0077;33.58;33.84;9952.47
351938;863050;2026-04-14 09:31:16.3581;0.0;1;['BB1'];1.01;0.0131;77.18;78.19;0.0
2924958;A2QM56;2026-04-14 09:31:16.3840;0.0;2;['TG', 'F'];0.02;0.069;0.29;0.31;2197.908
1394016;A2NB43;2026-04-14 09:31:16.4674;0.0;5;['TG', 'LS1', 'SC1', 'F', 'BB1'];1.0;0.015;66.5;67.5;5918.5
1780277;A2H63F;2026-04-14 09:31:16.4979;0.0;4;['F', 'TG', 'LS1', 'BB1'];0.084;0.0363;2.312;2.396;2859.944
3391932;A3EQSF;2026-04-14 09:31:16.5370;4860.8;2;['TG', 'F'];0.3;0.0153;19.6;19.9;4880.400000000001
2861422;A2AH7C;2026-04-14 09:31:16.5900;0.0;1;['BB1'];2.01;0.026;77.39;79.4;0.0
1436069;A117N6;2026-04-14 09:31:16.6332;;1;['TG'];0.25;0.027;9.25;9.5;2932.25
285480;A112GA;2026-04-14 09:31:16.6803;5868.33;4;['TG', 'BB1', 'LS1', 'F'];0.0;0.0;1.25;1.25;5869.5599999999995
1241362;A1W2Q4;2026-04-14 09:31:16.7305;9914.519999999999;4;['SC1', 'TG', 'LS1', 'F'];0.45;0.007;64.38;64.83;9978.9
1894582;A3CS1J;2026-04-14 09:31:16.7588;5876.14;4;['TG', 'LS1', 'SC1', 'BB1'];0.087;0.019;4.58;4.667;5880.72
3438506;A2PWF7;2026-04-14 09:31:16.7881;9723.6;4;['TG', 'LS1', 'SC1', 'F'];0.09;0.0203;4.44;4.53;9728.04
1022041;A143D6;2026-04-14 09:31:16.8278;14673.949999999999;5;['SC1', 'DE', 'LS1', 'F', 'TG'];0.45;0.0082;54.55;55.0;14728.5
186507;870353;2026-04-14 09:31:16.8567;0.0;5;['TG', 'SC1', 'LS1', 'F', 'BB1'];0.2;0.0088;22.7;22.9;5970.099999999999
467603;A2PPL7;2026-04-14 09:31:16.8953;0.0;2;['F', 'LS1'];0.1;0.0345;2.9;3.0;0.0
515915;A1C8BH;2026-04-14 09:31:16.9205;4911.3;5;['TG', 'F', 'LS1', 'SC1', 'BB1'];0.485;0.0151;32.11;32.595;4943.400000000001
703804;A3CWMU;2026-04-14 09:31:16.9798;5848.200000000001;1;['TG'];0.1;0.0185;5.4;5.5;5853.6
660561;855022;2026-04-14 09:31:17.0203;0.0;1;['BB1'];0.195;0.0061;31.995;32.19;0.0
1368196;856956;2026-04-14 09:31:17.0509;0.0;1;['F'];6.0;0.0263;228.0;234.0;0.0
158054;A1CTQA;2026-04-14 09:31:17.0948;0.0;4;['F', 'TG', 'LS1', 'SC1'];0.28;0.0046;61.38;61.66;19948.5
103989;884437;2026-04-14 09:31:17.1418;15579.27;5;['F', 'TG', 'LS1', 'SC1', 'DE'];0.11;0.0013;82.57;82.68;15661.7
668650;A0N9JF;2026-04-14 09:31:17.1694;5906.79;5;['TG', 'LS1', 'F', 'SC1', 'BB1'];0.135;0.009;15.03;15.165;5921.82
275509;903136;2026-04-14 09:31:17.1971;10088.0;4;['F', 'LS1', 'TG', 'BB1'];1.0;0.0103;97.5;98.5;10185.0
488808;864777;2026-04-14 09:31:17.2673;0.0;4;['TG', 'F', 'LS1', 'SC1'];0.55;0.0046;120.15;120.7;10092.6
973691;903772;2026-04-14 09:31:17.3086;0.0;3;['SC1', 'TG', 'LS1'];1.36;0.0082;165.4;166.76;9924.0
187093;859510;2026-04-14 09:31:17.3604;5878.6;4;['SC1', 'TG', 'F', 'BB1'];0.4;0.009;44.4;44.8;5922.8
3401777;A41BP2;2026-04-14 09:31:17.4048;4904.48;3;['TG', 'F', 'LS1'];0.16;0.0197;8.12;8.28;4912.599999999999
130491;A1J09L;2026-04-14 09:31:17.4532;0.0;4;['TG', 'LS1', 'SC1', 'BB1'];0.062;0.0385;1.61;1.672;3814.4320000000002
1597419;882359;2026-04-14 09:31:17.5077;0.0;4;['LS1', 'F', 'SC1', 'BB1'];4.8;0.0124;388.5;393.3;0.0
657458;A2H52J;2026-04-14 09:31:17.5560;5848.0;5;['TG', 'F', 'SC1', 'LS1', 'BB1'];0.033;0.0121;2.727;2.76;5850.72
719436;897710;2026-04-14 09:31:17.5898;0.0;4;['TG', 'F', 'SC1', 'BB1'];0.01;0.0003;34.375;34.385;5198.400000000001
2455950;A1120S;2026-04-14 09:31:17.6245;0.0;3;['SC1', 'F', 'LS1'];1.0;0.0165;60.5;61.5;0.0
1698152;A2PLTL;2026-04-14 09:31:17.6693;0.0;5;['TG', 'LS1', 'F', 'SC1', 'BB1'];0.9;0.0306;29.4;30.3;3892.91
2395705;A2JRXJ;2026-04-14 09:31:17.7087;3886.0;4;['TG', 'LS1', 'SC1', 'BB1'];0.5;0.0075;67.0;67.5;3953.0
217673;894333;2026-04-14 09:31:17.7558;5916.0;3;['TG', 'SC1', 'F'];0.5;0.0074;68.0;68.5;5984.0
116917;A2QPJX;2026-04-14 09:31:17.8074;0.0;3;['F', 'LS1', 'BB1'];0.0;0.0;9.4;9.4;0.0
1569138;A2QJVN;2026-04-14 09:31:17.8446;0.0;1;['F'];1.5;0.0194;77.5;79.0;0.0
200657;864952;2026-04-14 09:31:17.8961;4705.6;5;['TG', 'F', 'LS1', 'SC1', 'DE'];0.7;0.0024;294.2;294.9;4999.700000000001
359001;861820;2026-04-14 09:31:17.9475;9851.86;4;['F', 'TG', 'LS1', 'BB1'];0.38;0.0108;35.06;35.44;9886.92
1733976;A1H5LW;2026-04-14 09:31:17.9919;0.0;3;['LS1', 'BB1', 'F'];0.0;0.0;27.88;27.88;0.0
1182871;A1C8HL;2026-04-14 09:31:18.0335;0.0;5;['TG', 'LS1', 'BB1', 'F', 'SC1'];0.3;0.0169;17.8;18.1;7725.200000000001
3663683;A1H7RF;2026-04-14 09:31:18.0565;0.0;3;['SC1', 'LS1', 'F'];0.24;0.0612;3.92;4.16;0.0
1809160;A2QRFX;2026-04-14 09:31:18.1164;5843.5;3;['TG', 'F', 'BB1'];0.294;0.0203;14.506;14.8;5858.0
3186454;A41N08;2026-04-14 09:31:18.1588;0.0;2;['LS1', 'F'];2.4;0.0415;57.8;60.2;0.0
921513;A1JDCZ;2026-04-14 09:31:18.1991;;3;['TG', 'F', 'BB1'];0.1;0.0187;5.35;5.45;5835.3
827171;A3CSR0;2026-04-14 09:31:18.2789;0.0;3;['F', 'LS1', 'BB1'];0.24;0.0822;2.92;3.16;0.0
303310;A14V1T;2026-04-14 09:31:18.3249;5962.240000000001;5;['F', 'LS1', 'TG', 'SC1', 'DE'];0.1;0.0092;10.88;10.98;5973.120000000001
162127;A0DK4W;2026-04-14 09:31:18.3506;0.0;5;['TG', 'LS1', 'F', 'SC1', 'BB1'];0.186;0.0231;8.05;8.236;5860.400000000001
281263;A40MRM;2026-04-14 09:31:18.3773;11177.599999999999;6;['F', 'TG', 'LS1', 'SC1', 'BB1', 'DE'];0.015;0.0007;22.42;22.435;11200.0
1338824;A1JX3U;2026-04-14 09:31:18.4021;0.0;2;['F', 'BB1'];0.2;0.0047;42.2;42.4;0.0
1326251;A14YWP;2026-04-14 09:31:18.4429;0.0;1;['TG'];0.2;0.0182;11.0;11.2;9790.0
649303;A3DAGC;2026-04-14 09:31:18.5095;0.0;0;[];0.0;0.0;0.0;0.0;0.0
2299451;A2P7YR;2026-04-14 09:31:18.5679;5894.9800000000005;3;['TG', 'LS1', 'BB1'];0.18;0.0169;10.66;10.84;5905.64
204962;A3CSDZ;2026-04-14 09:31:18.6408;0.0;0;[];0.005;0.0005;10.1;10.105;0.0
1509467;A0YHKD;2026-04-14 09:31:18.6863;4888.0;1;['TG'];0.15;0.0188;8.0;8.15;4896.0
2964674;A1H5B5;2026-04-14 09:31:18.7303;0.0;4;['F', 'SC1', 'LS1', 'BB1'];0.2;0.02;10.0;10.2;0.0
2222536;A1J5BS;2026-04-14 09:31:18.7747;0.0;4;['SC1', 'LS1', 'BB1', 'F'];0.05;0.0014;34.9;34.95;0.0
1006838;A0YHKC;2026-04-14 09:31:18.8181;0.0;3;['LS1', 'F', 'BB1'];0.05;0.001;49.83;49.88;0.0
2422304;916843;2026-04-14 09:31:18.8606;0.0;4;['LS1', 'F', 'SC1', 'BB1'];0.0;0.0;72.0;72.0;0.0
3058958;A3CY7Z;2026-04-14 09:31:18.9090;5900.6;2;['TG', 'BB1'];0.39;0.0108;36.21;36.6;5936.8
1247945;A3DK1X;2026-04-14 09:31:18.9584;0.0;3;['LS1', 'F', 'SC1'];0.48;0.0103;46.5;46.98;0.0
683058;SYM888;2026-04-14 09:31:19.0137;0.0;3;['F', 'LS1', 'BB1'];0.0;0.0;18.375;18.375;0.0
778385;859904;2026-04-14 09:31:19.0419;0.0;1;['F'];0.5;0.0442;11.3;11.8;0.0
222833;529873;2026-04-14 09:31:19.1355;0.0;4;['F', 'TG', 'LS1', 'SC1'];0.5;0.0079;63.0;63.5;5985.0
103979;883703;2026-04-14 09:31:19.1693;17444.0;5;['F', 'TG', 'LS1', 'SC1', 'DE'];1.5;0.0042;356.0;357.5;17800.0
429662;250815;2026-04-14 09:31:19.2098;5720.55;3;['TG', 'LS1', 'BB1'];1.75;0.01;175.5;177.25;5893.9
2099952;A2AFL6;2026-04-14 09:31:19.2623;0.0;4;['TG', 'LS1', 'SC1', 'BB1'];0.51;0.025;20.4;20.91;3897.6000000000004
1009590;A117UJ;2026-04-14 09:31:19.3325;0.0;5;['TG', 'F', 'LS1', 'SC1', 'DE'];0.62;0.0099;62.44;63.06;9927.96
200647;859121;2026-04-14 09:31:19.3684;0.0;4;['TG', 'F', 'LS1', 'SC1'];0.46;0.0074;62.22;62.68;9932.8
514760;854854;2026-04-14 09:31:19.4203;0.0;5;['TG', 'LS1', 'SC1', 'F', 'DE'];0.5;0.0037;134.5;135.0;9953.0
362372;A1T7LU;2026-04-14 09:31:19.4732;19888.440000000002;5;['F', 'TG', 'LS1', 'SC1', 'DE'];0.68;0.0042;163.02;163.7;18361.28
348378;A3DC2Y;2026-04-14 09:31:19.5467;0.0;3;['TG', 'LS1', 'BB1'];0.58;0.0173;33.45;34.03;8876.42
1222539;940990;2026-04-14 09:31:19.5840;5860.400000000001;4;['TG', 'LS1', 'BB1', 'F'];0.61;0.0058;105.44;106.05;5965.05
2147815;A2APEV;2026-04-14 09:31:19.6276;0.0;4;['TG', 'LS1', 'SC1', 'BB1'];0.46;0.0225;20.4;20.86;3897.6000000000004
104185;909800;2026-04-14 09:31:19.6594;0.0;5;['TG', 'F', 'SC1', 'LS1', 'BB1'];1.5;0.0047;321.5;323.0;160750.0
244470;914508;2026-04-14 09:31:19.7035;9912.2;5;['F', 'TG', 'LS1', 'SC1', 'DE'];0.9;0.0053;170.9;171.8;10083.1
156177;A1CWZF;2026-04-14 09:31:19.7320;;3;['TG', 'BB1', 'F'];0.03;0.002;15.0;15.03;9670.1
741053;A1C7VE;2026-04-14 09:31:19.7865;0.0;3;['TG', 'BB1', 'LS1'];0.25;0.0265;9.45;9.7;3854.0
226127;A2JLMB;2026-04-14 09:31:19.8280;;1;['TG'];0.1;0.0078;12.8;12.9;5926.400000000001
1043808;A2H5BX;2026-04-14 09:31:19.8824;0.0;5;['TG', 'F', 'LS1', 'BB1', 'SC1'];0.1;0.0059;17.0;17.1;7429.0
990798;886676;2026-04-14 09:31:19.9363;0.0;5;['TG', 'F', 'LS1', 'SC1', 'BB1'];0.43;0.014;30.73;31.16;3962.8799999999997
349393;A2JSR1;2026-04-14 09:31:19.9641;0.0;5;['LS1', 'TG', 'F', 'SC1', 'DE'];1.24;0.0098;126.9;128.14;7994.700000000001
729878;856243;2026-04-14 09:31:20.0289;9919.800000000001;5;['F', 'TG', 'SC1', 'LS1', 'DE'];0.6;0.006;100.2;100.8;10020.0
152408;A1C9E3;2026-04-14 09:31:20.0874;0.0;4;['TG', 'F', 'LS1', 'SC1'];1.4;0.0069;203.6;205.0;6108.0
316325;A3CR4H;2026-04-14 09:31:20.1335;5899.5;4;['TG', 'LS1', 'F', 'BB1'];0.1;0.0174;5.75;5.85;5905.25
109771;A0X9H1;2026-04-14 09:31:20.1792;0.0;3;['F', 'LS1', 'BB1'];1.5;0.0829;18.1;19.6;0.0
625506;A1T8F9;2026-04-14 09:31:20.2556;6885.0;3;['TG', 'BB1', 'F'];0.5;0.0098;51.0;51.5;6936.0
2474352;A3D39E;2026-04-14 09:31:20.2822;0.0;4;['TG', 'F', 'LS1', 'BB1'];0.5;0.0373;13.4;13.9;951.4
2482790;A2P3PF;2026-04-14 09:31:20.3586;0.0;3;['LS1', 'F', 'BB1'];0.005;0.0023;2.174;2.179;0.0
106643;A2QP0R;2026-04-14 09:31:20.4184;0.0;2;['LS1', 'BB1'];0.16;0.0041;39.48;39.64;0.0
109979;A40MZE;2026-04-14 09:31:20.4780;0.0;4;['TG', 'LS1', 'SC1', 'BB1'];0.06;0.0179;3.36;3.42;3917.8199999999997
1490709;A114T5;2026-04-14 09:31:20.5276;4811.13;3;['TG', 'LS1', 'F'];0.124;0.0401;3.09;3.214;4814.219999999999
1062336;864891;2026-04-14 09:31:20.6019;0.0;3;['SC1', 'F', 'LS1'];0.5;0.0309;16.2;16.7;0.0
1106347;A14VPK;2026-04-14 09:31:20.6485;7341.752;4;['TG', 'LS1', 'SC1', 'F'];0.098;0.0223;4.403;4.501;7346.143
104070;894259;2026-04-14 09:31:20.6782;0.0;0;[];0.0;0.0;0.0;0.0;0.0
826137;121866;2026-04-14 09:31:20.7056;0.0;2;['F', 'LS1'];0.1;0.0154;6.5;6.6;0.0
721759;926932;2026-04-14 09:31:20.7506;0.0;4;['TG', 'F', 'SC1', 'LS1'];4.5;0.0081;556.0;560.5;9999.0
250713;855853;2026-04-14 09:31:20.7937;0.0;2;['TG', 'LS1'];1.5;0.0144;103.9;105.4;9870.5
1684087;A2QHVM;2026-04-14 09:31:20.8464;0.0;3;['TG', 'SC1', 'BB1'];0.2;0.0142;14.1;14.3;8826.6
200367;874715;2026-04-14 09:31:20.8781;0.0;3;['LS1', 'SC1', 'BB1'];0.14;0.0374;3.74;3.88;0.0
864789;592281;2026-04-14 09:31:20.9241;0.0;2;['F', 'LS1'];0.01;0.0007;14.91;14.92;0.0
683248;A1JM4A;2026-04-14 09:31:20.9546;0.0;2;['F', 'LS1'];0.02;0.0008;26.13;26.15;0.0
533835;A2N9X3;2026-04-14 09:31:20.9782;0.0;2;['F', 'LS1'];0.005;0.0006;9.0725;9.0775;0.0
204971;A1JU8V;2026-04-14 09:31:21.0294;0.0;2;['F', 'LS1'];0.002;0.0002;8.922;8.924;0.0
1249865;A2PM49;2026-04-14 09:31:21.1150;0.0;2;['BB1', 'LS1'];2.5;0.0321;78.0;80.5;0.0
2048509;872604;2026-04-14 09:31:21.1781;0.0;1;['F'];2.116;0.1389;15.232;17.348;0.0
2281119;A40EDP;2026-04-14 09:31:21.2236;7807.765;4;['TG', 'F', 'BB1', 'LS1'];0.555;0.0141;39.235;39.79;7847.0
359016;A0BLAA;2026-04-14 09:31:21.2712;0.0;3;['TG', 'LS1', 'BB1'];0.93;0.0138;67.39;68.32;3975.4199999999996
274815;A2JQRT;2026-04-14 09:31:21.2986;0.0;5;['TG', 'LS1', 'F', 'SC1', 'BB1'];0.248;0.0169;14.65;14.898;4937.05
1491341;A2PPQJ;2026-04-14 09:31:21.3487;0.0;5;['LS1', 'TG', 'F', 'SC1', 'BB1'];0.397;0.02;19.818;20.215;5841.264
253617;164558;2026-04-14 09:31:21.3787;0.0;4;['F', 'LS1', 'SC1', 'BB1'];1.0;0.0198;50.5;51.5;0.0
489717;A0YHJ8;2026-04-14 09:31:21.4283;0.0;2;['SC1', 'F'];0.24;0.0045;53.35;53.59;0.0
426274;A1J5US;2026-04-14 09:31:21.4814;0.0;4;['TG', 'LS1', 'SC1', 'BB1'];1.92;0.0118;163.08;165.0;6031.0
619713;858055;2026-04-14 09:31:21.5369;0.0;4;['TG', 'LS1', 'F', 'BB1'];1.9;0.0285;66.55;68.45;7780.5
2132454;A2N7WQ;2026-04-14 09:31:21.5662;0.0;4;['SC1', 'TG', 'LS1', 'F'];0.14;0.0175;8.02;8.16;5059.2
514761;A0M0ZR;2026-04-14 09:31:21.5908;0.0;5;['SC1', 'TG', 'LS1', 'F', 'BB1'];0.43;0.0196;21.89;22.32;8843.56
103747;859892;2026-04-14 09:31:21.6378;9771.199999999999;5;['F', 'SC1', 'TG', 'LS1', 'DE'];1.9;0.006;315.7;317.6;10088.0
556784;884072;2026-04-14 09:31:21.6800;0.0;2;['BB1', 'F'];0.49;0.0091;53.65;54.14;0.0
848970;A3C9C7;2026-04-14 09:31:21.7313;0.0;4;['F', 'TG', 'LS1', 'SC1'];0.246;0.0147;16.704;16.95;9855.36
2777411;A2QNWR;2026-04-14 09:31:21.7772;0.0;5;['TG', 'F', 'LS1', 'BB1', 'SC1'];1.18;0.0267;44.2;45.38;2957.38
162138;A0ESPU;2026-04-14 09:31:21.8170;3931.2;2;['TG', 'BB1'];0.2;0.0055;36.4;36.6;3967.6
888036;A1CX3T;2026-04-14 09:31:21.8740;0.0;4;['F', 'SC1', 'LS1', 'DE'];0.15;0.0005;304.0;304.15;0.0
179898;883035;2026-04-14 09:31:21.9140;0.0;4;['LS1', 'SC1', 'F', 'TG'];0.2;0.0076;26.4;26.6;65750.0
2332332;880267;2026-04-14 09:31:21.9611;0.0;2;['TG', 'F'];0.15;0.0213;7.05;7.2;4878.599999999999
929852;902888;2026-04-14 09:31:22.0280;5943.8;5;['SC1', 'F', 'TG', 'LS1', 'BB1'];0.205;0.0078;26.3;26.505;5970.1
902206;121221;2026-04-14 09:31:22.0686;0.0;3;['F', 'SC1', 'LS1'];2.0;0.0234;85.5;87.5;0.0
103603;852654;2026-04-14 09:31:22.0986;4948.0199999999995;5;['TG', 'F', 'LS1', 'SC1', 'DE'];0.76;0.0041;183.72;184.48;5130.16
2777247;A2QL4H;2026-04-14 09:31:22.1379;0.0;4;['F', 'TG', 'LS1', 'SC1'];2.4;0.0068;352.8;355.2;5644.8
924876;A0DKNQ;2026-04-14 09:31:22.1844;8812.8;5;['TG', 'F', 'LS1', 'SC1', 'BB1'];1.15;0.0083;137.8;138.95;8953.75
185748;852659;2026-04-14 09:31:22.2135;0.0;4;['TG', 'F', 'LS1', 'SC1'];0.6;0.0076;78.82;79.42;7960.82
2340348;A2N6R6;2026-04-14 09:31:22.2383;0.0;3;['F', 'LS1', 'BB1'];0.04;0.0008;53.18;53.22;0.0
1033073;A1JXW7;2026-04-14 09:31:22.2841;0.0;4;['TG', 'LS1', 'F', 'SC1'];0.4;0.014;28.5;28.9;2964.0
1835765;A3CPDE;2026-04-14 09:31:22.3266;0.0;4;['TG', 'SC1', 'F', 'BB1'];0.065;0.085;0.765;0.83;3630.52
272638;A3EUNV;2026-04-14 09:31:22.4003;0.0;2;['F', 'LS1'];0.44;0.1038;4.24;4.68;0.0
403951;A12EJ6;2026-04-14 09:31:22.4408;0.0;3;['TG', 'LS1', 'BB1'];0.08;0.0576;1.39;1.47;3737.0399999999995
135314;A3DL7E;2026-04-14 09:31:22.4886;0.0;3;['BB1', 'LS1', 'F'];0.14;0.0838;1.67;1.81;0.0
1696091;A2ARCV;2026-04-14 09:31:22.5442;5396.95;5;['TG', 'LS1', 'SC1', 'F', 'DE'];0.07;0.0039;18.05;18.12;5415.0
664138;A2PHB7;2026-04-14 09:31:22.5757;0.0;5;['SC1', 'F', 'TG', 'LS1', 'BB1'];0.34;0.0389;8.744;9.084;5779.26
200637;857209;2026-04-14 09:31:22.6353;17863.7;5;['TG', 'LS1', 'SC1', 'F', 'DE'];2.4;0.0055;435.7;438.1;18299.399999999998
938185;A1H99U;2026-04-14 09:31:22.6837;0.0;5;['TG', 'F', 'LS1', 'SC1', 'BB1'];0.6;0.0129;46.6;47.2;3961.0
772286;872478;2026-04-14 09:31:22.7280;7935.5;5;['TG', 'SC1', 'F', 'LS1', 'BB1'];0.1;0.0015;67.4;67.5;8002.75
162873;888346;2026-04-14 09:31:22.7678;0.0;4;['TG', 'F', 'SC1', 'LS1'];0.0275;0.0164;1.673;1.7005;7854.735000000001
2558188;A2QR0C;2026-04-14 09:31:22.8076;4808.13;4;['TG', 'F', 'LS1', 'SC1'];0.096;0.0293;3.282;3.378;4811.412
103576;851745;2026-04-14 09:31:22.8349;7896.449999999999;5;['SC1', 'TG', 'F', 'LS1', 'DE'];0.4;0.0031;129.52;129.92;8025.9
2062289;A14RS4;2026-04-14 09:31:22.8805;0.0;3;['F', 'LS1', 'BB1'];0.002;0.0002;8.734;8.736;0.0
862843;A2DVJZ;2026-04-14 09:31:22.9059;0.0;5;['TG', 'F', 'LS1', 'SC1', 'BB1'];2.06;0.0281;73.42;75.48;4919.14
193130;A41VMJ;2026-04-14 09:31:22.9874;0.0;4;['TG', 'DE', 'LS1', 'F'];0.1;0.0177;5.64;5.74;9819.24
827460;852676;2026-04-14 09:31:23.0150;0.0;1;['BB1'];0.49;0.0054;90.72;91.21;0.0
285488;A116LK;2026-04-14 09:31:23.0577;0.0;5;['TG', 'F', 'LS1', 'SC1', 'BB1'];0.186;0.0122;15.2;15.386;3936.7999999999997
770568;886485;2026-04-14 09:31:23.0968;0.0;4;['BB1', 'F', 'LS1', 'SC1'];0.4;0.0567;7.05;7.45;0.0
117813;A0M8F2;2026-04-14 09:31:23.1415;5878.4;5;['F', 'TG', 'LS1', 'SC1', 'BB1'];0.3;0.018;16.7;17.0;5895.099999999999
406797;A3C3Y4;2026-04-14 09:31:23.1924;0.0;5;['SC1', 'TG', 'F', 'LS1', 'BB1'];0.195;0.0085;22.98;23.175;8916.24
385887;871450;2026-04-14 09:31:23.2240;0.0;4;['TG', 'F', 'LS1', 'SC1'];1.15;0.0096;119.5;120.65;5019.0
863759;938158;2026-04-14 09:31:23.2700;0.0;3;['F', 'LS1', 'BB1'];0.01;0.0009;11.01;11.02;0.0
935968;A2PLQ3;2026-04-14 09:31:23.3142;0.0;3;['F', 'LS1', 'BB1'];0.007;0.0032;2.219;2.226;0.0
1574713;865003;2026-04-14 09:31:23.3620;0.0;0;[];0.0;0.0;0.0;0.0;0.0
1640406;A14UY4;2026-04-14 09:31:23.4254;0.0;3;['TG', 'LS1', 'BB1'];9.15;0.0275;332.65;341.8;4980.0
1370315;861568;2026-04-14 09:31:23.4825;9786.56;5;['SC1', 'TG', 'F', 'LS1', 'BB1'];1.42;0.0173;82.3;83.72;9868.8
391735;888452;2026-04-14 09:31:23.5309;0.0;5;['TG', 'F', 'LS1', 'BB1', 'SC1'];0.46;0.0026;177.54;178.0;9912.0
253995;889826;2026-04-14 09:31:23.5649;0.0;5;['TG', 'LS1', 'SC1', 'DE', 'F'];0.23;0.006;38.545;38.775;11987.495
787811;A2PGG8;2026-04-14 09:31:23.6431;7684.9;4;['TG', 'LS1', 'F', 'BB1'];3.0;0.0289;103.85;106.85;7788.75
822868;923106;2026-04-14 09:31:23.6794;5922.0;4;['TG', 'LS1', 'F', 'SC1'];0.5;0.0071;70.5;71.0;5992.5
1369927;A0JEP3;2026-04-14 09:31:23.7224;0.0;2;['F', 'SC1'];13.0;0.0125;1039.0;1052.0;0.0
200911;A2PH5P;2026-04-14 09:31:23.7816;0.0;4;['F', 'TG', 'LS1', 'SC1'];1.14;0.0118;96.22;97.36;5961.92
162775;890708;2026-04-14 09:31:23.8507;;5;['F', 'TG', 'LS1', 'BB1', 'SC1'];0.8;0.0288;27.8;28.6;3892.0
1505144;A14TUX;2026-04-14 09:31:23.8828;0.0;2;['F', 'BB1'];0.81;0.0134;60.5;61.31;0.0
1131651;A2QPTW;2026-04-14 09:31:23.9270;0.0;5;['TG', 'LS1', 'F', 'SC1', 'BB1'];0.42;0.0064;65.5;65.92;6026.0
162776;A0MLX4;2026-04-14 09:31:23.9821;5865.0;5;['TG', 'LS1', 'F', 'SC1', 'DE'];2.2;0.0086;255.2;257.4;6120.0
440666;A1W8DE;2026-04-14 09:31:24.0635;0.0;3;['F', 'LS1', 'BB1'];0.264;0.0498;5.3;5.564;0.0
1174726;877428;2026-04-14 09:31:24.0909;5855.7;1;['TG'];0.15;0.0201;7.45;7.6;5863.150000000001
2486411;938716;2026-04-14 09:31:24.1165;9895.36;5;['LS1', 'TG', 'F', 'SC1', 'BB1'];0.34;0.0099;34.24;34.58;9929.6
117379;882295;2026-04-14 09:31:24.1600;0.0;4;['LS1', 'TG', 'F', 'SC1'];0.54;0.0095;56.7;57.24;8958.6
500073;929937;2026-04-14 09:31:24.1957;0.0;4;['TG', 'LS1', 'SC1', 'BB1'];0.4;0.0127;31.6;32.0;6920.400000000001
1770238;A2QNNR;2026-04-14 09:31:24.2436;0.0;4;['F', 'TG', 'LS1', 'SC1'];0.18;0.0139;12.96;13.14;9940.320000000002
1511923;856427;2026-04-14 09:31:24.2787;;2;['TG', 'BB1'];0.19;0.0064;29.61;29.8;8939.2
2270671;A2PUXF;2026-04-14 09:31:24.3205;9624.8;4;['TG', 'F', 'LS1', 'SC1'];1.4;0.0329;42.6;44.0;9667.199999999999
1044689;A1XFEK;2026-04-14 09:31:24.3551;4908.508;4;['TG', 'SC1', 'LS1', 'BB1'];0.0675;0.0154;4.387;4.4545;4912.875
2397073;A12E8S;2026-04-14 09:31:24.3870;0.0;1;['BB1'];0.98;0.0185;52.89;53.87;0.0
707113;A1JRLK;2026-04-14 09:31:24.4233;5928.3;4;['SC1', 'F', 'TG', 'LS1'];0.138;0.0147;9.41;9.548;5937.71
1645779;A117KY;2026-04-14 09:31:24.4766;;2;['F', 'TG'];0.2;0.0093;21.4;21.6;8881.0
1189965;A2PWMZ;2026-04-14 09:31:24.5403;0.0;5;['TG', 'LS1', 'SC1', 'F', 'DE'];0.395;0.0093;42.28;42.675;5961.4800000000005
1886141;A2JBPP;2026-04-14 09:31:24.5902;0.0;3;['TG', 'LS1', 'BB1'];0.04;0.0188;2.126;2.166;2942.384
1400938;A1XBJS;2026-04-14 09:31:24.6395;0.0;1;['TG'];0.3;0.0222;13.5;13.8;3915.0
2275737;A3EWMJ;2026-04-14 09:31:24.6811;0.0;4;['TG', 'F', 'LS1', 'BB1'];0.04;0.0165;2.42;2.46;4812.36
768910;A1128G;2026-04-14 09:31:24.7499;0.0;3;['TG', 'LS1', 'BB1'];0.028;0.0462;0.606;0.634;2863.35
3114270;A3D9PT;2026-04-14 09:31:24.7839;0.0;2;['TG', 'LS1'];0.1;0.0562;1.78;1.88;1420.44
977492;A1XB22;2026-04-14 09:31:24.8259;0.0;1;['LS1'];9.5;0.1776;53.5;63.0;0.0
200457;806276;2026-04-14 09:31:24.8811;;3;['TG', 'F', 'BB1'];0.1;0.0185;5.4;5.5;5869.8
796792;A2AKAM;2026-04-14 09:31:25.0290;7606.500000000001;4;['TG', 'LS1', 'F', 'BB1'];2.8;0.0403;69.45;72.25;7675.650000000001
1809406;A2JHVL;2026-04-14 09:31:25.0804;0.0;5;['TG', 'F', 'LS1', 'SC1', 'BB1'];0.1;0.0112;8.9;9.0;4902.9
774212;A0RM5Z;2026-04-14 09:31:25.1256;5740.0;5;['TG', 'SC1', 'LS1', 'BB1', 'F'];1.9;0.027;70.3;72.2;5810.0
3242052;A2QRA9;2026-04-14 09:31:25.1729;0.0;2;['LS1', 'TG'];0.13;0.0653;1.99;2.12;3745.18
473449;A1H9DT;2026-04-14 09:31:25.2133;4841.6;5;['TG', 'F', 'BB1', 'LS1', 'SC1'];0.2;0.0281;7.12;7.32;4848.72
1773822;A2ALP4;2026-04-14 09:31:25.2594;8959.0;3;['TG', 'LS1', 'SC1'];0.65;0.0062;105.45;106.1;9068.7
3672489;867667;2026-04-14 09:31:25.3004;0.0;2;['F', 'LS1'];0.5;0.0333;15.0;15.5;0.0
3047471;A2N7L2;2026-04-14 09:31:25.3624;0.0;5;['SC1', 'TG', 'F', 'LS1', 'BB1'];0.59;0.0138;42.64;43.23;9834.48
693127;A3DW5E;2026-04-14 09:31:25.3864;4884.375;5;['SC1', 'TG', 'F', 'LS1', 'BB1'];0.159;0.017;9.375;9.534;4893.75
545225;917099;2026-04-14 09:31:25.4350;0.0;4;['TG', 'F', 'LS1', 'SC1'];3.8;0.014;270.6;274.4;8929.800000000001
514770;870625;2026-04-14 09:31:25.4622;8860.68;3;['TG', 'LS1', 'SC1'];0.72;0.0132;54.36;55.08;8915.039999999999
1369954;A0MM15;2026-04-14 09:31:25.4999;9903.4;4;['TG', 'F', 'SC1', 'LS1'];0.25;0.0085;29.3;29.55;9932.7
1451916;891541;2026-04-14 09:31:25.5245;9804.0;5;['TG', 'LS1', 'SC1', 'F', 'BB1'];1.3;0.0076;172.0;173.3;9976.0
1115661;887836;2026-04-14 09:31:25.5654;14703.300000000001;4;['SC1', 'TG', 'LS1', 'F'];0.6;0.019;31.62;32.22;14734.92
1351176;A3CYXY;2026-04-14 09:31:25.6023;0.0;5;['F', 'TG', 'LS1', 'SC1', 'BB1'];0.191;0.05;3.821;4.012;3821.818
370062;A2P4EB;2026-04-14 09:31:25.6509;8786.88;5;['TG', 'F', 'LS1', 'SC1', 'BB1'];1.47;0.018;81.47;82.94;8868.24
3359167;A2P14K;2026-04-14 09:31:25.7232;0.0;3;['TG', 'F', 'LS1'];0.16;0.0123;13.06;13.22;3938.08
220471;A3D7H8;2026-04-14 09:31:25.7617;2430.48;4;['TG', 'F', 'LS1', 'BB1'];0.28;0.0263;10.66;10.94;2441.14
2436927;580966;2026-04-14 09:31:25.8463;0.0;3;['TG', 'F', 'LS1'];0.1;0.0476;2.1;2.2;2820.48
200990;917523;2026-04-14 09:31:25.8899;0.0;4;['SC1', 'TG', 'LS1', 'DE'];0.34;0.0072;47.37;47.71;8930.25
162779;A0JNGE;2026-04-14 09:31:25.9301;3921.6;1;['TG'];0.2;0.0155;12.9;13.1;3934.5
278019;923145;2026-04-14 09:31:25.9744;0.0;4;['SC1', 'BB1', 'F', 'LS1'];0.5;0.0329;15.2;15.7;0.0
1559103;923954;2026-04-14 09:31:26.0180;0.0;3;['TG', 'LS1', 'BB1'];1.37;0.0208;66.0;67.37;3960.0
1183610;A14WZY;2026-04-14 09:31:26.0558;0.0;2;['F', 'LS1'];0.15;0.0011;136.6;136.75;0.0
979402;A0YG0X;2026-04-14 09:31:26.0964;0.0;2;['F', 'BB1'];0.0026;0.003;0.8556;0.8582;0.0
2763078;A2PHHG;2026-04-14 09:31:26.1237;0.0;6;['TG', 'LS1', 'F', 'SC1', 'BB1', 'DE'];0.12;0.0019;61.68;61.8;15402.5
1197674;A3CND6;2026-04-14 09:31:26.1773;9807.467999999999;4;['TG', 'LS1', 'SC1', 'F'];0.126;0.0147;8.558;8.684;9816.026
3283554;A3EX9W;2026-04-14 09:31:26.2356;0.0;5;['TG', 'LS1', 'F', 'SC1', 'BB1'];1.3;0.0182;71.3;72.6;9777.3
1450552;A0M240;2026-04-14 09:31:26.3526;9803.2;4;['TG', 'F', 'LS1', 'SC1'];3.6;0.0081;445.7;449.3;10251.1
729881;A0B9LA;2026-04-14 09:31:26.3977;0.0;5;['F', 'TG', 'LS1', 'BB1', 'SC1'];0.72;0.011;65.62;66.34;5865.86
186733;888615;2026-04-14 09:31:26.4570;0.0;3;['TG', 'BB1', 'F'];0.032;0.0054;5.968;6.0;2932.3
1951894;A1XCY0;2026-04-14 09:31:26.5067;0.0;5;['TG', 'LS1', 'F', 'SC1', 'BB1'];0.37;0.0186;19.9;20.27;5904.36
903063;928325;2026-04-14 09:31:26.5352;0.0;3;['LS1', 'SC1', 'BB1'];0.48;0.0976;4.92;5.4;0.0
2915802;A14WZZ;2026-04-14 09:31:26.5876;0.0;3;['F', 'LS1', 'BB1'];0.01;0.0023;4.39;4.4;0.0
1379362;A0HL4V;2026-04-14 09:31:26.6246;8873.34;4;['TG', 'LS1', 'F', 'SC1'];0.07;0.0135;5.18;5.25;4065.98
1641892;A2AF8T;2026-04-14 09:31:26.6802;5834.025000000001;3;['SC1', 'TG', 'LS1'];0.129;0.0257;5.025;5.154;4116.505
385316;A1C8J1;2026-04-14 09:31:26.7325;0.0;2;['F', 'LS1'];0.2;0.0645;3.1;3.3;0.0
2370599;A2PAMZ;2026-04-14 09:31:26.7897;0.0;4;['F', 'LS1', 'SC1', 'BB1'];0.0;0.0;34.61;34.61;0.0
3238342;867982;2026-04-14 09:31:26.8411;0.0;2;['SC1', 'BB1'];1.95;0.0089;219.45;221.4;0.0
1151152;A41MZQ;2026-04-14 09:31:26.8802;0.0;4;['LS1', 'F', 'TG', 'BB1'];0.2;0.004;49.6;49.8;4980.0
103726;858144;2026-04-14 09:31:26.9220;9793.4;5;['TG', 'LS1', 'SC1', 'F', 'DE'];1.2;0.0056;212.9;214.1;10006.300000000001
719388;A0YCM4;2026-04-14 09:31:26.9621;0.0;4;['TG', 'LS1', 'SC1', 'F'];0.024;0.0136;1.769;1.793;4914.282
996036;923128;2026-04-14 09:31:27.0051;5883.0;3;['TG', 'F', 'BB1'];0.4;0.0108;37.2;37.6;5920.0
137619;A1C6TV;2026-04-14 09:31:27.0376;9897.8;5;['F', 'TG', 'LS1', 'SC1', 'DE'];0.4;0.0049;81.8;82.2;9979.6
558942;A3D86W;2026-04-14 09:31:27.0884;0.0;1;['F'];0.075;0.0785;0.955;1.03;0.0
162781;A0M2R4;2026-04-14 09:31:27.1232;0.0;2;['TG', 'BB1'];0.35;0.0435;8.05;8.4;3823.7500000000005
647617;903615;2026-04-14 09:31:27.1547;0.0;4;['SC1', 'TG', 'LS1', 'BB1'];0.58;0.0146;39.67;40.25;6942.25
104345;929198;2026-04-14 09:31:27.1861;14850.480000000001;5;['F', 'SC1', 'TG', 'LS1', 'DE'];0.32;0.0037;86.64;86.96;14936.82
2055556;911443;2026-04-14 09:31:27.2330;0.0;5;['TG', 'LS1', 'SC1', 'F', 'DE'];8.2;0.0124;658.8;667.0;10540.8
103910;875189;2026-04-14 09:31:27.2639;7792.799999999999;5;['F', 'TG', 'LS1', 'BB1', 'SC1'];0.8;0.0195;41.0;41.8;7833.599999999999
2449695;923585;2026-04-14 09:31:27.3093;5850.0;4;['TG', 'F', 'LS1', 'BB1'];1.7;0.0145;117.0;118.7;5967.0
553653;A2AHWK;2026-04-14 09:31:27.3610;0.0;5;['BB1', 'TG', 'F', 'LS1', 'SC1'];1.41;0.0184;76.59;78.0;4896.0
1974836;A41A1A;2026-04-14 09:31:27.4201;4876.95;4;['F', 'TG', 'BB1', 'SC1'];0.176;0.0192;9.15;9.326;4886.1
201016;923818;2026-04-14 09:31:27.4713;0.0;5;['TG', 'LS1', 'SC1', 'F', 'BB1'];5.5;0.0113;488.4;493.9;5372.4
200681;869561;2026-04-14 09:31:27.5129;31487.4;5;['SC1', 'F', 'TG', 'LS1', 'DE'];0.4;0.0015;264.8;265.2;31752.000000000004
2097921;A2QCFX;2026-04-14 09:31:27.5429;5920.188;4;['F', 'TG', 'LS1', 'SC1'];0.23;0.0119;19.284;19.514;5939.472
1067965;859669;2026-04-14 09:31:27.5888;0.0;5;['TG', 'LS1', 'SC1', 'BB1', 'F'];0.2;0.0044;45.52;45.72;9012.960000000001
200991;917585;2026-04-14 09:31:27.6126;4941.6;4;['LS1', 'TG', 'SC1', 'F'];0.56;0.0066;85.24;85.8;5026.8
113689;885793;2026-04-14 09:31:27.6721;0.0;3;['BB1', 'LS1', 'F'];0.08;0.0216;3.7;3.78;0.0
3663687;985290;2026-04-14 09:31:27.7225;5885.93;5;['TG', 'F', 'LS1', 'SC1', 'BB1'];0.385;0.0107;36.11;36.495;5922.04
833471;911236;2026-04-14 09:31:27.7675;0.0;0;[];0.0;0.0;0.0;0.0;0.0
3025977;A3DE6H;2026-04-14 09:31:27.8066;0.0;3;['F', 'LS1', 'BB1'];0.01;0.001;9.6025;9.6125;0.0
1347734;866462;2026-04-14 09:31:27.8365;0.0;4;['TG', 'LS1', 'SC1', 'F'];2.0;0.0129;155.0;157.0;4030.0
2947765;590097;2026-04-14 09:31:27.8745;3803.8;4;['SC1', 'TG', 'LS1', 'BB1'];1.32;0.0451;29.28;30.6;3833.0600000000004
514778;872055;2026-04-14 09:31:27.9262;5846.4;5;['TG', 'F', 'LS1', 'SC1', 'BB1'];1.21;0.0186;64.96;66.17;5911.36
131006;A2PFTG;2026-04-14 09:31:27.9697;0.0;4;['TG', 'LS1', 'F', 'BB1'];0.25;0.0439;5.7;5.95;5728.5
1344024;A12EHS;2026-04-14 09:31:27.9974;3904.428;2;['TG', 'F'];0.012;0.0248;0.484;0.496;3904.912
769077;A2QJL7;2026-04-14 09:31:28.0406;9893.6;4;['F', 'TG', 'LS1', 'SC1'];0.285;0.012;23.84;24.125;9917.44
422374;A2N5QE;2026-04-14 09:31:28.0800;5917.73;4;['LS1', 'TG', 'SC1', 'BB1'];0.134;0.0144;9.29;9.424;3043.9519999999998
163693;A0JDRR;2026-04-14 09:31:28.1206;15006.6;5;['TG', 'F', 'SC1', 'LS1', 'DE'];0.04;0.0034;11.93;11.97;15018.51
163913;888903;2026-04-14 09:31:28.1639;4865.88;5;['TG', 'LS1', 'SC1', 'F', 'BB1'];1.18;0.0208;56.69;57.87;4922.46
318098;A41XFM;2026-04-14 09:31:28.2070;;2;['TG', 'LS1'];0.14;0.0311;4.5;4.64;3888.0
2051954;882656;2026-04-14 09:31:28.2506;0.0;2;['F', 'LS1'];1.5;0.0265;56.5;58.0;0.0
514779;857621;2026-04-14 09:31:28.2890;8896.18;3;['TG', 'LS1', 'SC1'];0.185;0.0119;15.58;15.765;8911.76
1964196;868172;2026-04-14 09:31:28.3303;0.0;1;['BB1'];5.0;0.0278;180.0;185.0;0.0
247997;A3EWXG;2026-04-14 09:31:28.3857;0.0;0;[];0.0;0.0;0.0;0.0;0.0
331548;883016;2026-04-14 09:31:28.4195;0.0;5;['TG', 'F', 'LS1', 'SC1', 'BB1'];0.239;0.0491;4.871;5.11;2860.032
2549774;A3CN5Q;2026-04-14 09:31:28.4709;0.0;4;['TG', 'F', 'LS1', 'BB1'];0.04;0.0889;0.45;0.49;1359.084
1193464;905285;2026-04-14 09:31:28.5171;0.0;1;['BB1'];3.12;0.0286;108.98;112.1;0.0
190792;A0RN7M;2026-04-14 09:31:28.5525;0.0;2;['TG', 'SC1'];-0.302;-0.0205;14.7;14.398;44100.0
1066392;920918;2026-04-14 09:31:28.6037;0.0;2;['LS1', 'BB1'];0.01;0.0018;5.595;5.605;0.0
331714;908683;2026-04-14 09:31:28.6486;0.0;5;['F', 'TG', 'LS1', 'SC1', 'DE'];1.1;0.0054;204.2;205.3;7944.299999999999
101338;874148;2026-04-14 09:31:28.6836;0.0;2;['TG', 'BB1'];0.072;0.0065;11.1;11.172;3951.6
1550416;A2P5C2;2026-04-14 09:31:28.7366;0.0;2;['F', 'LS1'];0.006;0.0013;4.71;4.716;0.0
1903302;858096;2026-04-14 09:31:28.7693;0.0;2;['F', 'BB1'];5.75;0.0158;364.0;369.75;0.0
2215069;A3CPD1;2026-04-14 09:31:28.8119;0.0;3;['LS1', 'F', 'BB1'];0.028;0.0053;5.264;5.292;0.0
751784;A2ARFC;2026-04-14 09:31:28.8362;0.0;2;['TG', 'BB1'];0.595;0.0212;28.005;28.6;5880.0
186777;A0JJT3;2026-04-14 09:31:28.8920;0.0;4;['TG', 'F', 'LS1', 'BB1'];0.17;0.0283;6.015;6.185;2082.4900000000002
3835726;A3DM65;2026-04-14 09:31:28.9323;0.0;2;['LS1', 'F'];0.034;0.0041;8.256;8.29;0.0
2000879;A2DKK2;2026-04-14 09:31:28.9598;0.0;5;['TG', 'F', 'LS1', 'SC1', 'BB1'];0.2;0.0207;9.65;9.85;3927.55
2312753;A1XELT;2026-04-14 09:31:29.0189;0.0;5;['TG', 'F', 'LS1', 'SC1', 'BB1'];0.095;0.0051;18.65;18.745;6961.875000000001
275640;896007;2026-04-14 09:31:29.0603;0.0;4;['TG', 'F', 'LS1', 'SC1'];0.58;0.0169;34.22;34.8;5885.84
2315181;A3C7H2;2026-04-14 09:31:29.1176;0.0;2;['F', 'BB1'];0.02;0.0003;60.66;60.68;0.0
355591;A2P6R6;2026-04-14 09:31:29.1665;0.0;1;['F'];5.5;0.11;50.0;55.5;0.0
1164598;A1W5SA;2026-04-14 09:31:29.2269;0.0;5;['DE', 'SC1', 'TG', 'LS1', 'BB1'];0.8;0.0059;135.7;136.5;3142.9500000000003
514816;878380;2026-04-14 09:31:29.2681;0.0;4;['TG', 'LS1', 'SC1', 'F'];0.68;0.0095;71.38;72.06;9921.82
2803157;A40ZNX;2026-04-14 09:31:29.3235;0.0;5;['TG', 'F', 'LS1', 'SC1', 'BB1'];0.25;0.0236;10.6;10.85;9688.4
1027838;484206;2026-04-14 09:31:29.3684;0.0;4;['F', 'SC1', 'LS1', 'BB1'];0.005;0.0003;17.4;17.405;0.0
2152601;A1C7RU;2026-04-14 09:31:29.4220;0.0;4;['TG', 'LS1', 'BB1', 'F'];0.142;0.044;3.224;3.366;3813.992
1870748;A1C0VY;2026-04-14 09:31:29.4579;0.0;3;['F', 'LS1', 'BB1'];0.05;0.0038;13.07;13.12;0.0
516259;A3EHM3;2026-04-14 09:31:29.4913;0.0;5;['TG', 'F', 'LS1', 'SC1', 'BB1'];0.166;0.035;4.74;4.906;4812.994000000001
2583027;A1W7EA;2026-04-14 09:31:29.5652;0.0;4;['TG', 'LS1', 'F', 'BB1'];0.735;0.027;27.235;27.97;7794.92
854240;A3ES7Q;2026-04-14 09:31:29.6078;0.0;4;['F', 'TG', 'LS1', 'SC1'];0.04;0.0005;76.96;77.0;10004.8
104193;911090;2026-04-14 09:31:29.6625;5757.5;5;['F', 'TG', 'LS1', 'SC1', 'DE'];1.7;0.0074;230.3;232.0;5987.8
103825;868402;2026-04-14 09:31:29.7051;13455.695;5;['F', 'SC1', 'TG', 'LS1', 'DE'];0.06;0.0016;38.56;38.62;5021.900000000001
1327875;A0YA2M;2026-04-14 09:31:29.7584;8804.0;3;['TG', 'LS1', 'SC1'];2.0;0.0141;142.0;144.0;8946.0
1615477;A12FU4;2026-04-14 09:31:29.7865;0.0;3;['BB1', 'TG', 'F'];0.395;0.0136;29.005;29.4;2958.0
2196511;A2P66U;2026-04-14 09:31:29.8322;0.0;3;['TG', 'LS1', 'BB1'];0.031;0.0443;0.7;0.731;3773.7
1253049;A2DR5Y;2026-04-14 09:31:29.8737;5841.2;5;['TG', 'F', 'SC1', 'LS1', 'BB1'];0.022;0.0128;1.723;1.745;5842.9
2029715;A2N7W1;2026-04-14 09:31:29.9133;5837.5;2;['TG', 'BB1'];0.294;0.0235;12.504;12.798;5850.0
2360156;A41A98;2026-04-14 09:31:29.9528;0.0;2;['TG', 'LS1'];0.26;0.056;4.645;4.905;2847.3849999999998
103970;882807;2026-04-14 09:31:30.0265;14902.0;5;['TG', 'LS1', 'SC1', 'F', 'DE'];1.85;0.005;372.55;374.4;15274.550000000001
2635059;A2PZ5A;2026-04-14 09:31:30.0726;19715.850000000002;4;['TG', 'F', 'LS1', 'SC1'];2.9;0.0113;256.05;258.95;12960.0
554804;A2P93F;2026-04-14 09:31:30.1025;0.0;4;['F', 'TG', 'LS1', 'BB1'];0.286;0.0295;9.7;9.986;3899.3999999999996
691312;A0MRJJ;2026-04-14 09:31:30.1321;0.0;4;['LS1', 'SC1', 'F', 'BB1'];0.0033;0.0004;8.82665784;8.82999117;0.0
1218441;A0B6NE;2026-04-14 09:31:30.1626;5813.599999999999;2;['BB1', 'TG'];0.73;0.0212;34.47;35.2;5848.0
2099976;908189;2026-04-14 09:31:30.1984;9755.95;4;['TG', 'LS1', 'SC1', 'BB1'];1.16;0.0244;47.59;48.75;9803.54
160664;A14XLZ;2026-04-14 09:31:30.2339;0.0;4;['TG', 'LS1', 'SC1', 'BB1'];0.75;0.0213;35.18;35.93;4909.8
672576;A2QAME;2026-04-14 09:31:30.2830;0.0;5;['TG', 'LS1', 'F', 'SC1', 'DE'];0.173;0.0148;11.705;11.878;5933.928
590468;A2H5U8;2026-04-14 09:31:30.3251;9908.6;4;['F', 'TG', 'SC1', 'LS1'];0.25;0.0104;24.05;24.3;9932.65
2312755;881341;2026-04-14 09:31:30.3802;0.0;5;['F', 'LS1', 'TG', 'SC1', 'BB1'];1.35;0.0085;158.4;159.75;5983.099999999999
705400;A3CU0R;2026-04-14 09:31:30.4255;0.0;4;['F', 'TG', 'LS1', 'SC1'];0.56;0.0133;42.13;42.69;8889.43
2442892;A2JDX0;2026-04-14 09:31:30.5234;5850.0;5;['TG', 'LS1', 'F', 'SC1', 'BB1'];0.5;0.0085;58.5;59.0;5908.5
780088;A12GD6;2026-04-14 09:31:30.6272;0.0;4;['TG', 'F', 'LS1', 'SC1'];0.45;0.0152;29.55;30.0;9836.3
115771;A2H5UL;2026-04-14 09:31:30.7164;0.0;2;['TG', 'LS1'];0.02;0.0095;2.1;2.12;1957.28
1243757;A0Q3RH;2026-04-14 09:31:30.7784;0.0;2;['F', 'LS1'];0.0;0.0;33.7875;33.7875;0.0
833508;A1JVJQ;2026-04-14 09:31:30.8224;4887.5;4;['TG', 'SC1', 'LS1', 'BB1'];0.2;0.016;12.5;12.7;4900.0
3521153;A40EFX;2026-04-14 09:31:30.8634;0.0;3;['TG', 'F', 'LS1'];0.06;0.0239;2.506;2.566;5864.039999999999
2044185;A2QMUH;2026-04-14 09:31:30.9370;0.0;1;['TG'];0.3;0.0242;12.4;12.7;3893.6
633499;A14RHF;2026-04-14 09:31:30.9987;0.0;5;['TG', 'F', 'LS1', 'SC1', 'BB1'];0.59;0.0137;43.01;43.6;5934.0
952797;A0NC7B;2026-04-14 09:31:31.0619;19432.4;4;['F', 'TG', 'LS1', 'DE'];0.35;0.0013;262.9;263.25;19695.0
1111706;A2JE8P;2026-04-14 09:31:31.1521;3906.0;3;['F', 'TG', 'LS1'];0.08;0.0214;3.73;3.81;3909.7200000000003
963764;861320;2026-04-14 09:31:31.2127;5893.349999999999;5;['TG', 'LS1', 'SC1', 'BB1', 'F'];0.202;0.0104;19.46;19.662;5912.8
1839120;A2PPAS;2026-04-14 09:31:31.3133;0.0;2;['LS1', 'F'];3.0;0.0547;54.8;57.8;0.0
178778;A1C6VY;2026-04-14 09:31:31.4259;0.0;2;['F', 'BB1'];1.0;0.0127;79.0;80.0;0.0
2321248;A2DJE5;2026-04-14 09:31:31.4793;19847.940000000002;4;['TG', 'LS1', 'SC1', 'F'];0.98;0.0073;135.02;136.0;5576.820000000001
2919951;A3C53H;2026-04-14 09:31:31.5882;0.0;5;['TG', 'F', 'SC1', 'LS1', 'BB1'];0.22;0.0054;41.11;41.33;5014.2
2204492;A2QAN3;2026-04-14 09:31:31.6659;0.0;4;['TG', 'LS1', 'BB1', 'SC1'];0.225;0.0208;10.8;11.025;5834.225
2235408;A1JTB7;2026-04-14 09:31:31.7267;0.0;3;['F', 'LS1', 'BB1'];0.0;0.0;2.104;2.104;0.0
1243019;A3DTRX;2026-04-14 09:31:31.7930;0.0;3;['TG', 'LS1', 'BB1'];0.025;0.0287;0.87;0.895;2857.95
1622076;A1XD9Z;2026-04-14 09:31:31.8569;0.0;3;['LS1', 'SC1', 'BB1'];0.005;0.0004;13.355;13.36;0.0
917161;A2NB2Z;2026-04-14 09:31:31.9257;0.0;4;['SC1', 'LS1', 'F', 'BB1'];0.25;0.0287;8.7;8.95;0.0
833683;A2NB2Y;2026-04-14 09:31:31.9748;0.0;4;['F', 'LS1', 'SC1', 'BB1'];0.3;0.0335;8.95;9.25;0.0
859783;A2APYE;2026-04-14 09:31:32.0405;0.0;4;['F', 'LS1', 'SC1', 'BB1'];0.02;0.0007;30.1;30.12;0.0
2051232;A143UW;2026-04-14 09:31:32.1427;0.0;4;['F', 'SC1', 'LS1', 'BB1'];0.0;0.0;11.775;11.775;0.0
1413779;A3DE6J;2026-04-14 09:31:32.2344;0.0;2;['LS1', 'F'];0.006;0.0014;4.204;4.21;0.0
1377418;A2P0AJ;2026-04-14 09:31:32.3411;0.0;2;['TG', 'BB1'];0.38;0.012;31.6;31.98;5940.8
3968508;A41ADA;2026-04-14 09:31:32.3973;0.0;2;['TG', 'LS1'];0.4;0.0157;25.4;25.8;7620.0
2005126;A110V5;2026-04-14 09:31:32.4372;8906.0;3;['BB1', 'TG', 'F'];0.39;0.0064;61.0;61.39;8967.0
1845323;A143XJ;2026-04-14 09:31:32.4622;0.0;4;['TG', 'LS1', 'SC1', 'BB1'];0.09;0.028;3.22;3.31;4859.568
514818;855854;2026-04-14 09:31:32.5043;0.0;3;['TG', 'F', 'LS1'];5.4;0.0216;249.8;255.2;5995.200000000001
232721;A1KCVK;2026-04-14 09:31:32.5464;0.0;4;['TG', 'LS1', 'SC1', 'F'];0.07;0.0337;2.076;2.146;2900.8500000000004
313282;A0B5ZU;2026-04-14 09:31:32.5949;0.0;4;['TG', 'SC1', 'LS1', 'BB1'];0.04;0.0159;2.52;2.56;3764.64
255831;878588;2026-04-14 09:31:32.6274;7625.200000000001;4;['TG', 'F', 'LS1', 'BB1'];4.68;0.027;173.3;177.98;7798.500000000001
514279;A1J5SB;2026-04-14 09:31:32.6768;9876.08;4;['SC1', 'TG', 'F', 'LS1'];0.58;0.0096;60.22;60.8;9936.3
1564460;A14V4V;2026-04-14 09:31:32.7052;0.0;2;['TG', 'LS1'];1.0;0.0102;98.5;99.5;9948.5
410963;883541;2026-04-14 09:31:32.7322;5890.5;4;['TG', 'BB1', 'SC1', 'LS1'];0.05;0.0065;7.75;7.8;5898.2
1769808;A3CR8W;2026-04-14 09:31:32.7755;0.0;3;['F', 'TG', 'LS1'];0.004;0.0126;0.318;0.322;1970.328
1458865;896022;2026-04-14 09:31:32.8246;9773.9;5;['TG', 'F', 'LS1', 'SC1', 'DE'];1.9;0.0084;227.4;229.3;10001.2
103759;860853;2026-04-14 09:31:32.8640;19943.28;5;['F', 'SC1', 'TG', 'LS1', 'DE'];0.28;0.0027;105.56;105.84;20048.8
1029117;A3DJQZ;2026-04-14 09:31:32.8893;9914.939999999999;5;['TG', 'F', 'LS1', 'SC1', 'DE'];0.095;0.0041;23.22;23.315;9938.16
778371;A2P0W9;2026-04-14 09:31:32.9142;0.0;5;['SC1', 'TG', 'F', 'LS1', 'BB1'];0.18;0.0074;24.34;24.52;9975.3
2288165;A2DN7L;2026-04-14 09:31:32.9590;0.0;2;['LS1', 'BB1'];1.5;0.0203;73.92;75.42;0.0
104065;893579;2026-04-14 09:31:32.9870;14877.0;6;['TG', 'F', 'LS1', 'SC1', 'BB1', 'DE'];0.75;0.0038;195.9;196.65;15072.75
104098;898123;2026-04-14 09:31:33.0217;0.0;4;['TG', 'LS1', 'F', 'SC1'];3.8;0.0139;274.0;277.8;10138.0
174694;885676;2026-04-14 09:31:33.0536;0.0;4;['TG', 'LS1', 'F', 'SC1'];4.6;0.0131;350.2;354.8;3137.4
901941;876388;2026-04-14 09:31:33.0965;9620.0;5;['TG', 'F', 'LS1', 'SC1', 'BB1'];5.6;0.0215;260.4;266.0;9880.0
423303;A12AKN;2026-04-14 09:31:33.1272;9730.800000000001;5;['TG', 'F', 'LS1', 'SC1', 'BB1'];1.36;0.0222;61.26;62.62;9792.0
886603;A110V7;2026-04-14 09:31:33.1698;0.0;3;['SC1', 'TG', 'BB1'];0.1;0.0132;7.55;7.65;7365.0
200640;857949;2026-04-14 09:31:33.1946;3570.14;5;['LS1', 'TG', 'SC1', 'F', 'DE'];0.38;0.0052;73.18;73.56;3643.0
540035;A1409D;2026-04-14 09:31:33.2519;5776.650000000001;4;['TG', 'F', 'LS1', 'SC1'];1.5;0.0086;175.05;176.55;5951.700000000001
643527;A1JB8H;2026-04-14 09:31:33.2967;4911.588;5;['TG', 'SC1', 'LS1', 'F', 'BB1'];0.098;0.0173;5.662;5.76;3058.56
1227622;871329;2026-04-14 09:31:33.3783;3912.8;2;['TG', 'BB1'];0.4;0.0149;26.8;27.2;3939.6
114743;922305;2026-04-14 09:31:33.4052;9762.199999999999;5;['TG', 'F', 'LS1', 'SC1', 'BB1'];3.1;0.0121;256.9;260.0;10019.099999999999
2795929;A40KYH;2026-04-14 09:31:33.4293;0.0;4;['LS1', 'TG', 'F', 'BB1'];0.2;0.0312;6.4;6.6;7833.6
1870496;864330;2026-04-14 09:31:33.4839;0.0;3;['TG', 'LS1', 'SC1'];4.6;0.0211;218.4;223.0;5023.2
2466539;A0ETE2;2026-04-14 09:31:33.5632;0.0;5;['TG', 'F', 'LS1', 'SC1', 'BB1'];1.5;0.0229;65.5;67.0;4978.0
200517;863060;2026-04-14 09:31:33.5964;9977.550000000001;5;['TG', 'F', 'LS1', 'SC1', 'DE'];-0.05;-0.0002;304.0;303.95;10279.900000000001
514822;A0LA17;2026-04-14 09:31:33.6781;0.0;5;['TG', 'LS1', 'SC1', 'F', 'BB1'];0.11;0.0143;7.666;7.776;4930.464
1267931;A0B7ET;2026-04-14 09:31:33.7253;0.0;4;['TG', 'F', 'LS1', 'BB1'];2.84;0.0282;100.6;103.44;5834.799999999999
102696;A2PG8A;2026-04-14 09:31:33.7780;0.0;2;['TG', 'F'];0.0215;0.0403;0.533;0.5545;1443.8970000000002
1590864;A1J7A6;2026-04-14 09:31:33.8319;5880.0;2;['TG', 'BB1'];1.78;0.0127;140.22;142.0;6020.0
200624;854357;2026-04-14 09:31:33.8709;8908.24;4;['TG', 'LS1', 'SC1', 'F'];0.22;0.0105;21.01;21.23;3037.3199999999997
514850;856331;2026-04-14 09:31:33.9163;0.0;4;['TG', 'SC1', 'F', 'LS1'];0.44;0.0093;47.4;47.84;3979.08
385995;A1KA6L;2026-04-14 09:31:33.9718;5863.05;4;['TG', 'LS1', 'F', 'BB1'];0.15;0.0233;6.45;6.6;5869.5
2552150;675228;2026-04-14 09:31:34.0622;0.0;3;['F', 'LS1', 'BB1'];0.02;0.004;5.016;5.036;0.0
2022259;909878;2026-04-14 09:31:34.1105;9752.4;5;['TG', 'F', 'LS1', 'SC1', 'BB1'];0.755;0.0233;32.4;33.155;9784.8
2481787;939186;2026-04-14 09:31:34.2046;0.0;1;['LS1'];2.4;0.0769;31.2;33.6;0.0
466239;A0LB1U;2026-04-14 09:31:34.2401;;1;['TG'];1.0;0.0153;65.5;66.5;3995.5
200631;855451;2026-04-14 09:31:34.2785;0.0;5;['F', 'TG', 'LS1', 'SC1', 'DE'];0.6;0.0099;60.46;61.06;4957.72
668207;867980;2026-04-14 09:31:34.3330;0.0;5;['TG', 'LS1', 'SC1', 'BB1', 'F'];0.67;0.0041;164.05;164.72;5079.349999999999
2125804;920892;2026-04-14 09:31:34.3690;0.0;1;['F'];8.0;0.0462;173.0;181.0;0.0
1355338;A2P8AW;2026-04-14 09:31:34.4108;5896.8;1;['TG'];0.2;0.0123;16.2;16.4;5913.0
706891;A14UYK;2026-04-14 09:31:34.4476;9730.9;4;['F', 'TG', 'LS1', 'BB1'];2.65;0.0169;157.0;159.65;9887.849999999999
766823;857479;2026-04-14 09:31:34.4916;0.0;2;['BB1', 'SC1'];0.285;0.0103;27.645;27.93;0.0
2186770;908658;2026-04-14 09:31:34.5333;0.0;5;['TG', 'LS1', 'SC1', 'F', 'BB1'];0.82;0.0066;125.18;126.0;9000.0
220141;578886;2026-04-14 09:31:34.5920;0.0;4;['TG', 'LS1', 'SC1', 'BB1'];0.06;0.0319;1.88;1.94;3859.6800000000003
1447422;A0F61X;2026-04-14 09:31:34.6467;2967.0;3;['TG', 'BB1', 'F'];0.05;0.0036;13.9;13.95;2980.8
1966531;A3EN5P;2026-04-14 09:31:34.6963;0.0;2;['F', 'LS1'];0.2;0.0357;5.6;5.8;0.0
3897008;A41JEH;2026-04-14 09:31:34.7915;0.0;5;['F', 'SC1', 'TG', 'LS1', 'BB1'];0.06;0.0029;20.75;20.81;5004.5599999999995
1705158;602468;2026-04-14 09:31:34.8272;0.0;2;['F', 'LS1'];2.0;0.0317;63.0;65.0;0.0
709048;855987;2026-04-14 09:31:34.8779;5710.5;4;['SC1', 'TG', 'LS1', 'BB1'];0.67;0.0474;14.124;14.794;5724.599999999999
103817;867328;2026-04-14 09:31:34.9232;0.0;1;['BB1'];0.6;0.0297;20.2;20.8;0.0
879576;919406;2026-04-14 09:31:34.9606;5652.5;5;['TG', 'F', 'LS1', 'SC1', 'BB1'];8.9;0.0265;336.0;344.9;5985.0
934524;A1J39P;2026-04-14 09:31:35.0076;9791.18;4;['LS1', 'TG', 'F', 'SC1'];1.9;0.0188;101.06;102.96;9892.119999999999
1269567;A12GL6;2026-04-14 09:31:35.0586;0.0;5;['TG', 'LS1', 'SC1', 'F', 'BB1'];0.66;0.0139;47.58;48.24;3904.3199999999997
384523;892493;2026-04-14 09:31:35.1092;0.0;4;['LS1', 'F', 'SC1', 'BB1'];2.72;0.0231;118.0;120.72;0.0
1845452;877876;2026-04-14 09:31:35.1583;5839.4;4;['SC1', 'TG', 'F', 'BB1'];0.39;0.02;19.5;19.89;5858.799999999999
824651;A2QRDL;2026-04-14 09:31:35.2032;0.0;0;[];0.0003;0.0021;0.1218;0.12205;0.0
200688;870882;2026-04-14 09:31:35.2452;3941.28;5;['TG', 'LS1', 'SC1', 'F', 'BB1'];0.365;0.0078;46.92;47.285;3988.2000000000003
3207258;A3EYZG;2026-04-14 09:31:35.3373;5903.24;5;['TG', 'F', 'LS1', 'SC1', 'BB1'];0.385;0.0132;29.1;29.485;5932.32
1406485;A2PQ3Q;2026-04-14 09:31:35.3828;0.0;3;['F', 'LS1', 'BB1'];0.09;0.0112;8.07;8.16;0.0
268968;663244;2026-04-14 09:31:35.4078;0.0;5;['TG', 'F', 'LS1', 'SC1', 'DE'];0.87;0.01;87.2;88.07;6976.0
1540697;A1JHUP;2026-04-14 09:31:35.4612;5913.599999999999;5;['TG', 'F', 'LS1', 'SC1', 'BB1'];2.05;0.0114;179.3;181.35;6092.799999999999
2595592;A2PN36;2026-04-14 09:31:35.4878;4848.400000000001;5;['TG', 'LS1', 'BB1', 'F', 'SC1'];0.795;0.0203;39.205;40.0;4887.5
524587;855009;2026-04-14 09:31:35.5149;8840.0;3;['TG', 'SC1', 'DE'];1.0;0.0147;68.0;69.0;8908.0
1834623;A1W96L;2026-04-14 09:31:35.5564;;2;['TG', 'BB1'];0.222;0.0218;10.178;10.4;2908.7999999999997
1615463;A1JJL2;2026-04-14 09:31:35.6006;0.0;3;['TG', 'LS1', 'BB1'];0.05;0.0098;5.1;5.15;2968.2
339065;A1JMBU;2026-04-14 09:31:35.6418;0.0;5;['F', 'LS1', 'TG', 'SC1', 'DE'];0.5;0.0046;109.3;109.8;10055.6
2367127;A2JDJS;2026-04-14 09:31:35.6874;0.0;3;['F', 'BB1', 'LS1'];0.022;0.05;0.44;0.462;0.0
1044151;A2QJHZ;2026-04-14 09:31:35.7448;0.0;2;['F', 'BB1'];0.06;0.0094;6.4;6.46;0.0
1850624;A2PPE1;2026-04-14 09:31:35.7738;0.0;4;['F', 'TG', 'LS1', 'SC1'];0.052;0.0497;1.047;1.099;5728.541
185167;A2N52M;2026-04-14 09:31:35.8086;0.0;4;['LS1', 'F', 'SC1', 'BB1'];0.0225;0.0013;16.725;16.7475;0.0
1542257;A2QBX7;2026-04-14 09:31:35.8523;0.0;5;['LS1', 'TG', 'F', 'SC1', 'BB1'];0.04;0.0027;14.58;14.62;29160.0
2738194;A3C4ZC;2026-04-14 09:31:35.8762;0.0;5;['TG', 'SC1', 'LS1', 'F', 'BB1'];0.159;0.0319;4.986;5.145;3873.3450000000003
962436;A2QLR3;2026-04-14 09:31:35.9315;0.0;1;['F'];0.14;0.07;2.0;2.14;0.0
2681026;A3CTJB;2026-04-14 09:31:35.9869;0.0;5;['TG', 'F', 'LS1', 'SC1', 'BB1'];0.69;0.0192;35.94;36.63;5930.099999999999
180513;886738;2026-04-14 09:31:36.0315;0.0;4;['TG', 'F', 'LS1', 'SC1'];0.8;0.0219;36.6;37.4;7832.400000000001
1906502;A2QDY5;2026-04-14 09:31:36.1086;;3;['BB1', 'TG', 'SC1'];0.1;0.0179;5.6;5.7;2928.7999999999997
2897194;913195;2026-04-14 09:31:36.1495;0.0;1;['F'];0.41;0.0261;15.73;16.14;0.0
857650;A0B9TA;2026-04-14 09:31:36.1983;0.0;3;['F', 'LS1', 'BB1'];0.0;0.0;25.27;25.27;0.0
142866;A1JQ9H;2026-04-14 09:31:36.2430;9826.48;4;['TG', 'LS1', 'SC1', 'BB1'];0.3;0.0138;21.8;22.1;9848.22
1455199;A2AC13;2026-04-14 09:31:36.2998;0.0;1;['TG'];0.04;0.0255;1.57;1.61;2924.9100000000003
281354;A2DNPH;2026-04-14 09:31:36.3464;0.0;4;['TG', 'F', 'LS1', 'SC1'];0.102;0.0359;2.84;2.942;4810.96
562702;A2N7XR;2026-04-14 09:31:36.3951;0.0;3;['TG', 'F', 'BB1'];0.585;0.0189;31.015;31.6;5890.0
977666;603050;2026-04-14 09:31:36.4409;3910.1600000000003;4;['TG', 'LS1', 'BB1', 'SC1'];0.32;0.012;26.6;26.92;3936.5800000000004
166201;909190;2026-04-14 09:31:36.4948;9885.6;4;['F', 'TG', 'LS1', 'SC1'];0.4;0.0029;137.3;137.7;10022.900000000001
640612;A2ARTP;2026-04-14 09:31:36.5371;0.0;3;['TG', 'LS1', 'SC1'];0.6;0.0144;41.7;42.3;4962.3
1462846;ZAL1AD;2026-04-14 09:31:36.5640;0.0;3;['F', 'LS1', 'BB1'];0.0;0.0;11.05;11.05;0.0
359424;A2DX1V;2026-04-14 09:31:36.5959;0.0;4;['TG', 'BB1', 'F', 'SC1'];0.4;0.0225;17.8;18.2;5820.6
473269;882578;2026-04-14 09:31:36.6223;0.0;5;['TG', 'LS1', 'DE', 'F', 'SC1'];1.0;0.0052;191.5;192.5;5170.5
2935500;A2AJ7X;2026-04-14 09:31:36.6624;0.0;4;['TG', 'F', 'LS1', 'BB1'];0.06;0.024;2.5;2.56;970.0
1380933;A14NX6;2026-04-14 09:31:36.7029;0.0;5;['TG', 'F', 'LS1', 'SC1', 'BB1'];0.5;0.0146;34.27;34.77;4934.88
809701;A14XZY;2026-04-14 09:31:36.7428;0.0;4;['LS1', 'TG', 'SC1', 'BB1'];0.275;0.008;34.275;34.55;4964.075
183745;A3CR1U;2026-04-14 09:31:36.7682;4850.24;4;['TG', 'LS1', 'F', 'SC1'];0.32;0.0242;13.24;13.56;4863.42
200573;753718;2026-04-14 09:31:36.8099;0.0;4;['TG', 'F', 'SC1', 'LS1'];0.16;0.002;80.32;80.48;5931.84
177554;856942;2026-04-14 09:31:36.8597;;1;['TG'];0.5;0.0096;52.0;52.5;8944.0
100005;A1KBYX;2026-04-14 09:31:36.9110;9956.8;5;['TG', 'F', 'LS1', 'SC1', 'DE'];0.24;0.0024;101.66;101.9;10058.4
475764;A2DFZG;2026-04-14 09:31:36.9375;0.0;1;['F'];0.2;0.0095;21.0;21.2;0.0
100865;A3CQ3L;2026-04-14 09:31:36.9641;0.0;4;['TG', 'F', 'LS1', 'SC1'];0.037;0.0194;1.911;1.948;5890.44
1101497;A2P5HE;2026-04-14 09:31:37.0080;4834.404;4;['F', 'TG', 'LS1', 'BB1'];0.145;0.0311;4.664;4.809;4839.048
2108269;A2JF28;2026-04-14 09:31:37.0524;19805.6;4;['TG', 'LS1', 'SC1', 'DE'];0.94;0.009;104.26;105.2;19909.84
1748302;A2PGJ2;2026-04-14 09:31:37.0956;4887.96;5;['TG', 'LS1', 'SC1', 'F', 'DE'];0.17;0.0024;70.85;71.02;4959.5
592480;A0EATL;2026-04-14 09:31:37.1383;0.0;3;['SC1', 'F', 'BB1'];0.8;0.0388;20.6;21.4;0.0
1350117;A1JWRL;2026-04-14 09:31:37.1813;0.0;4;['SC1', 'LS1', 'F', 'BB1'];0.01;0.0003;29.89;29.9;0.0
2064018;A3C4XJ;2026-04-14 09:31:37.2252;4867.2;4;['LS1', 'TG', 'BB1', 'F'];0.93;0.0223;41.67;42.6;4908.8
1654570;A3DSSN;2026-04-14 09:31:37.2702;0.0;5;['TG', 'F', 'LS1', 'SC1', 'BB1'];0.39;0.0177;22.0;22.39;2935.94
742192;A0X96X;2026-04-14 09:31:37.2952;0.0;4;['F', 'SC1', 'LS1', 'BB1'];10.0;0.0133;750.0;760.0;0.0
1107693;A1J85V;2026-04-14 09:31:37.3646;24320.0;4;['SC1', 'TG', 'LS1', 'F'];10.0;0.0078;1280.0;1290.0;25600.0
789268;A3C6HX;2026-04-14 09:31:37.3954;0.0;2;['F', 'BB1'];0.028;0.1176;0.238;0.266;0.0
992861;A2QP6H;2026-04-14 09:31:37.4239;0.0;1;['F'];0.016;0.1975;0.081;0.097;0.0
186811;895354;2026-04-14 09:31:37.5266;4948.400000000001;3;['F', 'LS1', 'TG'];0.8;0.0225;35.6;36.4;4984.0
205766;899481;2026-04-14 09:31:37.5949;0.0;2;['LS1', 'BB1'];2.2;0.0786;28.0;30.2;0.0
2843310;A3DXHC;2026-04-14 09:31:37.6574;0.0;3;['F', 'LS1', 'BB1'];2.3;0.1369;16.8;19.1;0.0
100141;A3CML4;2026-04-14 09:31:37.7004;0.0;2;['F', 'LS1'];0.21;0.1135;1.85;2.06;0.0
2974865;A2N4F4;2026-04-14 09:31:37.7225;0.0;2;['LS1', 'F'];0.001;1.0;0.001;0.002;0.0
757112;A2JB48;2026-04-14 09:31:37.7775;0.0;2;['LS1', 'F'];0.0035;0.6364;0.0055;0.009;0.0
957538;A1H9NG;2026-04-14 09:31:37.8364;9717.625;5;['TG', 'LS1', 'SC1', 'BB1', 'F'];0.208;0.0288;7.23;7.438;9724.85
1331103;A2P67T;2026-04-14 09:31:37.8943;0.0;3;['F', 'LS1', 'BB1'];0.04;0.0625;0.64;0.68;0.0
1602790;A2PBMB;2026-04-14 09:31:37.9681;0.0;5;['TG', 'LS1', 'F', 'SC1', 'BB1'];1.85;0.0211;87.55;89.4;2976.7
1594319;A2AG9J;2026-04-14 09:31:38.0296;0.0;1;['F'];0.0095;19.0;0.0005;0.01;0.0
101672;A2PBDX;2026-04-14 09:31:38.0568;6888.475;4;['SC1', 'TG', 'LS1', 'F'];0.2;0.0118;16.975;17.175;6905.400000000001
2827527;A2ACHP;2026-04-14 09:31:38.1245;0.0;2;['F', 'LS1'];0.012;0.48;0.025;0.037;0.0
2005098;A2H5LB;2026-04-14 09:31:38.1740;0.0;2;['LS1', 'F'];0.024;0.2609;0.092;0.116;0.0
991619;A40755;2026-04-14 09:31:38.2215;9812.18;5;['SC1', 'TG', 'LS1', 'BB1', 'F'];0.13;0.0169;7.69;7.82;9819.81
1701696;A2ASDT;2026-04-14 09:31:38.2693;0.0;1;['F'];0.0405;0.6585;0.0615;0.102;0.0
108235;A3D2XW;2026-04-14 09:31:38.3179;0.0;1;['F'];0.65;0.1238;5.25;5.9;0.0
2210111;A2PZ2M;2026-04-14 09:31:38.3586;0.0;2;['F', 'LS1'];0.054;0.1399;0.386;0.44;0.0
689995;A2JRE4;2026-04-14 09:31:38.4148;4833.68;3;['TG', 'LS1', 'BB1'];1.78;0.0338;52.62;54.4;4886.22
1781207;A3DNR9;2026-04-14 09:31:38.5215;0.0;4;['TG', 'LS1', 'F', 'SC1'];0.66;0.0236;27.94;28.6;14612.62
166215;A0MK5R;2026-04-14 09:31:38.6148;0.0;2;['LS1', 'F'];0.0155;0.4306;0.036;0.0515;0.0
107503;A40QYV;2026-04-14 09:31:38.6497;0.0;4;['TG', 'F', 'LS1', 'BB1'];0.3;0.028;10.7;11.0;2896.8
595479;A2PP3N;2026-04-14 09:31:38.6808;0.0;2;['LS1', 'F'];0.004;2.6667;0.0015;0.0055;0.0
2262673;A2QHPL;2026-04-14 09:31:38.7387;0.0;2;['F', 'LS1'];0.0035;0.5;0.007;0.0105;0.0
418926;A41BEF;2026-04-14 09:31:38.7740;9619.199999999999;5;['TG', 'BB1', 'F', 'SC1', 'LS1'];1.28;0.0383;33.4;34.68;9652.6
1066931;A2NB42;2026-04-14 09:31:38.8452;0.0;1;['TG'];0.06;0.0577;1.04;1.1;2820.48
469460;A2NB2N;2026-04-14 09:31:38.8985;0.0;2;['LS1', 'F'];0.0065;0.6842;0.0095;0.016;0.0
2022601;A3EGAN;2026-04-14 09:31:39.0415;0.0;4;['TG', 'LS1', 'SC1', 'BB1'];0.02;0.0109;1.83;1.85;9729.0
1786393;A2N9J0;2026-04-14 09:31:39.0812;0.0;2;['LS1', 'F'];0.009;0.1333;0.0675;0.0765;0.0
870198;A0NF7G;2026-04-14 09:31:39.1401;0.0;2;['LS1', 'F'];0.027;0.5243;0.0515;0.0785;0.0
2060282;EW1005;2026-04-14 09:31:39.2254;0.0;0;[];0.0253;0.0;1411.1198;1411.1451;0.0
3037879;EW1013;2026-04-14 09:31:39.2693;0.0;0;[];12.1337;0.0133;909.7327;921.8664;0.0
2606457;863727;2026-04-14 09:31:39.3291;0.0;3;['LS1', 'F', 'BB1'];0.2;0.036;5.55;5.75;0.0
954625;864784;2026-04-14 09:31:39.3915;0.0;4;['LS1', 'TG', 'F', 'BB1'];0.3;0.0214;14.0;14.3;7000.0
208434;865971;2026-04-14 09:31:39.4270;0.0;3;['LS1', 'F', 'BB1'];0.12;0.0249;4.82;4.94;0.0
508931;875436;2026-04-14 09:31:39.4809;0.0;2;['LS1', 'F'];0.045;0.0457;0.985;1.03;0.0
208420;860275;2026-04-14 09:31:39.5264;0.0;4;['LS1', 'F', 'TG', 'BB1'];0.01;0.0106;0.94;0.95;7896.0
292103;865164;2026-04-14 09:31:39.5672;0.0;3;['LS1', 'TG', 'F'];0.25;0.0229;10.9;11.15;9810.0
508933;853202;2026-04-14 09:31:39.6578;0.0;4;['LS1', 'TG', 'F', 'BB1'];0.4;0.028;14.3;14.7;7810.0
2606466;912300;2026-04-14 09:31:39.7081;0.0;2;['LS1', 'F'];0.06;0.0839;0.715;0.775;0.0
103693;856547;2026-04-14 09:31:39.7586;0.0;3;['LS1', 'F', 'TG'];0.8;0.01;80.4;81.2;8000.0
200391;851267;2026-04-14 09:31:39.8059;12765.8;3;['F', 'LS1', 'TG'];0.25;0.0176;14.2;14.45;12780.0
722758;914779;2026-04-14 09:31:39.8438;0.0;2;['LS1', 'F'];0.12;0.0339;3.54;3.66;0.0
200394;856777;2026-04-14 09:31:39.8920;0.0;3;['F', 'LS1', 'TG'];0.5;0.012;41.8;42.3;8360.0
577995;885437;2026-04-14 09:31:39.9341;0.0;1;['F'];0.003;3.0;0.001;0.004;0.0
1747878;338558;2026-04-14 09:31:39.9850;0.0;4;['LS1', 'F', 'TG', 'BB1'];0.3;0.0227;13.2;13.5;7860.0
220461;907557;2026-04-14 09:31:40.0488;0.0;1;['F'];0.0205;1.4138;0.0145;0.035;0.0
340999;865770;2026-04-14 09:31:40.0795;0.0;3;['F', 'LS1', 'BB1'];0.1;0.0362;2.76;2.86;0.0
508932;578937;2026-04-14 09:31:40.1286;0.0;2;['LS1', 'F'];0.2;0.0194;10.3;10.5;0.0
508937;914428;2026-04-14 09:31:40.1732;0.0;3;['LS1', 'F', 'BB1'];0.1;0.0368;2.72;2.82;0.0
2199675;A0JDZ7;2026-04-14 09:31:40.2060;0.0;2;['LS1', 'F'];0.28;0.1386;2.02;2.3;0.0
539004;925767;2026-04-14 09:31:40.2924;0.0;2;['LS1', 'F'];0.11;0.0598;1.84;1.95;0.0
310364;897024;2026-04-14 09:31:40.3376;0.0;4;['LS1', 'TG', 'F', 'BB1'];0.3;0.0288;10.4;10.7;8320.0
310366;213719;2026-04-14 09:31:40.3695;0.0;3;['LS1', 'F', 'BB1'];0.08;0.0267;3.0;3.08;0.0
2523751;784554;2026-04-14 09:31:40.4318;0.0;3;['LS1', 'F', 'BB1'];0.1;0.0196;5.1;5.2;0.0
168474;A0CAQD;2026-04-14 09:31:40.4920;0.0;4;['LS1', 'F', 'TG', 'BB1'];0.1;0.0079;12.6;12.7;6930.0
200393;A0DNR0;2026-04-14 09:31:40.5325;0.0;3;['LS1', 'TG', 'F'];0.04;0.0147;2.72;2.76;5400.0
1388125;A0D9CN;2026-04-14 09:31:40.6212;0.0;4;['F', 'LS1', 'TG', 'BB1'];0.1;0.0385;2.6;2.7;7424.0
208840;A0EACV;2026-04-14 09:31:40.6941;0.0;3;['LS1', 'F', 'BB1'];0.26;0.0578;4.5;4.76;0.0
507538;A0ET80;2026-04-14 09:31:40.7428;0.0;4;['LS1', 'F', 'TG', 'BB1'];0.15;0.0214;7.0;7.15;9800.0
1054961;A0HGK5;2026-04-14 09:31:40.7874;0.0;4;['LS1', 'TG', 'F', 'BB1'];0.1;0.022;4.54;4.64;7231.999999999999
508935;A0F69Z;2026-04-14 09:31:40.8291;0.0;4;['LS1', 'F', 'TG', 'BB1'];0.2;0.0129;15.5;15.7;9300.0
2606408;A0J28K;2026-04-14 09:31:40.9216;0.0;2;['LS1', 'F'];0.6;0.0706;8.5;9.1;0.0
148979;A0KEQC;2026-04-14 09:31:40.9463;0.0;3;['F', 'LS1', 'BB1'];0.1;0.0139;7.2;7.3;0.0
748054;A0KFSB;2026-04-14 09:31:40.9866;0.0;4;['LS1', 'F', 'TG', 'BB1'];0.0;0.0;13.55;13.55;10720.0
477179;A0LETJ;2026-04-14 09:31:41.0255;0.0;4;['LS1', 'F', 'TG', 'BB1'];0.3;0.0259;11.6;11.9;10428.0
508959;A0LC6R;2026-04-14 09:31:41.0726;0.0;3;['LS1', 'TG', 'F'];0.3;0.0182;16.5;16.8;11880.0
2523760;A0MJXU;2026-04-14 09:31:41.1072;0.0;2;['F', 'LS1'];0.0095;0.1496;0.0635;0.073;0.0
341003;A0MSAR;2026-04-14 09:31:41.1834;0.0;3;['LS1', 'F', 'BB1'];1.6;0.08;20.0;21.6;0.0
2606467;A0MST4;2026-04-14 09:31:41.2448;0.0;2;['LS1', 'F'];0.0235;0.2655;0.0885;0.112;0.0
2523747;A0MXAJ;2026-04-14 09:31:41.2993;0.0;2;['F', 'LS1'];0.14;0.0598;2.34;2.48;0.0
168477;A0NEF6;2026-04-14 09:31:41.3577;0.0;4;['LS1', 'TG', 'F', 'BB1'];0.1;0.0058;17.1;17.2;8550.0
507598;A0MV5A;2026-04-14 09:31:41.4175;0.0;3;['LS1', 'F', 'BB1'];0.2;0.0165;12.1;12.3;0.0
508958;A0RM1C;2026-04-14 09:31:41.4653;0.0;4;['LS1', 'F', 'TG', 'BB1'];0.05;0.0067;7.45;7.5;8195.0
577992;A0RPRJ;2026-04-14 09:31:41.5622;0.0;4;['F', 'LS1', 'TG', 'BB1'];0.3;0.0199;15.1;15.4;7550.0
258266;A0RNR0;2026-04-14 09:31:41.5887;0.0;2;['LS1', 'F'];0.0125;0.1953;0.064;0.0765;0.0
895555;A1CZC2;2026-04-14 09:31:41.6227;0.0;4;['F', 'TG', 'LS1', 'BB1'];0.025;0.04;0.625;0.65;9625.0
908730;A1JX9Q;2026-04-14 09:31:41.6634;0.0;1;['LS1'];0.09;0.1364;0.66;0.75;0.0
630114;A1JNRA;2026-04-14 09:31:41.7079;0.0;2;['LS1', 'F'];0.05;0.0565;0.885;0.935;0.0
2846613;A12CUS;2026-04-14 09:31:41.7492;0.0;1;['F'];0.0115;0.1966;0.0585;0.07;0.0
100032;A1J5X9;2026-04-14 09:31:41.7853;0.0;2;['LS1', 'F'];0.002;0.0063;0.316;0.318;0.0
2655507;A1J9Y5;2026-04-14 09:31:41.8269;0.0;1;['F'];0.18;0.2222;0.81;0.99;0.0
2905132;A1KBHN;2026-04-14 09:31:41.8656;0.0;3;['LS1', 'F', 'BB1'];0.017;0.165;0.103;0.12;0.0
875625;A1W3J7;2026-04-14 09:31:41.9212;0.0;3;['LS1', 'F', 'BB1'];0.04;0.0449;0.89;0.93;0.0
148981;A12AQ1;2026-04-14 09:31:42.0161;0.0;2;['LS1', 'F'];0.06;0.055;1.09;1.15;0.0
1862614;A2JHCU;2026-04-14 09:31:42.0672;0.0;2;['F', 'LS1'];0.06;0.0414;1.45;1.51;0.0
1773999;A141J4;2026-04-14 09:31:42.1196;0.0;4;['F', 'LS1', 'TG', 'BB1'];0.2;0.0244;8.2;8.4;6764.5
1747869;A14SW0;2026-04-14 09:31:42.1518;0.0;2;['LS1', 'F'];0.032;0.1176;0.272;0.304;0.0
2528669;A2DYQF;2026-04-14 09:31:42.2211;0.0;2;['LS1', 'F'];0.035;0.0565;0.62;0.655;0.0
963893;A2JMUN;2026-04-14 09:31:42.3098;0.0;3;['LS1', 'F', 'BB1'];0.045;0.0643;0.7;0.745;0.0
2725465;A2JE9V;2026-04-14 09:31:42.3484;0.0;2;['LS1', 'TG'];0.3;0.0233;12.9;13.2;7740.0
2042974;A2JPBS;2026-04-14 09:31:42.3894;0.0;3;['LS1', 'F', 'BB1'];0.01;0.0083;1.21;1.22;0.0
1496457;A2PWVQ;2026-04-14 09:31:42.4246;12080.19;3;['LS1', 'TG', 'F'];0.04;0.0142;2.81;2.85;5329.5
908725;A2PL46;2026-04-14 09:31:42.4569;0.0;2;['LS1', 'F'];0.035;0.0667;0.525;0.56;0.0
2606455;A2PNRB;2026-04-14 09:31:42.4919;0.0;3;['LS1', 'F', 'BB1'];0.032;0.092;0.348;0.38;0.0
885578;A2P00N;2026-04-14 09:31:42.5314;0.0;2;['LS1', 'F'];0.1;0.0417;2.4;2.5;0.0
284039;A3CL8X;2026-04-14 09:31:42.5759;5843.639999999999;4;['LS1', 'TG', 'F', 'BB1'];0.135;0.0161;8.36;8.495;5852.0
1686739;A3CS7L;2026-04-14 09:31:42.6422;0.0;4;['LS1', 'TG', 'F', 'BB1'];0.5;0.0267;18.7;19.2;9672.0
1351286;A3C9WA;2026-04-14 09:31:42.7072;0.0;3;['LS1', 'F', 'BB1'];0.046;0.217;0.212;0.258;0.0
1747808;A3DDQD;2026-04-14 09:31:42.7407;0.0;2;['F', 'LS1'];0.08;0.2367;0.338;0.418;0.0
518173;A3D3KQ;2026-04-14 09:31:42.7996;0.0;3;['F', 'LS1', 'TG'];0.18;0.0481;3.74;3.92;6732.0
1328730;A3D2P5;2026-04-14 09:31:42.8398;0.0;3;['F', 'LS1', 'BB1'];0.06;0.0882;0.68;0.74;0.0
2190929;A3EG2W;2026-04-14 09:31:42.9006;0.0;2;['LS1', 'F'];1.4;0.0574;24.4;25.8;0.0
238041;A41H7X;2026-04-14 09:31:42.9475;0.0;3;['LS1', 'TG', 'F'];0.6;0.0129;46.6;47.2;8621.0
